DEBUG - 2025-10-14 02:08:44 --> Session: Class initialized using 'CodeIgniter\Session\Handlers\FileHandler' driver.
DEBUG - 2025-10-14 03:18:04 --> Session: Class initialized using 'CodeIgniter\Session\Handlers\FileHandler' driver.
DEBUG - 2025-10-14 03:23:44 --> Session: Class initialized using 'CodeIgniter\Session\Handlers\FileHandler' driver.
DEBUG - 2025-10-14 03:23:46 --> Session: Class initialized using 'CodeIgniter\Session\Handlers\FileHandler' driver.
DEBUG - 2025-10-14 03:33:09 --> Session: Class initialized using 'CodeIgniter\Session\Handlers\FileHandler' driver.
DEBUG - 2025-10-14 03:34:11 --> Session: Class initialized using 'CodeIgniter\Session\Handlers\FileHandler' driver.
DEBUG - 2025-10-14 03:38:56 --> Session: Class initialized using 'CodeIgniter\Session\Handlers\FileHandler' driver.
DEBUG - 2025-10-14 04:07:43 --> Session: Class initialized using 'CodeIgniter\Session\Handlers\FileHandler' driver.
DEBUG - 2025-10-14 04:07:44 --> Session: Class initialized using 'CodeIgniter\Session\Handlers\FileHandler' driver.
DEBUG - 2025-10-14 04:24:24 --> Session: Class initialized using 'CodeIgniter\Session\Handlers\FileHandler' driver.
DEBUG - 2025-10-14 04:57:49 --> Session: Class initialized using 'CodeIgniter\Session\Handlers\FileHandler' driver.
DEBUG - 2025-10-14 05:20:59 --> Session: Class initialized using 'CodeIgniter\Session\Handlers\FileHandler' driver.
DEBUG - 2025-10-14 05:24:25 --> Session: Class initialized using 'CodeIgniter\Session\Handlers\FileHandler' driver.
DEBUG - 2025-10-14 05:32:31 --> Session: Class initialized using 'CodeIgniter\Session\Handlers\FileHandler' driver.
DEBUG - 2025-10-14 06:02:56 --> Session: Class initialized using 'CodeIgniter\Session\Handlers\FileHandler' driver.
DEBUG - 2025-10-14 06:16:54 --> Session: Class initialized using 'CodeIgniter\Session\Handlers\FileHandler' driver.
DEBUG - 2025-10-14 06:16:55 --> Session: Class initialized using 'CodeIgniter\Session\Handlers\FileHandler' driver.
DEBUG - 2025-10-14 06:45:43 --> Session: Class initialized using 'CodeIgniter\Session\Handlers\FileHandler' driver.
DEBUG - 2025-10-14 07:07:22 --> Session: Class initialized using 'CodeIgniter\Session\Handlers\FileHandler' driver.
DEBUG - 2025-10-14 09:25:54 --> Session: Class initialized using 'CodeIgniter\Session\Handlers\FileHandler' driver.
DEBUG - 2025-10-14 09:30:44 --> Session: Class initialized using 'CodeIgniter\Session\Handlers\FileHandler' driver.
DEBUG - 2025-10-14 09:30:45 --> Session: Class initialized using 'CodeIgniter\Session\Handlers\FileHandler' driver.
DEBUG - 2025-10-14 09:30:46 --> Session: Class initialized using 'CodeIgniter\Session\Handlers\FileHandler' driver.
DEBUG - 2025-10-14 09:30:46 --> Session: Class initialized using 'CodeIgniter\Session\Handlers\FileHandler' driver.
DEBUG - 2025-10-14 09:30:46 --> Session: Class initialized using 'CodeIgniter\Session\Handlers\FileHandler' driver.
DEBUG - 2025-10-14 09:30:47 --> Session: Class initialized using 'CodeIgniter\Session\Handlers\FileHandler' driver.
DEBUG - 2025-10-14 09:30:48 --> Session: Class initialized using 'CodeIgniter\Session\Handlers\FileHandler' driver.
DEBUG - 2025-10-14 09:30:48 --> Session: Class initialized using 'CodeIgniter\Session\Handlers\FileHandler' driver.
DEBUG - 2025-10-14 09:30:49 --> Session: Class initialized using 'CodeIgniter\Session\Handlers\FileHandler' driver.
DEBUG - 2025-10-14 09:30:50 --> Session: Class initialized using 'CodeIgniter\Session\Handlers\FileHandler' driver.
DEBUG - 2025-10-14 09:30:50 --> Session: Class initialized using 'CodeIgniter\Session\Handlers\FileHandler' driver.
DEBUG - 2025-10-14 09:32:58 --> Session: Class initialized using 'CodeIgniter\Session\Handlers\FileHandler' driver.
DEBUG - 2025-10-14 09:32:58 --> Session: Class initialized using 'CodeIgniter\Session\Handlers\FileHandler' driver.
DEBUG - 2025-10-14 10:06:43 --> Session: Class initialized using 'CodeIgniter\Session\Handlers\FileHandler' driver.
DEBUG - 2025-10-14 10:20:25 --> Session: Class initialized using 'CodeIgniter\Session\Handlers\FileHandler' driver.
DEBUG - 2025-10-14 10:20:47 --> Session: Class initialized using 'CodeIgniter\Session\Handlers\FileHandler' driver.
DEBUG - 2025-10-14 10:33:41 --> Session: Class initialized using 'CodeIgniter\Session\Handlers\FileHandler' driver.
DEBUG - 2025-10-14 11:20:33 --> Session: Class initialized using 'CodeIgniter\Session\Handlers\FileHandler' driver.
DEBUG - 2025-10-14 11:20:36 --> Session: Class initialized using 'CodeIgniter\Session\Handlers\FileHandler' driver.
DEBUG - 2025-10-14 11:20:38 --> Session: Class initialized using 'CodeIgniter\Session\Handlers\FileHandler' driver.
DEBUG - 2025-10-14 11:20:43 --> Session: Class initialized using 'CodeIgniter\Session\Handlers\FileHandler' driver.
DEBUG - 2025-10-14 12:08:42 --> Session: Class initialized using 'CodeIgniter\Session\Handlers\FileHandler' driver.
DEBUG - 2025-10-14 12:24:15 --> Session: Class initialized using 'CodeIgniter\Session\Handlers\FileHandler' driver.
DEBUG - 2025-10-14 12:54:55 --> Session: Class initialized using 'CodeIgniter\Session\Handlers\FileHandler' driver.
DEBUG - 2025-10-14 12:55:04 --> Session: Class initialized using 'CodeIgniter\Session\Handlers\FileHandler' driver.
DEBUG - 2025-10-14 12:55:05 --> Session: Class initialized using 'CodeIgniter\Session\Handlers\FileHandler' driver.
DEBUG - 2025-10-14 12:55:05 --> Session: Class initialized using 'CodeIgniter\Session\Handlers\FileHandler' driver.
DEBUG - 2025-10-14 12:55:19 --> Session: Class initialized using 'CodeIgniter\Session\Handlers\FileHandler' driver.
DEBUG - 2025-10-14 12:55:19 --> Session: Class initialized using 'CodeIgniter\Session\Handlers\FileHandler' driver.
DEBUG - 2025-10-14 12:55:20 --> Session: Class initialized using 'CodeIgniter\Session\Handlers\FileHandler' driver.
DEBUG - 2025-10-14 12:55:20 --> Session: Class initialized using 'CodeIgniter\Session\Handlers\FileHandler' driver.
DEBUG - 2025-10-14 12:55:20 --> Session: Class initialized using 'CodeIgniter\Session\Handlers\FileHandler' driver.
WARNING - 2025-10-14 12:55:20 --> [DEPRECATED] addslashes(): Passing null to parameter #1 ($string) of type string is deprecated in APPPATH/Views/service_list.php on line 10.
 1 APPPATH/Views/service_list.php(10): addslashes(null)
 2 SYSTEMPATH/View/View.php(224): include('/home/u810214334/domains/embellish-beauty.co.uk/public_html/app/Views/service_list.php')
 3 SYSTEMPATH/View/View.php(227): CodeIgniter\View\View->CodeIgniter\View\{closure}()
 4 SYSTEMPATH/Common.php(1173): CodeIgniter\View\View->render('service_list', [], true)
 5 APPPATH/Controllers/Home.php(129): view('service_list', [...])
 6 SYSTEMPATH/CodeIgniter.php(933): App\Controllers\Home->fetch_services()
 7 SYSTEMPATH/CodeIgniter.php(507): CodeIgniter\CodeIgniter->runController(Object(App\Controllers\Home))
 8 SYSTEMPATH/CodeIgniter.php(354): CodeIgniter\CodeIgniter->handleRequest(null, Object(Config\Cache), false)
 9 SYSTEMPATH/Boot.php(334): CodeIgniter\CodeIgniter->run()
10 SYSTEMPATH/Boot.php(67): CodeIgniter\Boot::runCodeIgniter(Object(CodeIgniter\CodeIgniter))
11 FCPATH/index.php(27): CodeIgniter\Boot::bootWeb(Object(Config\Paths))
WARNING - 2025-10-14 12:55:20 --> [DEPRECATED] addslashes(): Passing null to parameter #1 ($string) of type string is deprecated in APPPATH/Views/service_list.php on line 10.
 1 APPPATH/Views/service_list.php(10): addslashes(null)
 2 SYSTEMPATH/View/View.php(224): include('/home/u810214334/domains/embellish-beauty.co.uk/public_html/app/Views/service_list.php')
 3 SYSTEMPATH/View/View.php(227): CodeIgniter\View\View->CodeIgniter\View\{closure}()
 4 SYSTEMPATH/Common.php(1173): CodeIgniter\View\View->render('service_list', [], true)
 5 APPPATH/Controllers/Home.php(129): view('service_list', [...])
 6 SYSTEMPATH/CodeIgniter.php(933): App\Controllers\Home->fetch_services()
 7 SYSTEMPATH/CodeIgniter.php(507): CodeIgniter\CodeIgniter->runController(Object(App\Controllers\Home))
 8 SYSTEMPATH/CodeIgniter.php(354): CodeIgniter\CodeIgniter->handleRequest(null, Object(Config\Cache), false)
 9 SYSTEMPATH/Boot.php(334): CodeIgniter\CodeIgniter->run()
10 SYSTEMPATH/Boot.php(67): CodeIgniter\Boot::runCodeIgniter(Object(CodeIgniter\CodeIgniter))
11 FCPATH/index.php(27): CodeIgniter\Boot::bootWeb(Object(Config\Paths))
WARNING - 2025-10-14 12:55:20 --> [DEPRECATED] addslashes(): Passing null to parameter #1 ($string) of type string is deprecated in APPPATH/Views/service_list.php on line 10.
 1 APPPATH/Views/service_list.php(10): addslashes(null)
 2 SYSTEMPATH/View/View.php(224): include('/home/u810214334/domains/embellish-beauty.co.uk/public_html/app/Views/service_list.php')
 3 SYSTEMPATH/View/View.php(227): CodeIgniter\View\View->CodeIgniter\View\{closure}()
 4 SYSTEMPATH/Common.php(1173): CodeIgniter\View\View->render('service_list', [], true)
 5 APPPATH/Controllers/Home.php(129): view('service_list', [...])
 6 SYSTEMPATH/CodeIgniter.php(933): App\Controllers\Home->fetch_services()
 7 SYSTEMPATH/CodeIgniter.php(507): CodeIgniter\CodeIgniter->runController(Object(App\Controllers\Home))
 8 SYSTEMPATH/CodeIgniter.php(354): CodeIgniter\CodeIgniter->handleRequest(null, Object(Config\Cache), false)
 9 SYSTEMPATH/Boot.php(334): CodeIgniter\CodeIgniter->run()
10 SYSTEMPATH/Boot.php(67): CodeIgniter\Boot::runCodeIgniter(Object(CodeIgniter\CodeIgniter))
11 FCPATH/index.php(27): CodeIgniter\Boot::bootWeb(Object(Config\Paths))
WARNING - 2025-10-14 12:55:20 --> [DEPRECATED] addslashes(): Passing null to parameter #1 ($string) of type string is deprecated in APPPATH/Views/service_list.php on line 10.
 1 APPPATH/Views/service_list.php(10): addslashes(null)
 2 SYSTEMPATH/View/View.php(224): include('/home/u810214334/domains/embellish-beauty.co.uk/public_html/app/Views/service_list.php')
 3 SYSTEMPATH/View/View.php(227): CodeIgniter\View\View->CodeIgniter\View\{closure}()
 4 SYSTEMPATH/Common.php(1173): CodeIgniter\View\View->render('service_list', [], true)
 5 APPPATH/Controllers/Home.php(129): view('service_list', [...])
 6 SYSTEMPATH/CodeIgniter.php(933): App\Controllers\Home->fetch_services()
 7 SYSTEMPATH/CodeIgniter.php(507): CodeIgniter\CodeIgniter->runController(Object(App\Controllers\Home))
 8 SYSTEMPATH/CodeIgniter.php(354): CodeIgniter\CodeIgniter->handleRequest(null, Object(Config\Cache), false)
 9 SYSTEMPATH/Boot.php(334): CodeIgniter\CodeIgniter->run()
10 SYSTEMPATH/Boot.php(67): CodeIgniter\Boot::runCodeIgniter(Object(CodeIgniter\CodeIgniter))
11 FCPATH/index.php(27): CodeIgniter\Boot::bootWeb(Object(Config\Paths))
WARNING - 2025-10-14 12:55:20 --> [DEPRECATED] addslashes(): Passing null to parameter #1 ($string) of type string is deprecated in APPPATH/Views/service_list.php on line 10.
 1 APPPATH/Views/service_list.php(10): addslashes(null)
 2 SYSTEMPATH/View/View.php(224): include('/home/u810214334/domains/embellish-beauty.co.uk/public_html/app/Views/service_list.php')
 3 SYSTEMPATH/View/View.php(227): CodeIgniter\View\View->CodeIgniter\View\{closure}()
 4 SYSTEMPATH/Common.php(1173): CodeIgniter\View\View->render('service_list', [], true)
 5 APPPATH/Controllers/Home.php(129): view('service_list', [...])
 6 SYSTEMPATH/CodeIgniter.php(933): App\Controllers\Home->fetch_services()
 7 SYSTEMPATH/CodeIgniter.php(507): CodeIgniter\CodeIgniter->runController(Object(App\Controllers\Home))
 8 SYSTEMPATH/CodeIgniter.php(354): CodeIgniter\CodeIgniter->handleRequest(null, Object(Config\Cache), false)
 9 SYSTEMPATH/Boot.php(334): CodeIgniter\CodeIgniter->run()
10 SYSTEMPATH/Boot.php(67): CodeIgniter\Boot::runCodeIgniter(Object(CodeIgniter\CodeIgniter))
11 FCPATH/index.php(27): CodeIgniter\Boot::bootWeb(Object(Config\Paths))
WARNING - 2025-10-14 12:55:20 --> [DEPRECATED] addslashes(): Passing null to parameter #1 ($string) of type string is deprecated in APPPATH/Views/service_list.php on line 10.
 1 APPPATH/Views/service_list.php(10): addslashes(null)
 2 SYSTEMPATH/View/View.php(224): include('/home/u810214334/domains/embellish-beauty.co.uk/public_html/app/Views/service_list.php')
 3 SYSTEMPATH/View/View.php(227): CodeIgniter\View\View->CodeIgniter\View\{closure}()
 4 SYSTEMPATH/Common.php(1173): CodeIgniter\View\View->render('service_list', [], true)
 5 APPPATH/Controllers/Home.php(129): view('service_list', [...])
 6 SYSTEMPATH/CodeIgniter.php(933): App\Controllers\Home->fetch_services()
 7 SYSTEMPATH/CodeIgniter.php(507): CodeIgniter\CodeIgniter->runController(Object(App\Controllers\Home))
 8 SYSTEMPATH/CodeIgniter.php(354): CodeIgniter\CodeIgniter->handleRequest(null, Object(Config\Cache), false)
 9 SYSTEMPATH/Boot.php(334): CodeIgniter\CodeIgniter->run()
10 SYSTEMPATH/Boot.php(67): CodeIgniter\Boot::runCodeIgniter(Object(CodeIgniter\CodeIgniter))
11 FCPATH/index.php(27): CodeIgniter\Boot::bootWeb(Object(Config\Paths))
WARNING - 2025-10-14 12:55:20 --> [DEPRECATED] addslashes(): Passing null to parameter #1 ($string) of type string is deprecated in APPPATH/Views/service_list.php on line 10.
 1 APPPATH/Views/service_list.php(10): addslashes(null)
 2 SYSTEMPATH/View/View.php(224): include('/home/u810214334/domains/embellish-beauty.co.uk/public_html/app/Views/service_list.php')
 3 SYSTEMPATH/View/View.php(227): CodeIgniter\View\View->CodeIgniter\View\{closure}()
 4 SYSTEMPATH/Common.php(1173): CodeIgniter\View\View->render('service_list', [], true)
 5 APPPATH/Controllers/Home.php(129): view('service_list', [...])
 6 SYSTEMPATH/CodeIgniter.php(933): App\Controllers\Home->fetch_services()
 7 SYSTEMPATH/CodeIgniter.php(507): CodeIgniter\CodeIgniter->runController(Object(App\Controllers\Home))
 8 SYSTEMPATH/CodeIgniter.php(354): CodeIgniter\CodeIgniter->handleRequest(null, Object(Config\Cache), false)
 9 SYSTEMPATH/Boot.php(334): CodeIgniter\CodeIgniter->run()
10 SYSTEMPATH/Boot.php(67): CodeIgniter\Boot::runCodeIgniter(Object(CodeIgniter\CodeIgniter))
11 FCPATH/index.php(27): CodeIgniter\Boot::bootWeb(Object(Config\Paths))
WARNING - 2025-10-14 12:55:20 --> [DEPRECATED] addslashes(): Passing null to parameter #1 ($string) of type string is deprecated in APPPATH/Views/service_list.php on line 10.
 1 APPPATH/Views/service_list.php(10): addslashes(null)
 2 SYSTEMPATH/View/View.php(224): include('/home/u810214334/domains/embellish-beauty.co.uk/public_html/app/Views/service_list.php')
 3 SYSTEMPATH/View/View.php(227): CodeIgniter\View\View->CodeIgniter\View\{closure}()
 4 SYSTEMPATH/Common.php(1173): CodeIgniter\View\View->render('service_list', [], true)
 5 APPPATH/Controllers/Home.php(129): view('service_list', [...])
 6 SYSTEMPATH/CodeIgniter.php(933): App\Controllers\Home->fetch_services()
 7 SYSTEMPATH/CodeIgniter.php(507): CodeIgniter\CodeIgniter->runController(Object(App\Controllers\Home))
 8 SYSTEMPATH/CodeIgniter.php(354): CodeIgniter\CodeIgniter->handleRequest(null, Object(Config\Cache), false)
 9 SYSTEMPATH/Boot.php(334): CodeIgniter\CodeIgniter->run()
10 SYSTEMPATH/Boot.php(67): CodeIgniter\Boot::runCodeIgniter(Object(CodeIgniter\CodeIgniter))
11 FCPATH/index.php(27): CodeIgniter\Boot::bootWeb(Object(Config\Paths))
WARNING - 2025-10-14 12:55:20 --> [DEPRECATED] addslashes(): Passing null to parameter #1 ($string) of type string is deprecated in APPPATH/Views/service_list.php on line 10.
 1 APPPATH/Views/service_list.php(10): addslashes(null)
 2 SYSTEMPATH/View/View.php(224): include('/home/u810214334/domains/embellish-beauty.co.uk/public_html/app/Views/service_list.php')
 3 SYSTEMPATH/View/View.php(227): CodeIgniter\View\View->CodeIgniter\View\{closure}()
 4 SYSTEMPATH/Common.php(1173): CodeIgniter\View\View->render('service_list', [], true)
 5 APPPATH/Controllers/Home.php(129): view('service_list', [...])
 6 SYSTEMPATH/CodeIgniter.php(933): App\Controllers\Home->fetch_services()
 7 SYSTEMPATH/CodeIgniter.php(507): CodeIgniter\CodeIgniter->runController(Object(App\Controllers\Home))
 8 SYSTEMPATH/CodeIgniter.php(354): CodeIgniter\CodeIgniter->handleRequest(null, Object(Config\Cache), false)
 9 SYSTEMPATH/Boot.php(334): CodeIgniter\CodeIgniter->run()
10 SYSTEMPATH/Boot.php(67): CodeIgniter\Boot::runCodeIgniter(Object(CodeIgniter\CodeIgniter))
11 FCPATH/index.php(27): CodeIgniter\Boot::bootWeb(Object(Config\Paths))
WARNING - 2025-10-14 12:55:20 --> [DEPRECATED] addslashes(): Passing null to parameter #1 ($string) of type string is deprecated in APPPATH/Views/service_list.php on line 10.
 1 APPPATH/Views/service_list.php(10): addslashes(null)
 2 SYSTEMPATH/View/View.php(224): include('/home/u810214334/domains/embellish-beauty.co.uk/public_html/app/Views/service_list.php')
 3 SYSTEMPATH/View/View.php(227): CodeIgniter\View\View->CodeIgniter\View\{closure}()
 4 SYSTEMPATH/Common.php(1173): CodeIgniter\View\View->render('service_list', [], true)
 5 APPPATH/Controllers/Home.php(129): view('service_list', [...])
 6 SYSTEMPATH/CodeIgniter.php(933): App\Controllers\Home->fetch_services()
 7 SYSTEMPATH/CodeIgniter.php(507): CodeIgniter\CodeIgniter->runController(Object(App\Controllers\Home))
 8 SYSTEMPATH/CodeIgniter.php(354): CodeIgniter\CodeIgniter->handleRequest(null, Object(Config\Cache), false)
 9 SYSTEMPATH/Boot.php(334): CodeIgniter\CodeIgniter->run()
10 SYSTEMPATH/Boot.php(67): CodeIgniter\Boot::runCodeIgniter(Object(CodeIgniter\CodeIgniter))
11 FCPATH/index.php(27): CodeIgniter\Boot::bootWeb(Object(Config\Paths))
WARNING - 2025-10-14 12:55:20 --> [DEPRECATED] addslashes(): Passing null to parameter #1 ($string) of type string is deprecated in APPPATH/Views/service_list.php on line 10.
 1 APPPATH/Views/service_list.php(10): addslashes(null)
 2 SYSTEMPATH/View/View.php(224): include('/home/u810214334/domains/embellish-beauty.co.uk/public_html/app/Views/service_list.php')
 3 SYSTEMPATH/View/View.php(227): CodeIgniter\View\View->CodeIgniter\View\{closure}()
 4 SYSTEMPATH/Common.php(1173): CodeIgniter\View\View->render('service_list', [], true)
 5 APPPATH/Controllers/Home.php(129): view('service_list', [...])
 6 SYSTEMPATH/CodeIgniter.php(933): App\Controllers\Home->fetch_services()
 7 SYSTEMPATH/CodeIgniter.php(507): CodeIgniter\CodeIgniter->runController(Object(App\Controllers\Home))
 8 SYSTEMPATH/CodeIgniter.php(354): CodeIgniter\CodeIgniter->handleRequest(null, Object(Config\Cache), false)
 9 SYSTEMPATH/Boot.php(334): CodeIgniter\CodeIgniter->run()
10 SYSTEMPATH/Boot.php(67): CodeIgniter\Boot::runCodeIgniter(Object(CodeIgniter\CodeIgniter))
11 FCPATH/index.php(27): CodeIgniter\Boot::bootWeb(Object(Config\Paths))
WARNING - 2025-10-14 12:55:20 --> [DEPRECATED] addslashes(): Passing null to parameter #1 ($string) of type string is deprecated in APPPATH/Views/service_list.php on line 10.
 1 APPPATH/Views/service_list.php(10): addslashes(null)
 2 SYSTEMPATH/View/View.php(224): include('/home/u810214334/domains/embellish-beauty.co.uk/public_html/app/Views/service_list.php')
 3 SYSTEMPATH/View/View.php(227): CodeIgniter\View\View->CodeIgniter\View\{closure}()
 4 SYSTEMPATH/Common.php(1173): CodeIgniter\View\View->render('service_list', [], true)
 5 APPPATH/Controllers/Home.php(129): view('service_list', [...])
 6 SYSTEMPATH/CodeIgniter.php(933): App\Controllers\Home->fetch_services()
 7 SYSTEMPATH/CodeIgniter.php(507): CodeIgniter\CodeIgniter->runController(Object(App\Controllers\Home))
 8 SYSTEMPATH/CodeIgniter.php(354): CodeIgniter\CodeIgniter->handleRequest(null, Object(Config\Cache), false)
 9 SYSTEMPATH/Boot.php(334): CodeIgniter\CodeIgniter->run()
10 SYSTEMPATH/Boot.php(67): CodeIgniter\Boot::runCodeIgniter(Object(CodeIgniter\CodeIgniter))
11 FCPATH/index.php(27): CodeIgniter\Boot::bootWeb(Object(Config\Paths))
WARNING - 2025-10-14 12:55:20 --> [DEPRECATED] addslashes(): Passing null to parameter #1 ($string) of type string is deprecated in APPPATH/Views/service_list.php on line 10.
 1 APPPATH/Views/service_list.php(10): addslashes(null)
 2 SYSTEMPATH/View/View.php(224): include('/home/u810214334/domains/embellish-beauty.co.uk/public_html/app/Views/service_list.php')
 3 SYSTEMPATH/View/View.php(227): CodeIgniter\View\View->CodeIgniter\View\{closure}()
 4 SYSTEMPATH/Common.php(1173): CodeIgniter\View\View->render('service_list', [], true)
 5 APPPATH/Controllers/Home.php(129): view('service_list', [...])
 6 SYSTEMPATH/CodeIgniter.php(933): App\Controllers\Home->fetch_services()
 7 SYSTEMPATH/CodeIgniter.php(507): CodeIgniter\CodeIgniter->runController(Object(App\Controllers\Home))
 8 SYSTEMPATH/CodeIgniter.php(354): CodeIgniter\CodeIgniter->handleRequest(null, Object(Config\Cache), false)
 9 SYSTEMPATH/Boot.php(334): CodeIgniter\CodeIgniter->run()
10 SYSTEMPATH/Boot.php(67): CodeIgniter\Boot::runCodeIgniter(Object(CodeIgniter\CodeIgniter))
11 FCPATH/index.php(27): CodeIgniter\Boot::bootWeb(Object(Config\Paths))
WARNING - 2025-10-14 12:55:20 --> [DEPRECATED] addslashes(): Passing null to parameter #1 ($string) of type string is deprecated in APPPATH/Views/service_list.php on line 10.
 1 APPPATH/Views/service_list.php(10): addslashes(null)
 2 SYSTEMPATH/View/View.php(224): include('/home/u810214334/domains/embellish-beauty.co.uk/public_html/app/Views/service_list.php')
 3 SYSTEMPATH/View/View.php(227): CodeIgniter\View\View->CodeIgniter\View\{closure}()
 4 SYSTEMPATH/Common.php(1173): CodeIgniter\View\View->render('service_list', [], true)
 5 APPPATH/Controllers/Home.php(129): view('service_list', [...])
 6 SYSTEMPATH/CodeIgniter.php(933): App\Controllers\Home->fetch_services()
 7 SYSTEMPATH/CodeIgniter.php(507): CodeIgniter\CodeIgniter->runController(Object(App\Controllers\Home))
 8 SYSTEMPATH/CodeIgniter.php(354): CodeIgniter\CodeIgniter->handleRequest(null, Object(Config\Cache), false)
 9 SYSTEMPATH/Boot.php(334): CodeIgniter\CodeIgniter->run()
10 SYSTEMPATH/Boot.php(67): CodeIgniter\Boot::runCodeIgniter(Object(CodeIgniter\CodeIgniter))
11 FCPATH/index.php(27): CodeIgniter\Boot::bootWeb(Object(Config\Paths))
WARNING - 2025-10-14 12:55:20 --> [DEPRECATED] addslashes(): Passing null to parameter #1 ($string) of type string is deprecated in APPPATH/Views/service_list.php on line 10.
 1 APPPATH/Views/service_list.php(10): addslashes(null)
 2 SYSTEMPATH/View/View.php(224): include('/home/u810214334/domains/embellish-beauty.co.uk/public_html/app/Views/service_list.php')
 3 SYSTEMPATH/View/View.php(227): CodeIgniter\View\View->CodeIgniter\View\{closure}()
 4 SYSTEMPATH/Common.php(1173): CodeIgniter\View\View->render('service_list', [], true)
 5 APPPATH/Controllers/Home.php(129): view('service_list', [...])
 6 SYSTEMPATH/CodeIgniter.php(933): App\Controllers\Home->fetch_services()
 7 SYSTEMPATH/CodeIgniter.php(507): CodeIgniter\CodeIgniter->runController(Object(App\Controllers\Home))
 8 SYSTEMPATH/CodeIgniter.php(354): CodeIgniter\CodeIgniter->handleRequest(null, Object(Config\Cache), false)
 9 SYSTEMPATH/Boot.php(334): CodeIgniter\CodeIgniter->run()
10 SYSTEMPATH/Boot.php(67): CodeIgniter\Boot::runCodeIgniter(Object(CodeIgniter\CodeIgniter))
11 FCPATH/index.php(27): CodeIgniter\Boot::bootWeb(Object(Config\Paths))
WARNING - 2025-10-14 12:55:20 --> [DEPRECATED] addslashes(): Passing null to parameter #1 ($string) of type string is deprecated in APPPATH/Views/service_list.php on line 10.
 1 APPPATH/Views/service_list.php(10): addslashes(null)
 2 SYSTEMPATH/View/View.php(224): include('/home/u810214334/domains/embellish-beauty.co.uk/public_html/app/Views/service_list.php')
 3 SYSTEMPATH/View/View.php(227): CodeIgniter\View\View->CodeIgniter\View\{closure}()
 4 SYSTEMPATH/Common.php(1173): CodeIgniter\View\View->render('service_list', [], true)
 5 APPPATH/Controllers/Home.php(129): view('service_list', [...])
 6 SYSTEMPATH/CodeIgniter.php(933): App\Controllers\Home->fetch_services()
 7 SYSTEMPATH/CodeIgniter.php(507): CodeIgniter\CodeIgniter->runController(Object(App\Controllers\Home))
 8 SYSTEMPATH/CodeIgniter.php(354): CodeIgniter\CodeIgniter->handleRequest(null, Object(Config\Cache), false)
 9 SYSTEMPATH/Boot.php(334): CodeIgniter\CodeIgniter->run()
10 SYSTEMPATH/Boot.php(67): CodeIgniter\Boot::runCodeIgniter(Object(CodeIgniter\CodeIgniter))
11 FCPATH/index.php(27): CodeIgniter\Boot::bootWeb(Object(Config\Paths))
DEBUG - 2025-10-14 12:55:24 --> Session: Class initialized using 'CodeIgniter\Session\Handlers\FileHandler' driver.
WARNING - 2025-10-14 12:55:25 --> [DEPRECATED] addslashes(): Passing null to parameter #1 ($string) of type string is deprecated in APPPATH/Views/service_list.php on line 10.
 1 APPPATH/Views/service_list.php(10): addslashes(null)
 2 SYSTEMPATH/View/View.php(224): include('/home/u810214334/domains/embellish-beauty.co.uk/public_html/app/Views/service_list.php')
 3 SYSTEMPATH/View/View.php(227): CodeIgniter\View\View->CodeIgniter\View\{closure}()
 4 SYSTEMPATH/Common.php(1173): CodeIgniter\View\View->render('service_list', [], true)
 5 APPPATH/Controllers/Home.php(129): view('service_list', [...])
 6 SYSTEMPATH/CodeIgniter.php(933): App\Controllers\Home->fetch_services()
 7 SYSTEMPATH/CodeIgniter.php(507): CodeIgniter\CodeIgniter->runController(Object(App\Controllers\Home))
 8 SYSTEMPATH/CodeIgniter.php(354): CodeIgniter\CodeIgniter->handleRequest(null, Object(Config\Cache), false)
 9 SYSTEMPATH/Boot.php(334): CodeIgniter\CodeIgniter->run()
10 SYSTEMPATH/Boot.php(67): CodeIgniter\Boot::runCodeIgniter(Object(CodeIgniter\CodeIgniter))
11 FCPATH/index.php(27): CodeIgniter\Boot::bootWeb(Object(Config\Paths))
WARNING - 2025-10-14 12:55:25 --> [DEPRECATED] addslashes(): Passing null to parameter #1 ($string) of type string is deprecated in APPPATH/Views/service_list.php on line 10.
 1 APPPATH/Views/service_list.php(10): addslashes(null)
 2 SYSTEMPATH/View/View.php(224): include('/home/u810214334/domains/embellish-beauty.co.uk/public_html/app/Views/service_list.php')
 3 SYSTEMPATH/View/View.php(227): CodeIgniter\View\View->CodeIgniter\View\{closure}()
 4 SYSTEMPATH/Common.php(1173): CodeIgniter\View\View->render('service_list', [], true)
 5 APPPATH/Controllers/Home.php(129): view('service_list', [...])
 6 SYSTEMPATH/CodeIgniter.php(933): App\Controllers\Home->fetch_services()
 7 SYSTEMPATH/CodeIgniter.php(507): CodeIgniter\CodeIgniter->runController(Object(App\Controllers\Home))
 8 SYSTEMPATH/CodeIgniter.php(354): CodeIgniter\CodeIgniter->handleRequest(null, Object(Config\Cache), false)
 9 SYSTEMPATH/Boot.php(334): CodeIgniter\CodeIgniter->run()
10 SYSTEMPATH/Boot.php(67): CodeIgniter\Boot::runCodeIgniter(Object(CodeIgniter\CodeIgniter))
11 FCPATH/index.php(27): CodeIgniter\Boot::bootWeb(Object(Config\Paths))
WARNING - 2025-10-14 12:55:25 --> [DEPRECATED] addslashes(): Passing null to parameter #1 ($string) of type string is deprecated in APPPATH/Views/service_list.php on line 10.
 1 APPPATH/Views/service_list.php(10): addslashes(null)
 2 SYSTEMPATH/View/View.php(224): include('/home/u810214334/domains/embellish-beauty.co.uk/public_html/app/Views/service_list.php')
 3 SYSTEMPATH/View/View.php(227): CodeIgniter\View\View->CodeIgniter\View\{closure}()
 4 SYSTEMPATH/Common.php(1173): CodeIgniter\View\View->render('service_list', [], true)
 5 APPPATH/Controllers/Home.php(129): view('service_list', [...])
 6 SYSTEMPATH/CodeIgniter.php(933): App\Controllers\Home->fetch_services()
 7 SYSTEMPATH/CodeIgniter.php(507): CodeIgniter\CodeIgniter->runController(Object(App\Controllers\Home))
 8 SYSTEMPATH/CodeIgniter.php(354): CodeIgniter\CodeIgniter->handleRequest(null, Object(Config\Cache), false)
 9 SYSTEMPATH/Boot.php(334): CodeIgniter\CodeIgniter->run()
10 SYSTEMPATH/Boot.php(67): CodeIgniter\Boot::runCodeIgniter(Object(CodeIgniter\CodeIgniter))
11 FCPATH/index.php(27): CodeIgniter\Boot::bootWeb(Object(Config\Paths))
WARNING - 2025-10-14 12:55:25 --> [DEPRECATED] addslashes(): Passing null to parameter #1 ($string) of type string is deprecated in APPPATH/Views/service_list.php on line 10.
 1 APPPATH/Views/service_list.php(10): addslashes(null)
 2 SYSTEMPATH/View/View.php(224): include('/home/u810214334/domains/embellish-beauty.co.uk/public_html/app/Views/service_list.php')
 3 SYSTEMPATH/View/View.php(227): CodeIgniter\View\View->CodeIgniter\View\{closure}()
 4 SYSTEMPATH/Common.php(1173): CodeIgniter\View\View->render('service_list', [], true)
 5 APPPATH/Controllers/Home.php(129): view('service_list', [...])
 6 SYSTEMPATH/CodeIgniter.php(933): App\Controllers\Home->fetch_services()
 7 SYSTEMPATH/CodeIgniter.php(507): CodeIgniter\CodeIgniter->runController(Object(App\Controllers\Home))
 8 SYSTEMPATH/CodeIgniter.php(354): CodeIgniter\CodeIgniter->handleRequest(null, Object(Config\Cache), false)
 9 SYSTEMPATH/Boot.php(334): CodeIgniter\CodeIgniter->run()
10 SYSTEMPATH/Boot.php(67): CodeIgniter\Boot::runCodeIgniter(Object(CodeIgniter\CodeIgniter))
11 FCPATH/index.php(27): CodeIgniter\Boot::bootWeb(Object(Config\Paths))
WARNING - 2025-10-14 12:55:25 --> [DEPRECATED] addslashes(): Passing null to parameter #1 ($string) of type string is deprecated in APPPATH/Views/service_list.php on line 10.
 1 APPPATH/Views/service_list.php(10): addslashes(null)
 2 SYSTEMPATH/View/View.php(224): include('/home/u810214334/domains/embellish-beauty.co.uk/public_html/app/Views/service_list.php')
 3 SYSTEMPATH/View/View.php(227): CodeIgniter\View\View->CodeIgniter\View\{closure}()
 4 SYSTEMPATH/Common.php(1173): CodeIgniter\View\View->render('service_list', [], true)
 5 APPPATH/Controllers/Home.php(129): view('service_list', [...])
 6 SYSTEMPATH/CodeIgniter.php(933): App\Controllers\Home->fetch_services()
 7 SYSTEMPATH/CodeIgniter.php(507): CodeIgniter\CodeIgniter->runController(Object(App\Controllers\Home))
 8 SYSTEMPATH/CodeIgniter.php(354): CodeIgniter\CodeIgniter->handleRequest(null, Object(Config\Cache), false)
 9 SYSTEMPATH/Boot.php(334): CodeIgniter\CodeIgniter->run()
10 SYSTEMPATH/Boot.php(67): CodeIgniter\Boot::runCodeIgniter(Object(CodeIgniter\CodeIgniter))
11 FCPATH/index.php(27): CodeIgniter\Boot::bootWeb(Object(Config\Paths))
WARNING - 2025-10-14 12:55:25 --> [DEPRECATED] addslashes(): Passing null to parameter #1 ($string) of type string is deprecated in APPPATH/Views/service_list.php on line 10.
 1 APPPATH/Views/service_list.php(10): addslashes(null)
 2 SYSTEMPATH/View/View.php(224): include('/home/u810214334/domains/embellish-beauty.co.uk/public_html/app/Views/service_list.php')
 3 SYSTEMPATH/View/View.php(227): CodeIgniter\View\View->CodeIgniter\View\{closure}()
 4 SYSTEMPATH/Common.php(1173): CodeIgniter\View\View->render('service_list', [], true)
 5 APPPATH/Controllers/Home.php(129): view('service_list', [...])
 6 SYSTEMPATH/CodeIgniter.php(933): App\Controllers\Home->fetch_services()
 7 SYSTEMPATH/CodeIgniter.php(507): CodeIgniter\CodeIgniter->runController(Object(App\Controllers\Home))
 8 SYSTEMPATH/CodeIgniter.php(354): CodeIgniter\CodeIgniter->handleRequest(null, Object(Config\Cache), false)
 9 SYSTEMPATH/Boot.php(334): CodeIgniter\CodeIgniter->run()
10 SYSTEMPATH/Boot.php(67): CodeIgniter\Boot::runCodeIgniter(Object(CodeIgniter\CodeIgniter))
11 FCPATH/index.php(27): CodeIgniter\Boot::bootWeb(Object(Config\Paths))
WARNING - 2025-10-14 12:55:25 --> [DEPRECATED] addslashes(): Passing null to parameter #1 ($string) of type string is deprecated in APPPATH/Views/service_list.php on line 10.
 1 APPPATH/Views/service_list.php(10): addslashes(null)
 2 SYSTEMPATH/View/View.php(224): include('/home/u810214334/domains/embellish-beauty.co.uk/public_html/app/Views/service_list.php')
 3 SYSTEMPATH/View/View.php(227): CodeIgniter\View\View->CodeIgniter\View\{closure}()
 4 SYSTEMPATH/Common.php(1173): CodeIgniter\View\View->render('service_list', [], true)
 5 APPPATH/Controllers/Home.php(129): view('service_list', [...])
 6 SYSTEMPATH/CodeIgniter.php(933): App\Controllers\Home->fetch_services()
 7 SYSTEMPATH/CodeIgniter.php(507): CodeIgniter\CodeIgniter->runController(Object(App\Controllers\Home))
 8 SYSTEMPATH/CodeIgniter.php(354): CodeIgniter\CodeIgniter->handleRequest(null, Object(Config\Cache), false)
 9 SYSTEMPATH/Boot.php(334): CodeIgniter\CodeIgniter->run()
10 SYSTEMPATH/Boot.php(67): CodeIgniter\Boot::runCodeIgniter(Object(CodeIgniter\CodeIgniter))
11 FCPATH/index.php(27): CodeIgniter\Boot::bootWeb(Object(Config\Paths))
WARNING - 2025-10-14 12:55:25 --> [DEPRECATED] addslashes(): Passing null to parameter #1 ($string) of type string is deprecated in APPPATH/Views/service_list.php on line 10.
 1 APPPATH/Views/service_list.php(10): addslashes(null)
 2 SYSTEMPATH/View/View.php(224): include('/home/u810214334/domains/embellish-beauty.co.uk/public_html/app/Views/service_list.php')
 3 SYSTEMPATH/View/View.php(227): CodeIgniter\View\View->CodeIgniter\View\{closure}()
 4 SYSTEMPATH/Common.php(1173): CodeIgniter\View\View->render('service_list', [], true)
 5 APPPATH/Controllers/Home.php(129): view('service_list', [...])
 6 SYSTEMPATH/CodeIgniter.php(933): App\Controllers\Home->fetch_services()
 7 SYSTEMPATH/CodeIgniter.php(507): CodeIgniter\CodeIgniter->runController(Object(App\Controllers\Home))
 8 SYSTEMPATH/CodeIgniter.php(354): CodeIgniter\CodeIgniter->handleRequest(null, Object(Config\Cache), false)
 9 SYSTEMPATH/Boot.php(334): CodeIgniter\CodeIgniter->run()
10 SYSTEMPATH/Boot.php(67): CodeIgniter\Boot::runCodeIgniter(Object(CodeIgniter\CodeIgniter))
11 FCPATH/index.php(27): CodeIgniter\Boot::bootWeb(Object(Config\Paths))
WARNING - 2025-10-14 12:55:25 --> [DEPRECATED] addslashes(): Passing null to parameter #1 ($string) of type string is deprecated in APPPATH/Views/service_list.php on line 10.
 1 APPPATH/Views/service_list.php(10): addslashes(null)
 2 SYSTEMPATH/View/View.php(224): include('/home/u810214334/domains/embellish-beauty.co.uk/public_html/app/Views/service_list.php')
 3 SYSTEMPATH/View/View.php(227): CodeIgniter\View\View->CodeIgniter\View\{closure}()
 4 SYSTEMPATH/Common.php(1173): CodeIgniter\View\View->render('service_list', [], true)
 5 APPPATH/Controllers/Home.php(129): view('service_list', [...])
 6 SYSTEMPATH/CodeIgniter.php(933): App\Controllers\Home->fetch_services()
 7 SYSTEMPATH/CodeIgniter.php(507): CodeIgniter\CodeIgniter->runController(Object(App\Controllers\Home))
 8 SYSTEMPATH/CodeIgniter.php(354): CodeIgniter\CodeIgniter->handleRequest(null, Object(Config\Cache), false)
 9 SYSTEMPATH/Boot.php(334): CodeIgniter\CodeIgniter->run()
10 SYSTEMPATH/Boot.php(67): CodeIgniter\Boot::runCodeIgniter(Object(CodeIgniter\CodeIgniter))
11 FCPATH/index.php(27): CodeIgniter\Boot::bootWeb(Object(Config\Paths))
WARNING - 2025-10-14 12:55:25 --> [DEPRECATED] addslashes(): Passing null to parameter #1 ($string) of type string is deprecated in APPPATH/Views/service_list.php on line 10.
 1 APPPATH/Views/service_list.php(10): addslashes(null)
 2 SYSTEMPATH/View/View.php(224): include('/home/u810214334/domains/embellish-beauty.co.uk/public_html/app/Views/service_list.php')
 3 SYSTEMPATH/View/View.php(227): CodeIgniter\View\View->CodeIgniter\View\{closure}()
 4 SYSTEMPATH/Common.php(1173): CodeIgniter\View\View->render('service_list', [], true)
 5 APPPATH/Controllers/Home.php(129): view('service_list', [...])
 6 SYSTEMPATH/CodeIgniter.php(933): App\Controllers\Home->fetch_services()
 7 SYSTEMPATH/CodeIgniter.php(507): CodeIgniter\CodeIgniter->runController(Object(App\Controllers\Home))
 8 SYSTEMPATH/CodeIgniter.php(354): CodeIgniter\CodeIgniter->handleRequest(null, Object(Config\Cache), false)
 9 SYSTEMPATH/Boot.php(334): CodeIgniter\CodeIgniter->run()
10 SYSTEMPATH/Boot.php(67): CodeIgniter\Boot::runCodeIgniter(Object(CodeIgniter\CodeIgniter))
11 FCPATH/index.php(27): CodeIgniter\Boot::bootWeb(Object(Config\Paths))
WARNING - 2025-10-14 12:55:25 --> [DEPRECATED] addslashes(): Passing null to parameter #1 ($string) of type string is deprecated in APPPATH/Views/service_list.php on line 10.
 1 APPPATH/Views/service_list.php(10): addslashes(null)
 2 SYSTEMPATH/View/View.php(224): include('/home/u810214334/domains/embellish-beauty.co.uk/public_html/app/Views/service_list.php')
 3 SYSTEMPATH/View/View.php(227): CodeIgniter\View\View->CodeIgniter\View\{closure}()
 4 SYSTEMPATH/Common.php(1173): CodeIgniter\View\View->render('service_list', [], true)
 5 APPPATH/Controllers/Home.php(129): view('service_list', [...])
 6 SYSTEMPATH/CodeIgniter.php(933): App\Controllers\Home->fetch_services()
 7 SYSTEMPATH/CodeIgniter.php(507): CodeIgniter\CodeIgniter->runController(Object(App\Controllers\Home))
 8 SYSTEMPATH/CodeIgniter.php(354): CodeIgniter\CodeIgniter->handleRequest(null, Object(Config\Cache), false)
 9 SYSTEMPATH/Boot.php(334): CodeIgniter\CodeIgniter->run()
10 SYSTEMPATH/Boot.php(67): CodeIgniter\Boot::runCodeIgniter(Object(CodeIgniter\CodeIgniter))
11 FCPATH/index.php(27): CodeIgniter\Boot::bootWeb(Object(Config\Paths))
WARNING - 2025-10-14 12:55:25 --> [DEPRECATED] addslashes(): Passing null to parameter #1 ($string) of type string is deprecated in APPPATH/Views/service_list.php on line 10.
 1 APPPATH/Views/service_list.php(10): addslashes(null)
 2 SYSTEMPATH/View/View.php(224): include('/home/u810214334/domains/embellish-beauty.co.uk/public_html/app/Views/service_list.php')
 3 SYSTEMPATH/View/View.php(227): CodeIgniter\View\View->CodeIgniter\View\{closure}()
 4 SYSTEMPATH/Common.php(1173): CodeIgniter\View\View->render('service_list', [], true)
 5 APPPATH/Controllers/Home.php(129): view('service_list', [...])
 6 SYSTEMPATH/CodeIgniter.php(933): App\Controllers\Home->fetch_services()
 7 SYSTEMPATH/CodeIgniter.php(507): CodeIgniter\CodeIgniter->runController(Object(App\Controllers\Home))
 8 SYSTEMPATH/CodeIgniter.php(354): CodeIgniter\CodeIgniter->handleRequest(null, Object(Config\Cache), false)
 9 SYSTEMPATH/Boot.php(334): CodeIgniter\CodeIgniter->run()
10 SYSTEMPATH/Boot.php(67): CodeIgniter\Boot::runCodeIgniter(Object(CodeIgniter\CodeIgniter))
11 FCPATH/index.php(27): CodeIgniter\Boot::bootWeb(Object(Config\Paths))
WARNING - 2025-10-14 12:55:25 --> [DEPRECATED] addslashes(): Passing null to parameter #1 ($string) of type string is deprecated in APPPATH/Views/service_list.php on line 10.
 1 APPPATH/Views/service_list.php(10): addslashes(null)
 2 SYSTEMPATH/View/View.php(224): include('/home/u810214334/domains/embellish-beauty.co.uk/public_html/app/Views/service_list.php')
 3 SYSTEMPATH/View/View.php(227): CodeIgniter\View\View->CodeIgniter\View\{closure}()
 4 SYSTEMPATH/Common.php(1173): CodeIgniter\View\View->render('service_list', [], true)
 5 APPPATH/Controllers/Home.php(129): view('service_list', [...])
 6 SYSTEMPATH/CodeIgniter.php(933): App\Controllers\Home->fetch_services()
 7 SYSTEMPATH/CodeIgniter.php(507): CodeIgniter\CodeIgniter->runController(Object(App\Controllers\Home))
 8 SYSTEMPATH/CodeIgniter.php(354): CodeIgniter\CodeIgniter->handleRequest(null, Object(Config\Cache), false)
 9 SYSTEMPATH/Boot.php(334): CodeIgniter\CodeIgniter->run()
10 SYSTEMPATH/Boot.php(67): CodeIgniter\Boot::runCodeIgniter(Object(CodeIgniter\CodeIgniter))
11 FCPATH/index.php(27): CodeIgniter\Boot::bootWeb(Object(Config\Paths))
WARNING - 2025-10-14 12:55:25 --> [DEPRECATED] addslashes(): Passing null to parameter #1 ($string) of type string is deprecated in APPPATH/Views/service_list.php on line 10.
 1 APPPATH/Views/service_list.php(10): addslashes(null)
 2 SYSTEMPATH/View/View.php(224): include('/home/u810214334/domains/embellish-beauty.co.uk/public_html/app/Views/service_list.php')
 3 SYSTEMPATH/View/View.php(227): CodeIgniter\View\View->CodeIgniter\View\{closure}()
 4 SYSTEMPATH/Common.php(1173): CodeIgniter\View\View->render('service_list', [], true)
 5 APPPATH/Controllers/Home.php(129): view('service_list', [...])
 6 SYSTEMPATH/CodeIgniter.php(933): App\Controllers\Home->fetch_services()
 7 SYSTEMPATH/CodeIgniter.php(507): CodeIgniter\CodeIgniter->runController(Object(App\Controllers\Home))
 8 SYSTEMPATH/CodeIgniter.php(354): CodeIgniter\CodeIgniter->handleRequest(null, Object(Config\Cache), false)
 9 SYSTEMPATH/Boot.php(334): CodeIgniter\CodeIgniter->run()
10 SYSTEMPATH/Boot.php(67): CodeIgniter\Boot::runCodeIgniter(Object(CodeIgniter\CodeIgniter))
11 FCPATH/index.php(27): CodeIgniter\Boot::bootWeb(Object(Config\Paths))
WARNING - 2025-10-14 12:55:25 --> [DEPRECATED] addslashes(): Passing null to parameter #1 ($string) of type string is deprecated in APPPATH/Views/service_list.php on line 10.
 1 APPPATH/Views/service_list.php(10): addslashes(null)
 2 SYSTEMPATH/View/View.php(224): include('/home/u810214334/domains/embellish-beauty.co.uk/public_html/app/Views/service_list.php')
 3 SYSTEMPATH/View/View.php(227): CodeIgniter\View\View->CodeIgniter\View\{closure}()
 4 SYSTEMPATH/Common.php(1173): CodeIgniter\View\View->render('service_list', [], true)
 5 APPPATH/Controllers/Home.php(129): view('service_list', [...])
 6 SYSTEMPATH/CodeIgniter.php(933): App\Controllers\Home->fetch_services()
 7 SYSTEMPATH/CodeIgniter.php(507): CodeIgniter\CodeIgniter->runController(Object(App\Controllers\Home))
 8 SYSTEMPATH/CodeIgniter.php(354): CodeIgniter\CodeIgniter->handleRequest(null, Object(Config\Cache), false)
 9 SYSTEMPATH/Boot.php(334): CodeIgniter\CodeIgniter->run()
10 SYSTEMPATH/Boot.php(67): CodeIgniter\Boot::runCodeIgniter(Object(CodeIgniter\CodeIgniter))
11 FCPATH/index.php(27): CodeIgniter\Boot::bootWeb(Object(Config\Paths))
WARNING - 2025-10-14 12:55:25 --> [DEPRECATED] addslashes(): Passing null to parameter #1 ($string) of type string is deprecated in APPPATH/Views/service_list.php on line 10.
 1 APPPATH/Views/service_list.php(10): addslashes(null)
 2 SYSTEMPATH/View/View.php(224): include('/home/u810214334/domains/embellish-beauty.co.uk/public_html/app/Views/service_list.php')
 3 SYSTEMPATH/View/View.php(227): CodeIgniter\View\View->CodeIgniter\View\{closure}()
 4 SYSTEMPATH/Common.php(1173): CodeIgniter\View\View->render('service_list', [], true)
 5 APPPATH/Controllers/Home.php(129): view('service_list', [...])
 6 SYSTEMPATH/CodeIgniter.php(933): App\Controllers\Home->fetch_services()
 7 SYSTEMPATH/CodeIgniter.php(507): CodeIgniter\CodeIgniter->runController(Object(App\Controllers\Home))
 8 SYSTEMPATH/CodeIgniter.php(354): CodeIgniter\CodeIgniter->handleRequest(null, Object(Config\Cache), false)
 9 SYSTEMPATH/Boot.php(334): CodeIgniter\CodeIgniter->run()
10 SYSTEMPATH/Boot.php(67): CodeIgniter\Boot::runCodeIgniter(Object(CodeIgniter\CodeIgniter))
11 FCPATH/index.php(27): CodeIgniter\Boot::bootWeb(Object(Config\Paths))
DEBUG - 2025-10-14 12:55:28 --> Session: Class initialized using 'CodeIgniter\Session\Handlers\FileHandler' driver.
WARNING - 2025-10-14 12:55:28 --> [DEPRECATED] addslashes(): Passing null to parameter #1 ($string) of type string is deprecated in APPPATH/Views/service_list.php on line 10.
 1 APPPATH/Views/service_list.php(10): addslashes(null)
 2 SYSTEMPATH/View/View.php(224): include('/home/u810214334/domains/embellish-beauty.co.uk/public_html/app/Views/service_list.php')
 3 SYSTEMPATH/View/View.php(227): CodeIgniter\View\View->CodeIgniter\View\{closure}()
 4 SYSTEMPATH/Common.php(1173): CodeIgniter\View\View->render('service_list', [], true)
 5 APPPATH/Controllers/Home.php(129): view('service_list', [...])
 6 SYSTEMPATH/CodeIgniter.php(933): App\Controllers\Home->fetch_services()
 7 SYSTEMPATH/CodeIgniter.php(507): CodeIgniter\CodeIgniter->runController(Object(App\Controllers\Home))
 8 SYSTEMPATH/CodeIgniter.php(354): CodeIgniter\CodeIgniter->handleRequest(null, Object(Config\Cache), false)
 9 SYSTEMPATH/Boot.php(334): CodeIgniter\CodeIgniter->run()
10 SYSTEMPATH/Boot.php(67): CodeIgniter\Boot::runCodeIgniter(Object(CodeIgniter\CodeIgniter))
11 FCPATH/index.php(27): CodeIgniter\Boot::bootWeb(Object(Config\Paths))
WARNING - 2025-10-14 12:55:28 --> [DEPRECATED] addslashes(): Passing null to parameter #1 ($string) of type string is deprecated in APPPATH/Views/service_list.php on line 10.
 1 APPPATH/Views/service_list.php(10): addslashes(null)
 2 SYSTEMPATH/View/View.php(224): include('/home/u810214334/domains/embellish-beauty.co.uk/public_html/app/Views/service_list.php')
 3 SYSTEMPATH/View/View.php(227): CodeIgniter\View\View->CodeIgniter\View\{closure}()
 4 SYSTEMPATH/Common.php(1173): CodeIgniter\View\View->render('service_list', [], true)
 5 APPPATH/Controllers/Home.php(129): view('service_list', [...])
 6 SYSTEMPATH/CodeIgniter.php(933): App\Controllers\Home->fetch_services()
 7 SYSTEMPATH/CodeIgniter.php(507): CodeIgniter\CodeIgniter->runController(Object(App\Controllers\Home))
 8 SYSTEMPATH/CodeIgniter.php(354): CodeIgniter\CodeIgniter->handleRequest(null, Object(Config\Cache), false)
 9 SYSTEMPATH/Boot.php(334): CodeIgniter\CodeIgniter->run()
10 SYSTEMPATH/Boot.php(67): CodeIgniter\Boot::runCodeIgniter(Object(CodeIgniter\CodeIgniter))
11 FCPATH/index.php(27): CodeIgniter\Boot::bootWeb(Object(Config\Paths))
WARNING - 2025-10-14 12:55:28 --> [DEPRECATED] addslashes(): Passing null to parameter #1 ($string) of type string is deprecated in APPPATH/Views/service_list.php on line 10.
 1 APPPATH/Views/service_list.php(10): addslashes(null)
 2 SYSTEMPATH/View/View.php(224): include('/home/u810214334/domains/embellish-beauty.co.uk/public_html/app/Views/service_list.php')
 3 SYSTEMPATH/View/View.php(227): CodeIgniter\View\View->CodeIgniter\View\{closure}()
 4 SYSTEMPATH/Common.php(1173): CodeIgniter\View\View->render('service_list', [], true)
 5 APPPATH/Controllers/Home.php(129): view('service_list', [...])
 6 SYSTEMPATH/CodeIgniter.php(933): App\Controllers\Home->fetch_services()
 7 SYSTEMPATH/CodeIgniter.php(507): CodeIgniter\CodeIgniter->runController(Object(App\Controllers\Home))
 8 SYSTEMPATH/CodeIgniter.php(354): CodeIgniter\CodeIgniter->handleRequest(null, Object(Config\Cache), false)
 9 SYSTEMPATH/Boot.php(334): CodeIgniter\CodeIgniter->run()
10 SYSTEMPATH/Boot.php(67): CodeIgniter\Boot::runCodeIgniter(Object(CodeIgniter\CodeIgniter))
11 FCPATH/index.php(27): CodeIgniter\Boot::bootWeb(Object(Config\Paths))
WARNING - 2025-10-14 12:55:28 --> [DEPRECATED] addslashes(): Passing null to parameter #1 ($string) of type string is deprecated in APPPATH/Views/service_list.php on line 10.
 1 APPPATH/Views/service_list.php(10): addslashes(null)
 2 SYSTEMPATH/View/View.php(224): include('/home/u810214334/domains/embellish-beauty.co.uk/public_html/app/Views/service_list.php')
 3 SYSTEMPATH/View/View.php(227): CodeIgniter\View\View->CodeIgniter\View\{closure}()
 4 SYSTEMPATH/Common.php(1173): CodeIgniter\View\View->render('service_list', [], true)
 5 APPPATH/Controllers/Home.php(129): view('service_list', [...])
 6 SYSTEMPATH/CodeIgniter.php(933): App\Controllers\Home->fetch_services()
 7 SYSTEMPATH/CodeIgniter.php(507): CodeIgniter\CodeIgniter->runController(Object(App\Controllers\Home))
 8 SYSTEMPATH/CodeIgniter.php(354): CodeIgniter\CodeIgniter->handleRequest(null, Object(Config\Cache), false)
 9 SYSTEMPATH/Boot.php(334): CodeIgniter\CodeIgniter->run()
10 SYSTEMPATH/Boot.php(67): CodeIgniter\Boot::runCodeIgniter(Object(CodeIgniter\CodeIgniter))
11 FCPATH/index.php(27): CodeIgniter\Boot::bootWeb(Object(Config\Paths))
WARNING - 2025-10-14 12:55:28 --> [DEPRECATED] addslashes(): Passing null to parameter #1 ($string) of type string is deprecated in APPPATH/Views/service_list.php on line 10.
 1 APPPATH/Views/service_list.php(10): addslashes(null)
 2 SYSTEMPATH/View/View.php(224): include('/home/u810214334/domains/embellish-beauty.co.uk/public_html/app/Views/service_list.php')
 3 SYSTEMPATH/View/View.php(227): CodeIgniter\View\View->CodeIgniter\View\{closure}()
 4 SYSTEMPATH/Common.php(1173): CodeIgniter\View\View->render('service_list', [], true)
 5 APPPATH/Controllers/Home.php(129): view('service_list', [...])
 6 SYSTEMPATH/CodeIgniter.php(933): App\Controllers\Home->fetch_services()
 7 SYSTEMPATH/CodeIgniter.php(507): CodeIgniter\CodeIgniter->runController(Object(App\Controllers\Home))
 8 SYSTEMPATH/CodeIgniter.php(354): CodeIgniter\CodeIgniter->handleRequest(null, Object(Config\Cache), false)
 9 SYSTEMPATH/Boot.php(334): CodeIgniter\CodeIgniter->run()
10 SYSTEMPATH/Boot.php(67): CodeIgniter\Boot::runCodeIgniter(Object(CodeIgniter\CodeIgniter))
11 FCPATH/index.php(27): CodeIgniter\Boot::bootWeb(Object(Config\Paths))
WARNING - 2025-10-14 12:55:28 --> [DEPRECATED] addslashes(): Passing null to parameter #1 ($string) of type string is deprecated in APPPATH/Views/service_list.php on line 10.
 1 APPPATH/Views/service_list.php(10): addslashes(null)
 2 SYSTEMPATH/View/View.php(224): include('/home/u810214334/domains/embellish-beauty.co.uk/public_html/app/Views/service_list.php')
 3 SYSTEMPATH/View/View.php(227): CodeIgniter\View\View->CodeIgniter\View\{closure}()
 4 SYSTEMPATH/Common.php(1173): CodeIgniter\View\View->render('service_list', [], true)
 5 APPPATH/Controllers/Home.php(129): view('service_list', [...])
 6 SYSTEMPATH/CodeIgniter.php(933): App\Controllers\Home->fetch_services()
 7 SYSTEMPATH/CodeIgniter.php(507): CodeIgniter\CodeIgniter->runController(Object(App\Controllers\Home))
 8 SYSTEMPATH/CodeIgniter.php(354): CodeIgniter\CodeIgniter->handleRequest(null, Object(Config\Cache), false)
 9 SYSTEMPATH/Boot.php(334): CodeIgniter\CodeIgniter->run()
10 SYSTEMPATH/Boot.php(67): CodeIgniter\Boot::runCodeIgniter(Object(CodeIgniter\CodeIgniter))
11 FCPATH/index.php(27): CodeIgniter\Boot::bootWeb(Object(Config\Paths))
WARNING - 2025-10-14 12:55:28 --> [DEPRECATED] addslashes(): Passing null to parameter #1 ($string) of type string is deprecated in APPPATH/Views/service_list.php on line 10.
 1 APPPATH/Views/service_list.php(10): addslashes(null)
 2 SYSTEMPATH/View/View.php(224): include('/home/u810214334/domains/embellish-beauty.co.uk/public_html/app/Views/service_list.php')
 3 SYSTEMPATH/View/View.php(227): CodeIgniter\View\View->CodeIgniter\View\{closure}()
 4 SYSTEMPATH/Common.php(1173): CodeIgniter\View\View->render('service_list', [], true)
 5 APPPATH/Controllers/Home.php(129): view('service_list', [...])
 6 SYSTEMPATH/CodeIgniter.php(933): App\Controllers\Home->fetch_services()
 7 SYSTEMPATH/CodeIgniter.php(507): CodeIgniter\CodeIgniter->runController(Object(App\Controllers\Home))
 8 SYSTEMPATH/CodeIgniter.php(354): CodeIgniter\CodeIgniter->handleRequest(null, Object(Config\Cache), false)
 9 SYSTEMPATH/Boot.php(334): CodeIgniter\CodeIgniter->run()
10 SYSTEMPATH/Boot.php(67): CodeIgniter\Boot::runCodeIgniter(Object(CodeIgniter\CodeIgniter))
11 FCPATH/index.php(27): CodeIgniter\Boot::bootWeb(Object(Config\Paths))
WARNING - 2025-10-14 12:55:28 --> [DEPRECATED] addslashes(): Passing null to parameter #1 ($string) of type string is deprecated in APPPATH/Views/service_list.php on line 10.
 1 APPPATH/Views/service_list.php(10): addslashes(null)
 2 SYSTEMPATH/View/View.php(224): include('/home/u810214334/domains/embellish-beauty.co.uk/public_html/app/Views/service_list.php')
 3 SYSTEMPATH/View/View.php(227): CodeIgniter\View\View->CodeIgniter\View\{closure}()
 4 SYSTEMPATH/Common.php(1173): CodeIgniter\View\View->render('service_list', [], true)
 5 APPPATH/Controllers/Home.php(129): view('service_list', [...])
 6 SYSTEMPATH/CodeIgniter.php(933): App\Controllers\Home->fetch_services()
 7 SYSTEMPATH/CodeIgniter.php(507): CodeIgniter\CodeIgniter->runController(Object(App\Controllers\Home))
 8 SYSTEMPATH/CodeIgniter.php(354): CodeIgniter\CodeIgniter->handleRequest(null, Object(Config\Cache), false)
 9 SYSTEMPATH/Boot.php(334): CodeIgniter\CodeIgniter->run()
10 SYSTEMPATH/Boot.php(67): CodeIgniter\Boot::runCodeIgniter(Object(CodeIgniter\CodeIgniter))
11 FCPATH/index.php(27): CodeIgniter\Boot::bootWeb(Object(Config\Paths))
WARNING - 2025-10-14 12:55:28 --> [DEPRECATED] addslashes(): Passing null to parameter #1 ($string) of type string is deprecated in APPPATH/Views/service_list.php on line 10.
 1 APPPATH/Views/service_list.php(10): addslashes(null)
 2 SYSTEMPATH/View/View.php(224): include('/home/u810214334/domains/embellish-beauty.co.uk/public_html/app/Views/service_list.php')
 3 SYSTEMPATH/View/View.php(227): CodeIgniter\View\View->CodeIgniter\View\{closure}()
 4 SYSTEMPATH/Common.php(1173): CodeIgniter\View\View->render('service_list', [], true)
 5 APPPATH/Controllers/Home.php(129): view('service_list', [...])
 6 SYSTEMPATH/CodeIgniter.php(933): App\Controllers\Home->fetch_services()
 7 SYSTEMPATH/CodeIgniter.php(507): CodeIgniter\CodeIgniter->runController(Object(App\Controllers\Home))
 8 SYSTEMPATH/CodeIgniter.php(354): CodeIgniter\CodeIgniter->handleRequest(null, Object(Config\Cache), false)
 9 SYSTEMPATH/Boot.php(334): CodeIgniter\CodeIgniter->run()
10 SYSTEMPATH/Boot.php(67): CodeIgniter\Boot::runCodeIgniter(Object(CodeIgniter\CodeIgniter))
11 FCPATH/index.php(27): CodeIgniter\Boot::bootWeb(Object(Config\Paths))
WARNING - 2025-10-14 12:55:28 --> [DEPRECATED] addslashes(): Passing null to parameter #1 ($string) of type string is deprecated in APPPATH/Views/service_list.php on line 10.
 1 APPPATH/Views/service_list.php(10): addslashes(null)
 2 SYSTEMPATH/View/View.php(224): include('/home/u810214334/domains/embellish-beauty.co.uk/public_html/app/Views/service_list.php')
 3 SYSTEMPATH/View/View.php(227): CodeIgniter\View\View->CodeIgniter\View\{closure}()
 4 SYSTEMPATH/Common.php(1173): CodeIgniter\View\View->render('service_list', [], true)
 5 APPPATH/Controllers/Home.php(129): view('service_list', [...])
 6 SYSTEMPATH/CodeIgniter.php(933): App\Controllers\Home->fetch_services()
 7 SYSTEMPATH/CodeIgniter.php(507): CodeIgniter\CodeIgniter->runController(Object(App\Controllers\Home))
 8 SYSTEMPATH/CodeIgniter.php(354): CodeIgniter\CodeIgniter->handleRequest(null, Object(Config\Cache), false)
 9 SYSTEMPATH/Boot.php(334): CodeIgniter\CodeIgniter->run()
10 SYSTEMPATH/Boot.php(67): CodeIgniter\Boot::runCodeIgniter(Object(CodeIgniter\CodeIgniter))
11 FCPATH/index.php(27): CodeIgniter\Boot::bootWeb(Object(Config\Paths))
WARNING - 2025-10-14 12:55:28 --> [DEPRECATED] addslashes(): Passing null to parameter #1 ($string) of type string is deprecated in APPPATH/Views/service_list.php on line 10.
 1 APPPATH/Views/service_list.php(10): addslashes(null)
 2 SYSTEMPATH/View/View.php(224): include('/home/u810214334/domains/embellish-beauty.co.uk/public_html/app/Views/service_list.php')
 3 SYSTEMPATH/View/View.php(227): CodeIgniter\View\View->CodeIgniter\View\{closure}()
 4 SYSTEMPATH/Common.php(1173): CodeIgniter\View\View->render('service_list', [], true)
 5 APPPATH/Controllers/Home.php(129): view('service_list', [...])
 6 SYSTEMPATH/CodeIgniter.php(933): App\Controllers\Home->fetch_services()
 7 SYSTEMPATH/CodeIgniter.php(507): CodeIgniter\CodeIgniter->runController(Object(App\Controllers\Home))
 8 SYSTEMPATH/CodeIgniter.php(354): CodeIgniter\CodeIgniter->handleRequest(null, Object(Config\Cache), false)
 9 SYSTEMPATH/Boot.php(334): CodeIgniter\CodeIgniter->run()
10 SYSTEMPATH/Boot.php(67): CodeIgniter\Boot::runCodeIgniter(Object(CodeIgniter\CodeIgniter))
11 FCPATH/index.php(27): CodeIgniter\Boot::bootWeb(Object(Config\Paths))
WARNING - 2025-10-14 12:55:28 --> [DEPRECATED] addslashes(): Passing null to parameter #1 ($string) of type string is deprecated in APPPATH/Views/service_list.php on line 10.
 1 APPPATH/Views/service_list.php(10): addslashes(null)
 2 SYSTEMPATH/View/View.php(224): include('/home/u810214334/domains/embellish-beauty.co.uk/public_html/app/Views/service_list.php')
 3 SYSTEMPATH/View/View.php(227): CodeIgniter\View\View->CodeIgniter\View\{closure}()
 4 SYSTEMPATH/Common.php(1173): CodeIgniter\View\View->render('service_list', [], true)
 5 APPPATH/Controllers/Home.php(129): view('service_list', [...])
 6 SYSTEMPATH/CodeIgniter.php(933): App\Controllers\Home->fetch_services()
 7 SYSTEMPATH/CodeIgniter.php(507): CodeIgniter\CodeIgniter->runController(Object(App\Controllers\Home))
 8 SYSTEMPATH/CodeIgniter.php(354): CodeIgniter\CodeIgniter->handleRequest(null, Object(Config\Cache), false)
 9 SYSTEMPATH/Boot.php(334): CodeIgniter\CodeIgniter->run()
10 SYSTEMPATH/Boot.php(67): CodeIgniter\Boot::runCodeIgniter(Object(CodeIgniter\CodeIgniter))
11 FCPATH/index.php(27): CodeIgniter\Boot::bootWeb(Object(Config\Paths))
WARNING - 2025-10-14 12:55:28 --> [DEPRECATED] addslashes(): Passing null to parameter #1 ($string) of type string is deprecated in APPPATH/Views/service_list.php on line 10.
 1 APPPATH/Views/service_list.php(10): addslashes(null)
 2 SYSTEMPATH/View/View.php(224): include('/home/u810214334/domains/embellish-beauty.co.uk/public_html/app/Views/service_list.php')
 3 SYSTEMPATH/View/View.php(227): CodeIgniter\View\View->CodeIgniter\View\{closure}()
 4 SYSTEMPATH/Common.php(1173): CodeIgniter\View\View->render('service_list', [], true)
 5 APPPATH/Controllers/Home.php(129): view('service_list', [...])
 6 SYSTEMPATH/CodeIgniter.php(933): App\Controllers\Home->fetch_services()
 7 SYSTEMPATH/CodeIgniter.php(507): CodeIgniter\CodeIgniter->runController(Object(App\Controllers\Home))
 8 SYSTEMPATH/CodeIgniter.php(354): CodeIgniter\CodeIgniter->handleRequest(null, Object(Config\Cache), false)
 9 SYSTEMPATH/Boot.php(334): CodeIgniter\CodeIgniter->run()
10 SYSTEMPATH/Boot.php(67): CodeIgniter\Boot::runCodeIgniter(Object(CodeIgniter\CodeIgniter))
11 FCPATH/index.php(27): CodeIgniter\Boot::bootWeb(Object(Config\Paths))
WARNING - 2025-10-14 12:55:28 --> [DEPRECATED] addslashes(): Passing null to parameter #1 ($string) of type string is deprecated in APPPATH/Views/service_list.php on line 10.
 1 APPPATH/Views/service_list.php(10): addslashes(null)
 2 SYSTEMPATH/View/View.php(224): include('/home/u810214334/domains/embellish-beauty.co.uk/public_html/app/Views/service_list.php')
 3 SYSTEMPATH/View/View.php(227): CodeIgniter\View\View->CodeIgniter\View\{closure}()
 4 SYSTEMPATH/Common.php(1173): CodeIgniter\View\View->render('service_list', [], true)
 5 APPPATH/Controllers/Home.php(129): view('service_list', [...])
 6 SYSTEMPATH/CodeIgniter.php(933): App\Controllers\Home->fetch_services()
 7 SYSTEMPATH/CodeIgniter.php(507): CodeIgniter\CodeIgniter->runController(Object(App\Controllers\Home))
 8 SYSTEMPATH/CodeIgniter.php(354): CodeIgniter\CodeIgniter->handleRequest(null, Object(Config\Cache), false)
 9 SYSTEMPATH/Boot.php(334): CodeIgniter\CodeIgniter->run()
10 SYSTEMPATH/Boot.php(67): CodeIgniter\Boot::runCodeIgniter(Object(CodeIgniter\CodeIgniter))
11 FCPATH/index.php(27): CodeIgniter\Boot::bootWeb(Object(Config\Paths))
WARNING - 2025-10-14 12:55:28 --> [DEPRECATED] addslashes(): Passing null to parameter #1 ($string) of type string is deprecated in APPPATH/Views/service_list.php on line 10.
 1 APPPATH/Views/service_list.php(10): addslashes(null)
 2 SYSTEMPATH/View/View.php(224): include('/home/u810214334/domains/embellish-beauty.co.uk/public_html/app/Views/service_list.php')
 3 SYSTEMPATH/View/View.php(227): CodeIgniter\View\View->CodeIgniter\View\{closure}()
 4 SYSTEMPATH/Common.php(1173): CodeIgniter\View\View->render('service_list', [], true)
 5 APPPATH/Controllers/Home.php(129): view('service_list', [...])
 6 SYSTEMPATH/CodeIgniter.php(933): App\Controllers\Home->fetch_services()
 7 SYSTEMPATH/CodeIgniter.php(507): CodeIgniter\CodeIgniter->runController(Object(App\Controllers\Home))
 8 SYSTEMPATH/CodeIgniter.php(354): CodeIgniter\CodeIgniter->handleRequest(null, Object(Config\Cache), false)
 9 SYSTEMPATH/Boot.php(334): CodeIgniter\CodeIgniter->run()
10 SYSTEMPATH/Boot.php(67): CodeIgniter\Boot::runCodeIgniter(Object(CodeIgniter\CodeIgniter))
11 FCPATH/index.php(27): CodeIgniter\Boot::bootWeb(Object(Config\Paths))
WARNING - 2025-10-14 12:55:28 --> [DEPRECATED] addslashes(): Passing null to parameter #1 ($string) of type string is deprecated in APPPATH/Views/service_list.php on line 10.
 1 APPPATH/Views/service_list.php(10): addslashes(null)
 2 SYSTEMPATH/View/View.php(224): include('/home/u810214334/domains/embellish-beauty.co.uk/public_html/app/Views/service_list.php')
 3 SYSTEMPATH/View/View.php(227): CodeIgniter\View\View->CodeIgniter\View\{closure}()
 4 SYSTEMPATH/Common.php(1173): CodeIgniter\View\View->render('service_list', [], true)
 5 APPPATH/Controllers/Home.php(129): view('service_list', [...])
 6 SYSTEMPATH/CodeIgniter.php(933): App\Controllers\Home->fetch_services()
 7 SYSTEMPATH/CodeIgniter.php(507): CodeIgniter\CodeIgniter->runController(Object(App\Controllers\Home))
 8 SYSTEMPATH/CodeIgniter.php(354): CodeIgniter\CodeIgniter->handleRequest(null, Object(Config\Cache), false)
 9 SYSTEMPATH/Boot.php(334): CodeIgniter\CodeIgniter->run()
10 SYSTEMPATH/Boot.php(67): CodeIgniter\Boot::runCodeIgniter(Object(CodeIgniter\CodeIgniter))
11 FCPATH/index.php(27): CodeIgniter\Boot::bootWeb(Object(Config\Paths))
DEBUG - 2025-10-14 12:55:41 --> Session: Class initialized using 'CodeIgniter\Session\Handlers\FileHandler' driver.
DEBUG - 2025-10-14 12:55:46 --> Session: Class initialized using 'CodeIgniter\Session\Handlers\FileHandler' driver.
DEBUG - 2025-10-14 12:55:56 --> Session: Class initialized using 'CodeIgniter\Session\Handlers\FileHandler' driver.
DEBUG - 2025-10-14 12:55:56 --> Session: Class initialized using 'CodeIgniter\Session\Handlers\FileHandler' driver.
DEBUG - 2025-10-14 12:56:08 --> Session: Class initialized using 'CodeIgniter\Session\Handlers\FileHandler' driver.
DEBUG - 2025-10-14 12:56:20 --> Session: Class initialized using 'CodeIgniter\Session\Handlers\FileHandler' driver.
DEBUG - 2025-10-14 12:56:27 --> Session: Class initialized using 'CodeIgniter\Session\Handlers\FileHandler' driver.
DEBUG - 2025-10-14 13:06:24 --> Session: Class initialized using 'CodeIgniter\Session\Handlers\FileHandler' driver.
DEBUG - 2025-10-14 13:12:36 --> Session: Class initialized using 'CodeIgniter\Session\Handlers\FileHandler' driver.
DEBUG - 2025-10-14 13:45:23 --> Session: Class initialized using 'CodeIgniter\Session\Handlers\FileHandler' driver.
DEBUG - 2025-10-14 13:48:24 --> Session: Class initialized using 'CodeIgniter\Session\Handlers\FileHandler' driver.
DEBUG - 2025-10-14 13:48:29 --> Session: Class initialized using 'CodeIgniter\Session\Handlers\FileHandler' driver.
DEBUG - 2025-10-14 13:48:33 --> Session: Class initialized using 'CodeIgniter\Session\Handlers\FileHandler' driver.
DEBUG - 2025-10-14 13:48:33 --> Session: Class initialized using 'CodeIgniter\Session\Handlers\FileHandler' driver.
DEBUG - 2025-10-14 13:48:34 --> Session: Class initialized using 'CodeIgniter\Session\Handlers\FileHandler' driver.
DEBUG - 2025-10-14 13:48:42 --> Session: Class initialized using 'CodeIgniter\Session\Handlers\FileHandler' driver.
DEBUG - 2025-10-14 13:48:42 --> Session: Class initialized using 'CodeIgniter\Session\Handlers\FileHandler' driver.
DEBUG - 2025-10-14 13:48:42 --> Session: Class initialized using 'CodeIgniter\Session\Handlers\FileHandler' driver.
DEBUG - 2025-10-14 13:48:42 --> Session: Class initialized using 'CodeIgniter\Session\Handlers\FileHandler' driver.
DEBUG - 2025-10-14 13:48:42 --> Session: Class initialized using 'CodeIgniter\Session\Handlers\FileHandler' driver.
WARNING - 2025-10-14 13:48:42 --> [DEPRECATED] addslashes(): Passing null to parameter #1 ($string) of type string is deprecated in APPPATH/Views/service_list.php on line 10.
 1 APPPATH/Views/service_list.php(10): addslashes(null)
 2 SYSTEMPATH/View/View.php(224): include('/home/u810214334/domains/embellish-beauty.co.uk/public_html/app/Views/service_list.php')
 3 SYSTEMPATH/View/View.php(227): CodeIgniter\View\View->CodeIgniter\View\{closure}()
 4 SYSTEMPATH/Common.php(1173): CodeIgniter\View\View->render('service_list', [], true)
 5 APPPATH/Controllers/Home.php(129): view('service_list', [...])
 6 SYSTEMPATH/CodeIgniter.php(933): App\Controllers\Home->fetch_services()
 7 SYSTEMPATH/CodeIgniter.php(507): CodeIgniter\CodeIgniter->runController(Object(App\Controllers\Home))
 8 SYSTEMPATH/CodeIgniter.php(354): CodeIgniter\CodeIgniter->handleRequest(null, Object(Config\Cache), false)
 9 SYSTEMPATH/Boot.php(334): CodeIgniter\CodeIgniter->run()
10 SYSTEMPATH/Boot.php(67): CodeIgniter\Boot::runCodeIgniter(Object(CodeIgniter\CodeIgniter))
11 FCPATH/index.php(27): CodeIgniter\Boot::bootWeb(Object(Config\Paths))
WARNING - 2025-10-14 13:48:42 --> [DEPRECATED] addslashes(): Passing null to parameter #1 ($string) of type string is deprecated in APPPATH/Views/service_list.php on line 10.
 1 APPPATH/Views/service_list.php(10): addslashes(null)
 2 SYSTEMPATH/View/View.php(224): include('/home/u810214334/domains/embellish-beauty.co.uk/public_html/app/Views/service_list.php')
 3 SYSTEMPATH/View/View.php(227): CodeIgniter\View\View->CodeIgniter\View\{closure}()
 4 SYSTEMPATH/Common.php(1173): CodeIgniter\View\View->render('service_list', [], true)
 5 APPPATH/Controllers/Home.php(129): view('service_list', [...])
 6 SYSTEMPATH/CodeIgniter.php(933): App\Controllers\Home->fetch_services()
 7 SYSTEMPATH/CodeIgniter.php(507): CodeIgniter\CodeIgniter->runController(Object(App\Controllers\Home))
 8 SYSTEMPATH/CodeIgniter.php(354): CodeIgniter\CodeIgniter->handleRequest(null, Object(Config\Cache), false)
 9 SYSTEMPATH/Boot.php(334): CodeIgniter\CodeIgniter->run()
10 SYSTEMPATH/Boot.php(67): CodeIgniter\Boot::runCodeIgniter(Object(CodeIgniter\CodeIgniter))
11 FCPATH/index.php(27): CodeIgniter\Boot::bootWeb(Object(Config\Paths))
WARNING - 2025-10-14 13:48:42 --> [DEPRECATED] addslashes(): Passing null to parameter #1 ($string) of type string is deprecated in APPPATH/Views/service_list.php on line 10.
 1 APPPATH/Views/service_list.php(10): addslashes(null)
 2 SYSTEMPATH/View/View.php(224): include('/home/u810214334/domains/embellish-beauty.co.uk/public_html/app/Views/service_list.php')
 3 SYSTEMPATH/View/View.php(227): CodeIgniter\View\View->CodeIgniter\View\{closure}()
 4 SYSTEMPATH/Common.php(1173): CodeIgniter\View\View->render('service_list', [], true)
 5 APPPATH/Controllers/Home.php(129): view('service_list', [...])
 6 SYSTEMPATH/CodeIgniter.php(933): App\Controllers\Home->fetch_services()
 7 SYSTEMPATH/CodeIgniter.php(507): CodeIgniter\CodeIgniter->runController(Object(App\Controllers\Home))
 8 SYSTEMPATH/CodeIgniter.php(354): CodeIgniter\CodeIgniter->handleRequest(null, Object(Config\Cache), false)
 9 SYSTEMPATH/Boot.php(334): CodeIgniter\CodeIgniter->run()
10 SYSTEMPATH/Boot.php(67): CodeIgniter\Boot::runCodeIgniter(Object(CodeIgniter\CodeIgniter))
11 FCPATH/index.php(27): CodeIgniter\Boot::bootWeb(Object(Config\Paths))
WARNING - 2025-10-14 13:48:42 --> [DEPRECATED] addslashes(): Passing null to parameter #1 ($string) of type string is deprecated in APPPATH/Views/service_list.php on line 10.
 1 APPPATH/Views/service_list.php(10): addslashes(null)
 2 SYSTEMPATH/View/View.php(224): include('/home/u810214334/domains/embellish-beauty.co.uk/public_html/app/Views/service_list.php')
 3 SYSTEMPATH/View/View.php(227): CodeIgniter\View\View->CodeIgniter\View\{closure}()
 4 SYSTEMPATH/Common.php(1173): CodeIgniter\View\View->render('service_list', [], true)
 5 APPPATH/Controllers/Home.php(129): view('service_list', [...])
 6 SYSTEMPATH/CodeIgniter.php(933): App\Controllers\Home->fetch_services()
 7 SYSTEMPATH/CodeIgniter.php(507): CodeIgniter\CodeIgniter->runController(Object(App\Controllers\Home))
 8 SYSTEMPATH/CodeIgniter.php(354): CodeIgniter\CodeIgniter->handleRequest(null, Object(Config\Cache), false)
 9 SYSTEMPATH/Boot.php(334): CodeIgniter\CodeIgniter->run()
10 SYSTEMPATH/Boot.php(67): CodeIgniter\Boot::runCodeIgniter(Object(CodeIgniter\CodeIgniter))
11 FCPATH/index.php(27): CodeIgniter\Boot::bootWeb(Object(Config\Paths))
WARNING - 2025-10-14 13:48:42 --> [DEPRECATED] addslashes(): Passing null to parameter #1 ($string) of type string is deprecated in APPPATH/Views/service_list.php on line 10.
 1 APPPATH/Views/service_list.php(10): addslashes(null)
 2 SYSTEMPATH/View/View.php(224): include('/home/u810214334/domains/embellish-beauty.co.uk/public_html/app/Views/service_list.php')
 3 SYSTEMPATH/View/View.php(227): CodeIgniter\View\View->CodeIgniter\View\{closure}()
 4 SYSTEMPATH/Common.php(1173): CodeIgniter\View\View->render('service_list', [], true)
 5 APPPATH/Controllers/Home.php(129): view('service_list', [...])
 6 SYSTEMPATH/CodeIgniter.php(933): App\Controllers\Home->fetch_services()
 7 SYSTEMPATH/CodeIgniter.php(507): CodeIgniter\CodeIgniter->runController(Object(App\Controllers\Home))
 8 SYSTEMPATH/CodeIgniter.php(354): CodeIgniter\CodeIgniter->handleRequest(null, Object(Config\Cache), false)
 9 SYSTEMPATH/Boot.php(334): CodeIgniter\CodeIgniter->run()
10 SYSTEMPATH/Boot.php(67): CodeIgniter\Boot::runCodeIgniter(Object(CodeIgniter\CodeIgniter))
11 FCPATH/index.php(27): CodeIgniter\Boot::bootWeb(Object(Config\Paths))
WARNING - 2025-10-14 13:48:42 --> [DEPRECATED] addslashes(): Passing null to parameter #1 ($string) of type string is deprecated in APPPATH/Views/service_list.php on line 10.
 1 APPPATH/Views/service_list.php(10): addslashes(null)
 2 SYSTEMPATH/View/View.php(224): include('/home/u810214334/domains/embellish-beauty.co.uk/public_html/app/Views/service_list.php')
 3 SYSTEMPATH/View/View.php(227): CodeIgniter\View\View->CodeIgniter\View\{closure}()
 4 SYSTEMPATH/Common.php(1173): CodeIgniter\View\View->render('service_list', [], true)
 5 APPPATH/Controllers/Home.php(129): view('service_list', [...])
 6 SYSTEMPATH/CodeIgniter.php(933): App\Controllers\Home->fetch_services()
 7 SYSTEMPATH/CodeIgniter.php(507): CodeIgniter\CodeIgniter->runController(Object(App\Controllers\Home))
 8 SYSTEMPATH/CodeIgniter.php(354): CodeIgniter\CodeIgniter->handleRequest(null, Object(Config\Cache), false)
 9 SYSTEMPATH/Boot.php(334): CodeIgniter\CodeIgniter->run()
10 SYSTEMPATH/Boot.php(67): CodeIgniter\Boot::runCodeIgniter(Object(CodeIgniter\CodeIgniter))
11 FCPATH/index.php(27): CodeIgniter\Boot::bootWeb(Object(Config\Paths))
WARNING - 2025-10-14 13:48:42 --> [DEPRECATED] addslashes(): Passing null to parameter #1 ($string) of type string is deprecated in APPPATH/Views/service_list.php on line 10.
 1 APPPATH/Views/service_list.php(10): addslashes(null)
 2 SYSTEMPATH/View/View.php(224): include('/home/u810214334/domains/embellish-beauty.co.uk/public_html/app/Views/service_list.php')
 3 SYSTEMPATH/View/View.php(227): CodeIgniter\View\View->CodeIgniter\View\{closure}()
 4 SYSTEMPATH/Common.php(1173): CodeIgniter\View\View->render('service_list', [], true)
 5 APPPATH/Controllers/Home.php(129): view('service_list', [...])
 6 SYSTEMPATH/CodeIgniter.php(933): App\Controllers\Home->fetch_services()
 7 SYSTEMPATH/CodeIgniter.php(507): CodeIgniter\CodeIgniter->runController(Object(App\Controllers\Home))
 8 SYSTEMPATH/CodeIgniter.php(354): CodeIgniter\CodeIgniter->handleRequest(null, Object(Config\Cache), false)
 9 SYSTEMPATH/Boot.php(334): CodeIgniter\CodeIgniter->run()
10 SYSTEMPATH/Boot.php(67): CodeIgniter\Boot::runCodeIgniter(Object(CodeIgniter\CodeIgniter))
11 FCPATH/index.php(27): CodeIgniter\Boot::bootWeb(Object(Config\Paths))
WARNING - 2025-10-14 13:48:42 --> [DEPRECATED] addslashes(): Passing null to parameter #1 ($string) of type string is deprecated in APPPATH/Views/service_list.php on line 10.
 1 APPPATH/Views/service_list.php(10): addslashes(null)
 2 SYSTEMPATH/View/View.php(224): include('/home/u810214334/domains/embellish-beauty.co.uk/public_html/app/Views/service_list.php')
 3 SYSTEMPATH/View/View.php(227): CodeIgniter\View\View->CodeIgniter\View\{closure}()
 4 SYSTEMPATH/Common.php(1173): CodeIgniter\View\View->render('service_list', [], true)
 5 APPPATH/Controllers/Home.php(129): view('service_list', [...])
 6 SYSTEMPATH/CodeIgniter.php(933): App\Controllers\Home->fetch_services()
 7 SYSTEMPATH/CodeIgniter.php(507): CodeIgniter\CodeIgniter->runController(Object(App\Controllers\Home))
 8 SYSTEMPATH/CodeIgniter.php(354): CodeIgniter\CodeIgniter->handleRequest(null, Object(Config\Cache), false)
 9 SYSTEMPATH/Boot.php(334): CodeIgniter\CodeIgniter->run()
10 SYSTEMPATH/Boot.php(67): CodeIgniter\Boot::runCodeIgniter(Object(CodeIgniter\CodeIgniter))
11 FCPATH/index.php(27): CodeIgniter\Boot::bootWeb(Object(Config\Paths))
WARNING - 2025-10-14 13:48:42 --> [DEPRECATED] addslashes(): Passing null to parameter #1 ($string) of type string is deprecated in APPPATH/Views/service_list.php on line 10.
 1 APPPATH/Views/service_list.php(10): addslashes(null)
 2 SYSTEMPATH/View/View.php(224): include('/home/u810214334/domains/embellish-beauty.co.uk/public_html/app/Views/service_list.php')
 3 SYSTEMPATH/View/View.php(227): CodeIgniter\View\View->CodeIgniter\View\{closure}()
 4 SYSTEMPATH/Common.php(1173): CodeIgniter\View\View->render('service_list', [], true)
 5 APPPATH/Controllers/Home.php(129): view('service_list', [...])
 6 SYSTEMPATH/CodeIgniter.php(933): App\Controllers\Home->fetch_services()
 7 SYSTEMPATH/CodeIgniter.php(507): CodeIgniter\CodeIgniter->runController(Object(App\Controllers\Home))
 8 SYSTEMPATH/CodeIgniter.php(354): CodeIgniter\CodeIgniter->handleRequest(null, Object(Config\Cache), false)
 9 SYSTEMPATH/Boot.php(334): CodeIgniter\CodeIgniter->run()
10 SYSTEMPATH/Boot.php(67): CodeIgniter\Boot::runCodeIgniter(Object(CodeIgniter\CodeIgniter))
11 FCPATH/index.php(27): CodeIgniter\Boot::bootWeb(Object(Config\Paths))
WARNING - 2025-10-14 13:48:42 --> [DEPRECATED] addslashes(): Passing null to parameter #1 ($string) of type string is deprecated in APPPATH/Views/service_list.php on line 10.
 1 APPPATH/Views/service_list.php(10): addslashes(null)
 2 SYSTEMPATH/View/View.php(224): include('/home/u810214334/domains/embellish-beauty.co.uk/public_html/app/Views/service_list.php')
 3 SYSTEMPATH/View/View.php(227): CodeIgniter\View\View->CodeIgniter\View\{closure}()
 4 SYSTEMPATH/Common.php(1173): CodeIgniter\View\View->render('service_list', [], true)
 5 APPPATH/Controllers/Home.php(129): view('service_list', [...])
 6 SYSTEMPATH/CodeIgniter.php(933): App\Controllers\Home->fetch_services()
 7 SYSTEMPATH/CodeIgniter.php(507): CodeIgniter\CodeIgniter->runController(Object(App\Controllers\Home))
 8 SYSTEMPATH/CodeIgniter.php(354): CodeIgniter\CodeIgniter->handleRequest(null, Object(Config\Cache), false)
 9 SYSTEMPATH/Boot.php(334): CodeIgniter\CodeIgniter->run()
10 SYSTEMPATH/Boot.php(67): CodeIgniter\Boot::runCodeIgniter(Object(CodeIgniter\CodeIgniter))
11 FCPATH/index.php(27): CodeIgniter\Boot::bootWeb(Object(Config\Paths))
DEBUG - 2025-10-14 13:48:45 --> Session: Class initialized using 'CodeIgniter\Session\Handlers\FileHandler' driver.
WARNING - 2025-10-14 13:48:45 --> [DEPRECATED] addslashes(): Passing null to parameter #1 ($string) of type string is deprecated in APPPATH/Views/service_list.php on line 10.
 1 APPPATH/Views/service_list.php(10): addslashes(null)
 2 SYSTEMPATH/View/View.php(224): include('/home/u810214334/domains/embellish-beauty.co.uk/public_html/app/Views/service_list.php')
 3 SYSTEMPATH/View/View.php(227): CodeIgniter\View\View->CodeIgniter\View\{closure}()
 4 SYSTEMPATH/Common.php(1173): CodeIgniter\View\View->render('service_list', [], true)
 5 APPPATH/Controllers/Home.php(129): view('service_list', [...])
 6 SYSTEMPATH/CodeIgniter.php(933): App\Controllers\Home->fetch_services()
 7 SYSTEMPATH/CodeIgniter.php(507): CodeIgniter\CodeIgniter->runController(Object(App\Controllers\Home))
 8 SYSTEMPATH/CodeIgniter.php(354): CodeIgniter\CodeIgniter->handleRequest(null, Object(Config\Cache), false)
 9 SYSTEMPATH/Boot.php(334): CodeIgniter\CodeIgniter->run()
10 SYSTEMPATH/Boot.php(67): CodeIgniter\Boot::runCodeIgniter(Object(CodeIgniter\CodeIgniter))
11 FCPATH/index.php(27): CodeIgniter\Boot::bootWeb(Object(Config\Paths))
WARNING - 2025-10-14 13:48:45 --> [DEPRECATED] addslashes(): Passing null to parameter #1 ($string) of type string is deprecated in APPPATH/Views/service_list.php on line 10.
 1 APPPATH/Views/service_list.php(10): addslashes(null)
 2 SYSTEMPATH/View/View.php(224): include('/home/u810214334/domains/embellish-beauty.co.uk/public_html/app/Views/service_list.php')
 3 SYSTEMPATH/View/View.php(227): CodeIgniter\View\View->CodeIgniter\View\{closure}()
 4 SYSTEMPATH/Common.php(1173): CodeIgniter\View\View->render('service_list', [], true)
 5 APPPATH/Controllers/Home.php(129): view('service_list', [...])
 6 SYSTEMPATH/CodeIgniter.php(933): App\Controllers\Home->fetch_services()
 7 SYSTEMPATH/CodeIgniter.php(507): CodeIgniter\CodeIgniter->runController(Object(App\Controllers\Home))
 8 SYSTEMPATH/CodeIgniter.php(354): CodeIgniter\CodeIgniter->handleRequest(null, Object(Config\Cache), false)
 9 SYSTEMPATH/Boot.php(334): CodeIgniter\CodeIgniter->run()
10 SYSTEMPATH/Boot.php(67): CodeIgniter\Boot::runCodeIgniter(Object(CodeIgniter\CodeIgniter))
11 FCPATH/index.php(27): CodeIgniter\Boot::bootWeb(Object(Config\Paths))
WARNING - 2025-10-14 13:48:45 --> [DEPRECATED] addslashes(): Passing null to parameter #1 ($string) of type string is deprecated in APPPATH/Views/service_list.php on line 10.
 1 APPPATH/Views/service_list.php(10): addslashes(null)
 2 SYSTEMPATH/View/View.php(224): include('/home/u810214334/domains/embellish-beauty.co.uk/public_html/app/Views/service_list.php')
 3 SYSTEMPATH/View/View.php(227): CodeIgniter\View\View->CodeIgniter\View\{closure}()
 4 SYSTEMPATH/Common.php(1173): CodeIgniter\View\View->render('service_list', [], true)
 5 APPPATH/Controllers/Home.php(129): view('service_list', [...])
 6 SYSTEMPATH/CodeIgniter.php(933): App\Controllers\Home->fetch_services()
 7 SYSTEMPATH/CodeIgniter.php(507): CodeIgniter\CodeIgniter->runController(Object(App\Controllers\Home))
 8 SYSTEMPATH/CodeIgniter.php(354): CodeIgniter\CodeIgniter->handleRequest(null, Object(Config\Cache), false)
 9 SYSTEMPATH/Boot.php(334): CodeIgniter\CodeIgniter->run()
10 SYSTEMPATH/Boot.php(67): CodeIgniter\Boot::runCodeIgniter(Object(CodeIgniter\CodeIgniter))
11 FCPATH/index.php(27): CodeIgniter\Boot::bootWeb(Object(Config\Paths))
WARNING - 2025-10-14 13:48:45 --> [DEPRECATED] addslashes(): Passing null to parameter #1 ($string) of type string is deprecated in APPPATH/Views/service_list.php on line 10.
 1 APPPATH/Views/service_list.php(10): addslashes(null)
 2 SYSTEMPATH/View/View.php(224): include('/home/u810214334/domains/embellish-beauty.co.uk/public_html/app/Views/service_list.php')
 3 SYSTEMPATH/View/View.php(227): CodeIgniter\View\View->CodeIgniter\View\{closure}()
 4 SYSTEMPATH/Common.php(1173): CodeIgniter\View\View->render('service_list', [], true)
 5 APPPATH/Controllers/Home.php(129): view('service_list', [...])
 6 SYSTEMPATH/CodeIgniter.php(933): App\Controllers\Home->fetch_services()
 7 SYSTEMPATH/CodeIgniter.php(507): CodeIgniter\CodeIgniter->runController(Object(App\Controllers\Home))
 8 SYSTEMPATH/CodeIgniter.php(354): CodeIgniter\CodeIgniter->handleRequest(null, Object(Config\Cache), false)
 9 SYSTEMPATH/Boot.php(334): CodeIgniter\CodeIgniter->run()
10 SYSTEMPATH/Boot.php(67): CodeIgniter\Boot::runCodeIgniter(Object(CodeIgniter\CodeIgniter))
11 FCPATH/index.php(27): CodeIgniter\Boot::bootWeb(Object(Config\Paths))
WARNING - 2025-10-14 13:48:45 --> [DEPRECATED] addslashes(): Passing null to parameter #1 ($string) of type string is deprecated in APPPATH/Views/service_list.php on line 10.
 1 APPPATH/Views/service_list.php(10): addslashes(null)
 2 SYSTEMPATH/View/View.php(224): include('/home/u810214334/domains/embellish-beauty.co.uk/public_html/app/Views/service_list.php')
 3 SYSTEMPATH/View/View.php(227): CodeIgniter\View\View->CodeIgniter\View\{closure}()
 4 SYSTEMPATH/Common.php(1173): CodeIgniter\View\View->render('service_list', [], true)
 5 APPPATH/Controllers/Home.php(129): view('service_list', [...])
 6 SYSTEMPATH/CodeIgniter.php(933): App\Controllers\Home->fetch_services()
 7 SYSTEMPATH/CodeIgniter.php(507): CodeIgniter\CodeIgniter->runController(Object(App\Controllers\Home))
 8 SYSTEMPATH/CodeIgniter.php(354): CodeIgniter\CodeIgniter->handleRequest(null, Object(Config\Cache), false)
 9 SYSTEMPATH/Boot.php(334): CodeIgniter\CodeIgniter->run()
10 SYSTEMPATH/Boot.php(67): CodeIgniter\Boot::runCodeIgniter(Object(CodeIgniter\CodeIgniter))
11 FCPATH/index.php(27): CodeIgniter\Boot::bootWeb(Object(Config\Paths))
WARNING - 2025-10-14 13:48:45 --> [DEPRECATED] addslashes(): Passing null to parameter #1 ($string) of type string is deprecated in APPPATH/Views/service_list.php on line 10.
 1 APPPATH/Views/service_list.php(10): addslashes(null)
 2 SYSTEMPATH/View/View.php(224): include('/home/u810214334/domains/embellish-beauty.co.uk/public_html/app/Views/service_list.php')
 3 SYSTEMPATH/View/View.php(227): CodeIgniter\View\View->CodeIgniter\View\{closure}()
 4 SYSTEMPATH/Common.php(1173): CodeIgniter\View\View->render('service_list', [], true)
 5 APPPATH/Controllers/Home.php(129): view('service_list', [...])
 6 SYSTEMPATH/CodeIgniter.php(933): App\Controllers\Home->fetch_services()
 7 SYSTEMPATH/CodeIgniter.php(507): CodeIgniter\CodeIgniter->runController(Object(App\Controllers\Home))
 8 SYSTEMPATH/CodeIgniter.php(354): CodeIgniter\CodeIgniter->handleRequest(null, Object(Config\Cache), false)
 9 SYSTEMPATH/Boot.php(334): CodeIgniter\CodeIgniter->run()
10 SYSTEMPATH/Boot.php(67): CodeIgniter\Boot::runCodeIgniter(Object(CodeIgniter\CodeIgniter))
11 FCPATH/index.php(27): CodeIgniter\Boot::bootWeb(Object(Config\Paths))
WARNING - 2025-10-14 13:48:45 --> [DEPRECATED] addslashes(): Passing null to parameter #1 ($string) of type string is deprecated in APPPATH/Views/service_list.php on line 10.
 1 APPPATH/Views/service_list.php(10): addslashes(null)
 2 SYSTEMPATH/View/View.php(224): include('/home/u810214334/domains/embellish-beauty.co.uk/public_html/app/Views/service_list.php')
 3 SYSTEMPATH/View/View.php(227): CodeIgniter\View\View->CodeIgniter\View\{closure}()
 4 SYSTEMPATH/Common.php(1173): CodeIgniter\View\View->render('service_list', [], true)
 5 APPPATH/Controllers/Home.php(129): view('service_list', [...])
 6 SYSTEMPATH/CodeIgniter.php(933): App\Controllers\Home->fetch_services()
 7 SYSTEMPATH/CodeIgniter.php(507): CodeIgniter\CodeIgniter->runController(Object(App\Controllers\Home))
 8 SYSTEMPATH/CodeIgniter.php(354): CodeIgniter\CodeIgniter->handleRequest(null, Object(Config\Cache), false)
 9 SYSTEMPATH/Boot.php(334): CodeIgniter\CodeIgniter->run()
10 SYSTEMPATH/Boot.php(67): CodeIgniter\Boot::runCodeIgniter(Object(CodeIgniter\CodeIgniter))
11 FCPATH/index.php(27): CodeIgniter\Boot::bootWeb(Object(Config\Paths))
WARNING - 2025-10-14 13:48:45 --> [DEPRECATED] addslashes(): Passing null to parameter #1 ($string) of type string is deprecated in APPPATH/Views/service_list.php on line 10.
 1 APPPATH/Views/service_list.php(10): addslashes(null)
 2 SYSTEMPATH/View/View.php(224): include('/home/u810214334/domains/embellish-beauty.co.uk/public_html/app/Views/service_list.php')
 3 SYSTEMPATH/View/View.php(227): CodeIgniter\View\View->CodeIgniter\View\{closure}()
 4 SYSTEMPATH/Common.php(1173): CodeIgniter\View\View->render('service_list', [], true)
 5 APPPATH/Controllers/Home.php(129): view('service_list', [...])
 6 SYSTEMPATH/CodeIgniter.php(933): App\Controllers\Home->fetch_services()
 7 SYSTEMPATH/CodeIgniter.php(507): CodeIgniter\CodeIgniter->runController(Object(App\Controllers\Home))
 8 SYSTEMPATH/CodeIgniter.php(354): CodeIgniter\CodeIgniter->handleRequest(null, Object(Config\Cache), false)
 9 SYSTEMPATH/Boot.php(334): CodeIgniter\CodeIgniter->run()
10 SYSTEMPATH/Boot.php(67): CodeIgniter\Boot::runCodeIgniter(Object(CodeIgniter\CodeIgniter))
11 FCPATH/index.php(27): CodeIgniter\Boot::bootWeb(Object(Config\Paths))
WARNING - 2025-10-14 13:48:45 --> [DEPRECATED] addslashes(): Passing null to parameter #1 ($string) of type string is deprecated in APPPATH/Views/service_list.php on line 10.
 1 APPPATH/Views/service_list.php(10): addslashes(null)
 2 SYSTEMPATH/View/View.php(224): include('/home/u810214334/domains/embellish-beauty.co.uk/public_html/app/Views/service_list.php')
 3 SYSTEMPATH/View/View.php(227): CodeIgniter\View\View->CodeIgniter\View\{closure}()
 4 SYSTEMPATH/Common.php(1173): CodeIgniter\View\View->render('service_list', [], true)
 5 APPPATH/Controllers/Home.php(129): view('service_list', [...])
 6 SYSTEMPATH/CodeIgniter.php(933): App\Controllers\Home->fetch_services()
 7 SYSTEMPATH/CodeIgniter.php(507): CodeIgniter\CodeIgniter->runController(Object(App\Controllers\Home))
 8 SYSTEMPATH/CodeIgniter.php(354): CodeIgniter\CodeIgniter->handleRequest(null, Object(Config\Cache), false)
 9 SYSTEMPATH/Boot.php(334): CodeIgniter\CodeIgniter->run()
10 SYSTEMPATH/Boot.php(67): CodeIgniter\Boot::runCodeIgniter(Object(CodeIgniter\CodeIgniter))
11 FCPATH/index.php(27): CodeIgniter\Boot::bootWeb(Object(Config\Paths))
WARNING - 2025-10-14 13:48:45 --> [DEPRECATED] addslashes(): Passing null to parameter #1 ($string) of type string is deprecated in APPPATH/Views/service_list.php on line 10.
 1 APPPATH/Views/service_list.php(10): addslashes(null)
 2 SYSTEMPATH/View/View.php(224): include('/home/u810214334/domains/embellish-beauty.co.uk/public_html/app/Views/service_list.php')
 3 SYSTEMPATH/View/View.php(227): CodeIgniter\View\View->CodeIgniter\View\{closure}()
 4 SYSTEMPATH/Common.php(1173): CodeIgniter\View\View->render('service_list', [], true)
 5 APPPATH/Controllers/Home.php(129): view('service_list', [...])
 6 SYSTEMPATH/CodeIgniter.php(933): App\Controllers\Home->fetch_services()
 7 SYSTEMPATH/CodeIgniter.php(507): CodeIgniter\CodeIgniter->runController(Object(App\Controllers\Home))
 8 SYSTEMPATH/CodeIgniter.php(354): CodeIgniter\CodeIgniter->handleRequest(null, Object(Config\Cache), false)
 9 SYSTEMPATH/Boot.php(334): CodeIgniter\CodeIgniter->run()
10 SYSTEMPATH/Boot.php(67): CodeIgniter\Boot::runCodeIgniter(Object(CodeIgniter\CodeIgniter))
11 FCPATH/index.php(27): CodeIgniter\Boot::bootWeb(Object(Config\Paths))
DEBUG - 2025-10-14 13:48:46 --> Session: Class initialized using 'CodeIgniter\Session\Handlers\FileHandler' driver.
WARNING - 2025-10-14 13:48:46 --> [DEPRECATED] addslashes(): Passing null to parameter #1 ($string) of type string is deprecated in APPPATH/Views/service_list.php on line 10.
 1 APPPATH/Views/service_list.php(10): addslashes(null)
 2 SYSTEMPATH/View/View.php(224): include('/home/u810214334/domains/embellish-beauty.co.uk/public_html/app/Views/service_list.php')
 3 SYSTEMPATH/View/View.php(227): CodeIgniter\View\View->CodeIgniter\View\{closure}()
 4 SYSTEMPATH/Common.php(1173): CodeIgniter\View\View->render('service_list', [], true)
 5 APPPATH/Controllers/Home.php(129): view('service_list', [...])
 6 SYSTEMPATH/CodeIgniter.php(933): App\Controllers\Home->fetch_services()
 7 SYSTEMPATH/CodeIgniter.php(507): CodeIgniter\CodeIgniter->runController(Object(App\Controllers\Home))
 8 SYSTEMPATH/CodeIgniter.php(354): CodeIgniter\CodeIgniter->handleRequest(null, Object(Config\Cache), false)
 9 SYSTEMPATH/Boot.php(334): CodeIgniter\CodeIgniter->run()
10 SYSTEMPATH/Boot.php(67): CodeIgniter\Boot::runCodeIgniter(Object(CodeIgniter\CodeIgniter))
11 FCPATH/index.php(27): CodeIgniter\Boot::bootWeb(Object(Config\Paths))
WARNING - 2025-10-14 13:48:46 --> [DEPRECATED] addslashes(): Passing null to parameter #1 ($string) of type string is deprecated in APPPATH/Views/service_list.php on line 10.
 1 APPPATH/Views/service_list.php(10): addslashes(null)
 2 SYSTEMPATH/View/View.php(224): include('/home/u810214334/domains/embellish-beauty.co.uk/public_html/app/Views/service_list.php')
 3 SYSTEMPATH/View/View.php(227): CodeIgniter\View\View->CodeIgniter\View\{closure}()
 4 SYSTEMPATH/Common.php(1173): CodeIgniter\View\View->render('service_list', [], true)
 5 APPPATH/Controllers/Home.php(129): view('service_list', [...])
 6 SYSTEMPATH/CodeIgniter.php(933): App\Controllers\Home->fetch_services()
 7 SYSTEMPATH/CodeIgniter.php(507): CodeIgniter\CodeIgniter->runController(Object(App\Controllers\Home))
 8 SYSTEMPATH/CodeIgniter.php(354): CodeIgniter\CodeIgniter->handleRequest(null, Object(Config\Cache), false)
 9 SYSTEMPATH/Boot.php(334): CodeIgniter\CodeIgniter->run()
10 SYSTEMPATH/Boot.php(67): CodeIgniter\Boot::runCodeIgniter(Object(CodeIgniter\CodeIgniter))
11 FCPATH/index.php(27): CodeIgniter\Boot::bootWeb(Object(Config\Paths))
WARNING - 2025-10-14 13:48:46 --> [DEPRECATED] addslashes(): Passing null to parameter #1 ($string) of type string is deprecated in APPPATH/Views/service_list.php on line 10.
 1 APPPATH/Views/service_list.php(10): addslashes(null)
 2 SYSTEMPATH/View/View.php(224): include('/home/u810214334/domains/embellish-beauty.co.uk/public_html/app/Views/service_list.php')
 3 SYSTEMPATH/View/View.php(227): CodeIgniter\View\View->CodeIgniter\View\{closure}()
 4 SYSTEMPATH/Common.php(1173): CodeIgniter\View\View->render('service_list', [], true)
 5 APPPATH/Controllers/Home.php(129): view('service_list', [...])
 6 SYSTEMPATH/CodeIgniter.php(933): App\Controllers\Home->fetch_services()
 7 SYSTEMPATH/CodeIgniter.php(507): CodeIgniter\CodeIgniter->runController(Object(App\Controllers\Home))
 8 SYSTEMPATH/CodeIgniter.php(354): CodeIgniter\CodeIgniter->handleRequest(null, Object(Config\Cache), false)
 9 SYSTEMPATH/Boot.php(334): CodeIgniter\CodeIgniter->run()
10 SYSTEMPATH/Boot.php(67): CodeIgniter\Boot::runCodeIgniter(Object(CodeIgniter\CodeIgniter))
11 FCPATH/index.php(27): CodeIgniter\Boot::bootWeb(Object(Config\Paths))
WARNING - 2025-10-14 13:48:46 --> [DEPRECATED] addslashes(): Passing null to parameter #1 ($string) of type string is deprecated in APPPATH/Views/service_list.php on line 10.
 1 APPPATH/Views/service_list.php(10): addslashes(null)
 2 SYSTEMPATH/View/View.php(224): include('/home/u810214334/domains/embellish-beauty.co.uk/public_html/app/Views/service_list.php')
 3 SYSTEMPATH/View/View.php(227): CodeIgniter\View\View->CodeIgniter\View\{closure}()
 4 SYSTEMPATH/Common.php(1173): CodeIgniter\View\View->render('service_list', [], true)
 5 APPPATH/Controllers/Home.php(129): view('service_list', [...])
 6 SYSTEMPATH/CodeIgniter.php(933): App\Controllers\Home->fetch_services()
 7 SYSTEMPATH/CodeIgniter.php(507): CodeIgniter\CodeIgniter->runController(Object(App\Controllers\Home))
 8 SYSTEMPATH/CodeIgniter.php(354): CodeIgniter\CodeIgniter->handleRequest(null, Object(Config\Cache), false)
 9 SYSTEMPATH/Boot.php(334): CodeIgniter\CodeIgniter->run()
10 SYSTEMPATH/Boot.php(67): CodeIgniter\Boot::runCodeIgniter(Object(CodeIgniter\CodeIgniter))
11 FCPATH/index.php(27): CodeIgniter\Boot::bootWeb(Object(Config\Paths))
WARNING - 2025-10-14 13:48:46 --> [DEPRECATED] addslashes(): Passing null to parameter #1 ($string) of type string is deprecated in APPPATH/Views/service_list.php on line 10.
 1 APPPATH/Views/service_list.php(10): addslashes(null)
 2 SYSTEMPATH/View/View.php(224): include('/home/u810214334/domains/embellish-beauty.co.uk/public_html/app/Views/service_list.php')
 3 SYSTEMPATH/View/View.php(227): CodeIgniter\View\View->CodeIgniter\View\{closure}()
 4 SYSTEMPATH/Common.php(1173): CodeIgniter\View\View->render('service_list', [], true)
 5 APPPATH/Controllers/Home.php(129): view('service_list', [...])
 6 SYSTEMPATH/CodeIgniter.php(933): App\Controllers\Home->fetch_services()
 7 SYSTEMPATH/CodeIgniter.php(507): CodeIgniter\CodeIgniter->runController(Object(App\Controllers\Home))
 8 SYSTEMPATH/CodeIgniter.php(354): CodeIgniter\CodeIgniter->handleRequest(null, Object(Config\Cache), false)
 9 SYSTEMPATH/Boot.php(334): CodeIgniter\CodeIgniter->run()
10 SYSTEMPATH/Boot.php(67): CodeIgniter\Boot::runCodeIgniter(Object(CodeIgniter\CodeIgniter))
11 FCPATH/index.php(27): CodeIgniter\Boot::bootWeb(Object(Config\Paths))
WARNING - 2025-10-14 13:48:46 --> [DEPRECATED] addslashes(): Passing null to parameter #1 ($string) of type string is deprecated in APPPATH/Views/service_list.php on line 10.
 1 APPPATH/Views/service_list.php(10): addslashes(null)
 2 SYSTEMPATH/View/View.php(224): include('/home/u810214334/domains/embellish-beauty.co.uk/public_html/app/Views/service_list.php')
 3 SYSTEMPATH/View/View.php(227): CodeIgniter\View\View->CodeIgniter\View\{closure}()
 4 SYSTEMPATH/Common.php(1173): CodeIgniter\View\View->render('service_list', [], true)
 5 APPPATH/Controllers/Home.php(129): view('service_list', [...])
 6 SYSTEMPATH/CodeIgniter.php(933): App\Controllers\Home->fetch_services()
 7 SYSTEMPATH/CodeIgniter.php(507): CodeIgniter\CodeIgniter->runController(Object(App\Controllers\Home))
 8 SYSTEMPATH/CodeIgniter.php(354): CodeIgniter\CodeIgniter->handleRequest(null, Object(Config\Cache), false)
 9 SYSTEMPATH/Boot.php(334): CodeIgniter\CodeIgniter->run()
10 SYSTEMPATH/Boot.php(67): CodeIgniter\Boot::runCodeIgniter(Object(CodeIgniter\CodeIgniter))
11 FCPATH/index.php(27): CodeIgniter\Boot::bootWeb(Object(Config\Paths))
WARNING - 2025-10-14 13:48:46 --> [DEPRECATED] addslashes(): Passing null to parameter #1 ($string) of type string is deprecated in APPPATH/Views/service_list.php on line 10.
 1 APPPATH/Views/service_list.php(10): addslashes(null)
 2 SYSTEMPATH/View/View.php(224): include('/home/u810214334/domains/embellish-beauty.co.uk/public_html/app/Views/service_list.php')
 3 SYSTEMPATH/View/View.php(227): CodeIgniter\View\View->CodeIgniter\View\{closure}()
 4 SYSTEMPATH/Common.php(1173): CodeIgniter\View\View->render('service_list', [], true)
 5 APPPATH/Controllers/Home.php(129): view('service_list', [...])
 6 SYSTEMPATH/CodeIgniter.php(933): App\Controllers\Home->fetch_services()
 7 SYSTEMPATH/CodeIgniter.php(507): CodeIgniter\CodeIgniter->runController(Object(App\Controllers\Home))
 8 SYSTEMPATH/CodeIgniter.php(354): CodeIgniter\CodeIgniter->handleRequest(null, Object(Config\Cache), false)
 9 SYSTEMPATH/Boot.php(334): CodeIgniter\CodeIgniter->run()
10 SYSTEMPATH/Boot.php(67): CodeIgniter\Boot::runCodeIgniter(Object(CodeIgniter\CodeIgniter))
11 FCPATH/index.php(27): CodeIgniter\Boot::bootWeb(Object(Config\Paths))
WARNING - 2025-10-14 13:48:46 --> [DEPRECATED] addslashes(): Passing null to parameter #1 ($string) of type string is deprecated in APPPATH/Views/service_list.php on line 10.
 1 APPPATH/Views/service_list.php(10): addslashes(null)
 2 SYSTEMPATH/View/View.php(224): include('/home/u810214334/domains/embellish-beauty.co.uk/public_html/app/Views/service_list.php')
 3 SYSTEMPATH/View/View.php(227): CodeIgniter\View\View->CodeIgniter\View\{closure}()
 4 SYSTEMPATH/Common.php(1173): CodeIgniter\View\View->render('service_list', [], true)
 5 APPPATH/Controllers/Home.php(129): view('service_list', [...])
 6 SYSTEMPATH/CodeIgniter.php(933): App\Controllers\Home->fetch_services()
 7 SYSTEMPATH/CodeIgniter.php(507): CodeIgniter\CodeIgniter->runController(Object(App\Controllers\Home))
 8 SYSTEMPATH/CodeIgniter.php(354): CodeIgniter\CodeIgniter->handleRequest(null, Object(Config\Cache), false)
 9 SYSTEMPATH/Boot.php(334): CodeIgniter\CodeIgniter->run()
10 SYSTEMPATH/Boot.php(67): CodeIgniter\Boot::runCodeIgniter(Object(CodeIgniter\CodeIgniter))
11 FCPATH/index.php(27): CodeIgniter\Boot::bootWeb(Object(Config\Paths))
WARNING - 2025-10-14 13:48:46 --> [DEPRECATED] addslashes(): Passing null to parameter #1 ($string) of type string is deprecated in APPPATH/Views/service_list.php on line 10.
 1 APPPATH/Views/service_list.php(10): addslashes(null)
 2 SYSTEMPATH/View/View.php(224): include('/home/u810214334/domains/embellish-beauty.co.uk/public_html/app/Views/service_list.php')
 3 SYSTEMPATH/View/View.php(227): CodeIgniter\View\View->CodeIgniter\View\{closure}()
 4 SYSTEMPATH/Common.php(1173): CodeIgniter\View\View->render('service_list', [], true)
 5 APPPATH/Controllers/Home.php(129): view('service_list', [...])
 6 SYSTEMPATH/CodeIgniter.php(933): App\Controllers\Home->fetch_services()
 7 SYSTEMPATH/CodeIgniter.php(507): CodeIgniter\CodeIgniter->runController(Object(App\Controllers\Home))
 8 SYSTEMPATH/CodeIgniter.php(354): CodeIgniter\CodeIgniter->handleRequest(null, Object(Config\Cache), false)
 9 SYSTEMPATH/Boot.php(334): CodeIgniter\CodeIgniter->run()
10 SYSTEMPATH/Boot.php(67): CodeIgniter\Boot::runCodeIgniter(Object(CodeIgniter\CodeIgniter))
11 FCPATH/index.php(27): CodeIgniter\Boot::bootWeb(Object(Config\Paths))
WARNING - 2025-10-14 13:48:46 --> [DEPRECATED] addslashes(): Passing null to parameter #1 ($string) of type string is deprecated in APPPATH/Views/service_list.php on line 10.
 1 APPPATH/Views/service_list.php(10): addslashes(null)
 2 SYSTEMPATH/View/View.php(224): include('/home/u810214334/domains/embellish-beauty.co.uk/public_html/app/Views/service_list.php')
 3 SYSTEMPATH/View/View.php(227): CodeIgniter\View\View->CodeIgniter\View\{closure}()
 4 SYSTEMPATH/Common.php(1173): CodeIgniter\View\View->render('service_list', [], true)
 5 APPPATH/Controllers/Home.php(129): view('service_list', [...])
 6 SYSTEMPATH/CodeIgniter.php(933): App\Controllers\Home->fetch_services()
 7 SYSTEMPATH/CodeIgniter.php(507): CodeIgniter\CodeIgniter->runController(Object(App\Controllers\Home))
 8 SYSTEMPATH/CodeIgniter.php(354): CodeIgniter\CodeIgniter->handleRequest(null, Object(Config\Cache), false)
 9 SYSTEMPATH/Boot.php(334): CodeIgniter\CodeIgniter->run()
10 SYSTEMPATH/Boot.php(67): CodeIgniter\Boot::runCodeIgniter(Object(CodeIgniter\CodeIgniter))
11 FCPATH/index.php(27): CodeIgniter\Boot::bootWeb(Object(Config\Paths))
DEBUG - 2025-10-14 13:48:47 --> Session: Class initialized using 'CodeIgniter\Session\Handlers\FileHandler' driver.
WARNING - 2025-10-14 13:48:47 --> [DEPRECATED] addslashes(): Passing null to parameter #1 ($string) of type string is deprecated in APPPATH/Views/service_list.php on line 10.
 1 APPPATH/Views/service_list.php(10): addslashes(null)
 2 SYSTEMPATH/View/View.php(224): include('/home/u810214334/domains/embellish-beauty.co.uk/public_html/app/Views/service_list.php')
 3 SYSTEMPATH/View/View.php(227): CodeIgniter\View\View->CodeIgniter\View\{closure}()
 4 SYSTEMPATH/Common.php(1173): CodeIgniter\View\View->render('service_list', [], true)
 5 APPPATH/Controllers/Home.php(129): view('service_list', [...])
 6 SYSTEMPATH/CodeIgniter.php(933): App\Controllers\Home->fetch_services()
 7 SYSTEMPATH/CodeIgniter.php(507): CodeIgniter\CodeIgniter->runController(Object(App\Controllers\Home))
 8 SYSTEMPATH/CodeIgniter.php(354): CodeIgniter\CodeIgniter->handleRequest(null, Object(Config\Cache), false)
 9 SYSTEMPATH/Boot.php(334): CodeIgniter\CodeIgniter->run()
10 SYSTEMPATH/Boot.php(67): CodeIgniter\Boot::runCodeIgniter(Object(CodeIgniter\CodeIgniter))
11 FCPATH/index.php(27): CodeIgniter\Boot::bootWeb(Object(Config\Paths))
WARNING - 2025-10-14 13:48:47 --> [DEPRECATED] addslashes(): Passing null to parameter #1 ($string) of type string is deprecated in APPPATH/Views/service_list.php on line 10.
 1 APPPATH/Views/service_list.php(10): addslashes(null)
 2 SYSTEMPATH/View/View.php(224): include('/home/u810214334/domains/embellish-beauty.co.uk/public_html/app/Views/service_list.php')
 3 SYSTEMPATH/View/View.php(227): CodeIgniter\View\View->CodeIgniter\View\{closure}()
 4 SYSTEMPATH/Common.php(1173): CodeIgniter\View\View->render('service_list', [], true)
 5 APPPATH/Controllers/Home.php(129): view('service_list', [...])
 6 SYSTEMPATH/CodeIgniter.php(933): App\Controllers\Home->fetch_services()
 7 SYSTEMPATH/CodeIgniter.php(507): CodeIgniter\CodeIgniter->runController(Object(App\Controllers\Home))
 8 SYSTEMPATH/CodeIgniter.php(354): CodeIgniter\CodeIgniter->handleRequest(null, Object(Config\Cache), false)
 9 SYSTEMPATH/Boot.php(334): CodeIgniter\CodeIgniter->run()
10 SYSTEMPATH/Boot.php(67): CodeIgniter\Boot::runCodeIgniter(Object(CodeIgniter\CodeIgniter))
11 FCPATH/index.php(27): CodeIgniter\Boot::bootWeb(Object(Config\Paths))
WARNING - 2025-10-14 13:48:47 --> [DEPRECATED] addslashes(): Passing null to parameter #1 ($string) of type string is deprecated in APPPATH/Views/service_list.php on line 10.
 1 APPPATH/Views/service_list.php(10): addslashes(null)
 2 SYSTEMPATH/View/View.php(224): include('/home/u810214334/domains/embellish-beauty.co.uk/public_html/app/Views/service_list.php')
 3 SYSTEMPATH/View/View.php(227): CodeIgniter\View\View->CodeIgniter\View\{closure}()
 4 SYSTEMPATH/Common.php(1173): CodeIgniter\View\View->render('service_list', [], true)
 5 APPPATH/Controllers/Home.php(129): view('service_list', [...])
 6 SYSTEMPATH/CodeIgniter.php(933): App\Controllers\Home->fetch_services()
 7 SYSTEMPATH/CodeIgniter.php(507): CodeIgniter\CodeIgniter->runController(Object(App\Controllers\Home))
 8 SYSTEMPATH/CodeIgniter.php(354): CodeIgniter\CodeIgniter->handleRequest(null, Object(Config\Cache), false)
 9 SYSTEMPATH/Boot.php(334): CodeIgniter\CodeIgniter->run()
10 SYSTEMPATH/Boot.php(67): CodeIgniter\Boot::runCodeIgniter(Object(CodeIgniter\CodeIgniter))
11 FCPATH/index.php(27): CodeIgniter\Boot::bootWeb(Object(Config\Paths))
WARNING - 2025-10-14 13:48:47 --> [DEPRECATED] addslashes(): Passing null to parameter #1 ($string) of type string is deprecated in APPPATH/Views/service_list.php on line 10.
 1 APPPATH/Views/service_list.php(10): addslashes(null)
 2 SYSTEMPATH/View/View.php(224): include('/home/u810214334/domains/embellish-beauty.co.uk/public_html/app/Views/service_list.php')
 3 SYSTEMPATH/View/View.php(227): CodeIgniter\View\View->CodeIgniter\View\{closure}()
 4 SYSTEMPATH/Common.php(1173): CodeIgniter\View\View->render('service_list', [], true)
 5 APPPATH/Controllers/Home.php(129): view('service_list', [...])
 6 SYSTEMPATH/CodeIgniter.php(933): App\Controllers\Home->fetch_services()
 7 SYSTEMPATH/CodeIgniter.php(507): CodeIgniter\CodeIgniter->runController(Object(App\Controllers\Home))
 8 SYSTEMPATH/CodeIgniter.php(354): CodeIgniter\CodeIgniter->handleRequest(null, Object(Config\Cache), false)
 9 SYSTEMPATH/Boot.php(334): CodeIgniter\CodeIgniter->run()
10 SYSTEMPATH/Boot.php(67): CodeIgniter\Boot::runCodeIgniter(Object(CodeIgniter\CodeIgniter))
11 FCPATH/index.php(27): CodeIgniter\Boot::bootWeb(Object(Config\Paths))
WARNING - 2025-10-14 13:48:47 --> [DEPRECATED] addslashes(): Passing null to parameter #1 ($string) of type string is deprecated in APPPATH/Views/service_list.php on line 10.
 1 APPPATH/Views/service_list.php(10): addslashes(null)
 2 SYSTEMPATH/View/View.php(224): include('/home/u810214334/domains/embellish-beauty.co.uk/public_html/app/Views/service_list.php')
 3 SYSTEMPATH/View/View.php(227): CodeIgniter\View\View->CodeIgniter\View\{closure}()
 4 SYSTEMPATH/Common.php(1173): CodeIgniter\View\View->render('service_list', [], true)
 5 APPPATH/Controllers/Home.php(129): view('service_list', [...])
 6 SYSTEMPATH/CodeIgniter.php(933): App\Controllers\Home->fetch_services()
 7 SYSTEMPATH/CodeIgniter.php(507): CodeIgniter\CodeIgniter->runController(Object(App\Controllers\Home))
 8 SYSTEMPATH/CodeIgniter.php(354): CodeIgniter\CodeIgniter->handleRequest(null, Object(Config\Cache), false)
 9 SYSTEMPATH/Boot.php(334): CodeIgniter\CodeIgniter->run()
10 SYSTEMPATH/Boot.php(67): CodeIgniter\Boot::runCodeIgniter(Object(CodeIgniter\CodeIgniter))
11 FCPATH/index.php(27): CodeIgniter\Boot::bootWeb(Object(Config\Paths))
WARNING - 2025-10-14 13:48:47 --> [DEPRECATED] addslashes(): Passing null to parameter #1 ($string) of type string is deprecated in APPPATH/Views/service_list.php on line 10.
 1 APPPATH/Views/service_list.php(10): addslashes(null)
 2 SYSTEMPATH/View/View.php(224): include('/home/u810214334/domains/embellish-beauty.co.uk/public_html/app/Views/service_list.php')
 3 SYSTEMPATH/View/View.php(227): CodeIgniter\View\View->CodeIgniter\View\{closure}()
 4 SYSTEMPATH/Common.php(1173): CodeIgniter\View\View->render('service_list', [], true)
 5 APPPATH/Controllers/Home.php(129): view('service_list', [...])
 6 SYSTEMPATH/CodeIgniter.php(933): App\Controllers\Home->fetch_services()
 7 SYSTEMPATH/CodeIgniter.php(507): CodeIgniter\CodeIgniter->runController(Object(App\Controllers\Home))
 8 SYSTEMPATH/CodeIgniter.php(354): CodeIgniter\CodeIgniter->handleRequest(null, Object(Config\Cache), false)
 9 SYSTEMPATH/Boot.php(334): CodeIgniter\CodeIgniter->run()
10 SYSTEMPATH/Boot.php(67): CodeIgniter\Boot::runCodeIgniter(Object(CodeIgniter\CodeIgniter))
11 FCPATH/index.php(27): CodeIgniter\Boot::bootWeb(Object(Config\Paths))
WARNING - 2025-10-14 13:48:47 --> [DEPRECATED] addslashes(): Passing null to parameter #1 ($string) of type string is deprecated in APPPATH/Views/service_list.php on line 10.
 1 APPPATH/Views/service_list.php(10): addslashes(null)
 2 SYSTEMPATH/View/View.php(224): include('/home/u810214334/domains/embellish-beauty.co.uk/public_html/app/Views/service_list.php')
 3 SYSTEMPATH/View/View.php(227): CodeIgniter\View\View->CodeIgniter\View\{closure}()
 4 SYSTEMPATH/Common.php(1173): CodeIgniter\View\View->render('service_list', [], true)
 5 APPPATH/Controllers/Home.php(129): view('service_list', [...])
 6 SYSTEMPATH/CodeIgniter.php(933): App\Controllers\Home->fetch_services()
 7 SYSTEMPATH/CodeIgniter.php(507): CodeIgniter\CodeIgniter->runController(Object(App\Controllers\Home))
 8 SYSTEMPATH/CodeIgniter.php(354): CodeIgniter\CodeIgniter->handleRequest(null, Object(Config\Cache), false)
 9 SYSTEMPATH/Boot.php(334): CodeIgniter\CodeIgniter->run()
10 SYSTEMPATH/Boot.php(67): CodeIgniter\Boot::runCodeIgniter(Object(CodeIgniter\CodeIgniter))
11 FCPATH/index.php(27): CodeIgniter\Boot::bootWeb(Object(Config\Paths))
WARNING - 2025-10-14 13:48:47 --> [DEPRECATED] addslashes(): Passing null to parameter #1 ($string) of type string is deprecated in APPPATH/Views/service_list.php on line 10.
 1 APPPATH/Views/service_list.php(10): addslashes(null)
 2 SYSTEMPATH/View/View.php(224): include('/home/u810214334/domains/embellish-beauty.co.uk/public_html/app/Views/service_list.php')
 3 SYSTEMPATH/View/View.php(227): CodeIgniter\View\View->CodeIgniter\View\{closure}()
 4 SYSTEMPATH/Common.php(1173): CodeIgniter\View\View->render('service_list', [], true)
 5 APPPATH/Controllers/Home.php(129): view('service_list', [...])
 6 SYSTEMPATH/CodeIgniter.php(933): App\Controllers\Home->fetch_services()
 7 SYSTEMPATH/CodeIgniter.php(507): CodeIgniter\CodeIgniter->runController(Object(App\Controllers\Home))
 8 SYSTEMPATH/CodeIgniter.php(354): CodeIgniter\CodeIgniter->handleRequest(null, Object(Config\Cache), false)
 9 SYSTEMPATH/Boot.php(334): CodeIgniter\CodeIgniter->run()
10 SYSTEMPATH/Boot.php(67): CodeIgniter\Boot::runCodeIgniter(Object(CodeIgniter\CodeIgniter))
11 FCPATH/index.php(27): CodeIgniter\Boot::bootWeb(Object(Config\Paths))
WARNING - 2025-10-14 13:48:47 --> [DEPRECATED] addslashes(): Passing null to parameter #1 ($string) of type string is deprecated in APPPATH/Views/service_list.php on line 10.
 1 APPPATH/Views/service_list.php(10): addslashes(null)
 2 SYSTEMPATH/View/View.php(224): include('/home/u810214334/domains/embellish-beauty.co.uk/public_html/app/Views/service_list.php')
 3 SYSTEMPATH/View/View.php(227): CodeIgniter\View\View->CodeIgniter\View\{closure}()
 4 SYSTEMPATH/Common.php(1173): CodeIgniter\View\View->render('service_list', [], true)
 5 APPPATH/Controllers/Home.php(129): view('service_list', [...])
 6 SYSTEMPATH/CodeIgniter.php(933): App\Controllers\Home->fetch_services()
 7 SYSTEMPATH/CodeIgniter.php(507): CodeIgniter\CodeIgniter->runController(Object(App\Controllers\Home))
 8 SYSTEMPATH/CodeIgniter.php(354): CodeIgniter\CodeIgniter->handleRequest(null, Object(Config\Cache), false)
 9 SYSTEMPATH/Boot.php(334): CodeIgniter\CodeIgniter->run()
10 SYSTEMPATH/Boot.php(67): CodeIgniter\Boot::runCodeIgniter(Object(CodeIgniter\CodeIgniter))
11 FCPATH/index.php(27): CodeIgniter\Boot::bootWeb(Object(Config\Paths))
WARNING - 2025-10-14 13:48:47 --> [DEPRECATED] addslashes(): Passing null to parameter #1 ($string) of type string is deprecated in APPPATH/Views/service_list.php on line 10.
 1 APPPATH/Views/service_list.php(10): addslashes(null)
 2 SYSTEMPATH/View/View.php(224): include('/home/u810214334/domains/embellish-beauty.co.uk/public_html/app/Views/service_list.php')
 3 SYSTEMPATH/View/View.php(227): CodeIgniter\View\View->CodeIgniter\View\{closure}()
 4 SYSTEMPATH/Common.php(1173): CodeIgniter\View\View->render('service_list', [], true)
 5 APPPATH/Controllers/Home.php(129): view('service_list', [...])
 6 SYSTEMPATH/CodeIgniter.php(933): App\Controllers\Home->fetch_services()
 7 SYSTEMPATH/CodeIgniter.php(507): CodeIgniter\CodeIgniter->runController(Object(App\Controllers\Home))
 8 SYSTEMPATH/CodeIgniter.php(354): CodeIgniter\CodeIgniter->handleRequest(null, Object(Config\Cache), false)
 9 SYSTEMPATH/Boot.php(334): CodeIgniter\CodeIgniter->run()
10 SYSTEMPATH/Boot.php(67): CodeIgniter\Boot::runCodeIgniter(Object(CodeIgniter\CodeIgniter))
11 FCPATH/index.php(27): CodeIgniter\Boot::bootWeb(Object(Config\Paths))
DEBUG - 2025-10-14 13:48:58 --> Session: Class initialized using 'CodeIgniter\Session\Handlers\FileHandler' driver.
DEBUG - 2025-10-14 13:49:03 --> Session: Class initialized using 'CodeIgniter\Session\Handlers\FileHandler' driver.
DEBUG - 2025-10-14 13:49:08 --> Session: Class initialized using 'CodeIgniter\Session\Handlers\FileHandler' driver.
DEBUG - 2025-10-14 13:49:18 --> Session: Class initialized using 'CodeIgniter\Session\Handlers\FileHandler' driver.
DEBUG - 2025-10-14 13:49:34 --> Session: Class initialized using 'CodeIgniter\Session\Handlers\FileHandler' driver.
DEBUG - 2025-10-14 13:49:35 --> Session: Class initialized using 'CodeIgniter\Session\Handlers\FileHandler' driver.
DEBUG - 2025-10-14 13:49:35 --> Session: Class initialized using 'CodeIgniter\Session\Handlers\FileHandler' driver.
DEBUG - 2025-10-14 13:49:57 --> Session: Class initialized using 'CodeIgniter\Session\Handlers\FileHandler' driver.
DEBUG - 2025-10-14 13:50:01 --> Session: Class initialized using 'CodeIgniter\Session\Handlers\FileHandler' driver.
DEBUG - 2025-10-14 13:50:08 --> Session: Class initialized using 'CodeIgniter\Session\Handlers\FileHandler' driver.
DEBUG - 2025-10-14 14:05:16 --> Session: Class initialized using 'CodeIgniter\Session\Handlers\FileHandler' driver.
DEBUG - 2025-10-14 14:05:26 --> Session: Class initialized using 'CodeIgniter\Session\Handlers\FileHandler' driver.
DEBUG - 2025-10-14 14:05:31 --> Session: Class initialized using 'CodeIgniter\Session\Handlers\FileHandler' driver.
DEBUG - 2025-10-14 14:05:47 --> Session: Class initialized using 'CodeIgniter\Session\Handlers\FileHandler' driver.
DEBUG - 2025-10-14 14:05:47 --> Session: Class initialized using 'CodeIgniter\Session\Handlers\FileHandler' driver.
DEBUG - 2025-10-14 14:05:48 --> Session: Class initialized using 'CodeIgniter\Session\Handlers\FileHandler' driver.
DEBUG - 2025-10-14 14:05:59 --> Session: Class initialized using 'CodeIgniter\Session\Handlers\FileHandler' driver.
DEBUG - 2025-10-14 14:05:59 --> Session: Class initialized using 'CodeIgniter\Session\Handlers\FileHandler' driver.
DEBUG - 2025-10-14 14:06:00 --> Session: Class initialized using 'CodeIgniter\Session\Handlers\FileHandler' driver.
DEBUG - 2025-10-14 14:06:00 --> Session: Class initialized using 'CodeIgniter\Session\Handlers\FileHandler' driver.
DEBUG - 2025-10-14 14:06:01 --> Session: Class initialized using 'CodeIgniter\Session\Handlers\FileHandler' driver.
WARNING - 2025-10-14 14:06:01 --> [DEPRECATED] addslashes(): Passing null to parameter #1 ($string) of type string is deprecated in APPPATH/Views/service_list.php on line 10.
 1 APPPATH/Views/service_list.php(10): addslashes(null)
 2 SYSTEMPATH/View/View.php(224): include('/home/u810214334/domains/embellish-beauty.co.uk/public_html/app/Views/service_list.php')
 3 SYSTEMPATH/View/View.php(227): CodeIgniter\View\View->CodeIgniter\View\{closure}()
 4 SYSTEMPATH/Common.php(1173): CodeIgniter\View\View->render('service_list', [], true)
 5 APPPATH/Controllers/Home.php(129): view('service_list', [...])
 6 SYSTEMPATH/CodeIgniter.php(933): App\Controllers\Home->fetch_services()
 7 SYSTEMPATH/CodeIgniter.php(507): CodeIgniter\CodeIgniter->runController(Object(App\Controllers\Home))
 8 SYSTEMPATH/CodeIgniter.php(354): CodeIgniter\CodeIgniter->handleRequest(null, Object(Config\Cache), false)
 9 SYSTEMPATH/Boot.php(334): CodeIgniter\CodeIgniter->run()
10 SYSTEMPATH/Boot.php(67): CodeIgniter\Boot::runCodeIgniter(Object(CodeIgniter\CodeIgniter))
11 FCPATH/index.php(27): CodeIgniter\Boot::bootWeb(Object(Config\Paths))
WARNING - 2025-10-14 14:06:01 --> [DEPRECATED] addslashes(): Passing null to parameter #1 ($string) of type string is deprecated in APPPATH/Views/service_list.php on line 10.
 1 APPPATH/Views/service_list.php(10): addslashes(null)
 2 SYSTEMPATH/View/View.php(224): include('/home/u810214334/domains/embellish-beauty.co.uk/public_html/app/Views/service_list.php')
 3 SYSTEMPATH/View/View.php(227): CodeIgniter\View\View->CodeIgniter\View\{closure}()
 4 SYSTEMPATH/Common.php(1173): CodeIgniter\View\View->render('service_list', [], true)
 5 APPPATH/Controllers/Home.php(129): view('service_list', [...])
 6 SYSTEMPATH/CodeIgniter.php(933): App\Controllers\Home->fetch_services()
 7 SYSTEMPATH/CodeIgniter.php(507): CodeIgniter\CodeIgniter->runController(Object(App\Controllers\Home))
 8 SYSTEMPATH/CodeIgniter.php(354): CodeIgniter\CodeIgniter->handleRequest(null, Object(Config\Cache), false)
 9 SYSTEMPATH/Boot.php(334): CodeIgniter\CodeIgniter->run()
10 SYSTEMPATH/Boot.php(67): CodeIgniter\Boot::runCodeIgniter(Object(CodeIgniter\CodeIgniter))
11 FCPATH/index.php(27): CodeIgniter\Boot::bootWeb(Object(Config\Paths))
WARNING - 2025-10-14 14:06:01 --> [DEPRECATED] addslashes(): Passing null to parameter #1 ($string) of type string is deprecated in APPPATH/Views/service_list.php on line 10.
 1 APPPATH/Views/service_list.php(10): addslashes(null)
 2 SYSTEMPATH/View/View.php(224): include('/home/u810214334/domains/embellish-beauty.co.uk/public_html/app/Views/service_list.php')
 3 SYSTEMPATH/View/View.php(227): CodeIgniter\View\View->CodeIgniter\View\{closure}()
 4 SYSTEMPATH/Common.php(1173): CodeIgniter\View\View->render('service_list', [], true)
 5 APPPATH/Controllers/Home.php(129): view('service_list', [...])
 6 SYSTEMPATH/CodeIgniter.php(933): App\Controllers\Home->fetch_services()
 7 SYSTEMPATH/CodeIgniter.php(507): CodeIgniter\CodeIgniter->runController(Object(App\Controllers\Home))
 8 SYSTEMPATH/CodeIgniter.php(354): CodeIgniter\CodeIgniter->handleRequest(null, Object(Config\Cache), false)
 9 SYSTEMPATH/Boot.php(334): CodeIgniter\CodeIgniter->run()
10 SYSTEMPATH/Boot.php(67): CodeIgniter\Boot::runCodeIgniter(Object(CodeIgniter\CodeIgniter))
11 FCPATH/index.php(27): CodeIgniter\Boot::bootWeb(Object(Config\Paths))
WARNING - 2025-10-14 14:06:01 --> [DEPRECATED] addslashes(): Passing null to parameter #1 ($string) of type string is deprecated in APPPATH/Views/service_list.php on line 10.
 1 APPPATH/Views/service_list.php(10): addslashes(null)
 2 SYSTEMPATH/View/View.php(224): include('/home/u810214334/domains/embellish-beauty.co.uk/public_html/app/Views/service_list.php')
 3 SYSTEMPATH/View/View.php(227): CodeIgniter\View\View->CodeIgniter\View\{closure}()
 4 SYSTEMPATH/Common.php(1173): CodeIgniter\View\View->render('service_list', [], true)
 5 APPPATH/Controllers/Home.php(129): view('service_list', [...])
 6 SYSTEMPATH/CodeIgniter.php(933): App\Controllers\Home->fetch_services()
 7 SYSTEMPATH/CodeIgniter.php(507): CodeIgniter\CodeIgniter->runController(Object(App\Controllers\Home))
 8 SYSTEMPATH/CodeIgniter.php(354): CodeIgniter\CodeIgniter->handleRequest(null, Object(Config\Cache), false)
 9 SYSTEMPATH/Boot.php(334): CodeIgniter\CodeIgniter->run()
10 SYSTEMPATH/Boot.php(67): CodeIgniter\Boot::runCodeIgniter(Object(CodeIgniter\CodeIgniter))
11 FCPATH/index.php(27): CodeIgniter\Boot::bootWeb(Object(Config\Paths))
WARNING - 2025-10-14 14:06:01 --> [DEPRECATED] addslashes(): Passing null to parameter #1 ($string) of type string is deprecated in APPPATH/Views/service_list.php on line 10.
 1 APPPATH/Views/service_list.php(10): addslashes(null)
 2 SYSTEMPATH/View/View.php(224): include('/home/u810214334/domains/embellish-beauty.co.uk/public_html/app/Views/service_list.php')
 3 SYSTEMPATH/View/View.php(227): CodeIgniter\View\View->CodeIgniter\View\{closure}()
 4 SYSTEMPATH/Common.php(1173): CodeIgniter\View\View->render('service_list', [], true)
 5 APPPATH/Controllers/Home.php(129): view('service_list', [...])
 6 SYSTEMPATH/CodeIgniter.php(933): App\Controllers\Home->fetch_services()
 7 SYSTEMPATH/CodeIgniter.php(507): CodeIgniter\CodeIgniter->runController(Object(App\Controllers\Home))
 8 SYSTEMPATH/CodeIgniter.php(354): CodeIgniter\CodeIgniter->handleRequest(null, Object(Config\Cache), false)
 9 SYSTEMPATH/Boot.php(334): CodeIgniter\CodeIgniter->run()
10 SYSTEMPATH/Boot.php(67): CodeIgniter\Boot::runCodeIgniter(Object(CodeIgniter\CodeIgniter))
11 FCPATH/index.php(27): CodeIgniter\Boot::bootWeb(Object(Config\Paths))
WARNING - 2025-10-14 14:06:01 --> [DEPRECATED] addslashes(): Passing null to parameter #1 ($string) of type string is deprecated in APPPATH/Views/service_list.php on line 10.
 1 APPPATH/Views/service_list.php(10): addslashes(null)
 2 SYSTEMPATH/View/View.php(224): include('/home/u810214334/domains/embellish-beauty.co.uk/public_html/app/Views/service_list.php')
 3 SYSTEMPATH/View/View.php(227): CodeIgniter\View\View->CodeIgniter\View\{closure}()
 4 SYSTEMPATH/Common.php(1173): CodeIgniter\View\View->render('service_list', [], true)
 5 APPPATH/Controllers/Home.php(129): view('service_list', [...])
 6 SYSTEMPATH/CodeIgniter.php(933): App\Controllers\Home->fetch_services()
 7 SYSTEMPATH/CodeIgniter.php(507): CodeIgniter\CodeIgniter->runController(Object(App\Controllers\Home))
 8 SYSTEMPATH/CodeIgniter.php(354): CodeIgniter\CodeIgniter->handleRequest(null, Object(Config\Cache), false)
 9 SYSTEMPATH/Boot.php(334): CodeIgniter\CodeIgniter->run()
10 SYSTEMPATH/Boot.php(67): CodeIgniter\Boot::runCodeIgniter(Object(CodeIgniter\CodeIgniter))
11 FCPATH/index.php(27): CodeIgniter\Boot::bootWeb(Object(Config\Paths))
WARNING - 2025-10-14 14:06:01 --> [DEPRECATED] addslashes(): Passing null to parameter #1 ($string) of type string is deprecated in APPPATH/Views/service_list.php on line 10.
 1 APPPATH/Views/service_list.php(10): addslashes(null)
 2 SYSTEMPATH/View/View.php(224): include('/home/u810214334/domains/embellish-beauty.co.uk/public_html/app/Views/service_list.php')
 3 SYSTEMPATH/View/View.php(227): CodeIgniter\View\View->CodeIgniter\View\{closure}()
 4 SYSTEMPATH/Common.php(1173): CodeIgniter\View\View->render('service_list', [], true)
 5 APPPATH/Controllers/Home.php(129): view('service_list', [...])
 6 SYSTEMPATH/CodeIgniter.php(933): App\Controllers\Home->fetch_services()
 7 SYSTEMPATH/CodeIgniter.php(507): CodeIgniter\CodeIgniter->runController(Object(App\Controllers\Home))
 8 SYSTEMPATH/CodeIgniter.php(354): CodeIgniter\CodeIgniter->handleRequest(null, Object(Config\Cache), false)
 9 SYSTEMPATH/Boot.php(334): CodeIgniter\CodeIgniter->run()
10 SYSTEMPATH/Boot.php(67): CodeIgniter\Boot::runCodeIgniter(Object(CodeIgniter\CodeIgniter))
11 FCPATH/index.php(27): CodeIgniter\Boot::bootWeb(Object(Config\Paths))
WARNING - 2025-10-14 14:06:01 --> [DEPRECATED] addslashes(): Passing null to parameter #1 ($string) of type string is deprecated in APPPATH/Views/service_list.php on line 10.
 1 APPPATH/Views/service_list.php(10): addslashes(null)
 2 SYSTEMPATH/View/View.php(224): include('/home/u810214334/domains/embellish-beauty.co.uk/public_html/app/Views/service_list.php')
 3 SYSTEMPATH/View/View.php(227): CodeIgniter\View\View->CodeIgniter\View\{closure}()
 4 SYSTEMPATH/Common.php(1173): CodeIgniter\View\View->render('service_list', [], true)
 5 APPPATH/Controllers/Home.php(129): view('service_list', [...])
 6 SYSTEMPATH/CodeIgniter.php(933): App\Controllers\Home->fetch_services()
 7 SYSTEMPATH/CodeIgniter.php(507): CodeIgniter\CodeIgniter->runController(Object(App\Controllers\Home))
 8 SYSTEMPATH/CodeIgniter.php(354): CodeIgniter\CodeIgniter->handleRequest(null, Object(Config\Cache), false)
 9 SYSTEMPATH/Boot.php(334): CodeIgniter\CodeIgniter->run()
10 SYSTEMPATH/Boot.php(67): CodeIgniter\Boot::runCodeIgniter(Object(CodeIgniter\CodeIgniter))
11 FCPATH/index.php(27): CodeIgniter\Boot::bootWeb(Object(Config\Paths))
WARNING - 2025-10-14 14:06:01 --> [DEPRECATED] addslashes(): Passing null to parameter #1 ($string) of type string is deprecated in APPPATH/Views/service_list.php on line 10.
 1 APPPATH/Views/service_list.php(10): addslashes(null)
 2 SYSTEMPATH/View/View.php(224): include('/home/u810214334/domains/embellish-beauty.co.uk/public_html/app/Views/service_list.php')
 3 SYSTEMPATH/View/View.php(227): CodeIgniter\View\View->CodeIgniter\View\{closure}()
 4 SYSTEMPATH/Common.php(1173): CodeIgniter\View\View->render('service_list', [], true)
 5 APPPATH/Controllers/Home.php(129): view('service_list', [...])
 6 SYSTEMPATH/CodeIgniter.php(933): App\Controllers\Home->fetch_services()
 7 SYSTEMPATH/CodeIgniter.php(507): CodeIgniter\CodeIgniter->runController(Object(App\Controllers\Home))
 8 SYSTEMPATH/CodeIgniter.php(354): CodeIgniter\CodeIgniter->handleRequest(null, Object(Config\Cache), false)
 9 SYSTEMPATH/Boot.php(334): CodeIgniter\CodeIgniter->run()
10 SYSTEMPATH/Boot.php(67): CodeIgniter\Boot::runCodeIgniter(Object(CodeIgniter\CodeIgniter))
11 FCPATH/index.php(27): CodeIgniter\Boot::bootWeb(Object(Config\Paths))
WARNING - 2025-10-14 14:06:01 --> [DEPRECATED] addslashes(): Passing null to parameter #1 ($string) of type string is deprecated in APPPATH/Views/service_list.php on line 10.
 1 APPPATH/Views/service_list.php(10): addslashes(null)
 2 SYSTEMPATH/View/View.php(224): include('/home/u810214334/domains/embellish-beauty.co.uk/public_html/app/Views/service_list.php')
 3 SYSTEMPATH/View/View.php(227): CodeIgniter\View\View->CodeIgniter\View\{closure}()
 4 SYSTEMPATH/Common.php(1173): CodeIgniter\View\View->render('service_list', [], true)
 5 APPPATH/Controllers/Home.php(129): view('service_list', [...])
 6 SYSTEMPATH/CodeIgniter.php(933): App\Controllers\Home->fetch_services()
 7 SYSTEMPATH/CodeIgniter.php(507): CodeIgniter\CodeIgniter->runController(Object(App\Controllers\Home))
 8 SYSTEMPATH/CodeIgniter.php(354): CodeIgniter\CodeIgniter->handleRequest(null, Object(Config\Cache), false)
 9 SYSTEMPATH/Boot.php(334): CodeIgniter\CodeIgniter->run()
10 SYSTEMPATH/Boot.php(67): CodeIgniter\Boot::runCodeIgniter(Object(CodeIgniter\CodeIgniter))
11 FCPATH/index.php(27): CodeIgniter\Boot::bootWeb(Object(Config\Paths))
WARNING - 2025-10-14 14:06:01 --> [DEPRECATED] addslashes(): Passing null to parameter #1 ($string) of type string is deprecated in APPPATH/Views/service_list.php on line 10.
 1 APPPATH/Views/service_list.php(10): addslashes(null)
 2 SYSTEMPATH/View/View.php(224): include('/home/u810214334/domains/embellish-beauty.co.uk/public_html/app/Views/service_list.php')
 3 SYSTEMPATH/View/View.php(227): CodeIgniter\View\View->CodeIgniter\View\{closure}()
 4 SYSTEMPATH/Common.php(1173): CodeIgniter\View\View->render('service_list', [], true)
 5 APPPATH/Controllers/Home.php(129): view('service_list', [...])
 6 SYSTEMPATH/CodeIgniter.php(933): App\Controllers\Home->fetch_services()
 7 SYSTEMPATH/CodeIgniter.php(507): CodeIgniter\CodeIgniter->runController(Object(App\Controllers\Home))
 8 SYSTEMPATH/CodeIgniter.php(354): CodeIgniter\CodeIgniter->handleRequest(null, Object(Config\Cache), false)
 9 SYSTEMPATH/Boot.php(334): CodeIgniter\CodeIgniter->run()
10 SYSTEMPATH/Boot.php(67): CodeIgniter\Boot::runCodeIgniter(Object(CodeIgniter\CodeIgniter))
11 FCPATH/index.php(27): CodeIgniter\Boot::bootWeb(Object(Config\Paths))
WARNING - 2025-10-14 14:06:01 --> [DEPRECATED] addslashes(): Passing null to parameter #1 ($string) of type string is deprecated in APPPATH/Views/service_list.php on line 10.
 1 APPPATH/Views/service_list.php(10): addslashes(null)
 2 SYSTEMPATH/View/View.php(224): include('/home/u810214334/domains/embellish-beauty.co.uk/public_html/app/Views/service_list.php')
 3 SYSTEMPATH/View/View.php(227): CodeIgniter\View\View->CodeIgniter\View\{closure}()
 4 SYSTEMPATH/Common.php(1173): CodeIgniter\View\View->render('service_list', [], true)
 5 APPPATH/Controllers/Home.php(129): view('service_list', [...])
 6 SYSTEMPATH/CodeIgniter.php(933): App\Controllers\Home->fetch_services()
 7 SYSTEMPATH/CodeIgniter.php(507): CodeIgniter\CodeIgniter->runController(Object(App\Controllers\Home))
 8 SYSTEMPATH/CodeIgniter.php(354): CodeIgniter\CodeIgniter->handleRequest(null, Object(Config\Cache), false)
 9 SYSTEMPATH/Boot.php(334): CodeIgniter\CodeIgniter->run()
10 SYSTEMPATH/Boot.php(67): CodeIgniter\Boot::runCodeIgniter(Object(CodeIgniter\CodeIgniter))
11 FCPATH/index.php(27): CodeIgniter\Boot::bootWeb(Object(Config\Paths))
WARNING - 2025-10-14 14:06:01 --> [DEPRECATED] addslashes(): Passing null to parameter #1 ($string) of type string is deprecated in APPPATH/Views/service_list.php on line 10.
 1 APPPATH/Views/service_list.php(10): addslashes(null)
 2 SYSTEMPATH/View/View.php(224): include('/home/u810214334/domains/embellish-beauty.co.uk/public_html/app/Views/service_list.php')
 3 SYSTEMPATH/View/View.php(227): CodeIgniter\View\View->CodeIgniter\View\{closure}()
 4 SYSTEMPATH/Common.php(1173): CodeIgniter\View\View->render('service_list', [], true)
 5 APPPATH/Controllers/Home.php(129): view('service_list', [...])
 6 SYSTEMPATH/CodeIgniter.php(933): App\Controllers\Home->fetch_services()
 7 SYSTEMPATH/CodeIgniter.php(507): CodeIgniter\CodeIgniter->runController(Object(App\Controllers\Home))
 8 SYSTEMPATH/CodeIgniter.php(354): CodeIgniter\CodeIgniter->handleRequest(null, Object(Config\Cache), false)
 9 SYSTEMPATH/Boot.php(334): CodeIgniter\CodeIgniter->run()
10 SYSTEMPATH/Boot.php(67): CodeIgniter\Boot::runCodeIgniter(Object(CodeIgniter\CodeIgniter))
11 FCPATH/index.php(27): CodeIgniter\Boot::bootWeb(Object(Config\Paths))
WARNING - 2025-10-14 14:06:01 --> [DEPRECATED] addslashes(): Passing null to parameter #1 ($string) of type string is deprecated in APPPATH/Views/service_list.php on line 10.
 1 APPPATH/Views/service_list.php(10): addslashes(null)
 2 SYSTEMPATH/View/View.php(224): include('/home/u810214334/domains/embellish-beauty.co.uk/public_html/app/Views/service_list.php')
 3 SYSTEMPATH/View/View.php(227): CodeIgniter\View\View->CodeIgniter\View\{closure}()
 4 SYSTEMPATH/Common.php(1173): CodeIgniter\View\View->render('service_list', [], true)
 5 APPPATH/Controllers/Home.php(129): view('service_list', [...])
 6 SYSTEMPATH/CodeIgniter.php(933): App\Controllers\Home->fetch_services()
 7 SYSTEMPATH/CodeIgniter.php(507): CodeIgniter\CodeIgniter->runController(Object(App\Controllers\Home))
 8 SYSTEMPATH/CodeIgniter.php(354): CodeIgniter\CodeIgniter->handleRequest(null, Object(Config\Cache), false)
 9 SYSTEMPATH/Boot.php(334): CodeIgniter\CodeIgniter->run()
10 SYSTEMPATH/Boot.php(67): CodeIgniter\Boot::runCodeIgniter(Object(CodeIgniter\CodeIgniter))
11 FCPATH/index.php(27): CodeIgniter\Boot::bootWeb(Object(Config\Paths))
WARNING - 2025-10-14 14:06:01 --> [DEPRECATED] addslashes(): Passing null to parameter #1 ($string) of type string is deprecated in APPPATH/Views/service_list.php on line 10.
 1 APPPATH/Views/service_list.php(10): addslashes(null)
 2 SYSTEMPATH/View/View.php(224): include('/home/u810214334/domains/embellish-beauty.co.uk/public_html/app/Views/service_list.php')
 3 SYSTEMPATH/View/View.php(227): CodeIgniter\View\View->CodeIgniter\View\{closure}()
 4 SYSTEMPATH/Common.php(1173): CodeIgniter\View\View->render('service_list', [], true)
 5 APPPATH/Controllers/Home.php(129): view('service_list', [...])
 6 SYSTEMPATH/CodeIgniter.php(933): App\Controllers\Home->fetch_services()
 7 SYSTEMPATH/CodeIgniter.php(507): CodeIgniter\CodeIgniter->runController(Object(App\Controllers\Home))
 8 SYSTEMPATH/CodeIgniter.php(354): CodeIgniter\CodeIgniter->handleRequest(null, Object(Config\Cache), false)
 9 SYSTEMPATH/Boot.php(334): CodeIgniter\CodeIgniter->run()
10 SYSTEMPATH/Boot.php(67): CodeIgniter\Boot::runCodeIgniter(Object(CodeIgniter\CodeIgniter))
11 FCPATH/index.php(27): CodeIgniter\Boot::bootWeb(Object(Config\Paths))
WARNING - 2025-10-14 14:06:01 --> [DEPRECATED] addslashes(): Passing null to parameter #1 ($string) of type string is deprecated in APPPATH/Views/service_list.php on line 10.
 1 APPPATH/Views/service_list.php(10): addslashes(null)
 2 SYSTEMPATH/View/View.php(224): include('/home/u810214334/domains/embellish-beauty.co.uk/public_html/app/Views/service_list.php')
 3 SYSTEMPATH/View/View.php(227): CodeIgniter\View\View->CodeIgniter\View\{closure}()
 4 SYSTEMPATH/Common.php(1173): CodeIgniter\View\View->render('service_list', [], true)
 5 APPPATH/Controllers/Home.php(129): view('service_list', [...])
 6 SYSTEMPATH/CodeIgniter.php(933): App\Controllers\Home->fetch_services()
 7 SYSTEMPATH/CodeIgniter.php(507): CodeIgniter\CodeIgniter->runController(Object(App\Controllers\Home))
 8 SYSTEMPATH/CodeIgniter.php(354): CodeIgniter\CodeIgniter->handleRequest(null, Object(Config\Cache), false)
 9 SYSTEMPATH/Boot.php(334): CodeIgniter\CodeIgniter->run()
10 SYSTEMPATH/Boot.php(67): CodeIgniter\Boot::runCodeIgniter(Object(CodeIgniter\CodeIgniter))
11 FCPATH/index.php(27): CodeIgniter\Boot::bootWeb(Object(Config\Paths))
WARNING - 2025-10-14 14:06:01 --> [DEPRECATED] addslashes(): Passing null to parameter #1 ($string) of type string is deprecated in APPPATH/Views/service_list.php on line 10.
 1 APPPATH/Views/service_list.php(10): addslashes(null)
 2 SYSTEMPATH/View/View.php(224): include('/home/u810214334/domains/embellish-beauty.co.uk/public_html/app/Views/service_list.php')
 3 SYSTEMPATH/View/View.php(227): CodeIgniter\View\View->CodeIgniter\View\{closure}()
 4 SYSTEMPATH/Common.php(1173): CodeIgniter\View\View->render('service_list', [], true)
 5 APPPATH/Controllers/Home.php(129): view('service_list', [...])
 6 SYSTEMPATH/CodeIgniter.php(933): App\Controllers\Home->fetch_services()
 7 SYSTEMPATH/CodeIgniter.php(507): CodeIgniter\CodeIgniter->runController(Object(App\Controllers\Home))
 8 SYSTEMPATH/CodeIgniter.php(354): CodeIgniter\CodeIgniter->handleRequest(null, Object(Config\Cache), false)
 9 SYSTEMPATH/Boot.php(334): CodeIgniter\CodeIgniter->run()
10 SYSTEMPATH/Boot.php(67): CodeIgniter\Boot::runCodeIgniter(Object(CodeIgniter\CodeIgniter))
11 FCPATH/index.php(27): CodeIgniter\Boot::bootWeb(Object(Config\Paths))
WARNING - 2025-10-14 14:06:01 --> [DEPRECATED] addslashes(): Passing null to parameter #1 ($string) of type string is deprecated in APPPATH/Views/service_list.php on line 10.
 1 APPPATH/Views/service_list.php(10): addslashes(null)
 2 SYSTEMPATH/View/View.php(224): include('/home/u810214334/domains/embellish-beauty.co.uk/public_html/app/Views/service_list.php')
 3 SYSTEMPATH/View/View.php(227): CodeIgniter\View\View->CodeIgniter\View\{closure}()
 4 SYSTEMPATH/Common.php(1173): CodeIgniter\View\View->render('service_list', [], true)
 5 APPPATH/Controllers/Home.php(129): view('service_list', [...])
 6 SYSTEMPATH/CodeIgniter.php(933): App\Controllers\Home->fetch_services()
 7 SYSTEMPATH/CodeIgniter.php(507): CodeIgniter\CodeIgniter->runController(Object(App\Controllers\Home))
 8 SYSTEMPATH/CodeIgniter.php(354): CodeIgniter\CodeIgniter->handleRequest(null, Object(Config\Cache), false)
 9 SYSTEMPATH/Boot.php(334): CodeIgniter\CodeIgniter->run()
10 SYSTEMPATH/Boot.php(67): CodeIgniter\Boot::runCodeIgniter(Object(CodeIgniter\CodeIgniter))
11 FCPATH/index.php(27): CodeIgniter\Boot::bootWeb(Object(Config\Paths))
WARNING - 2025-10-14 14:06:01 --> [DEPRECATED] addslashes(): Passing null to parameter #1 ($string) of type string is deprecated in APPPATH/Views/service_list.php on line 10.
 1 APPPATH/Views/service_list.php(10): addslashes(null)
 2 SYSTEMPATH/View/View.php(224): include('/home/u810214334/domains/embellish-beauty.co.uk/public_html/app/Views/service_list.php')
 3 SYSTEMPATH/View/View.php(227): CodeIgniter\View\View->CodeIgniter\View\{closure}()
 4 SYSTEMPATH/Common.php(1173): CodeIgniter\View\View->render('service_list', [], true)
 5 APPPATH/Controllers/Home.php(129): view('service_list', [...])
 6 SYSTEMPATH/CodeIgniter.php(933): App\Controllers\Home->fetch_services()
 7 SYSTEMPATH/CodeIgniter.php(507): CodeIgniter\CodeIgniter->runController(Object(App\Controllers\Home))
 8 SYSTEMPATH/CodeIgniter.php(354): CodeIgniter\CodeIgniter->handleRequest(null, Object(Config\Cache), false)
 9 SYSTEMPATH/Boot.php(334): CodeIgniter\CodeIgniter->run()
10 SYSTEMPATH/Boot.php(67): CodeIgniter\Boot::runCodeIgniter(Object(CodeIgniter\CodeIgniter))
11 FCPATH/index.php(27): CodeIgniter\Boot::bootWeb(Object(Config\Paths))
WARNING - 2025-10-14 14:06:01 --> [DEPRECATED] addslashes(): Passing null to parameter #1 ($string) of type string is deprecated in APPPATH/Views/service_list.php on line 10.
 1 APPPATH/Views/service_list.php(10): addslashes(null)
 2 SYSTEMPATH/View/View.php(224): include('/home/u810214334/domains/embellish-beauty.co.uk/public_html/app/Views/service_list.php')
 3 SYSTEMPATH/View/View.php(227): CodeIgniter\View\View->CodeIgniter\View\{closure}()
 4 SYSTEMPATH/Common.php(1173): CodeIgniter\View\View->render('service_list', [], true)
 5 APPPATH/Controllers/Home.php(129): view('service_list', [...])
 6 SYSTEMPATH/CodeIgniter.php(933): App\Controllers\Home->fetch_services()
 7 SYSTEMPATH/CodeIgniter.php(507): CodeIgniter\CodeIgniter->runController(Object(App\Controllers\Home))
 8 SYSTEMPATH/CodeIgniter.php(354): CodeIgniter\CodeIgniter->handleRequest(null, Object(Config\Cache), false)
 9 SYSTEMPATH/Boot.php(334): CodeIgniter\CodeIgniter->run()
10 SYSTEMPATH/Boot.php(67): CodeIgniter\Boot::runCodeIgniter(Object(CodeIgniter\CodeIgniter))
11 FCPATH/index.php(27): CodeIgniter\Boot::bootWeb(Object(Config\Paths))
WARNING - 2025-10-14 14:06:01 --> [DEPRECATED] addslashes(): Passing null to parameter #1 ($string) of type string is deprecated in APPPATH/Views/service_list.php on line 10.
 1 APPPATH/Views/service_list.php(10): addslashes(null)
 2 SYSTEMPATH/View/View.php(224): include('/home/u810214334/domains/embellish-beauty.co.uk/public_html/app/Views/service_list.php')
 3 SYSTEMPATH/View/View.php(227): CodeIgniter\View\View->CodeIgniter\View\{closure}()
 4 SYSTEMPATH/Common.php(1173): CodeIgniter\View\View->render('service_list', [], true)
 5 APPPATH/Controllers/Home.php(129): view('service_list', [...])
 6 SYSTEMPATH/CodeIgniter.php(933): App\Controllers\Home->fetch_services()
 7 SYSTEMPATH/CodeIgniter.php(507): CodeIgniter\CodeIgniter->runController(Object(App\Controllers\Home))
 8 SYSTEMPATH/CodeIgniter.php(354): CodeIgniter\CodeIgniter->handleRequest(null, Object(Config\Cache), false)
 9 SYSTEMPATH/Boot.php(334): CodeIgniter\CodeIgniter->run()
10 SYSTEMPATH/Boot.php(67): CodeIgniter\Boot::runCodeIgniter(Object(CodeIgniter\CodeIgniter))
11 FCPATH/index.php(27): CodeIgniter\Boot::bootWeb(Object(Config\Paths))
WARNING - 2025-10-14 14:06:01 --> [DEPRECATED] addslashes(): Passing null to parameter #1 ($string) of type string is deprecated in APPPATH/Views/service_list.php on line 10.
 1 APPPATH/Views/service_list.php(10): addslashes(null)
 2 SYSTEMPATH/View/View.php(224): include('/home/u810214334/domains/embellish-beauty.co.uk/public_html/app/Views/service_list.php')
 3 SYSTEMPATH/View/View.php(227): CodeIgniter\View\View->CodeIgniter\View\{closure}()
 4 SYSTEMPATH/Common.php(1173): CodeIgniter\View\View->render('service_list', [], true)
 5 APPPATH/Controllers/Home.php(129): view('service_list', [...])
 6 SYSTEMPATH/CodeIgniter.php(933): App\Controllers\Home->fetch_services()
 7 SYSTEMPATH/CodeIgniter.php(507): CodeIgniter\CodeIgniter->runController(Object(App\Controllers\Home))
 8 SYSTEMPATH/CodeIgniter.php(354): CodeIgniter\CodeIgniter->handleRequest(null, Object(Config\Cache), false)
 9 SYSTEMPATH/Boot.php(334): CodeIgniter\CodeIgniter->run()
10 SYSTEMPATH/Boot.php(67): CodeIgniter\Boot::runCodeIgniter(Object(CodeIgniter\CodeIgniter))
11 FCPATH/index.php(27): CodeIgniter\Boot::bootWeb(Object(Config\Paths))
WARNING - 2025-10-14 14:06:01 --> [DEPRECATED] addslashes(): Passing null to parameter #1 ($string) of type string is deprecated in APPPATH/Views/service_list.php on line 10.
 1 APPPATH/Views/service_list.php(10): addslashes(null)
 2 SYSTEMPATH/View/View.php(224): include('/home/u810214334/domains/embellish-beauty.co.uk/public_html/app/Views/service_list.php')
 3 SYSTEMPATH/View/View.php(227): CodeIgniter\View\View->CodeIgniter\View\{closure}()
 4 SYSTEMPATH/Common.php(1173): CodeIgniter\View\View->render('service_list', [], true)
 5 APPPATH/Controllers/Home.php(129): view('service_list', [...])
 6 SYSTEMPATH/CodeIgniter.php(933): App\Controllers\Home->fetch_services()
 7 SYSTEMPATH/CodeIgniter.php(507): CodeIgniter\CodeIgniter->runController(Object(App\Controllers\Home))
 8 SYSTEMPATH/CodeIgniter.php(354): CodeIgniter\CodeIgniter->handleRequest(null, Object(Config\Cache), false)
 9 SYSTEMPATH/Boot.php(334): CodeIgniter\CodeIgniter->run()
10 SYSTEMPATH/Boot.php(67): CodeIgniter\Boot::runCodeIgniter(Object(CodeIgniter\CodeIgniter))
11 FCPATH/index.php(27): CodeIgniter\Boot::bootWeb(Object(Config\Paths))
WARNING - 2025-10-14 14:06:01 --> [DEPRECATED] addslashes(): Passing null to parameter #1 ($string) of type string is deprecated in APPPATH/Views/service_list.php on line 10.
 1 APPPATH/Views/service_list.php(10): addslashes(null)
 2 SYSTEMPATH/View/View.php(224): include('/home/u810214334/domains/embellish-beauty.co.uk/public_html/app/Views/service_list.php')
 3 SYSTEMPATH/View/View.php(227): CodeIgniter\View\View->CodeIgniter\View\{closure}()
 4 SYSTEMPATH/Common.php(1173): CodeIgniter\View\View->render('service_list', [], true)
 5 APPPATH/Controllers/Home.php(129): view('service_list', [...])
 6 SYSTEMPATH/CodeIgniter.php(933): App\Controllers\Home->fetch_services()
 7 SYSTEMPATH/CodeIgniter.php(507): CodeIgniter\CodeIgniter->runController(Object(App\Controllers\Home))
 8 SYSTEMPATH/CodeIgniter.php(354): CodeIgniter\CodeIgniter->handleRequest(null, Object(Config\Cache), false)
 9 SYSTEMPATH/Boot.php(334): CodeIgniter\CodeIgniter->run()
10 SYSTEMPATH/Boot.php(67): CodeIgniter\Boot::runCodeIgniter(Object(CodeIgniter\CodeIgniter))
11 FCPATH/index.php(27): CodeIgniter\Boot::bootWeb(Object(Config\Paths))
WARNING - 2025-10-14 14:06:01 --> [DEPRECATED] addslashes(): Passing null to parameter #1 ($string) of type string is deprecated in APPPATH/Views/service_list.php on line 10.
 1 APPPATH/Views/service_list.php(10): addslashes(null)
 2 SYSTEMPATH/View/View.php(224): include('/home/u810214334/domains/embellish-beauty.co.uk/public_html/app/Views/service_list.php')
 3 SYSTEMPATH/View/View.php(227): CodeIgniter\View\View->CodeIgniter\View\{closure}()
 4 SYSTEMPATH/Common.php(1173): CodeIgniter\View\View->render('service_list', [], true)
 5 APPPATH/Controllers/Home.php(129): view('service_list', [...])
 6 SYSTEMPATH/CodeIgniter.php(933): App\Controllers\Home->fetch_services()
 7 SYSTEMPATH/CodeIgniter.php(507): CodeIgniter\CodeIgniter->runController(Object(App\Controllers\Home))
 8 SYSTEMPATH/CodeIgniter.php(354): CodeIgniter\CodeIgniter->handleRequest(null, Object(Config\Cache), false)
 9 SYSTEMPATH/Boot.php(334): CodeIgniter\CodeIgniter->run()
10 SYSTEMPATH/Boot.php(67): CodeIgniter\Boot::runCodeIgniter(Object(CodeIgniter\CodeIgniter))
11 FCPATH/index.php(27): CodeIgniter\Boot::bootWeb(Object(Config\Paths))
WARNING - 2025-10-14 14:06:01 --> [DEPRECATED] addslashes(): Passing null to parameter #1 ($string) of type string is deprecated in APPPATH/Views/service_list.php on line 10.
 1 APPPATH/Views/service_list.php(10): addslashes(null)
 2 SYSTEMPATH/View/View.php(224): include('/home/u810214334/domains/embellish-beauty.co.uk/public_html/app/Views/service_list.php')
 3 SYSTEMPATH/View/View.php(227): CodeIgniter\View\View->CodeIgniter\View\{closure}()
 4 SYSTEMPATH/Common.php(1173): CodeIgniter\View\View->render('service_list', [], true)
 5 APPPATH/Controllers/Home.php(129): view('service_list', [...])
 6 SYSTEMPATH/CodeIgniter.php(933): App\Controllers\Home->fetch_services()
 7 SYSTEMPATH/CodeIgniter.php(507): CodeIgniter\CodeIgniter->runController(Object(App\Controllers\Home))
 8 SYSTEMPATH/CodeIgniter.php(354): CodeIgniter\CodeIgniter->handleRequest(null, Object(Config\Cache), false)
 9 SYSTEMPATH/Boot.php(334): CodeIgniter\CodeIgniter->run()
10 SYSTEMPATH/Boot.php(67): CodeIgniter\Boot::runCodeIgniter(Object(CodeIgniter\CodeIgniter))
11 FCPATH/index.php(27): CodeIgniter\Boot::bootWeb(Object(Config\Paths))
DEBUG - 2025-10-14 14:06:02 --> Session: Class initialized using 'CodeIgniter\Session\Handlers\FileHandler' driver.
DEBUG - 2025-10-14 14:06:11 --> Session: Class initialized using 'CodeIgniter\Session\Handlers\FileHandler' driver.
DEBUG - 2025-10-14 14:06:15 --> Session: Class initialized using 'CodeIgniter\Session\Handlers\FileHandler' driver.
DEBUG - 2025-10-14 14:06:16 --> Session: Class initialized using 'CodeIgniter\Session\Handlers\FileHandler' driver.
DEBUG - 2025-10-14 14:06:16 --> Session: Class initialized using 'CodeIgniter\Session\Handlers\FileHandler' driver.
DEBUG - 2025-10-14 14:06:16 --> Session: Class initialized using 'CodeIgniter\Session\Handlers\FileHandler' driver.
WARNING - 2025-10-14 14:06:16 --> [DEPRECATED] addslashes(): Passing null to parameter #1 ($string) of type string is deprecated in APPPATH/Views/service_list.php on line 10.
 1 APPPATH/Views/service_list.php(10): addslashes(null)
 2 SYSTEMPATH/View/View.php(224): include('/home/u810214334/domains/embellish-beauty.co.uk/public_html/app/Views/service_list.php')
 3 SYSTEMPATH/View/View.php(227): CodeIgniter\View\View->CodeIgniter\View\{closure}()
 4 SYSTEMPATH/Common.php(1173): CodeIgniter\View\View->render('service_list', [], true)
 5 APPPATH/Controllers/Home.php(129): view('service_list', [...])
 6 SYSTEMPATH/CodeIgniter.php(933): App\Controllers\Home->fetch_services()
 7 SYSTEMPATH/CodeIgniter.php(507): CodeIgniter\CodeIgniter->runController(Object(App\Controllers\Home))
 8 SYSTEMPATH/CodeIgniter.php(354): CodeIgniter\CodeIgniter->handleRequest(null, Object(Config\Cache), false)
 9 SYSTEMPATH/Boot.php(334): CodeIgniter\CodeIgniter->run()
10 SYSTEMPATH/Boot.php(67): CodeIgniter\Boot::runCodeIgniter(Object(CodeIgniter\CodeIgniter))
11 FCPATH/index.php(27): CodeIgniter\Boot::bootWeb(Object(Config\Paths))
WARNING - 2025-10-14 14:06:16 --> [DEPRECATED] addslashes(): Passing null to parameter #1 ($string) of type string is deprecated in APPPATH/Views/service_list.php on line 10.
 1 APPPATH/Views/service_list.php(10): addslashes(null)
 2 SYSTEMPATH/View/View.php(224): include('/home/u810214334/domains/embellish-beauty.co.uk/public_html/app/Views/service_list.php')
 3 SYSTEMPATH/View/View.php(227): CodeIgniter\View\View->CodeIgniter\View\{closure}()
 4 SYSTEMPATH/Common.php(1173): CodeIgniter\View\View->render('service_list', [], true)
 5 APPPATH/Controllers/Home.php(129): view('service_list', [...])
 6 SYSTEMPATH/CodeIgniter.php(933): App\Controllers\Home->fetch_services()
 7 SYSTEMPATH/CodeIgniter.php(507): CodeIgniter\CodeIgniter->runController(Object(App\Controllers\Home))
 8 SYSTEMPATH/CodeIgniter.php(354): CodeIgniter\CodeIgniter->handleRequest(null, Object(Config\Cache), false)
 9 SYSTEMPATH/Boot.php(334): CodeIgniter\CodeIgniter->run()
10 SYSTEMPATH/Boot.php(67): CodeIgniter\Boot::runCodeIgniter(Object(CodeIgniter\CodeIgniter))
11 FCPATH/index.php(27): CodeIgniter\Boot::bootWeb(Object(Config\Paths))
WARNING - 2025-10-14 14:06:16 --> [DEPRECATED] addslashes(): Passing null to parameter #1 ($string) of type string is deprecated in APPPATH/Views/service_list.php on line 10.
 1 APPPATH/Views/service_list.php(10): addslashes(null)
 2 SYSTEMPATH/View/View.php(224): include('/home/u810214334/domains/embellish-beauty.co.uk/public_html/app/Views/service_list.php')
 3 SYSTEMPATH/View/View.php(227): CodeIgniter\View\View->CodeIgniter\View\{closure}()
 4 SYSTEMPATH/Common.php(1173): CodeIgniter\View\View->render('service_list', [], true)
 5 APPPATH/Controllers/Home.php(129): view('service_list', [...])
 6 SYSTEMPATH/CodeIgniter.php(933): App\Controllers\Home->fetch_services()
 7 SYSTEMPATH/CodeIgniter.php(507): CodeIgniter\CodeIgniter->runController(Object(App\Controllers\Home))
 8 SYSTEMPATH/CodeIgniter.php(354): CodeIgniter\CodeIgniter->handleRequest(null, Object(Config\Cache), false)
 9 SYSTEMPATH/Boot.php(334): CodeIgniter\CodeIgniter->run()
10 SYSTEMPATH/Boot.php(67): CodeIgniter\Boot::runCodeIgniter(Object(CodeIgniter\CodeIgniter))
11 FCPATH/index.php(27): CodeIgniter\Boot::bootWeb(Object(Config\Paths))
WARNING - 2025-10-14 14:06:16 --> [DEPRECATED] addslashes(): Passing null to parameter #1 ($string) of type string is deprecated in APPPATH/Views/service_list.php on line 10.
 1 APPPATH/Views/service_list.php(10): addslashes(null)
 2 SYSTEMPATH/View/View.php(224): include('/home/u810214334/domains/embellish-beauty.co.uk/public_html/app/Views/service_list.php')
 3 SYSTEMPATH/View/View.php(227): CodeIgniter\View\View->CodeIgniter\View\{closure}()
 4 SYSTEMPATH/Common.php(1173): CodeIgniter\View\View->render('service_list', [], true)
 5 APPPATH/Controllers/Home.php(129): view('service_list', [...])
 6 SYSTEMPATH/CodeIgniter.php(933): App\Controllers\Home->fetch_services()
 7 SYSTEMPATH/CodeIgniter.php(507): CodeIgniter\CodeIgniter->runController(Object(App\Controllers\Home))
 8 SYSTEMPATH/CodeIgniter.php(354): CodeIgniter\CodeIgniter->handleRequest(null, Object(Config\Cache), false)
 9 SYSTEMPATH/Boot.php(334): CodeIgniter\CodeIgniter->run()
10 SYSTEMPATH/Boot.php(67): CodeIgniter\Boot::runCodeIgniter(Object(CodeIgniter\CodeIgniter))
11 FCPATH/index.php(27): CodeIgniter\Boot::bootWeb(Object(Config\Paths))
WARNING - 2025-10-14 14:06:16 --> [DEPRECATED] addslashes(): Passing null to parameter #1 ($string) of type string is deprecated in APPPATH/Views/service_list.php on line 10.
 1 APPPATH/Views/service_list.php(10): addslashes(null)
 2 SYSTEMPATH/View/View.php(224): include('/home/u810214334/domains/embellish-beauty.co.uk/public_html/app/Views/service_list.php')
 3 SYSTEMPATH/View/View.php(227): CodeIgniter\View\View->CodeIgniter\View\{closure}()
 4 SYSTEMPATH/Common.php(1173): CodeIgniter\View\View->render('service_list', [], true)
 5 APPPATH/Controllers/Home.php(129): view('service_list', [...])
 6 SYSTEMPATH/CodeIgniter.php(933): App\Controllers\Home->fetch_services()
 7 SYSTEMPATH/CodeIgniter.php(507): CodeIgniter\CodeIgniter->runController(Object(App\Controllers\Home))
 8 SYSTEMPATH/CodeIgniter.php(354): CodeIgniter\CodeIgniter->handleRequest(null, Object(Config\Cache), false)
 9 SYSTEMPATH/Boot.php(334): CodeIgniter\CodeIgniter->run()
10 SYSTEMPATH/Boot.php(67): CodeIgniter\Boot::runCodeIgniter(Object(CodeIgniter\CodeIgniter))
11 FCPATH/index.php(27): CodeIgniter\Boot::bootWeb(Object(Config\Paths))
WARNING - 2025-10-14 14:06:16 --> [DEPRECATED] addslashes(): Passing null to parameter #1 ($string) of type string is deprecated in APPPATH/Views/service_list.php on line 10.
 1 APPPATH/Views/service_list.php(10): addslashes(null)
 2 SYSTEMPATH/View/View.php(224): include('/home/u810214334/domains/embellish-beauty.co.uk/public_html/app/Views/service_list.php')
 3 SYSTEMPATH/View/View.php(227): CodeIgniter\View\View->CodeIgniter\View\{closure}()
 4 SYSTEMPATH/Common.php(1173): CodeIgniter\View\View->render('service_list', [], true)
 5 APPPATH/Controllers/Home.php(129): view('service_list', [...])
 6 SYSTEMPATH/CodeIgniter.php(933): App\Controllers\Home->fetch_services()
 7 SYSTEMPATH/CodeIgniter.php(507): CodeIgniter\CodeIgniter->runController(Object(App\Controllers\Home))
 8 SYSTEMPATH/CodeIgniter.php(354): CodeIgniter\CodeIgniter->handleRequest(null, Object(Config\Cache), false)
 9 SYSTEMPATH/Boot.php(334): CodeIgniter\CodeIgniter->run()
10 SYSTEMPATH/Boot.php(67): CodeIgniter\Boot::runCodeIgniter(Object(CodeIgniter\CodeIgniter))
11 FCPATH/index.php(27): CodeIgniter\Boot::bootWeb(Object(Config\Paths))
WARNING - 2025-10-14 14:06:16 --> [DEPRECATED] addslashes(): Passing null to parameter #1 ($string) of type string is deprecated in APPPATH/Views/service_list.php on line 10.
 1 APPPATH/Views/service_list.php(10): addslashes(null)
 2 SYSTEMPATH/View/View.php(224): include('/home/u810214334/domains/embellish-beauty.co.uk/public_html/app/Views/service_list.php')
 3 SYSTEMPATH/View/View.php(227): CodeIgniter\View\View->CodeIgniter\View\{closure}()
 4 SYSTEMPATH/Common.php(1173): CodeIgniter\View\View->render('service_list', [], true)
 5 APPPATH/Controllers/Home.php(129): view('service_list', [...])
 6 SYSTEMPATH/CodeIgniter.php(933): App\Controllers\Home->fetch_services()
 7 SYSTEMPATH/CodeIgniter.php(507): CodeIgniter\CodeIgniter->runController(Object(App\Controllers\Home))
 8 SYSTEMPATH/CodeIgniter.php(354): CodeIgniter\CodeIgniter->handleRequest(null, Object(Config\Cache), false)
 9 SYSTEMPATH/Boot.php(334): CodeIgniter\CodeIgniter->run()
10 SYSTEMPATH/Boot.php(67): CodeIgniter\Boot::runCodeIgniter(Object(CodeIgniter\CodeIgniter))
11 FCPATH/index.php(27): CodeIgniter\Boot::bootWeb(Object(Config\Paths))
WARNING - 2025-10-14 14:06:16 --> [DEPRECATED] addslashes(): Passing null to parameter #1 ($string) of type string is deprecated in APPPATH/Views/service_list.php on line 10.
 1 APPPATH/Views/service_list.php(10): addslashes(null)
 2 SYSTEMPATH/View/View.php(224): include('/home/u810214334/domains/embellish-beauty.co.uk/public_html/app/Views/service_list.php')
 3 SYSTEMPATH/View/View.php(227): CodeIgniter\View\View->CodeIgniter\View\{closure}()
 4 SYSTEMPATH/Common.php(1173): CodeIgniter\View\View->render('service_list', [], true)
 5 APPPATH/Controllers/Home.php(129): view('service_list', [...])
 6 SYSTEMPATH/CodeIgniter.php(933): App\Controllers\Home->fetch_services()
 7 SYSTEMPATH/CodeIgniter.php(507): CodeIgniter\CodeIgniter->runController(Object(App\Controllers\Home))
 8 SYSTEMPATH/CodeIgniter.php(354): CodeIgniter\CodeIgniter->handleRequest(null, Object(Config\Cache), false)
 9 SYSTEMPATH/Boot.php(334): CodeIgniter\CodeIgniter->run()
10 SYSTEMPATH/Boot.php(67): CodeIgniter\Boot::runCodeIgniter(Object(CodeIgniter\CodeIgniter))
11 FCPATH/index.php(27): CodeIgniter\Boot::bootWeb(Object(Config\Paths))
WARNING - 2025-10-14 14:06:16 --> [DEPRECATED] addslashes(): Passing null to parameter #1 ($string) of type string is deprecated in APPPATH/Views/service_list.php on line 10.
 1 APPPATH/Views/service_list.php(10): addslashes(null)
 2 SYSTEMPATH/View/View.php(224): include('/home/u810214334/domains/embellish-beauty.co.uk/public_html/app/Views/service_list.php')
 3 SYSTEMPATH/View/View.php(227): CodeIgniter\View\View->CodeIgniter\View\{closure}()
 4 SYSTEMPATH/Common.php(1173): CodeIgniter\View\View->render('service_list', [], true)
 5 APPPATH/Controllers/Home.php(129): view('service_list', [...])
 6 SYSTEMPATH/CodeIgniter.php(933): App\Controllers\Home->fetch_services()
 7 SYSTEMPATH/CodeIgniter.php(507): CodeIgniter\CodeIgniter->runController(Object(App\Controllers\Home))
 8 SYSTEMPATH/CodeIgniter.php(354): CodeIgniter\CodeIgniter->handleRequest(null, Object(Config\Cache), false)
 9 SYSTEMPATH/Boot.php(334): CodeIgniter\CodeIgniter->run()
10 SYSTEMPATH/Boot.php(67): CodeIgniter\Boot::runCodeIgniter(Object(CodeIgniter\CodeIgniter))
11 FCPATH/index.php(27): CodeIgniter\Boot::bootWeb(Object(Config\Paths))
WARNING - 2025-10-14 14:06:16 --> [DEPRECATED] addslashes(): Passing null to parameter #1 ($string) of type string is deprecated in APPPATH/Views/service_list.php on line 10.
 1 APPPATH/Views/service_list.php(10): addslashes(null)
 2 SYSTEMPATH/View/View.php(224): include('/home/u810214334/domains/embellish-beauty.co.uk/public_html/app/Views/service_list.php')
 3 SYSTEMPATH/View/View.php(227): CodeIgniter\View\View->CodeIgniter\View\{closure}()
 4 SYSTEMPATH/Common.php(1173): CodeIgniter\View\View->render('service_list', [], true)
 5 APPPATH/Controllers/Home.php(129): view('service_list', [...])
 6 SYSTEMPATH/CodeIgniter.php(933): App\Controllers\Home->fetch_services()
 7 SYSTEMPATH/CodeIgniter.php(507): CodeIgniter\CodeIgniter->runController(Object(App\Controllers\Home))
 8 SYSTEMPATH/CodeIgniter.php(354): CodeIgniter\CodeIgniter->handleRequest(null, Object(Config\Cache), false)
 9 SYSTEMPATH/Boot.php(334): CodeIgniter\CodeIgniter->run()
10 SYSTEMPATH/Boot.php(67): CodeIgniter\Boot::runCodeIgniter(Object(CodeIgniter\CodeIgniter))
11 FCPATH/index.php(27): CodeIgniter\Boot::bootWeb(Object(Config\Paths))
WARNING - 2025-10-14 14:06:16 --> [DEPRECATED] addslashes(): Passing null to parameter #1 ($string) of type string is deprecated in APPPATH/Views/service_list.php on line 10.
 1 APPPATH/Views/service_list.php(10): addslashes(null)
 2 SYSTEMPATH/View/View.php(224): include('/home/u810214334/domains/embellish-beauty.co.uk/public_html/app/Views/service_list.php')
 3 SYSTEMPATH/View/View.php(227): CodeIgniter\View\View->CodeIgniter\View\{closure}()
 4 SYSTEMPATH/Common.php(1173): CodeIgniter\View\View->render('service_list', [], true)
 5 APPPATH/Controllers/Home.php(129): view('service_list', [...])
 6 SYSTEMPATH/CodeIgniter.php(933): App\Controllers\Home->fetch_services()
 7 SYSTEMPATH/CodeIgniter.php(507): CodeIgniter\CodeIgniter->runController(Object(App\Controllers\Home))
 8 SYSTEMPATH/CodeIgniter.php(354): CodeIgniter\CodeIgniter->handleRequest(null, Object(Config\Cache), false)
 9 SYSTEMPATH/Boot.php(334): CodeIgniter\CodeIgniter->run()
10 SYSTEMPATH/Boot.php(67): CodeIgniter\Boot::runCodeIgniter(Object(CodeIgniter\CodeIgniter))
11 FCPATH/index.php(27): CodeIgniter\Boot::bootWeb(Object(Config\Paths))
WARNING - 2025-10-14 14:06:16 --> [DEPRECATED] addslashes(): Passing null to parameter #1 ($string) of type string is deprecated in APPPATH/Views/service_list.php on line 10.
 1 APPPATH/Views/service_list.php(10): addslashes(null)
 2 SYSTEMPATH/View/View.php(224): include('/home/u810214334/domains/embellish-beauty.co.uk/public_html/app/Views/service_list.php')
 3 SYSTEMPATH/View/View.php(227): CodeIgniter\View\View->CodeIgniter\View\{closure}()
 4 SYSTEMPATH/Common.php(1173): CodeIgniter\View\View->render('service_list', [], true)
 5 APPPATH/Controllers/Home.php(129): view('service_list', [...])
 6 SYSTEMPATH/CodeIgniter.php(933): App\Controllers\Home->fetch_services()
 7 SYSTEMPATH/CodeIgniter.php(507): CodeIgniter\CodeIgniter->runController(Object(App\Controllers\Home))
 8 SYSTEMPATH/CodeIgniter.php(354): CodeIgniter\CodeIgniter->handleRequest(null, Object(Config\Cache), false)
 9 SYSTEMPATH/Boot.php(334): CodeIgniter\CodeIgniter->run()
10 SYSTEMPATH/Boot.php(67): CodeIgniter\Boot::runCodeIgniter(Object(CodeIgniter\CodeIgniter))
11 FCPATH/index.php(27): CodeIgniter\Boot::bootWeb(Object(Config\Paths))
WARNING - 2025-10-14 14:06:16 --> [DEPRECATED] addslashes(): Passing null to parameter #1 ($string) of type string is deprecated in APPPATH/Views/service_list.php on line 10.
 1 APPPATH/Views/service_list.php(10): addslashes(null)
 2 SYSTEMPATH/View/View.php(224): include('/home/u810214334/domains/embellish-beauty.co.uk/public_html/app/Views/service_list.php')
 3 SYSTEMPATH/View/View.php(227): CodeIgniter\View\View->CodeIgniter\View\{closure}()
 4 SYSTEMPATH/Common.php(1173): CodeIgniter\View\View->render('service_list', [], true)
 5 APPPATH/Controllers/Home.php(129): view('service_list', [...])
 6 SYSTEMPATH/CodeIgniter.php(933): App\Controllers\Home->fetch_services()
 7 SYSTEMPATH/CodeIgniter.php(507): CodeIgniter\CodeIgniter->runController(Object(App\Controllers\Home))
 8 SYSTEMPATH/CodeIgniter.php(354): CodeIgniter\CodeIgniter->handleRequest(null, Object(Config\Cache), false)
 9 SYSTEMPATH/Boot.php(334): CodeIgniter\CodeIgniter->run()
10 SYSTEMPATH/Boot.php(67): CodeIgniter\Boot::runCodeIgniter(Object(CodeIgniter\CodeIgniter))
11 FCPATH/index.php(27): CodeIgniter\Boot::bootWeb(Object(Config\Paths))
WARNING - 2025-10-14 14:06:16 --> [DEPRECATED] addslashes(): Passing null to parameter #1 ($string) of type string is deprecated in APPPATH/Views/service_list.php on line 10.
 1 APPPATH/Views/service_list.php(10): addslashes(null)
 2 SYSTEMPATH/View/View.php(224): include('/home/u810214334/domains/embellish-beauty.co.uk/public_html/app/Views/service_list.php')
 3 SYSTEMPATH/View/View.php(227): CodeIgniter\View\View->CodeIgniter\View\{closure}()
 4 SYSTEMPATH/Common.php(1173): CodeIgniter\View\View->render('service_list', [], true)
 5 APPPATH/Controllers/Home.php(129): view('service_list', [...])
 6 SYSTEMPATH/CodeIgniter.php(933): App\Controllers\Home->fetch_services()
 7 SYSTEMPATH/CodeIgniter.php(507): CodeIgniter\CodeIgniter->runController(Object(App\Controllers\Home))
 8 SYSTEMPATH/CodeIgniter.php(354): CodeIgniter\CodeIgniter->handleRequest(null, Object(Config\Cache), false)
 9 SYSTEMPATH/Boot.php(334): CodeIgniter\CodeIgniter->run()
10 SYSTEMPATH/Boot.php(67): CodeIgniter\Boot::runCodeIgniter(Object(CodeIgniter\CodeIgniter))
11 FCPATH/index.php(27): CodeIgniter\Boot::bootWeb(Object(Config\Paths))
WARNING - 2025-10-14 14:06:16 --> [DEPRECATED] addslashes(): Passing null to parameter #1 ($string) of type string is deprecated in APPPATH/Views/service_list.php on line 10.
 1 APPPATH/Views/service_list.php(10): addslashes(null)
 2 SYSTEMPATH/View/View.php(224): include('/home/u810214334/domains/embellish-beauty.co.uk/public_html/app/Views/service_list.php')
 3 SYSTEMPATH/View/View.php(227): CodeIgniter\View\View->CodeIgniter\View\{closure}()
 4 SYSTEMPATH/Common.php(1173): CodeIgniter\View\View->render('service_list', [], true)
 5 APPPATH/Controllers/Home.php(129): view('service_list', [...])
 6 SYSTEMPATH/CodeIgniter.php(933): App\Controllers\Home->fetch_services()
 7 SYSTEMPATH/CodeIgniter.php(507): CodeIgniter\CodeIgniter->runController(Object(App\Controllers\Home))
 8 SYSTEMPATH/CodeIgniter.php(354): CodeIgniter\CodeIgniter->handleRequest(null, Object(Config\Cache), false)
 9 SYSTEMPATH/Boot.php(334): CodeIgniter\CodeIgniter->run()
10 SYSTEMPATH/Boot.php(67): CodeIgniter\Boot::runCodeIgniter(Object(CodeIgniter\CodeIgniter))
11 FCPATH/index.php(27): CodeIgniter\Boot::bootWeb(Object(Config\Paths))
WARNING - 2025-10-14 14:06:16 --> [DEPRECATED] addslashes(): Passing null to parameter #1 ($string) of type string is deprecated in APPPATH/Views/service_list.php on line 10.
 1 APPPATH/Views/service_list.php(10): addslashes(null)
 2 SYSTEMPATH/View/View.php(224): include('/home/u810214334/domains/embellish-beauty.co.uk/public_html/app/Views/service_list.php')
 3 SYSTEMPATH/View/View.php(227): CodeIgniter\View\View->CodeIgniter\View\{closure}()
 4 SYSTEMPATH/Common.php(1173): CodeIgniter\View\View->render('service_list', [], true)
 5 APPPATH/Controllers/Home.php(129): view('service_list', [...])
 6 SYSTEMPATH/CodeIgniter.php(933): App\Controllers\Home->fetch_services()
 7 SYSTEMPATH/CodeIgniter.php(507): CodeIgniter\CodeIgniter->runController(Object(App\Controllers\Home))
 8 SYSTEMPATH/CodeIgniter.php(354): CodeIgniter\CodeIgniter->handleRequest(null, Object(Config\Cache), false)
 9 SYSTEMPATH/Boot.php(334): CodeIgniter\CodeIgniter->run()
10 SYSTEMPATH/Boot.php(67): CodeIgniter\Boot::runCodeIgniter(Object(CodeIgniter\CodeIgniter))
11 FCPATH/index.php(27): CodeIgniter\Boot::bootWeb(Object(Config\Paths))
WARNING - 2025-10-14 14:06:16 --> [DEPRECATED] addslashes(): Passing null to parameter #1 ($string) of type string is deprecated in APPPATH/Views/service_list.php on line 10.
 1 APPPATH/Views/service_list.php(10): addslashes(null)
 2 SYSTEMPATH/View/View.php(224): include('/home/u810214334/domains/embellish-beauty.co.uk/public_html/app/Views/service_list.php')
 3 SYSTEMPATH/View/View.php(227): CodeIgniter\View\View->CodeIgniter\View\{closure}()
 4 SYSTEMPATH/Common.php(1173): CodeIgniter\View\View->render('service_list', [], true)
 5 APPPATH/Controllers/Home.php(129): view('service_list', [...])
 6 SYSTEMPATH/CodeIgniter.php(933): App\Controllers\Home->fetch_services()
 7 SYSTEMPATH/CodeIgniter.php(507): CodeIgniter\CodeIgniter->runController(Object(App\Controllers\Home))
 8 SYSTEMPATH/CodeIgniter.php(354): CodeIgniter\CodeIgniter->handleRequest(null, Object(Config\Cache), false)
 9 SYSTEMPATH/Boot.php(334): CodeIgniter\CodeIgniter->run()
10 SYSTEMPATH/Boot.php(67): CodeIgniter\Boot::runCodeIgniter(Object(CodeIgniter\CodeIgniter))
11 FCPATH/index.php(27): CodeIgniter\Boot::bootWeb(Object(Config\Paths))
WARNING - 2025-10-14 14:06:16 --> [DEPRECATED] addslashes(): Passing null to parameter #1 ($string) of type string is deprecated in APPPATH/Views/service_list.php on line 10.
 1 APPPATH/Views/service_list.php(10): addslashes(null)
 2 SYSTEMPATH/View/View.php(224): include('/home/u810214334/domains/embellish-beauty.co.uk/public_html/app/Views/service_list.php')
 3 SYSTEMPATH/View/View.php(227): CodeIgniter\View\View->CodeIgniter\View\{closure}()
 4 SYSTEMPATH/Common.php(1173): CodeIgniter\View\View->render('service_list', [], true)
 5 APPPATH/Controllers/Home.php(129): view('service_list', [...])
 6 SYSTEMPATH/CodeIgniter.php(933): App\Controllers\Home->fetch_services()
 7 SYSTEMPATH/CodeIgniter.php(507): CodeIgniter\CodeIgniter->runController(Object(App\Controllers\Home))
 8 SYSTEMPATH/CodeIgniter.php(354): CodeIgniter\CodeIgniter->handleRequest(null, Object(Config\Cache), false)
 9 SYSTEMPATH/Boot.php(334): CodeIgniter\CodeIgniter->run()
10 SYSTEMPATH/Boot.php(67): CodeIgniter\Boot::runCodeIgniter(Object(CodeIgniter\CodeIgniter))
11 FCPATH/index.php(27): CodeIgniter\Boot::bootWeb(Object(Config\Paths))
DEBUG - 2025-10-14 14:06:19 --> Session: Class initialized using 'CodeIgniter\Session\Handlers\FileHandler' driver.
DEBUG - 2025-10-14 14:06:20 --> Session: Class initialized using 'CodeIgniter\Session\Handlers\FileHandler' driver.
DEBUG - 2025-10-14 14:06:21 --> Session: Class initialized using 'CodeIgniter\Session\Handlers\FileHandler' driver.
DEBUG - 2025-10-14 14:06:26 --> Session: Class initialized using 'CodeIgniter\Session\Handlers\FileHandler' driver.
DEBUG - 2025-10-14 14:06:27 --> Session: Class initialized using 'CodeIgniter\Session\Handlers\FileHandler' driver.
DEBUG - 2025-10-14 14:06:30 --> Session: Class initialized using 'CodeIgniter\Session\Handlers\FileHandler' driver.
DEBUG - 2025-10-14 14:06:31 --> Session: Class initialized using 'CodeIgniter\Session\Handlers\FileHandler' driver.
DEBUG - 2025-10-14 14:06:33 --> Session: Class initialized using 'CodeIgniter\Session\Handlers\FileHandler' driver.
DEBUG - 2025-10-14 14:06:38 --> Session: Class initialized using 'CodeIgniter\Session\Handlers\FileHandler' driver.
DEBUG - 2025-10-14 14:06:43 --> Session: Class initialized using 'CodeIgniter\Session\Handlers\FileHandler' driver.
DEBUG - 2025-10-14 14:08:06 --> Session: Class initialized using 'CodeIgniter\Session\Handlers\FileHandler' driver.
DEBUG - 2025-10-14 14:08:36 --> Session: Class initialized using 'CodeIgniter\Session\Handlers\FileHandler' driver.
DEBUG - 2025-10-14 14:08:39 --> Session: Class initialized using 'CodeIgniter\Session\Handlers\FileHandler' driver.
DEBUG - 2025-10-14 14:08:45 --> Session: Class initialized using 'CodeIgniter\Session\Handlers\FileHandler' driver.
DEBUG - 2025-10-14 14:08:45 --> Session: Class initialized using 'CodeIgniter\Session\Handlers\FileHandler' driver.
DEBUG - 2025-10-14 14:08:45 --> Session: Class initialized using 'CodeIgniter\Session\Handlers\FileHandler' driver.
DEBUG - 2025-10-14 14:10:31 --> Session: Class initialized using 'CodeIgniter\Session\Handlers\FileHandler' driver.
DEBUG - 2025-10-14 14:10:46 --> Session: Class initialized using 'CodeIgniter\Session\Handlers\FileHandler' driver.
DEBUG - 2025-10-14 14:10:49 --> Session: Class initialized using 'CodeIgniter\Session\Handlers\FileHandler' driver.
DEBUG - 2025-10-14 14:11:07 --> Session: Class initialized using 'CodeIgniter\Session\Handlers\FileHandler' driver.
DEBUG - 2025-10-14 14:11:14 --> Session: Class initialized using 'CodeIgniter\Session\Handlers\FileHandler' driver.
DEBUG - 2025-10-14 14:11:14 --> Session: Class initialized using 'CodeIgniter\Session\Handlers\FileHandler' driver.
DEBUG - 2025-10-14 14:11:14 --> Session: Class initialized using 'CodeIgniter\Session\Handlers\FileHandler' driver.
DEBUG - 2025-10-14 14:11:27 --> Session: Class initialized using 'CodeIgniter\Session\Handlers\FileHandler' driver.
DEBUG - 2025-10-14 14:11:27 --> Session: Class initialized using 'CodeIgniter\Session\Handlers\FileHandler' driver.
DEBUG - 2025-10-14 14:11:27 --> Session: Class initialized using 'CodeIgniter\Session\Handlers\FileHandler' driver.
DEBUG - 2025-10-14 14:11:28 --> Session: Class initialized using 'CodeIgniter\Session\Handlers\FileHandler' driver.
DEBUG - 2025-10-14 14:11:28 --> Session: Class initialized using 'CodeIgniter\Session\Handlers\FileHandler' driver.
WARNING - 2025-10-14 14:11:28 --> [DEPRECATED] addslashes(): Passing null to parameter #1 ($string) of type string is deprecated in APPPATH/Views/service_list.php on line 10.
 1 APPPATH/Views/service_list.php(10): addslashes(null)
 2 SYSTEMPATH/View/View.php(224): include('/home/u810214334/domains/embellish-beauty.co.uk/public_html/app/Views/service_list.php')
 3 SYSTEMPATH/View/View.php(227): CodeIgniter\View\View->CodeIgniter\View\{closure}()
 4 SYSTEMPATH/Common.php(1173): CodeIgniter\View\View->render('service_list', [], true)
 5 APPPATH/Controllers/Home.php(129): view('service_list', [...])
 6 SYSTEMPATH/CodeIgniter.php(933): App\Controllers\Home->fetch_services()
 7 SYSTEMPATH/CodeIgniter.php(507): CodeIgniter\CodeIgniter->runController(Object(App\Controllers\Home))
 8 SYSTEMPATH/CodeIgniter.php(354): CodeIgniter\CodeIgniter->handleRequest(null, Object(Config\Cache), false)
 9 SYSTEMPATH/Boot.php(334): CodeIgniter\CodeIgniter->run()
10 SYSTEMPATH/Boot.php(67): CodeIgniter\Boot::runCodeIgniter(Object(CodeIgniter\CodeIgniter))
11 FCPATH/index.php(27): CodeIgniter\Boot::bootWeb(Object(Config\Paths))
WARNING - 2025-10-14 14:11:28 --> [DEPRECATED] addslashes(): Passing null to parameter #1 ($string) of type string is deprecated in APPPATH/Views/service_list.php on line 10.
 1 APPPATH/Views/service_list.php(10): addslashes(null)
 2 SYSTEMPATH/View/View.php(224): include('/home/u810214334/domains/embellish-beauty.co.uk/public_html/app/Views/service_list.php')
 3 SYSTEMPATH/View/View.php(227): CodeIgniter\View\View->CodeIgniter\View\{closure}()
 4 SYSTEMPATH/Common.php(1173): CodeIgniter\View\View->render('service_list', [], true)
 5 APPPATH/Controllers/Home.php(129): view('service_list', [...])
 6 SYSTEMPATH/CodeIgniter.php(933): App\Controllers\Home->fetch_services()
 7 SYSTEMPATH/CodeIgniter.php(507): CodeIgniter\CodeIgniter->runController(Object(App\Controllers\Home))
 8 SYSTEMPATH/CodeIgniter.php(354): CodeIgniter\CodeIgniter->handleRequest(null, Object(Config\Cache), false)
 9 SYSTEMPATH/Boot.php(334): CodeIgniter\CodeIgniter->run()
10 SYSTEMPATH/Boot.php(67): CodeIgniter\Boot::runCodeIgniter(Object(CodeIgniter\CodeIgniter))
11 FCPATH/index.php(27): CodeIgniter\Boot::bootWeb(Object(Config\Paths))
WARNING - 2025-10-14 14:11:28 --> [DEPRECATED] addslashes(): Passing null to parameter #1 ($string) of type string is deprecated in APPPATH/Views/service_list.php on line 10.
 1 APPPATH/Views/service_list.php(10): addslashes(null)
 2 SYSTEMPATH/View/View.php(224): include('/home/u810214334/domains/embellish-beauty.co.uk/public_html/app/Views/service_list.php')
 3 SYSTEMPATH/View/View.php(227): CodeIgniter\View\View->CodeIgniter\View\{closure}()
 4 SYSTEMPATH/Common.php(1173): CodeIgniter\View\View->render('service_list', [], true)
 5 APPPATH/Controllers/Home.php(129): view('service_list', [...])
 6 SYSTEMPATH/CodeIgniter.php(933): App\Controllers\Home->fetch_services()
 7 SYSTEMPATH/CodeIgniter.php(507): CodeIgniter\CodeIgniter->runController(Object(App\Controllers\Home))
 8 SYSTEMPATH/CodeIgniter.php(354): CodeIgniter\CodeIgniter->handleRequest(null, Object(Config\Cache), false)
 9 SYSTEMPATH/Boot.php(334): CodeIgniter\CodeIgniter->run()
10 SYSTEMPATH/Boot.php(67): CodeIgniter\Boot::runCodeIgniter(Object(CodeIgniter\CodeIgniter))
11 FCPATH/index.php(27): CodeIgniter\Boot::bootWeb(Object(Config\Paths))
WARNING - 2025-10-14 14:11:28 --> [DEPRECATED] addslashes(): Passing null to parameter #1 ($string) of type string is deprecated in APPPATH/Views/service_list.php on line 10.
 1 APPPATH/Views/service_list.php(10): addslashes(null)
 2 SYSTEMPATH/View/View.php(224): include('/home/u810214334/domains/embellish-beauty.co.uk/public_html/app/Views/service_list.php')
 3 SYSTEMPATH/View/View.php(227): CodeIgniter\View\View->CodeIgniter\View\{closure}()
 4 SYSTEMPATH/Common.php(1173): CodeIgniter\View\View->render('service_list', [], true)
 5 APPPATH/Controllers/Home.php(129): view('service_list', [...])
 6 SYSTEMPATH/CodeIgniter.php(933): App\Controllers\Home->fetch_services()
 7 SYSTEMPATH/CodeIgniter.php(507): CodeIgniter\CodeIgniter->runController(Object(App\Controllers\Home))
 8 SYSTEMPATH/CodeIgniter.php(354): CodeIgniter\CodeIgniter->handleRequest(null, Object(Config\Cache), false)
 9 SYSTEMPATH/Boot.php(334): CodeIgniter\CodeIgniter->run()
10 SYSTEMPATH/Boot.php(67): CodeIgniter\Boot::runCodeIgniter(Object(CodeIgniter\CodeIgniter))
11 FCPATH/index.php(27): CodeIgniter\Boot::bootWeb(Object(Config\Paths))
WARNING - 2025-10-14 14:11:28 --> [DEPRECATED] addslashes(): Passing null to parameter #1 ($string) of type string is deprecated in APPPATH/Views/service_list.php on line 10.
 1 APPPATH/Views/service_list.php(10): addslashes(null)
 2 SYSTEMPATH/View/View.php(224): include('/home/u810214334/domains/embellish-beauty.co.uk/public_html/app/Views/service_list.php')
 3 SYSTEMPATH/View/View.php(227): CodeIgniter\View\View->CodeIgniter\View\{closure}()
 4 SYSTEMPATH/Common.php(1173): CodeIgniter\View\View->render('service_list', [], true)
 5 APPPATH/Controllers/Home.php(129): view('service_list', [...])
 6 SYSTEMPATH/CodeIgniter.php(933): App\Controllers\Home->fetch_services()
 7 SYSTEMPATH/CodeIgniter.php(507): CodeIgniter\CodeIgniter->runController(Object(App\Controllers\Home))
 8 SYSTEMPATH/CodeIgniter.php(354): CodeIgniter\CodeIgniter->handleRequest(null, Object(Config\Cache), false)
 9 SYSTEMPATH/Boot.php(334): CodeIgniter\CodeIgniter->run()
10 SYSTEMPATH/Boot.php(67): CodeIgniter\Boot::runCodeIgniter(Object(CodeIgniter\CodeIgniter))
11 FCPATH/index.php(27): CodeIgniter\Boot::bootWeb(Object(Config\Paths))
WARNING - 2025-10-14 14:11:28 --> [DEPRECATED] addslashes(): Passing null to parameter #1 ($string) of type string is deprecated in APPPATH/Views/service_list.php on line 10.
 1 APPPATH/Views/service_list.php(10): addslashes(null)
 2 SYSTEMPATH/View/View.php(224): include('/home/u810214334/domains/embellish-beauty.co.uk/public_html/app/Views/service_list.php')
 3 SYSTEMPATH/View/View.php(227): CodeIgniter\View\View->CodeIgniter\View\{closure}()
 4 SYSTEMPATH/Common.php(1173): CodeIgniter\View\View->render('service_list', [], true)
 5 APPPATH/Controllers/Home.php(129): view('service_list', [...])
 6 SYSTEMPATH/CodeIgniter.php(933): App\Controllers\Home->fetch_services()
 7 SYSTEMPATH/CodeIgniter.php(507): CodeIgniter\CodeIgniter->runController(Object(App\Controllers\Home))
 8 SYSTEMPATH/CodeIgniter.php(354): CodeIgniter\CodeIgniter->handleRequest(null, Object(Config\Cache), false)
 9 SYSTEMPATH/Boot.php(334): CodeIgniter\CodeIgniter->run()
10 SYSTEMPATH/Boot.php(67): CodeIgniter\Boot::runCodeIgniter(Object(CodeIgniter\CodeIgniter))
11 FCPATH/index.php(27): CodeIgniter\Boot::bootWeb(Object(Config\Paths))
WARNING - 2025-10-14 14:11:28 --> [DEPRECATED] addslashes(): Passing null to parameter #1 ($string) of type string is deprecated in APPPATH/Views/service_list.php on line 10.
 1 APPPATH/Views/service_list.php(10): addslashes(null)
 2 SYSTEMPATH/View/View.php(224): include('/home/u810214334/domains/embellish-beauty.co.uk/public_html/app/Views/service_list.php')
 3 SYSTEMPATH/View/View.php(227): CodeIgniter\View\View->CodeIgniter\View\{closure}()
 4 SYSTEMPATH/Common.php(1173): CodeIgniter\View\View->render('service_list', [], true)
 5 APPPATH/Controllers/Home.php(129): view('service_list', [...])
 6 SYSTEMPATH/CodeIgniter.php(933): App\Controllers\Home->fetch_services()
 7 SYSTEMPATH/CodeIgniter.php(507): CodeIgniter\CodeIgniter->runController(Object(App\Controllers\Home))
 8 SYSTEMPATH/CodeIgniter.php(354): CodeIgniter\CodeIgniter->handleRequest(null, Object(Config\Cache), false)
 9 SYSTEMPATH/Boot.php(334): CodeIgniter\CodeIgniter->run()
10 SYSTEMPATH/Boot.php(67): CodeIgniter\Boot::runCodeIgniter(Object(CodeIgniter\CodeIgniter))
11 FCPATH/index.php(27): CodeIgniter\Boot::bootWeb(Object(Config\Paths))
WARNING - 2025-10-14 14:11:28 --> [DEPRECATED] addslashes(): Passing null to parameter #1 ($string) of type string is deprecated in APPPATH/Views/service_list.php on line 10.
 1 APPPATH/Views/service_list.php(10): addslashes(null)
 2 SYSTEMPATH/View/View.php(224): include('/home/u810214334/domains/embellish-beauty.co.uk/public_html/app/Views/service_list.php')
 3 SYSTEMPATH/View/View.php(227): CodeIgniter\View\View->CodeIgniter\View\{closure}()
 4 SYSTEMPATH/Common.php(1173): CodeIgniter\View\View->render('service_list', [], true)
 5 APPPATH/Controllers/Home.php(129): view('service_list', [...])
 6 SYSTEMPATH/CodeIgniter.php(933): App\Controllers\Home->fetch_services()
 7 SYSTEMPATH/CodeIgniter.php(507): CodeIgniter\CodeIgniter->runController(Object(App\Controllers\Home))
 8 SYSTEMPATH/CodeIgniter.php(354): CodeIgniter\CodeIgniter->handleRequest(null, Object(Config\Cache), false)
 9 SYSTEMPATH/Boot.php(334): CodeIgniter\CodeIgniter->run()
10 SYSTEMPATH/Boot.php(67): CodeIgniter\Boot::runCodeIgniter(Object(CodeIgniter\CodeIgniter))
11 FCPATH/index.php(27): CodeIgniter\Boot::bootWeb(Object(Config\Paths))
WARNING - 2025-10-14 14:11:28 --> [DEPRECATED] addslashes(): Passing null to parameter #1 ($string) of type string is deprecated in APPPATH/Views/service_list.php on line 10.
 1 APPPATH/Views/service_list.php(10): addslashes(null)
 2 SYSTEMPATH/View/View.php(224): include('/home/u810214334/domains/embellish-beauty.co.uk/public_html/app/Views/service_list.php')
 3 SYSTEMPATH/View/View.php(227): CodeIgniter\View\View->CodeIgniter\View\{closure}()
 4 SYSTEMPATH/Common.php(1173): CodeIgniter\View\View->render('service_list', [], true)
 5 APPPATH/Controllers/Home.php(129): view('service_list', [...])
 6 SYSTEMPATH/CodeIgniter.php(933): App\Controllers\Home->fetch_services()
 7 SYSTEMPATH/CodeIgniter.php(507): CodeIgniter\CodeIgniter->runController(Object(App\Controllers\Home))
 8 SYSTEMPATH/CodeIgniter.php(354): CodeIgniter\CodeIgniter->handleRequest(null, Object(Config\Cache), false)
 9 SYSTEMPATH/Boot.php(334): CodeIgniter\CodeIgniter->run()
10 SYSTEMPATH/Boot.php(67): CodeIgniter\Boot::runCodeIgniter(Object(CodeIgniter\CodeIgniter))
11 FCPATH/index.php(27): CodeIgniter\Boot::bootWeb(Object(Config\Paths))
WARNING - 2025-10-14 14:11:28 --> [DEPRECATED] addslashes(): Passing null to parameter #1 ($string) of type string is deprecated in APPPATH/Views/service_list.php on line 10.
 1 APPPATH/Views/service_list.php(10): addslashes(null)
 2 SYSTEMPATH/View/View.php(224): include('/home/u810214334/domains/embellish-beauty.co.uk/public_html/app/Views/service_list.php')
 3 SYSTEMPATH/View/View.php(227): CodeIgniter\View\View->CodeIgniter\View\{closure}()
 4 SYSTEMPATH/Common.php(1173): CodeIgniter\View\View->render('service_list', [], true)
 5 APPPATH/Controllers/Home.php(129): view('service_list', [...])
 6 SYSTEMPATH/CodeIgniter.php(933): App\Controllers\Home->fetch_services()
 7 SYSTEMPATH/CodeIgniter.php(507): CodeIgniter\CodeIgniter->runController(Object(App\Controllers\Home))
 8 SYSTEMPATH/CodeIgniter.php(354): CodeIgniter\CodeIgniter->handleRequest(null, Object(Config\Cache), false)
 9 SYSTEMPATH/Boot.php(334): CodeIgniter\CodeIgniter->run()
10 SYSTEMPATH/Boot.php(67): CodeIgniter\Boot::runCodeIgniter(Object(CodeIgniter\CodeIgniter))
11 FCPATH/index.php(27): CodeIgniter\Boot::bootWeb(Object(Config\Paths))
DEBUG - 2025-10-14 14:11:46 --> Session: Class initialized using 'CodeIgniter\Session\Handlers\FileHandler' driver.
DEBUG - 2025-10-14 14:11:49 --> Session: Class initialized using 'CodeIgniter\Session\Handlers\FileHandler' driver.
DEBUG - 2025-10-14 14:11:50 --> Session: Class initialized using 'CodeIgniter\Session\Handlers\FileHandler' driver.
DEBUG - 2025-10-14 14:11:50 --> Session: Class initialized using 'CodeIgniter\Session\Handlers\FileHandler' driver.
WARNING - 2025-10-14 14:11:50 --> [DEPRECATED] addslashes(): Passing null to parameter #1 ($string) of type string is deprecated in APPPATH/Views/service_list.php on line 10.
 1 APPPATH/Views/service_list.php(10): addslashes(null)
 2 SYSTEMPATH/View/View.php(224): include('/home/u810214334/domains/embellish-beauty.co.uk/public_html/app/Views/service_list.php')
 3 SYSTEMPATH/View/View.php(227): CodeIgniter\View\View->CodeIgniter\View\{closure}()
 4 SYSTEMPATH/Common.php(1173): CodeIgniter\View\View->render('service_list', [], true)
 5 APPPATH/Controllers/Home.php(129): view('service_list', [...])
 6 SYSTEMPATH/CodeIgniter.php(933): App\Controllers\Home->fetch_services()
 7 SYSTEMPATH/CodeIgniter.php(507): CodeIgniter\CodeIgniter->runController(Object(App\Controllers\Home))
 8 SYSTEMPATH/CodeIgniter.php(354): CodeIgniter\CodeIgniter->handleRequest(null, Object(Config\Cache), false)
 9 SYSTEMPATH/Boot.php(334): CodeIgniter\CodeIgniter->run()
10 SYSTEMPATH/Boot.php(67): CodeIgniter\Boot::runCodeIgniter(Object(CodeIgniter\CodeIgniter))
11 FCPATH/index.php(27): CodeIgniter\Boot::bootWeb(Object(Config\Paths))
WARNING - 2025-10-14 14:11:50 --> [DEPRECATED] addslashes(): Passing null to parameter #1 ($string) of type string is deprecated in APPPATH/Views/service_list.php on line 10.
 1 APPPATH/Views/service_list.php(10): addslashes(null)
 2 SYSTEMPATH/View/View.php(224): include('/home/u810214334/domains/embellish-beauty.co.uk/public_html/app/Views/service_list.php')
 3 SYSTEMPATH/View/View.php(227): CodeIgniter\View\View->CodeIgniter\View\{closure}()
 4 SYSTEMPATH/Common.php(1173): CodeIgniter\View\View->render('service_list', [], true)
 5 APPPATH/Controllers/Home.php(129): view('service_list', [...])
 6 SYSTEMPATH/CodeIgniter.php(933): App\Controllers\Home->fetch_services()
 7 SYSTEMPATH/CodeIgniter.php(507): CodeIgniter\CodeIgniter->runController(Object(App\Controllers\Home))
 8 SYSTEMPATH/CodeIgniter.php(354): CodeIgniter\CodeIgniter->handleRequest(null, Object(Config\Cache), false)
 9 SYSTEMPATH/Boot.php(334): CodeIgniter\CodeIgniter->run()
10 SYSTEMPATH/Boot.php(67): CodeIgniter\Boot::runCodeIgniter(Object(CodeIgniter\CodeIgniter))
11 FCPATH/index.php(27): CodeIgniter\Boot::bootWeb(Object(Config\Paths))
WARNING - 2025-10-14 14:11:50 --> [DEPRECATED] addslashes(): Passing null to parameter #1 ($string) of type string is deprecated in APPPATH/Views/service_list.php on line 10.
 1 APPPATH/Views/service_list.php(10): addslashes(null)
 2 SYSTEMPATH/View/View.php(224): include('/home/u810214334/domains/embellish-beauty.co.uk/public_html/app/Views/service_list.php')
 3 SYSTEMPATH/View/View.php(227): CodeIgniter\View\View->CodeIgniter\View\{closure}()
 4 SYSTEMPATH/Common.php(1173): CodeIgniter\View\View->render('service_list', [], true)
 5 APPPATH/Controllers/Home.php(129): view('service_list', [...])
 6 SYSTEMPATH/CodeIgniter.php(933): App\Controllers\Home->fetch_services()
 7 SYSTEMPATH/CodeIgniter.php(507): CodeIgniter\CodeIgniter->runController(Object(App\Controllers\Home))
 8 SYSTEMPATH/CodeIgniter.php(354): CodeIgniter\CodeIgniter->handleRequest(null, Object(Config\Cache), false)
 9 SYSTEMPATH/Boot.php(334): CodeIgniter\CodeIgniter->run()
10 SYSTEMPATH/Boot.php(67): CodeIgniter\Boot::runCodeIgniter(Object(CodeIgniter\CodeIgniter))
11 FCPATH/index.php(27): CodeIgniter\Boot::bootWeb(Object(Config\Paths))
WARNING - 2025-10-14 14:11:50 --> [DEPRECATED] addslashes(): Passing null to parameter #1 ($string) of type string is deprecated in APPPATH/Views/service_list.php on line 10.
 1 APPPATH/Views/service_list.php(10): addslashes(null)
 2 SYSTEMPATH/View/View.php(224): include('/home/u810214334/domains/embellish-beauty.co.uk/public_html/app/Views/service_list.php')
 3 SYSTEMPATH/View/View.php(227): CodeIgniter\View\View->CodeIgniter\View\{closure}()
 4 SYSTEMPATH/Common.php(1173): CodeIgniter\View\View->render('service_list', [], true)
 5 APPPATH/Controllers/Home.php(129): view('service_list', [...])
 6 SYSTEMPATH/CodeIgniter.php(933): App\Controllers\Home->fetch_services()
 7 SYSTEMPATH/CodeIgniter.php(507): CodeIgniter\CodeIgniter->runController(Object(App\Controllers\Home))
 8 SYSTEMPATH/CodeIgniter.php(354): CodeIgniter\CodeIgniter->handleRequest(null, Object(Config\Cache), false)
 9 SYSTEMPATH/Boot.php(334): CodeIgniter\CodeIgniter->run()
10 SYSTEMPATH/Boot.php(67): CodeIgniter\Boot::runCodeIgniter(Object(CodeIgniter\CodeIgniter))
11 FCPATH/index.php(27): CodeIgniter\Boot::bootWeb(Object(Config\Paths))
WARNING - 2025-10-14 14:11:50 --> [DEPRECATED] addslashes(): Passing null to parameter #1 ($string) of type string is deprecated in APPPATH/Views/service_list.php on line 10.
 1 APPPATH/Views/service_list.php(10): addslashes(null)
 2 SYSTEMPATH/View/View.php(224): include('/home/u810214334/domains/embellish-beauty.co.uk/public_html/app/Views/service_list.php')
 3 SYSTEMPATH/View/View.php(227): CodeIgniter\View\View->CodeIgniter\View\{closure}()
 4 SYSTEMPATH/Common.php(1173): CodeIgniter\View\View->render('service_list', [], true)
 5 APPPATH/Controllers/Home.php(129): view('service_list', [...])
 6 SYSTEMPATH/CodeIgniter.php(933): App\Controllers\Home->fetch_services()
 7 SYSTEMPATH/CodeIgniter.php(507): CodeIgniter\CodeIgniter->runController(Object(App\Controllers\Home))
 8 SYSTEMPATH/CodeIgniter.php(354): CodeIgniter\CodeIgniter->handleRequest(null, Object(Config\Cache), false)
 9 SYSTEMPATH/Boot.php(334): CodeIgniter\CodeIgniter->run()
10 SYSTEMPATH/Boot.php(67): CodeIgniter\Boot::runCodeIgniter(Object(CodeIgniter\CodeIgniter))
11 FCPATH/index.php(27): CodeIgniter\Boot::bootWeb(Object(Config\Paths))
WARNING - 2025-10-14 14:11:50 --> [DEPRECATED] addslashes(): Passing null to parameter #1 ($string) of type string is deprecated in APPPATH/Views/service_list.php on line 10.
 1 APPPATH/Views/service_list.php(10): addslashes(null)
 2 SYSTEMPATH/View/View.php(224): include('/home/u810214334/domains/embellish-beauty.co.uk/public_html/app/Views/service_list.php')
 3 SYSTEMPATH/View/View.php(227): CodeIgniter\View\View->CodeIgniter\View\{closure}()
 4 SYSTEMPATH/Common.php(1173): CodeIgniter\View\View->render('service_list', [], true)
 5 APPPATH/Controllers/Home.php(129): view('service_list', [...])
 6 SYSTEMPATH/CodeIgniter.php(933): App\Controllers\Home->fetch_services()
 7 SYSTEMPATH/CodeIgniter.php(507): CodeIgniter\CodeIgniter->runController(Object(App\Controllers\Home))
 8 SYSTEMPATH/CodeIgniter.php(354): CodeIgniter\CodeIgniter->handleRequest(null, Object(Config\Cache), false)
 9 SYSTEMPATH/Boot.php(334): CodeIgniter\CodeIgniter->run()
10 SYSTEMPATH/Boot.php(67): CodeIgniter\Boot::runCodeIgniter(Object(CodeIgniter\CodeIgniter))
11 FCPATH/index.php(27): CodeIgniter\Boot::bootWeb(Object(Config\Paths))
WARNING - 2025-10-14 14:11:50 --> [DEPRECATED] addslashes(): Passing null to parameter #1 ($string) of type string is deprecated in APPPATH/Views/service_list.php on line 10.
 1 APPPATH/Views/service_list.php(10): addslashes(null)
 2 SYSTEMPATH/View/View.php(224): include('/home/u810214334/domains/embellish-beauty.co.uk/public_html/app/Views/service_list.php')
 3 SYSTEMPATH/View/View.php(227): CodeIgniter\View\View->CodeIgniter\View\{closure}()
 4 SYSTEMPATH/Common.php(1173): CodeIgniter\View\View->render('service_list', [], true)
 5 APPPATH/Controllers/Home.php(129): view('service_list', [...])
 6 SYSTEMPATH/CodeIgniter.php(933): App\Controllers\Home->fetch_services()
 7 SYSTEMPATH/CodeIgniter.php(507): CodeIgniter\CodeIgniter->runController(Object(App\Controllers\Home))
 8 SYSTEMPATH/CodeIgniter.php(354): CodeIgniter\CodeIgniter->handleRequest(null, Object(Config\Cache), false)
 9 SYSTEMPATH/Boot.php(334): CodeIgniter\CodeIgniter->run()
10 SYSTEMPATH/Boot.php(67): CodeIgniter\Boot::runCodeIgniter(Object(CodeIgniter\CodeIgniter))
11 FCPATH/index.php(27): CodeIgniter\Boot::bootWeb(Object(Config\Paths))
WARNING - 2025-10-14 14:11:50 --> [DEPRECATED] addslashes(): Passing null to parameter #1 ($string) of type string is deprecated in APPPATH/Views/service_list.php on line 10.
 1 APPPATH/Views/service_list.php(10): addslashes(null)
 2 SYSTEMPATH/View/View.php(224): include('/home/u810214334/domains/embellish-beauty.co.uk/public_html/app/Views/service_list.php')
 3 SYSTEMPATH/View/View.php(227): CodeIgniter\View\View->CodeIgniter\View\{closure}()
 4 SYSTEMPATH/Common.php(1173): CodeIgniter\View\View->render('service_list', [], true)
 5 APPPATH/Controllers/Home.php(129): view('service_list', [...])
 6 SYSTEMPATH/CodeIgniter.php(933): App\Controllers\Home->fetch_services()
 7 SYSTEMPATH/CodeIgniter.php(507): CodeIgniter\CodeIgniter->runController(Object(App\Controllers\Home))
 8 SYSTEMPATH/CodeIgniter.php(354): CodeIgniter\CodeIgniter->handleRequest(null, Object(Config\Cache), false)
 9 SYSTEMPATH/Boot.php(334): CodeIgniter\CodeIgniter->run()
10 SYSTEMPATH/Boot.php(67): CodeIgniter\Boot::runCodeIgniter(Object(CodeIgniter\CodeIgniter))
11 FCPATH/index.php(27): CodeIgniter\Boot::bootWeb(Object(Config\Paths))
WARNING - 2025-10-14 14:11:50 --> [DEPRECATED] addslashes(): Passing null to parameter #1 ($string) of type string is deprecated in APPPATH/Views/service_list.php on line 10.
 1 APPPATH/Views/service_list.php(10): addslashes(null)
 2 SYSTEMPATH/View/View.php(224): include('/home/u810214334/domains/embellish-beauty.co.uk/public_html/app/Views/service_list.php')
 3 SYSTEMPATH/View/View.php(227): CodeIgniter\View\View->CodeIgniter\View\{closure}()
 4 SYSTEMPATH/Common.php(1173): CodeIgniter\View\View->render('service_list', [], true)
 5 APPPATH/Controllers/Home.php(129): view('service_list', [...])
 6 SYSTEMPATH/CodeIgniter.php(933): App\Controllers\Home->fetch_services()
 7 SYSTEMPATH/CodeIgniter.php(507): CodeIgniter\CodeIgniter->runController(Object(App\Controllers\Home))
 8 SYSTEMPATH/CodeIgniter.php(354): CodeIgniter\CodeIgniter->handleRequest(null, Object(Config\Cache), false)
 9 SYSTEMPATH/Boot.php(334): CodeIgniter\CodeIgniter->run()
10 SYSTEMPATH/Boot.php(67): CodeIgniter\Boot::runCodeIgniter(Object(CodeIgniter\CodeIgniter))
11 FCPATH/index.php(27): CodeIgniter\Boot::bootWeb(Object(Config\Paths))
WARNING - 2025-10-14 14:11:50 --> [DEPRECATED] addslashes(): Passing null to parameter #1 ($string) of type string is deprecated in APPPATH/Views/service_list.php on line 10.
 1 APPPATH/Views/service_list.php(10): addslashes(null)
 2 SYSTEMPATH/View/View.php(224): include('/home/u810214334/domains/embellish-beauty.co.uk/public_html/app/Views/service_list.php')
 3 SYSTEMPATH/View/View.php(227): CodeIgniter\View\View->CodeIgniter\View\{closure}()
 4 SYSTEMPATH/Common.php(1173): CodeIgniter\View\View->render('service_list', [], true)
 5 APPPATH/Controllers/Home.php(129): view('service_list', [...])
 6 SYSTEMPATH/CodeIgniter.php(933): App\Controllers\Home->fetch_services()
 7 SYSTEMPATH/CodeIgniter.php(507): CodeIgniter\CodeIgniter->runController(Object(App\Controllers\Home))
 8 SYSTEMPATH/CodeIgniter.php(354): CodeIgniter\CodeIgniter->handleRequest(null, Object(Config\Cache), false)
 9 SYSTEMPATH/Boot.php(334): CodeIgniter\CodeIgniter->run()
10 SYSTEMPATH/Boot.php(67): CodeIgniter\Boot::runCodeIgniter(Object(CodeIgniter\CodeIgniter))
11 FCPATH/index.php(27): CodeIgniter\Boot::bootWeb(Object(Config\Paths))
DEBUG - 2025-10-14 14:11:50 --> Session: Class initialized using 'CodeIgniter\Session\Handlers\FileHandler' driver.
DEBUG - 2025-10-14 14:11:52 --> Session: Class initialized using 'CodeIgniter\Session\Handlers\FileHandler' driver.
DEBUG - 2025-10-14 14:11:52 --> Session: Class initialized using 'CodeIgniter\Session\Handlers\FileHandler' driver.
DEBUG - 2025-10-14 14:11:53 --> Session: Class initialized using 'CodeIgniter\Session\Handlers\FileHandler' driver.
DEBUG - 2025-10-14 14:11:54 --> Session: Class initialized using 'CodeIgniter\Session\Handlers\FileHandler' driver.
DEBUG - 2025-10-14 14:11:59 --> Session: Class initialized using 'CodeIgniter\Session\Handlers\FileHandler' driver.
DEBUG - 2025-10-14 14:11:59 --> Session: Class initialized using 'CodeIgniter\Session\Handlers\FileHandler' driver.
WARNING - 2025-10-14 14:11:59 --> [DEPRECATED] addslashes(): Passing null to parameter #1 ($string) of type string is deprecated in APPPATH/Views/service_list.php on line 10.
 1 APPPATH/Views/service_list.php(10): addslashes(null)
 2 SYSTEMPATH/View/View.php(224): include('/home/u810214334/domains/embellish-beauty.co.uk/public_html/app/Views/service_list.php')
 3 SYSTEMPATH/View/View.php(227): CodeIgniter\View\View->CodeIgniter\View\{closure}()
 4 SYSTEMPATH/Common.php(1173): CodeIgniter\View\View->render('service_list', [], true)
 5 APPPATH/Controllers/Home.php(129): view('service_list', [...])
 6 SYSTEMPATH/CodeIgniter.php(933): App\Controllers\Home->fetch_services()
 7 SYSTEMPATH/CodeIgniter.php(507): CodeIgniter\CodeIgniter->runController(Object(App\Controllers\Home))
 8 SYSTEMPATH/CodeIgniter.php(354): CodeIgniter\CodeIgniter->handleRequest(null, Object(Config\Cache), false)
 9 SYSTEMPATH/Boot.php(334): CodeIgniter\CodeIgniter->run()
10 SYSTEMPATH/Boot.php(67): CodeIgniter\Boot::runCodeIgniter(Object(CodeIgniter\CodeIgniter))
11 FCPATH/index.php(27): CodeIgniter\Boot::bootWeb(Object(Config\Paths))
WARNING - 2025-10-14 14:11:59 --> [DEPRECATED] addslashes(): Passing null to parameter #1 ($string) of type string is deprecated in APPPATH/Views/service_list.php on line 10.
 1 APPPATH/Views/service_list.php(10): addslashes(null)
 2 SYSTEMPATH/View/View.php(224): include('/home/u810214334/domains/embellish-beauty.co.uk/public_html/app/Views/service_list.php')
 3 SYSTEMPATH/View/View.php(227): CodeIgniter\View\View->CodeIgniter\View\{closure}()
 4 SYSTEMPATH/Common.php(1173): CodeIgniter\View\View->render('service_list', [], true)
 5 APPPATH/Controllers/Home.php(129): view('service_list', [...])
 6 SYSTEMPATH/CodeIgniter.php(933): App\Controllers\Home->fetch_services()
 7 SYSTEMPATH/CodeIgniter.php(507): CodeIgniter\CodeIgniter->runController(Object(App\Controllers\Home))
 8 SYSTEMPATH/CodeIgniter.php(354): CodeIgniter\CodeIgniter->handleRequest(null, Object(Config\Cache), false)
 9 SYSTEMPATH/Boot.php(334): CodeIgniter\CodeIgniter->run()
10 SYSTEMPATH/Boot.php(67): CodeIgniter\Boot::runCodeIgniter(Object(CodeIgniter\CodeIgniter))
11 FCPATH/index.php(27): CodeIgniter\Boot::bootWeb(Object(Config\Paths))
WARNING - 2025-10-14 14:11:59 --> [DEPRECATED] addslashes(): Passing null to parameter #1 ($string) of type string is deprecated in APPPATH/Views/service_list.php on line 10.
 1 APPPATH/Views/service_list.php(10): addslashes(null)
 2 SYSTEMPATH/View/View.php(224): include('/home/u810214334/domains/embellish-beauty.co.uk/public_html/app/Views/service_list.php')
 3 SYSTEMPATH/View/View.php(227): CodeIgniter\View\View->CodeIgniter\View\{closure}()
 4 SYSTEMPATH/Common.php(1173): CodeIgniter\View\View->render('service_list', [], true)
 5 APPPATH/Controllers/Home.php(129): view('service_list', [...])
 6 SYSTEMPATH/CodeIgniter.php(933): App\Controllers\Home->fetch_services()
 7 SYSTEMPATH/CodeIgniter.php(507): CodeIgniter\CodeIgniter->runController(Object(App\Controllers\Home))
 8 SYSTEMPATH/CodeIgniter.php(354): CodeIgniter\CodeIgniter->handleRequest(null, Object(Config\Cache), false)
 9 SYSTEMPATH/Boot.php(334): CodeIgniter\CodeIgniter->run()
10 SYSTEMPATH/Boot.php(67): CodeIgniter\Boot::runCodeIgniter(Object(CodeIgniter\CodeIgniter))
11 FCPATH/index.php(27): CodeIgniter\Boot::bootWeb(Object(Config\Paths))
WARNING - 2025-10-14 14:11:59 --> [DEPRECATED] addslashes(): Passing null to parameter #1 ($string) of type string is deprecated in APPPATH/Views/service_list.php on line 10.
 1 APPPATH/Views/service_list.php(10): addslashes(null)
 2 SYSTEMPATH/View/View.php(224): include('/home/u810214334/domains/embellish-beauty.co.uk/public_html/app/Views/service_list.php')
 3 SYSTEMPATH/View/View.php(227): CodeIgniter\View\View->CodeIgniter\View\{closure}()
 4 SYSTEMPATH/Common.php(1173): CodeIgniter\View\View->render('service_list', [], true)
 5 APPPATH/Controllers/Home.php(129): view('service_list', [...])
 6 SYSTEMPATH/CodeIgniter.php(933): App\Controllers\Home->fetch_services()
 7 SYSTEMPATH/CodeIgniter.php(507): CodeIgniter\CodeIgniter->runController(Object(App\Controllers\Home))
 8 SYSTEMPATH/CodeIgniter.php(354): CodeIgniter\CodeIgniter->handleRequest(null, Object(Config\Cache), false)
 9 SYSTEMPATH/Boot.php(334): CodeIgniter\CodeIgniter->run()
10 SYSTEMPATH/Boot.php(67): CodeIgniter\Boot::runCodeIgniter(Object(CodeIgniter\CodeIgniter))
11 FCPATH/index.php(27): CodeIgniter\Boot::bootWeb(Object(Config\Paths))
WARNING - 2025-10-14 14:11:59 --> [DEPRECATED] addslashes(): Passing null to parameter #1 ($string) of type string is deprecated in APPPATH/Views/service_list.php on line 10.
 1 APPPATH/Views/service_list.php(10): addslashes(null)
 2 SYSTEMPATH/View/View.php(224): include('/home/u810214334/domains/embellish-beauty.co.uk/public_html/app/Views/service_list.php')
 3 SYSTEMPATH/View/View.php(227): CodeIgniter\View\View->CodeIgniter\View\{closure}()
 4 SYSTEMPATH/Common.php(1173): CodeIgniter\View\View->render('service_list', [], true)
 5 APPPATH/Controllers/Home.php(129): view('service_list', [...])
 6 SYSTEMPATH/CodeIgniter.php(933): App\Controllers\Home->fetch_services()
 7 SYSTEMPATH/CodeIgniter.php(507): CodeIgniter\CodeIgniter->runController(Object(App\Controllers\Home))
 8 SYSTEMPATH/CodeIgniter.php(354): CodeIgniter\CodeIgniter->handleRequest(null, Object(Config\Cache), false)
 9 SYSTEMPATH/Boot.php(334): CodeIgniter\CodeIgniter->run()
10 SYSTEMPATH/Boot.php(67): CodeIgniter\Boot::runCodeIgniter(Object(CodeIgniter\CodeIgniter))
11 FCPATH/index.php(27): CodeIgniter\Boot::bootWeb(Object(Config\Paths))
WARNING - 2025-10-14 14:11:59 --> [DEPRECATED] addslashes(): Passing null to parameter #1 ($string) of type string is deprecated in APPPATH/Views/service_list.php on line 10.
 1 APPPATH/Views/service_list.php(10): addslashes(null)
 2 SYSTEMPATH/View/View.php(224): include('/home/u810214334/domains/embellish-beauty.co.uk/public_html/app/Views/service_list.php')
 3 SYSTEMPATH/View/View.php(227): CodeIgniter\View\View->CodeIgniter\View\{closure}()
 4 SYSTEMPATH/Common.php(1173): CodeIgniter\View\View->render('service_list', [], true)
 5 APPPATH/Controllers/Home.php(129): view('service_list', [...])
 6 SYSTEMPATH/CodeIgniter.php(933): App\Controllers\Home->fetch_services()
 7 SYSTEMPATH/CodeIgniter.php(507): CodeIgniter\CodeIgniter->runController(Object(App\Controllers\Home))
 8 SYSTEMPATH/CodeIgniter.php(354): CodeIgniter\CodeIgniter->handleRequest(null, Object(Config\Cache), false)
 9 SYSTEMPATH/Boot.php(334): CodeIgniter\CodeIgniter->run()
10 SYSTEMPATH/Boot.php(67): CodeIgniter\Boot::runCodeIgniter(Object(CodeIgniter\CodeIgniter))
11 FCPATH/index.php(27): CodeIgniter\Boot::bootWeb(Object(Config\Paths))
WARNING - 2025-10-14 14:11:59 --> [DEPRECATED] addslashes(): Passing null to parameter #1 ($string) of type string is deprecated in APPPATH/Views/service_list.php on line 10.
 1 APPPATH/Views/service_list.php(10): addslashes(null)
 2 SYSTEMPATH/View/View.php(224): include('/home/u810214334/domains/embellish-beauty.co.uk/public_html/app/Views/service_list.php')
 3 SYSTEMPATH/View/View.php(227): CodeIgniter\View\View->CodeIgniter\View\{closure}()
 4 SYSTEMPATH/Common.php(1173): CodeIgniter\View\View->render('service_list', [], true)
 5 APPPATH/Controllers/Home.php(129): view('service_list', [...])
 6 SYSTEMPATH/CodeIgniter.php(933): App\Controllers\Home->fetch_services()
 7 SYSTEMPATH/CodeIgniter.php(507): CodeIgniter\CodeIgniter->runController(Object(App\Controllers\Home))
 8 SYSTEMPATH/CodeIgniter.php(354): CodeIgniter\CodeIgniter->handleRequest(null, Object(Config\Cache), false)
 9 SYSTEMPATH/Boot.php(334): CodeIgniter\CodeIgniter->run()
10 SYSTEMPATH/Boot.php(67): CodeIgniter\Boot::runCodeIgniter(Object(CodeIgniter\CodeIgniter))
11 FCPATH/index.php(27): CodeIgniter\Boot::bootWeb(Object(Config\Paths))
WARNING - 2025-10-14 14:11:59 --> [DEPRECATED] addslashes(): Passing null to parameter #1 ($string) of type string is deprecated in APPPATH/Views/service_list.php on line 10.
 1 APPPATH/Views/service_list.php(10): addslashes(null)
 2 SYSTEMPATH/View/View.php(224): include('/home/u810214334/domains/embellish-beauty.co.uk/public_html/app/Views/service_list.php')
 3 SYSTEMPATH/View/View.php(227): CodeIgniter\View\View->CodeIgniter\View\{closure}()
 4 SYSTEMPATH/Common.php(1173): CodeIgniter\View\View->render('service_list', [], true)
 5 APPPATH/Controllers/Home.php(129): view('service_list', [...])
 6 SYSTEMPATH/CodeIgniter.php(933): App\Controllers\Home->fetch_services()
 7 SYSTEMPATH/CodeIgniter.php(507): CodeIgniter\CodeIgniter->runController(Object(App\Controllers\Home))
 8 SYSTEMPATH/CodeIgniter.php(354): CodeIgniter\CodeIgniter->handleRequest(null, Object(Config\Cache), false)
 9 SYSTEMPATH/Boot.php(334): CodeIgniter\CodeIgniter->run()
10 SYSTEMPATH/Boot.php(67): CodeIgniter\Boot::runCodeIgniter(Object(CodeIgniter\CodeIgniter))
11 FCPATH/index.php(27): CodeIgniter\Boot::bootWeb(Object(Config\Paths))
WARNING - 2025-10-14 14:11:59 --> [DEPRECATED] addslashes(): Passing null to parameter #1 ($string) of type string is deprecated in APPPATH/Views/service_list.php on line 10.
 1 APPPATH/Views/service_list.php(10): addslashes(null)
 2 SYSTEMPATH/View/View.php(224): include('/home/u810214334/domains/embellish-beauty.co.uk/public_html/app/Views/service_list.php')
 3 SYSTEMPATH/View/View.php(227): CodeIgniter\View\View->CodeIgniter\View\{closure}()
 4 SYSTEMPATH/Common.php(1173): CodeIgniter\View\View->render('service_list', [], true)
 5 APPPATH/Controllers/Home.php(129): view('service_list', [...])
 6 SYSTEMPATH/CodeIgniter.php(933): App\Controllers\Home->fetch_services()
 7 SYSTEMPATH/CodeIgniter.php(507): CodeIgniter\CodeIgniter->runController(Object(App\Controllers\Home))
 8 SYSTEMPATH/CodeIgniter.php(354): CodeIgniter\CodeIgniter->handleRequest(null, Object(Config\Cache), false)
 9 SYSTEMPATH/Boot.php(334): CodeIgniter\CodeIgniter->run()
10 SYSTEMPATH/Boot.php(67): CodeIgniter\Boot::runCodeIgniter(Object(CodeIgniter\CodeIgniter))
11 FCPATH/index.php(27): CodeIgniter\Boot::bootWeb(Object(Config\Paths))
WARNING - 2025-10-14 14:11:59 --> [DEPRECATED] addslashes(): Passing null to parameter #1 ($string) of type string is deprecated in APPPATH/Views/service_list.php on line 10.
 1 APPPATH/Views/service_list.php(10): addslashes(null)
 2 SYSTEMPATH/View/View.php(224): include('/home/u810214334/domains/embellish-beauty.co.uk/public_html/app/Views/service_list.php')
 3 SYSTEMPATH/View/View.php(227): CodeIgniter\View\View->CodeIgniter\View\{closure}()
 4 SYSTEMPATH/Common.php(1173): CodeIgniter\View\View->render('service_list', [], true)
 5 APPPATH/Controllers/Home.php(129): view('service_list', [...])
 6 SYSTEMPATH/CodeIgniter.php(933): App\Controllers\Home->fetch_services()
 7 SYSTEMPATH/CodeIgniter.php(507): CodeIgniter\CodeIgniter->runController(Object(App\Controllers\Home))
 8 SYSTEMPATH/CodeIgniter.php(354): CodeIgniter\CodeIgniter->handleRequest(null, Object(Config\Cache), false)
 9 SYSTEMPATH/Boot.php(334): CodeIgniter\CodeIgniter->run()
10 SYSTEMPATH/Boot.php(67): CodeIgniter\Boot::runCodeIgniter(Object(CodeIgniter\CodeIgniter))
11 FCPATH/index.php(27): CodeIgniter\Boot::bootWeb(Object(Config\Paths))
WARNING - 2025-10-14 14:11:59 --> [DEPRECATED] addslashes(): Passing null to parameter #1 ($string) of type string is deprecated in APPPATH/Views/service_list.php on line 10.
 1 APPPATH/Views/service_list.php(10): addslashes(null)
 2 SYSTEMPATH/View/View.php(224): include('/home/u810214334/domains/embellish-beauty.co.uk/public_html/app/Views/service_list.php')
 3 SYSTEMPATH/View/View.php(227): CodeIgniter\View\View->CodeIgniter\View\{closure}()
 4 SYSTEMPATH/Common.php(1173): CodeIgniter\View\View->render('service_list', [], true)
 5 APPPATH/Controllers/Home.php(129): view('service_list', [...])
 6 SYSTEMPATH/CodeIgniter.php(933): App\Controllers\Home->fetch_services()
 7 SYSTEMPATH/CodeIgniter.php(507): CodeIgniter\CodeIgniter->runController(Object(App\Controllers\Home))
 8 SYSTEMPATH/CodeIgniter.php(354): CodeIgniter\CodeIgniter->handleRequest(null, Object(Config\Cache), false)
 9 SYSTEMPATH/Boot.php(334): CodeIgniter\CodeIgniter->run()
10 SYSTEMPATH/Boot.php(67): CodeIgniter\Boot::runCodeIgniter(Object(CodeIgniter\CodeIgniter))
11 FCPATH/index.php(27): CodeIgniter\Boot::bootWeb(Object(Config\Paths))
WARNING - 2025-10-14 14:11:59 --> [DEPRECATED] addslashes(): Passing null to parameter #1 ($string) of type string is deprecated in APPPATH/Views/service_list.php on line 10.
 1 APPPATH/Views/service_list.php(10): addslashes(null)
 2 SYSTEMPATH/View/View.php(224): include('/home/u810214334/domains/embellish-beauty.co.uk/public_html/app/Views/service_list.php')
 3 SYSTEMPATH/View/View.php(227): CodeIgniter\View\View->CodeIgniter\View\{closure}()
 4 SYSTEMPATH/Common.php(1173): CodeIgniter\View\View->render('service_list', [], true)
 5 APPPATH/Controllers/Home.php(129): view('service_list', [...])
 6 SYSTEMPATH/CodeIgniter.php(933): App\Controllers\Home->fetch_services()
 7 SYSTEMPATH/CodeIgniter.php(507): CodeIgniter\CodeIgniter->runController(Object(App\Controllers\Home))
 8 SYSTEMPATH/CodeIgniter.php(354): CodeIgniter\CodeIgniter->handleRequest(null, Object(Config\Cache), false)
 9 SYSTEMPATH/Boot.php(334): CodeIgniter\CodeIgniter->run()
10 SYSTEMPATH/Boot.php(67): CodeIgniter\Boot::runCodeIgniter(Object(CodeIgniter\CodeIgniter))
11 FCPATH/index.php(27): CodeIgniter\Boot::bootWeb(Object(Config\Paths))
WARNING - 2025-10-14 14:11:59 --> [DEPRECATED] addslashes(): Passing null to parameter #1 ($string) of type string is deprecated in APPPATH/Views/service_list.php on line 10.
 1 APPPATH/Views/service_list.php(10): addslashes(null)
 2 SYSTEMPATH/View/View.php(224): include('/home/u810214334/domains/embellish-beauty.co.uk/public_html/app/Views/service_list.php')
 3 SYSTEMPATH/View/View.php(227): CodeIgniter\View\View->CodeIgniter\View\{closure}()
 4 SYSTEMPATH/Common.php(1173): CodeIgniter\View\View->render('service_list', [], true)
 5 APPPATH/Controllers/Home.php(129): view('service_list', [...])
 6 SYSTEMPATH/CodeIgniter.php(933): App\Controllers\Home->fetch_services()
 7 SYSTEMPATH/CodeIgniter.php(507): CodeIgniter\CodeIgniter->runController(Object(App\Controllers\Home))
 8 SYSTEMPATH/CodeIgniter.php(354): CodeIgniter\CodeIgniter->handleRequest(null, Object(Config\Cache), false)
 9 SYSTEMPATH/Boot.php(334): CodeIgniter\CodeIgniter->run()
10 SYSTEMPATH/Boot.php(67): CodeIgniter\Boot::runCodeIgniter(Object(CodeIgniter\CodeIgniter))
11 FCPATH/index.php(27): CodeIgniter\Boot::bootWeb(Object(Config\Paths))
WARNING - 2025-10-14 14:11:59 --> [DEPRECATED] addslashes(): Passing null to parameter #1 ($string) of type string is deprecated in APPPATH/Views/service_list.php on line 10.
 1 APPPATH/Views/service_list.php(10): addslashes(null)
 2 SYSTEMPATH/View/View.php(224): include('/home/u810214334/domains/embellish-beauty.co.uk/public_html/app/Views/service_list.php')
 3 SYSTEMPATH/View/View.php(227): CodeIgniter\View\View->CodeIgniter\View\{closure}()
 4 SYSTEMPATH/Common.php(1173): CodeIgniter\View\View->render('service_list', [], true)
 5 APPPATH/Controllers/Home.php(129): view('service_list', [...])
 6 SYSTEMPATH/CodeIgniter.php(933): App\Controllers\Home->fetch_services()
 7 SYSTEMPATH/CodeIgniter.php(507): CodeIgniter\CodeIgniter->runController(Object(App\Controllers\Home))
 8 SYSTEMPATH/CodeIgniter.php(354): CodeIgniter\CodeIgniter->handleRequest(null, Object(Config\Cache), false)
 9 SYSTEMPATH/Boot.php(334): CodeIgniter\CodeIgniter->run()
10 SYSTEMPATH/Boot.php(67): CodeIgniter\Boot::runCodeIgniter(Object(CodeIgniter\CodeIgniter))
11 FCPATH/index.php(27): CodeIgniter\Boot::bootWeb(Object(Config\Paths))
WARNING - 2025-10-14 14:11:59 --> [DEPRECATED] addslashes(): Passing null to parameter #1 ($string) of type string is deprecated in APPPATH/Views/service_list.php on line 10.
 1 APPPATH/Views/service_list.php(10): addslashes(null)
 2 SYSTEMPATH/View/View.php(224): include('/home/u810214334/domains/embellish-beauty.co.uk/public_html/app/Views/service_list.php')
 3 SYSTEMPATH/View/View.php(227): CodeIgniter\View\View->CodeIgniter\View\{closure}()
 4 SYSTEMPATH/Common.php(1173): CodeIgniter\View\View->render('service_list', [], true)
 5 APPPATH/Controllers/Home.php(129): view('service_list', [...])
 6 SYSTEMPATH/CodeIgniter.php(933): App\Controllers\Home->fetch_services()
 7 SYSTEMPATH/CodeIgniter.php(507): CodeIgniter\CodeIgniter->runController(Object(App\Controllers\Home))
 8 SYSTEMPATH/CodeIgniter.php(354): CodeIgniter\CodeIgniter->handleRequest(null, Object(Config\Cache), false)
 9 SYSTEMPATH/Boot.php(334): CodeIgniter\CodeIgniter->run()
10 SYSTEMPATH/Boot.php(67): CodeIgniter\Boot::runCodeIgniter(Object(CodeIgniter\CodeIgniter))
11 FCPATH/index.php(27): CodeIgniter\Boot::bootWeb(Object(Config\Paths))
WARNING - 2025-10-14 14:11:59 --> [DEPRECATED] addslashes(): Passing null to parameter #1 ($string) of type string is deprecated in APPPATH/Views/service_list.php on line 10.
 1 APPPATH/Views/service_list.php(10): addslashes(null)
 2 SYSTEMPATH/View/View.php(224): include('/home/u810214334/domains/embellish-beauty.co.uk/public_html/app/Views/service_list.php')
 3 SYSTEMPATH/View/View.php(227): CodeIgniter\View\View->CodeIgniter\View\{closure}()
 4 SYSTEMPATH/Common.php(1173): CodeIgniter\View\View->render('service_list', [], true)
 5 APPPATH/Controllers/Home.php(129): view('service_list', [...])
 6 SYSTEMPATH/CodeIgniter.php(933): App\Controllers\Home->fetch_services()
 7 SYSTEMPATH/CodeIgniter.php(507): CodeIgniter\CodeIgniter->runController(Object(App\Controllers\Home))
 8 SYSTEMPATH/CodeIgniter.php(354): CodeIgniter\CodeIgniter->handleRequest(null, Object(Config\Cache), false)
 9 SYSTEMPATH/Boot.php(334): CodeIgniter\CodeIgniter->run()
10 SYSTEMPATH/Boot.php(67): CodeIgniter\Boot::runCodeIgniter(Object(CodeIgniter\CodeIgniter))
11 FCPATH/index.php(27): CodeIgniter\Boot::bootWeb(Object(Config\Paths))
DEBUG - 2025-10-14 14:12:00 --> Session: Class initialized using 'CodeIgniter\Session\Handlers\FileHandler' driver.
DEBUG - 2025-10-14 14:12:03 --> Session: Class initialized using 'CodeIgniter\Session\Handlers\FileHandler' driver.
DEBUG - 2025-10-14 14:12:04 --> Session: Class initialized using 'CodeIgniter\Session\Handlers\FileHandler' driver.
DEBUG - 2025-10-14 14:12:07 --> Session: Class initialized using 'CodeIgniter\Session\Handlers\FileHandler' driver.
WARNING - 2025-10-14 14:12:07 --> [DEPRECATED] addslashes(): Passing null to parameter #1 ($string) of type string is deprecated in APPPATH/Views/service_list.php on line 10.
 1 APPPATH/Views/service_list.php(10): addslashes(null)
 2 SYSTEMPATH/View/View.php(224): include('/home/u810214334/domains/embellish-beauty.co.uk/public_html/app/Views/service_list.php')
 3 SYSTEMPATH/View/View.php(227): CodeIgniter\View\View->CodeIgniter\View\{closure}()
 4 SYSTEMPATH/Common.php(1173): CodeIgniter\View\View->render('service_list', [], true)
 5 APPPATH/Controllers/Home.php(129): view('service_list', [...])
 6 SYSTEMPATH/CodeIgniter.php(933): App\Controllers\Home->fetch_services()
 7 SYSTEMPATH/CodeIgniter.php(507): CodeIgniter\CodeIgniter->runController(Object(App\Controllers\Home))
 8 SYSTEMPATH/CodeIgniter.php(354): CodeIgniter\CodeIgniter->handleRequest(null, Object(Config\Cache), false)
 9 SYSTEMPATH/Boot.php(334): CodeIgniter\CodeIgniter->run()
10 SYSTEMPATH/Boot.php(67): CodeIgniter\Boot::runCodeIgniter(Object(CodeIgniter\CodeIgniter))
11 FCPATH/index.php(27): CodeIgniter\Boot::bootWeb(Object(Config\Paths))
WARNING - 2025-10-14 14:12:07 --> [DEPRECATED] addslashes(): Passing null to parameter #1 ($string) of type string is deprecated in APPPATH/Views/service_list.php on line 10.
 1 APPPATH/Views/service_list.php(10): addslashes(null)
 2 SYSTEMPATH/View/View.php(224): include('/home/u810214334/domains/embellish-beauty.co.uk/public_html/app/Views/service_list.php')
 3 SYSTEMPATH/View/View.php(227): CodeIgniter\View\View->CodeIgniter\View\{closure}()
 4 SYSTEMPATH/Common.php(1173): CodeIgniter\View\View->render('service_list', [], true)
 5 APPPATH/Controllers/Home.php(129): view('service_list', [...])
 6 SYSTEMPATH/CodeIgniter.php(933): App\Controllers\Home->fetch_services()
 7 SYSTEMPATH/CodeIgniter.php(507): CodeIgniter\CodeIgniter->runController(Object(App\Controllers\Home))
 8 SYSTEMPATH/CodeIgniter.php(354): CodeIgniter\CodeIgniter->handleRequest(null, Object(Config\Cache), false)
 9 SYSTEMPATH/Boot.php(334): CodeIgniter\CodeIgniter->run()
10 SYSTEMPATH/Boot.php(67): CodeIgniter\Boot::runCodeIgniter(Object(CodeIgniter\CodeIgniter))
11 FCPATH/index.php(27): CodeIgniter\Boot::bootWeb(Object(Config\Paths))
WARNING - 2025-10-14 14:12:07 --> [DEPRECATED] addslashes(): Passing null to parameter #1 ($string) of type string is deprecated in APPPATH/Views/service_list.php on line 10.
 1 APPPATH/Views/service_list.php(10): addslashes(null)
 2 SYSTEMPATH/View/View.php(224): include('/home/u810214334/domains/embellish-beauty.co.uk/public_html/app/Views/service_list.php')
 3 SYSTEMPATH/View/View.php(227): CodeIgniter\View\View->CodeIgniter\View\{closure}()
 4 SYSTEMPATH/Common.php(1173): CodeIgniter\View\View->render('service_list', [], true)
 5 APPPATH/Controllers/Home.php(129): view('service_list', [...])
 6 SYSTEMPATH/CodeIgniter.php(933): App\Controllers\Home->fetch_services()
 7 SYSTEMPATH/CodeIgniter.php(507): CodeIgniter\CodeIgniter->runController(Object(App\Controllers\Home))
 8 SYSTEMPATH/CodeIgniter.php(354): CodeIgniter\CodeIgniter->handleRequest(null, Object(Config\Cache), false)
 9 SYSTEMPATH/Boot.php(334): CodeIgniter\CodeIgniter->run()
10 SYSTEMPATH/Boot.php(67): CodeIgniter\Boot::runCodeIgniter(Object(CodeIgniter\CodeIgniter))
11 FCPATH/index.php(27): CodeIgniter\Boot::bootWeb(Object(Config\Paths))
WARNING - 2025-10-14 14:12:07 --> [DEPRECATED] addslashes(): Passing null to parameter #1 ($string) of type string is deprecated in APPPATH/Views/service_list.php on line 10.
 1 APPPATH/Views/service_list.php(10): addslashes(null)
 2 SYSTEMPATH/View/View.php(224): include('/home/u810214334/domains/embellish-beauty.co.uk/public_html/app/Views/service_list.php')
 3 SYSTEMPATH/View/View.php(227): CodeIgniter\View\View->CodeIgniter\View\{closure}()
 4 SYSTEMPATH/Common.php(1173): CodeIgniter\View\View->render('service_list', [], true)
 5 APPPATH/Controllers/Home.php(129): view('service_list', [...])
 6 SYSTEMPATH/CodeIgniter.php(933): App\Controllers\Home->fetch_services()
 7 SYSTEMPATH/CodeIgniter.php(507): CodeIgniter\CodeIgniter->runController(Object(App\Controllers\Home))
 8 SYSTEMPATH/CodeIgniter.php(354): CodeIgniter\CodeIgniter->handleRequest(null, Object(Config\Cache), false)
 9 SYSTEMPATH/Boot.php(334): CodeIgniter\CodeIgniter->run()
10 SYSTEMPATH/Boot.php(67): CodeIgniter\Boot::runCodeIgniter(Object(CodeIgniter\CodeIgniter))
11 FCPATH/index.php(27): CodeIgniter\Boot::bootWeb(Object(Config\Paths))
WARNING - 2025-10-14 14:12:07 --> [DEPRECATED] addslashes(): Passing null to parameter #1 ($string) of type string is deprecated in APPPATH/Views/service_list.php on line 10.
 1 APPPATH/Views/service_list.php(10): addslashes(null)
 2 SYSTEMPATH/View/View.php(224): include('/home/u810214334/domains/embellish-beauty.co.uk/public_html/app/Views/service_list.php')
 3 SYSTEMPATH/View/View.php(227): CodeIgniter\View\View->CodeIgniter\View\{closure}()
 4 SYSTEMPATH/Common.php(1173): CodeIgniter\View\View->render('service_list', [], true)
 5 APPPATH/Controllers/Home.php(129): view('service_list', [...])
 6 SYSTEMPATH/CodeIgniter.php(933): App\Controllers\Home->fetch_services()
 7 SYSTEMPATH/CodeIgniter.php(507): CodeIgniter\CodeIgniter->runController(Object(App\Controllers\Home))
 8 SYSTEMPATH/CodeIgniter.php(354): CodeIgniter\CodeIgniter->handleRequest(null, Object(Config\Cache), false)
 9 SYSTEMPATH/Boot.php(334): CodeIgniter\CodeIgniter->run()
10 SYSTEMPATH/Boot.php(67): CodeIgniter\Boot::runCodeIgniter(Object(CodeIgniter\CodeIgniter))
11 FCPATH/index.php(27): CodeIgniter\Boot::bootWeb(Object(Config\Paths))
WARNING - 2025-10-14 14:12:07 --> [DEPRECATED] addslashes(): Passing null to parameter #1 ($string) of type string is deprecated in APPPATH/Views/service_list.php on line 10.
 1 APPPATH/Views/service_list.php(10): addslashes(null)
 2 SYSTEMPATH/View/View.php(224): include('/home/u810214334/domains/embellish-beauty.co.uk/public_html/app/Views/service_list.php')
 3 SYSTEMPATH/View/View.php(227): CodeIgniter\View\View->CodeIgniter\View\{closure}()
 4 SYSTEMPATH/Common.php(1173): CodeIgniter\View\View->render('service_list', [], true)
 5 APPPATH/Controllers/Home.php(129): view('service_list', [...])
 6 SYSTEMPATH/CodeIgniter.php(933): App\Controllers\Home->fetch_services()
 7 SYSTEMPATH/CodeIgniter.php(507): CodeIgniter\CodeIgniter->runController(Object(App\Controllers\Home))
 8 SYSTEMPATH/CodeIgniter.php(354): CodeIgniter\CodeIgniter->handleRequest(null, Object(Config\Cache), false)
 9 SYSTEMPATH/Boot.php(334): CodeIgniter\CodeIgniter->run()
10 SYSTEMPATH/Boot.php(67): CodeIgniter\Boot::runCodeIgniter(Object(CodeIgniter\CodeIgniter))
11 FCPATH/index.php(27): CodeIgniter\Boot::bootWeb(Object(Config\Paths))
WARNING - 2025-10-14 14:12:07 --> [DEPRECATED] addslashes(): Passing null to parameter #1 ($string) of type string is deprecated in APPPATH/Views/service_list.php on line 10.
 1 APPPATH/Views/service_list.php(10): addslashes(null)
 2 SYSTEMPATH/View/View.php(224): include('/home/u810214334/domains/embellish-beauty.co.uk/public_html/app/Views/service_list.php')
 3 SYSTEMPATH/View/View.php(227): CodeIgniter\View\View->CodeIgniter\View\{closure}()
 4 SYSTEMPATH/Common.php(1173): CodeIgniter\View\View->render('service_list', [], true)
 5 APPPATH/Controllers/Home.php(129): view('service_list', [...])
 6 SYSTEMPATH/CodeIgniter.php(933): App\Controllers\Home->fetch_services()
 7 SYSTEMPATH/CodeIgniter.php(507): CodeIgniter\CodeIgniter->runController(Object(App\Controllers\Home))
 8 SYSTEMPATH/CodeIgniter.php(354): CodeIgniter\CodeIgniter->handleRequest(null, Object(Config\Cache), false)
 9 SYSTEMPATH/Boot.php(334): CodeIgniter\CodeIgniter->run()
10 SYSTEMPATH/Boot.php(67): CodeIgniter\Boot::runCodeIgniter(Object(CodeIgniter\CodeIgniter))
11 FCPATH/index.php(27): CodeIgniter\Boot::bootWeb(Object(Config\Paths))
WARNING - 2025-10-14 14:12:07 --> [DEPRECATED] addslashes(): Passing null to parameter #1 ($string) of type string is deprecated in APPPATH/Views/service_list.php on line 10.
 1 APPPATH/Views/service_list.php(10): addslashes(null)
 2 SYSTEMPATH/View/View.php(224): include('/home/u810214334/domains/embellish-beauty.co.uk/public_html/app/Views/service_list.php')
 3 SYSTEMPATH/View/View.php(227): CodeIgniter\View\View->CodeIgniter\View\{closure}()
 4 SYSTEMPATH/Common.php(1173): CodeIgniter\View\View->render('service_list', [], true)
 5 APPPATH/Controllers/Home.php(129): view('service_list', [...])
 6 SYSTEMPATH/CodeIgniter.php(933): App\Controllers\Home->fetch_services()
 7 SYSTEMPATH/CodeIgniter.php(507): CodeIgniter\CodeIgniter->runController(Object(App\Controllers\Home))
 8 SYSTEMPATH/CodeIgniter.php(354): CodeIgniter\CodeIgniter->handleRequest(null, Object(Config\Cache), false)
 9 SYSTEMPATH/Boot.php(334): CodeIgniter\CodeIgniter->run()
10 SYSTEMPATH/Boot.php(67): CodeIgniter\Boot::runCodeIgniter(Object(CodeIgniter\CodeIgniter))
11 FCPATH/index.php(27): CodeIgniter\Boot::bootWeb(Object(Config\Paths))
WARNING - 2025-10-14 14:12:07 --> [DEPRECATED] addslashes(): Passing null to parameter #1 ($string) of type string is deprecated in APPPATH/Views/service_list.php on line 10.
 1 APPPATH/Views/service_list.php(10): addslashes(null)
 2 SYSTEMPATH/View/View.php(224): include('/home/u810214334/domains/embellish-beauty.co.uk/public_html/app/Views/service_list.php')
 3 SYSTEMPATH/View/View.php(227): CodeIgniter\View\View->CodeIgniter\View\{closure}()
 4 SYSTEMPATH/Common.php(1173): CodeIgniter\View\View->render('service_list', [], true)
 5 APPPATH/Controllers/Home.php(129): view('service_list', [...])
 6 SYSTEMPATH/CodeIgniter.php(933): App\Controllers\Home->fetch_services()
 7 SYSTEMPATH/CodeIgniter.php(507): CodeIgniter\CodeIgniter->runController(Object(App\Controllers\Home))
 8 SYSTEMPATH/CodeIgniter.php(354): CodeIgniter\CodeIgniter->handleRequest(null, Object(Config\Cache), false)
 9 SYSTEMPATH/Boot.php(334): CodeIgniter\CodeIgniter->run()
10 SYSTEMPATH/Boot.php(67): CodeIgniter\Boot::runCodeIgniter(Object(CodeIgniter\CodeIgniter))
11 FCPATH/index.php(27): CodeIgniter\Boot::bootWeb(Object(Config\Paths))
WARNING - 2025-10-14 14:12:07 --> [DEPRECATED] addslashes(): Passing null to parameter #1 ($string) of type string is deprecated in APPPATH/Views/service_list.php on line 10.
 1 APPPATH/Views/service_list.php(10): addslashes(null)
 2 SYSTEMPATH/View/View.php(224): include('/home/u810214334/domains/embellish-beauty.co.uk/public_html/app/Views/service_list.php')
 3 SYSTEMPATH/View/View.php(227): CodeIgniter\View\View->CodeIgniter\View\{closure}()
 4 SYSTEMPATH/Common.php(1173): CodeIgniter\View\View->render('service_list', [], true)
 5 APPPATH/Controllers/Home.php(129): view('service_list', [...])
 6 SYSTEMPATH/CodeIgniter.php(933): App\Controllers\Home->fetch_services()
 7 SYSTEMPATH/CodeIgniter.php(507): CodeIgniter\CodeIgniter->runController(Object(App\Controllers\Home))
 8 SYSTEMPATH/CodeIgniter.php(354): CodeIgniter\CodeIgniter->handleRequest(null, Object(Config\Cache), false)
 9 SYSTEMPATH/Boot.php(334): CodeIgniter\CodeIgniter->run()
10 SYSTEMPATH/Boot.php(67): CodeIgniter\Boot::runCodeIgniter(Object(CodeIgniter\CodeIgniter))
11 FCPATH/index.php(27): CodeIgniter\Boot::bootWeb(Object(Config\Paths))
DEBUG - 2025-10-14 14:12:08 --> Session: Class initialized using 'CodeIgniter\Session\Handlers\FileHandler' driver.
DEBUG - 2025-10-14 14:12:09 --> Session: Class initialized using 'CodeIgniter\Session\Handlers\FileHandler' driver.
DEBUG - 2025-10-14 14:12:14 --> Session: Class initialized using 'CodeIgniter\Session\Handlers\FileHandler' driver.
DEBUG - 2025-10-14 14:12:29 --> Session: Class initialized using 'CodeIgniter\Session\Handlers\FileHandler' driver.
WARNING - 2025-10-14 14:12:29 --> [DEPRECATED] addslashes(): Passing null to parameter #1 ($string) of type string is deprecated in APPPATH/Views/service_list.php on line 10.
 1 APPPATH/Views/service_list.php(10): addslashes(null)
 2 SYSTEMPATH/View/View.php(224): include('/home/u810214334/domains/embellish-beauty.co.uk/public_html/app/Views/service_list.php')
 3 SYSTEMPATH/View/View.php(227): CodeIgniter\View\View->CodeIgniter\View\{closure}()
 4 SYSTEMPATH/Common.php(1173): CodeIgniter\View\View->render('service_list', [], true)
 5 APPPATH/Controllers/Home.php(129): view('service_list', [...])
 6 SYSTEMPATH/CodeIgniter.php(933): App\Controllers\Home->fetch_services()
 7 SYSTEMPATH/CodeIgniter.php(507): CodeIgniter\CodeIgniter->runController(Object(App\Controllers\Home))
 8 SYSTEMPATH/CodeIgniter.php(354): CodeIgniter\CodeIgniter->handleRequest(null, Object(Config\Cache), false)
 9 SYSTEMPATH/Boot.php(334): CodeIgniter\CodeIgniter->run()
10 SYSTEMPATH/Boot.php(67): CodeIgniter\Boot::runCodeIgniter(Object(CodeIgniter\CodeIgniter))
11 FCPATH/index.php(27): CodeIgniter\Boot::bootWeb(Object(Config\Paths))
WARNING - 2025-10-14 14:12:29 --> [DEPRECATED] addslashes(): Passing null to parameter #1 ($string) of type string is deprecated in APPPATH/Views/service_list.php on line 10.
 1 APPPATH/Views/service_list.php(10): addslashes(null)
 2 SYSTEMPATH/View/View.php(224): include('/home/u810214334/domains/embellish-beauty.co.uk/public_html/app/Views/service_list.php')
 3 SYSTEMPATH/View/View.php(227): CodeIgniter\View\View->CodeIgniter\View\{closure}()
 4 SYSTEMPATH/Common.php(1173): CodeIgniter\View\View->render('service_list', [], true)
 5 APPPATH/Controllers/Home.php(129): view('service_list', [...])
 6 SYSTEMPATH/CodeIgniter.php(933): App\Controllers\Home->fetch_services()
 7 SYSTEMPATH/CodeIgniter.php(507): CodeIgniter\CodeIgniter->runController(Object(App\Controllers\Home))
 8 SYSTEMPATH/CodeIgniter.php(354): CodeIgniter\CodeIgniter->handleRequest(null, Object(Config\Cache), false)
 9 SYSTEMPATH/Boot.php(334): CodeIgniter\CodeIgniter->run()
10 SYSTEMPATH/Boot.php(67): CodeIgniter\Boot::runCodeIgniter(Object(CodeIgniter\CodeIgniter))
11 FCPATH/index.php(27): CodeIgniter\Boot::bootWeb(Object(Config\Paths))
WARNING - 2025-10-14 14:12:29 --> [DEPRECATED] addslashes(): Passing null to parameter #1 ($string) of type string is deprecated in APPPATH/Views/service_list.php on line 10.
 1 APPPATH/Views/service_list.php(10): addslashes(null)
 2 SYSTEMPATH/View/View.php(224): include('/home/u810214334/domains/embellish-beauty.co.uk/public_html/app/Views/service_list.php')
 3 SYSTEMPATH/View/View.php(227): CodeIgniter\View\View->CodeIgniter\View\{closure}()
 4 SYSTEMPATH/Common.php(1173): CodeIgniter\View\View->render('service_list', [], true)
 5 APPPATH/Controllers/Home.php(129): view('service_list', [...])
 6 SYSTEMPATH/CodeIgniter.php(933): App\Controllers\Home->fetch_services()
 7 SYSTEMPATH/CodeIgniter.php(507): CodeIgniter\CodeIgniter->runController(Object(App\Controllers\Home))
 8 SYSTEMPATH/CodeIgniter.php(354): CodeIgniter\CodeIgniter->handleRequest(null, Object(Config\Cache), false)
 9 SYSTEMPATH/Boot.php(334): CodeIgniter\CodeIgniter->run()
10 SYSTEMPATH/Boot.php(67): CodeIgniter\Boot::runCodeIgniter(Object(CodeIgniter\CodeIgniter))
11 FCPATH/index.php(27): CodeIgniter\Boot::bootWeb(Object(Config\Paths))
WARNING - 2025-10-14 14:12:29 --> [DEPRECATED] addslashes(): Passing null to parameter #1 ($string) of type string is deprecated in APPPATH/Views/service_list.php on line 10.
 1 APPPATH/Views/service_list.php(10): addslashes(null)
 2 SYSTEMPATH/View/View.php(224): include('/home/u810214334/domains/embellish-beauty.co.uk/public_html/app/Views/service_list.php')
 3 SYSTEMPATH/View/View.php(227): CodeIgniter\View\View->CodeIgniter\View\{closure}()
 4 SYSTEMPATH/Common.php(1173): CodeIgniter\View\View->render('service_list', [], true)
 5 APPPATH/Controllers/Home.php(129): view('service_list', [...])
 6 SYSTEMPATH/CodeIgniter.php(933): App\Controllers\Home->fetch_services()
 7 SYSTEMPATH/CodeIgniter.php(507): CodeIgniter\CodeIgniter->runController(Object(App\Controllers\Home))
 8 SYSTEMPATH/CodeIgniter.php(354): CodeIgniter\CodeIgniter->handleRequest(null, Object(Config\Cache), false)
 9 SYSTEMPATH/Boot.php(334): CodeIgniter\CodeIgniter->run()
10 SYSTEMPATH/Boot.php(67): CodeIgniter\Boot::runCodeIgniter(Object(CodeIgniter\CodeIgniter))
11 FCPATH/index.php(27): CodeIgniter\Boot::bootWeb(Object(Config\Paths))
WARNING - 2025-10-14 14:12:29 --> [DEPRECATED] addslashes(): Passing null to parameter #1 ($string) of type string is deprecated in APPPATH/Views/service_list.php on line 10.
 1 APPPATH/Views/service_list.php(10): addslashes(null)
 2 SYSTEMPATH/View/View.php(224): include('/home/u810214334/domains/embellish-beauty.co.uk/public_html/app/Views/service_list.php')
 3 SYSTEMPATH/View/View.php(227): CodeIgniter\View\View->CodeIgniter\View\{closure}()
 4 SYSTEMPATH/Common.php(1173): CodeIgniter\View\View->render('service_list', [], true)
 5 APPPATH/Controllers/Home.php(129): view('service_list', [...])
 6 SYSTEMPATH/CodeIgniter.php(933): App\Controllers\Home->fetch_services()
 7 SYSTEMPATH/CodeIgniter.php(507): CodeIgniter\CodeIgniter->runController(Object(App\Controllers\Home))
 8 SYSTEMPATH/CodeIgniter.php(354): CodeIgniter\CodeIgniter->handleRequest(null, Object(Config\Cache), false)
 9 SYSTEMPATH/Boot.php(334): CodeIgniter\CodeIgniter->run()
10 SYSTEMPATH/Boot.php(67): CodeIgniter\Boot::runCodeIgniter(Object(CodeIgniter\CodeIgniter))
11 FCPATH/index.php(27): CodeIgniter\Boot::bootWeb(Object(Config\Paths))
WARNING - 2025-10-14 14:12:29 --> [DEPRECATED] addslashes(): Passing null to parameter #1 ($string) of type string is deprecated in APPPATH/Views/service_list.php on line 10.
 1 APPPATH/Views/service_list.php(10): addslashes(null)
 2 SYSTEMPATH/View/View.php(224): include('/home/u810214334/domains/embellish-beauty.co.uk/public_html/app/Views/service_list.php')
 3 SYSTEMPATH/View/View.php(227): CodeIgniter\View\View->CodeIgniter\View\{closure}()
 4 SYSTEMPATH/Common.php(1173): CodeIgniter\View\View->render('service_list', [], true)
 5 APPPATH/Controllers/Home.php(129): view('service_list', [...])
 6 SYSTEMPATH/CodeIgniter.php(933): App\Controllers\Home->fetch_services()
 7 SYSTEMPATH/CodeIgniter.php(507): CodeIgniter\CodeIgniter->runController(Object(App\Controllers\Home))
 8 SYSTEMPATH/CodeIgniter.php(354): CodeIgniter\CodeIgniter->handleRequest(null, Object(Config\Cache), false)
 9 SYSTEMPATH/Boot.php(334): CodeIgniter\CodeIgniter->run()
10 SYSTEMPATH/Boot.php(67): CodeIgniter\Boot::runCodeIgniter(Object(CodeIgniter\CodeIgniter))
11 FCPATH/index.php(27): CodeIgniter\Boot::bootWeb(Object(Config\Paths))
WARNING - 2025-10-14 14:12:29 --> [DEPRECATED] addslashes(): Passing null to parameter #1 ($string) of type string is deprecated in APPPATH/Views/service_list.php on line 10.
 1 APPPATH/Views/service_list.php(10): addslashes(null)
 2 SYSTEMPATH/View/View.php(224): include('/home/u810214334/domains/embellish-beauty.co.uk/public_html/app/Views/service_list.php')
 3 SYSTEMPATH/View/View.php(227): CodeIgniter\View\View->CodeIgniter\View\{closure}()
 4 SYSTEMPATH/Common.php(1173): CodeIgniter\View\View->render('service_list', [], true)
 5 APPPATH/Controllers/Home.php(129): view('service_list', [...])
 6 SYSTEMPATH/CodeIgniter.php(933): App\Controllers\Home->fetch_services()
 7 SYSTEMPATH/CodeIgniter.php(507): CodeIgniter\CodeIgniter->runController(Object(App\Controllers\Home))
 8 SYSTEMPATH/CodeIgniter.php(354): CodeIgniter\CodeIgniter->handleRequest(null, Object(Config\Cache), false)
 9 SYSTEMPATH/Boot.php(334): CodeIgniter\CodeIgniter->run()
10 SYSTEMPATH/Boot.php(67): CodeIgniter\Boot::runCodeIgniter(Object(CodeIgniter\CodeIgniter))
11 FCPATH/index.php(27): CodeIgniter\Boot::bootWeb(Object(Config\Paths))
WARNING - 2025-10-14 14:12:29 --> [DEPRECATED] addslashes(): Passing null to parameter #1 ($string) of type string is deprecated in APPPATH/Views/service_list.php on line 10.
 1 APPPATH/Views/service_list.php(10): addslashes(null)
 2 SYSTEMPATH/View/View.php(224): include('/home/u810214334/domains/embellish-beauty.co.uk/public_html/app/Views/service_list.php')
 3 SYSTEMPATH/View/View.php(227): CodeIgniter\View\View->CodeIgniter\View\{closure}()
 4 SYSTEMPATH/Common.php(1173): CodeIgniter\View\View->render('service_list', [], true)
 5 APPPATH/Controllers/Home.php(129): view('service_list', [...])
 6 SYSTEMPATH/CodeIgniter.php(933): App\Controllers\Home->fetch_services()
 7 SYSTEMPATH/CodeIgniter.php(507): CodeIgniter\CodeIgniter->runController(Object(App\Controllers\Home))
 8 SYSTEMPATH/CodeIgniter.php(354): CodeIgniter\CodeIgniter->handleRequest(null, Object(Config\Cache), false)
 9 SYSTEMPATH/Boot.php(334): CodeIgniter\CodeIgniter->run()
10 SYSTEMPATH/Boot.php(67): CodeIgniter\Boot::runCodeIgniter(Object(CodeIgniter\CodeIgniter))
11 FCPATH/index.php(27): CodeIgniter\Boot::bootWeb(Object(Config\Paths))
WARNING - 2025-10-14 14:12:29 --> [DEPRECATED] addslashes(): Passing null to parameter #1 ($string) of type string is deprecated in APPPATH/Views/service_list.php on line 10.
 1 APPPATH/Views/service_list.php(10): addslashes(null)
 2 SYSTEMPATH/View/View.php(224): include('/home/u810214334/domains/embellish-beauty.co.uk/public_html/app/Views/service_list.php')
 3 SYSTEMPATH/View/View.php(227): CodeIgniter\View\View->CodeIgniter\View\{closure}()
 4 SYSTEMPATH/Common.php(1173): CodeIgniter\View\View->render('service_list', [], true)
 5 APPPATH/Controllers/Home.php(129): view('service_list', [...])
 6 SYSTEMPATH/CodeIgniter.php(933): App\Controllers\Home->fetch_services()
 7 SYSTEMPATH/CodeIgniter.php(507): CodeIgniter\CodeIgniter->runController(Object(App\Controllers\Home))
 8 SYSTEMPATH/CodeIgniter.php(354): CodeIgniter\CodeIgniter->handleRequest(null, Object(Config\Cache), false)
 9 SYSTEMPATH/Boot.php(334): CodeIgniter\CodeIgniter->run()
10 SYSTEMPATH/Boot.php(67): CodeIgniter\Boot::runCodeIgniter(Object(CodeIgniter\CodeIgniter))
11 FCPATH/index.php(27): CodeIgniter\Boot::bootWeb(Object(Config\Paths))
WARNING - 2025-10-14 14:12:29 --> [DEPRECATED] addslashes(): Passing null to parameter #1 ($string) of type string is deprecated in APPPATH/Views/service_list.php on line 10.
 1 APPPATH/Views/service_list.php(10): addslashes(null)
 2 SYSTEMPATH/View/View.php(224): include('/home/u810214334/domains/embellish-beauty.co.uk/public_html/app/Views/service_list.php')
 3 SYSTEMPATH/View/View.php(227): CodeIgniter\View\View->CodeIgniter\View\{closure}()
 4 SYSTEMPATH/Common.php(1173): CodeIgniter\View\View->render('service_list', [], true)
 5 APPPATH/Controllers/Home.php(129): view('service_list', [...])
 6 SYSTEMPATH/CodeIgniter.php(933): App\Controllers\Home->fetch_services()
 7 SYSTEMPATH/CodeIgniter.php(507): CodeIgniter\CodeIgniter->runController(Object(App\Controllers\Home))
 8 SYSTEMPATH/CodeIgniter.php(354): CodeIgniter\CodeIgniter->handleRequest(null, Object(Config\Cache), false)
 9 SYSTEMPATH/Boot.php(334): CodeIgniter\CodeIgniter->run()
10 SYSTEMPATH/Boot.php(67): CodeIgniter\Boot::runCodeIgniter(Object(CodeIgniter\CodeIgniter))
11 FCPATH/index.php(27): CodeIgniter\Boot::bootWeb(Object(Config\Paths))
WARNING - 2025-10-14 14:12:29 --> [DEPRECATED] addslashes(): Passing null to parameter #1 ($string) of type string is deprecated in APPPATH/Views/service_list.php on line 10.
 1 APPPATH/Views/service_list.php(10): addslashes(null)
 2 SYSTEMPATH/View/View.php(224): include('/home/u810214334/domains/embellish-beauty.co.uk/public_html/app/Views/service_list.php')
 3 SYSTEMPATH/View/View.php(227): CodeIgniter\View\View->CodeIgniter\View\{closure}()
 4 SYSTEMPATH/Common.php(1173): CodeIgniter\View\View->render('service_list', [], true)
 5 APPPATH/Controllers/Home.php(129): view('service_list', [...])
 6 SYSTEMPATH/CodeIgniter.php(933): App\Controllers\Home->fetch_services()
 7 SYSTEMPATH/CodeIgniter.php(507): CodeIgniter\CodeIgniter->runController(Object(App\Controllers\Home))
 8 SYSTEMPATH/CodeIgniter.php(354): CodeIgniter\CodeIgniter->handleRequest(null, Object(Config\Cache), false)
 9 SYSTEMPATH/Boot.php(334): CodeIgniter\CodeIgniter->run()
10 SYSTEMPATH/Boot.php(67): CodeIgniter\Boot::runCodeIgniter(Object(CodeIgniter\CodeIgniter))
11 FCPATH/index.php(27): CodeIgniter\Boot::bootWeb(Object(Config\Paths))
WARNING - 2025-10-14 14:12:29 --> [DEPRECATED] addslashes(): Passing null to parameter #1 ($string) of type string is deprecated in APPPATH/Views/service_list.php on line 10.
 1 APPPATH/Views/service_list.php(10): addslashes(null)
 2 SYSTEMPATH/View/View.php(224): include('/home/u810214334/domains/embellish-beauty.co.uk/public_html/app/Views/service_list.php')
 3 SYSTEMPATH/View/View.php(227): CodeIgniter\View\View->CodeIgniter\View\{closure}()
 4 SYSTEMPATH/Common.php(1173): CodeIgniter\View\View->render('service_list', [], true)
 5 APPPATH/Controllers/Home.php(129): view('service_list', [...])
 6 SYSTEMPATH/CodeIgniter.php(933): App\Controllers\Home->fetch_services()
 7 SYSTEMPATH/CodeIgniter.php(507): CodeIgniter\CodeIgniter->runController(Object(App\Controllers\Home))
 8 SYSTEMPATH/CodeIgniter.php(354): CodeIgniter\CodeIgniter->handleRequest(null, Object(Config\Cache), false)
 9 SYSTEMPATH/Boot.php(334): CodeIgniter\CodeIgniter->run()
10 SYSTEMPATH/Boot.php(67): CodeIgniter\Boot::runCodeIgniter(Object(CodeIgniter\CodeIgniter))
11 FCPATH/index.php(27): CodeIgniter\Boot::bootWeb(Object(Config\Paths))
WARNING - 2025-10-14 14:12:29 --> [DEPRECATED] addslashes(): Passing null to parameter #1 ($string) of type string is deprecated in APPPATH/Views/service_list.php on line 10.
 1 APPPATH/Views/service_list.php(10): addslashes(null)
 2 SYSTEMPATH/View/View.php(224): include('/home/u810214334/domains/embellish-beauty.co.uk/public_html/app/Views/service_list.php')
 3 SYSTEMPATH/View/View.php(227): CodeIgniter\View\View->CodeIgniter\View\{closure}()
 4 SYSTEMPATH/Common.php(1173): CodeIgniter\View\View->render('service_list', [], true)
 5 APPPATH/Controllers/Home.php(129): view('service_list', [...])
 6 SYSTEMPATH/CodeIgniter.php(933): App\Controllers\Home->fetch_services()
 7 SYSTEMPATH/CodeIgniter.php(507): CodeIgniter\CodeIgniter->runController(Object(App\Controllers\Home))
 8 SYSTEMPATH/CodeIgniter.php(354): CodeIgniter\CodeIgniter->handleRequest(null, Object(Config\Cache), false)
 9 SYSTEMPATH/Boot.php(334): CodeIgniter\CodeIgniter->run()
10 SYSTEMPATH/Boot.php(67): CodeIgniter\Boot::runCodeIgniter(Object(CodeIgniter\CodeIgniter))
11 FCPATH/index.php(27): CodeIgniter\Boot::bootWeb(Object(Config\Paths))
WARNING - 2025-10-14 14:12:29 --> [DEPRECATED] addslashes(): Passing null to parameter #1 ($string) of type string is deprecated in APPPATH/Views/service_list.php on line 10.
 1 APPPATH/Views/service_list.php(10): addslashes(null)
 2 SYSTEMPATH/View/View.php(224): include('/home/u810214334/domains/embellish-beauty.co.uk/public_html/app/Views/service_list.php')
 3 SYSTEMPATH/View/View.php(227): CodeIgniter\View\View->CodeIgniter\View\{closure}()
 4 SYSTEMPATH/Common.php(1173): CodeIgniter\View\View->render('service_list', [], true)
 5 APPPATH/Controllers/Home.php(129): view('service_list', [...])
 6 SYSTEMPATH/CodeIgniter.php(933): App\Controllers\Home->fetch_services()
 7 SYSTEMPATH/CodeIgniter.php(507): CodeIgniter\CodeIgniter->runController(Object(App\Controllers\Home))
 8 SYSTEMPATH/CodeIgniter.php(354): CodeIgniter\CodeIgniter->handleRequest(null, Object(Config\Cache), false)
 9 SYSTEMPATH/Boot.php(334): CodeIgniter\CodeIgniter->run()
10 SYSTEMPATH/Boot.php(67): CodeIgniter\Boot::runCodeIgniter(Object(CodeIgniter\CodeIgniter))
11 FCPATH/index.php(27): CodeIgniter\Boot::bootWeb(Object(Config\Paths))
WARNING - 2025-10-14 14:12:29 --> [DEPRECATED] addslashes(): Passing null to parameter #1 ($string) of type string is deprecated in APPPATH/Views/service_list.php on line 10.
 1 APPPATH/Views/service_list.php(10): addslashes(null)
 2 SYSTEMPATH/View/View.php(224): include('/home/u810214334/domains/embellish-beauty.co.uk/public_html/app/Views/service_list.php')
 3 SYSTEMPATH/View/View.php(227): CodeIgniter\View\View->CodeIgniter\View\{closure}()
 4 SYSTEMPATH/Common.php(1173): CodeIgniter\View\View->render('service_list', [], true)
 5 APPPATH/Controllers/Home.php(129): view('service_list', [...])
 6 SYSTEMPATH/CodeIgniter.php(933): App\Controllers\Home->fetch_services()
 7 SYSTEMPATH/CodeIgniter.php(507): CodeIgniter\CodeIgniter->runController(Object(App\Controllers\Home))
 8 SYSTEMPATH/CodeIgniter.php(354): CodeIgniter\CodeIgniter->handleRequest(null, Object(Config\Cache), false)
 9 SYSTEMPATH/Boot.php(334): CodeIgniter\CodeIgniter->run()
10 SYSTEMPATH/Boot.php(67): CodeIgniter\Boot::runCodeIgniter(Object(CodeIgniter\CodeIgniter))
11 FCPATH/index.php(27): CodeIgniter\Boot::bootWeb(Object(Config\Paths))
WARNING - 2025-10-14 14:12:29 --> [DEPRECATED] addslashes(): Passing null to parameter #1 ($string) of type string is deprecated in APPPATH/Views/service_list.php on line 10.
 1 APPPATH/Views/service_list.php(10): addslashes(null)
 2 SYSTEMPATH/View/View.php(224): include('/home/u810214334/domains/embellish-beauty.co.uk/public_html/app/Views/service_list.php')
 3 SYSTEMPATH/View/View.php(227): CodeIgniter\View\View->CodeIgniter\View\{closure}()
 4 SYSTEMPATH/Common.php(1173): CodeIgniter\View\View->render('service_list', [], true)
 5 APPPATH/Controllers/Home.php(129): view('service_list', [...])
 6 SYSTEMPATH/CodeIgniter.php(933): App\Controllers\Home->fetch_services()
 7 SYSTEMPATH/CodeIgniter.php(507): CodeIgniter\CodeIgniter->runController(Object(App\Controllers\Home))
 8 SYSTEMPATH/CodeIgniter.php(354): CodeIgniter\CodeIgniter->handleRequest(null, Object(Config\Cache), false)
 9 SYSTEMPATH/Boot.php(334): CodeIgniter\CodeIgniter->run()
10 SYSTEMPATH/Boot.php(67): CodeIgniter\Boot::runCodeIgniter(Object(CodeIgniter\CodeIgniter))
11 FCPATH/index.php(27): CodeIgniter\Boot::bootWeb(Object(Config\Paths))
WARNING - 2025-10-14 14:12:29 --> [DEPRECATED] addslashes(): Passing null to parameter #1 ($string) of type string is deprecated in APPPATH/Views/service_list.php on line 10.
 1 APPPATH/Views/service_list.php(10): addslashes(null)
 2 SYSTEMPATH/View/View.php(224): include('/home/u810214334/domains/embellish-beauty.co.uk/public_html/app/Views/service_list.php')
 3 SYSTEMPATH/View/View.php(227): CodeIgniter\View\View->CodeIgniter\View\{closure}()
 4 SYSTEMPATH/Common.php(1173): CodeIgniter\View\View->render('service_list', [], true)
 5 APPPATH/Controllers/Home.php(129): view('service_list', [...])
 6 SYSTEMPATH/CodeIgniter.php(933): App\Controllers\Home->fetch_services()
 7 SYSTEMPATH/CodeIgniter.php(507): CodeIgniter\CodeIgniter->runController(Object(App\Controllers\Home))
 8 SYSTEMPATH/CodeIgniter.php(354): CodeIgniter\CodeIgniter->handleRequest(null, Object(Config\Cache), false)
 9 SYSTEMPATH/Boot.php(334): CodeIgniter\CodeIgniter->run()
10 SYSTEMPATH/Boot.php(67): CodeIgniter\Boot::runCodeIgniter(Object(CodeIgniter\CodeIgniter))
11 FCPATH/index.php(27): CodeIgniter\Boot::bootWeb(Object(Config\Paths))
WARNING - 2025-10-14 14:12:29 --> [DEPRECATED] addslashes(): Passing null to parameter #1 ($string) of type string is deprecated in APPPATH/Views/service_list.php on line 10.
 1 APPPATH/Views/service_list.php(10): addslashes(null)
 2 SYSTEMPATH/View/View.php(224): include('/home/u810214334/domains/embellish-beauty.co.uk/public_html/app/Views/service_list.php')
 3 SYSTEMPATH/View/View.php(227): CodeIgniter\View\View->CodeIgniter\View\{closure}()
 4 SYSTEMPATH/Common.php(1173): CodeIgniter\View\View->render('service_list', [], true)
 5 APPPATH/Controllers/Home.php(129): view('service_list', [...])
 6 SYSTEMPATH/CodeIgniter.php(933): App\Controllers\Home->fetch_services()
 7 SYSTEMPATH/CodeIgniter.php(507): CodeIgniter\CodeIgniter->runController(Object(App\Controllers\Home))
 8 SYSTEMPATH/CodeIgniter.php(354): CodeIgniter\CodeIgniter->handleRequest(null, Object(Config\Cache), false)
 9 SYSTEMPATH/Boot.php(334): CodeIgniter\CodeIgniter->run()
10 SYSTEMPATH/Boot.php(67): CodeIgniter\Boot::runCodeIgniter(Object(CodeIgniter\CodeIgniter))
11 FCPATH/index.php(27): CodeIgniter\Boot::bootWeb(Object(Config\Paths))
DEBUG - 2025-10-14 14:12:32 --> Session: Class initialized using 'CodeIgniter\Session\Handlers\FileHandler' driver.
WARNING - 2025-10-14 14:12:32 --> [DEPRECATED] addslashes(): Passing null to parameter #1 ($string) of type string is deprecated in APPPATH/Views/service_list.php on line 10.
 1 APPPATH/Views/service_list.php(10): addslashes(null)
 2 SYSTEMPATH/View/View.php(224): include('/home/u810214334/domains/embellish-beauty.co.uk/public_html/app/Views/service_list.php')
 3 SYSTEMPATH/View/View.php(227): CodeIgniter\View\View->CodeIgniter\View\{closure}()
 4 SYSTEMPATH/Common.php(1173): CodeIgniter\View\View->render('service_list', [], true)
 5 APPPATH/Controllers/Home.php(129): view('service_list', [...])
 6 SYSTEMPATH/CodeIgniter.php(933): App\Controllers\Home->fetch_services()
 7 SYSTEMPATH/CodeIgniter.php(507): CodeIgniter\CodeIgniter->runController(Object(App\Controllers\Home))
 8 SYSTEMPATH/CodeIgniter.php(354): CodeIgniter\CodeIgniter->handleRequest(null, Object(Config\Cache), false)
 9 SYSTEMPATH/Boot.php(334): CodeIgniter\CodeIgniter->run()
10 SYSTEMPATH/Boot.php(67): CodeIgniter\Boot::runCodeIgniter(Object(CodeIgniter\CodeIgniter))
11 FCPATH/index.php(27): CodeIgniter\Boot::bootWeb(Object(Config\Paths))
WARNING - 2025-10-14 14:12:32 --> [DEPRECATED] addslashes(): Passing null to parameter #1 ($string) of type string is deprecated in APPPATH/Views/service_list.php on line 10.
 1 APPPATH/Views/service_list.php(10): addslashes(null)
 2 SYSTEMPATH/View/View.php(224): include('/home/u810214334/domains/embellish-beauty.co.uk/public_html/app/Views/service_list.php')
 3 SYSTEMPATH/View/View.php(227): CodeIgniter\View\View->CodeIgniter\View\{closure}()
 4 SYSTEMPATH/Common.php(1173): CodeIgniter\View\View->render('service_list', [], true)
 5 APPPATH/Controllers/Home.php(129): view('service_list', [...])
 6 SYSTEMPATH/CodeIgniter.php(933): App\Controllers\Home->fetch_services()
 7 SYSTEMPATH/CodeIgniter.php(507): CodeIgniter\CodeIgniter->runController(Object(App\Controllers\Home))
 8 SYSTEMPATH/CodeIgniter.php(354): CodeIgniter\CodeIgniter->handleRequest(null, Object(Config\Cache), false)
 9 SYSTEMPATH/Boot.php(334): CodeIgniter\CodeIgniter->run()
10 SYSTEMPATH/Boot.php(67): CodeIgniter\Boot::runCodeIgniter(Object(CodeIgniter\CodeIgniter))
11 FCPATH/index.php(27): CodeIgniter\Boot::bootWeb(Object(Config\Paths))
WARNING - 2025-10-14 14:12:32 --> [DEPRECATED] addslashes(): Passing null to parameter #1 ($string) of type string is deprecated in APPPATH/Views/service_list.php on line 10.
 1 APPPATH/Views/service_list.php(10): addslashes(null)
 2 SYSTEMPATH/View/View.php(224): include('/home/u810214334/domains/embellish-beauty.co.uk/public_html/app/Views/service_list.php')
 3 SYSTEMPATH/View/View.php(227): CodeIgniter\View\View->CodeIgniter\View\{closure}()
 4 SYSTEMPATH/Common.php(1173): CodeIgniter\View\View->render('service_list', [], true)
 5 APPPATH/Controllers/Home.php(129): view('service_list', [...])
 6 SYSTEMPATH/CodeIgniter.php(933): App\Controllers\Home->fetch_services()
 7 SYSTEMPATH/CodeIgniter.php(507): CodeIgniter\CodeIgniter->runController(Object(App\Controllers\Home))
 8 SYSTEMPATH/CodeIgniter.php(354): CodeIgniter\CodeIgniter->handleRequest(null, Object(Config\Cache), false)
 9 SYSTEMPATH/Boot.php(334): CodeIgniter\CodeIgniter->run()
10 SYSTEMPATH/Boot.php(67): CodeIgniter\Boot::runCodeIgniter(Object(CodeIgniter\CodeIgniter))
11 FCPATH/index.php(27): CodeIgniter\Boot::bootWeb(Object(Config\Paths))
WARNING - 2025-10-14 14:12:32 --> [DEPRECATED] addslashes(): Passing null to parameter #1 ($string) of type string is deprecated in APPPATH/Views/service_list.php on line 10.
 1 APPPATH/Views/service_list.php(10): addslashes(null)
 2 SYSTEMPATH/View/View.php(224): include('/home/u810214334/domains/embellish-beauty.co.uk/public_html/app/Views/service_list.php')
 3 SYSTEMPATH/View/View.php(227): CodeIgniter\View\View->CodeIgniter\View\{closure}()
 4 SYSTEMPATH/Common.php(1173): CodeIgniter\View\View->render('service_list', [], true)
 5 APPPATH/Controllers/Home.php(129): view('service_list', [...])
 6 SYSTEMPATH/CodeIgniter.php(933): App\Controllers\Home->fetch_services()
 7 SYSTEMPATH/CodeIgniter.php(507): CodeIgniter\CodeIgniter->runController(Object(App\Controllers\Home))
 8 SYSTEMPATH/CodeIgniter.php(354): CodeIgniter\CodeIgniter->handleRequest(null, Object(Config\Cache), false)
 9 SYSTEMPATH/Boot.php(334): CodeIgniter\CodeIgniter->run()
10 SYSTEMPATH/Boot.php(67): CodeIgniter\Boot::runCodeIgniter(Object(CodeIgniter\CodeIgniter))
11 FCPATH/index.php(27): CodeIgniter\Boot::bootWeb(Object(Config\Paths))
WARNING - 2025-10-14 14:12:32 --> [DEPRECATED] addslashes(): Passing null to parameter #1 ($string) of type string is deprecated in APPPATH/Views/service_list.php on line 10.
 1 APPPATH/Views/service_list.php(10): addslashes(null)
 2 SYSTEMPATH/View/View.php(224): include('/home/u810214334/domains/embellish-beauty.co.uk/public_html/app/Views/service_list.php')
 3 SYSTEMPATH/View/View.php(227): CodeIgniter\View\View->CodeIgniter\View\{closure}()
 4 SYSTEMPATH/Common.php(1173): CodeIgniter\View\View->render('service_list', [], true)
 5 APPPATH/Controllers/Home.php(129): view('service_list', [...])
 6 SYSTEMPATH/CodeIgniter.php(933): App\Controllers\Home->fetch_services()
 7 SYSTEMPATH/CodeIgniter.php(507): CodeIgniter\CodeIgniter->runController(Object(App\Controllers\Home))
 8 SYSTEMPATH/CodeIgniter.php(354): CodeIgniter\CodeIgniter->handleRequest(null, Object(Config\Cache), false)
 9 SYSTEMPATH/Boot.php(334): CodeIgniter\CodeIgniter->run()
10 SYSTEMPATH/Boot.php(67): CodeIgniter\Boot::runCodeIgniter(Object(CodeIgniter\CodeIgniter))
11 FCPATH/index.php(27): CodeIgniter\Boot::bootWeb(Object(Config\Paths))
WARNING - 2025-10-14 14:12:32 --> [DEPRECATED] addslashes(): Passing null to parameter #1 ($string) of type string is deprecated in APPPATH/Views/service_list.php on line 10.
 1 APPPATH/Views/service_list.php(10): addslashes(null)
 2 SYSTEMPATH/View/View.php(224): include('/home/u810214334/domains/embellish-beauty.co.uk/public_html/app/Views/service_list.php')
 3 SYSTEMPATH/View/View.php(227): CodeIgniter\View\View->CodeIgniter\View\{closure}()
 4 SYSTEMPATH/Common.php(1173): CodeIgniter\View\View->render('service_list', [], true)
 5 APPPATH/Controllers/Home.php(129): view('service_list', [...])
 6 SYSTEMPATH/CodeIgniter.php(933): App\Controllers\Home->fetch_services()
 7 SYSTEMPATH/CodeIgniter.php(507): CodeIgniter\CodeIgniter->runController(Object(App\Controllers\Home))
 8 SYSTEMPATH/CodeIgniter.php(354): CodeIgniter\CodeIgniter->handleRequest(null, Object(Config\Cache), false)
 9 SYSTEMPATH/Boot.php(334): CodeIgniter\CodeIgniter->run()
10 SYSTEMPATH/Boot.php(67): CodeIgniter\Boot::runCodeIgniter(Object(CodeIgniter\CodeIgniter))
11 FCPATH/index.php(27): CodeIgniter\Boot::bootWeb(Object(Config\Paths))
WARNING - 2025-10-14 14:12:32 --> [DEPRECATED] addslashes(): Passing null to parameter #1 ($string) of type string is deprecated in APPPATH/Views/service_list.php on line 10.
 1 APPPATH/Views/service_list.php(10): addslashes(null)
 2 SYSTEMPATH/View/View.php(224): include('/home/u810214334/domains/embellish-beauty.co.uk/public_html/app/Views/service_list.php')
 3 SYSTEMPATH/View/View.php(227): CodeIgniter\View\View->CodeIgniter\View\{closure}()
 4 SYSTEMPATH/Common.php(1173): CodeIgniter\View\View->render('service_list', [], true)
 5 APPPATH/Controllers/Home.php(129): view('service_list', [...])
 6 SYSTEMPATH/CodeIgniter.php(933): App\Controllers\Home->fetch_services()
 7 SYSTEMPATH/CodeIgniter.php(507): CodeIgniter\CodeIgniter->runController(Object(App\Controllers\Home))
 8 SYSTEMPATH/CodeIgniter.php(354): CodeIgniter\CodeIgniter->handleRequest(null, Object(Config\Cache), false)
 9 SYSTEMPATH/Boot.php(334): CodeIgniter\CodeIgniter->run()
10 SYSTEMPATH/Boot.php(67): CodeIgniter\Boot::runCodeIgniter(Object(CodeIgniter\CodeIgniter))
11 FCPATH/index.php(27): CodeIgniter\Boot::bootWeb(Object(Config\Paths))
WARNING - 2025-10-14 14:12:32 --> [DEPRECATED] addslashes(): Passing null to parameter #1 ($string) of type string is deprecated in APPPATH/Views/service_list.php on line 10.
 1 APPPATH/Views/service_list.php(10): addslashes(null)
 2 SYSTEMPATH/View/View.php(224): include('/home/u810214334/domains/embellish-beauty.co.uk/public_html/app/Views/service_list.php')
 3 SYSTEMPATH/View/View.php(227): CodeIgniter\View\View->CodeIgniter\View\{closure}()
 4 SYSTEMPATH/Common.php(1173): CodeIgniter\View\View->render('service_list', [], true)
 5 APPPATH/Controllers/Home.php(129): view('service_list', [...])
 6 SYSTEMPATH/CodeIgniter.php(933): App\Controllers\Home->fetch_services()
 7 SYSTEMPATH/CodeIgniter.php(507): CodeIgniter\CodeIgniter->runController(Object(App\Controllers\Home))
 8 SYSTEMPATH/CodeIgniter.php(354): CodeIgniter\CodeIgniter->handleRequest(null, Object(Config\Cache), false)
 9 SYSTEMPATH/Boot.php(334): CodeIgniter\CodeIgniter->run()
10 SYSTEMPATH/Boot.php(67): CodeIgniter\Boot::runCodeIgniter(Object(CodeIgniter\CodeIgniter))
11 FCPATH/index.php(27): CodeIgniter\Boot::bootWeb(Object(Config\Paths))
WARNING - 2025-10-14 14:12:32 --> [DEPRECATED] addslashes(): Passing null to parameter #1 ($string) of type string is deprecated in APPPATH/Views/service_list.php on line 10.
 1 APPPATH/Views/service_list.php(10): addslashes(null)
 2 SYSTEMPATH/View/View.php(224): include('/home/u810214334/domains/embellish-beauty.co.uk/public_html/app/Views/service_list.php')
 3 SYSTEMPATH/View/View.php(227): CodeIgniter\View\View->CodeIgniter\View\{closure}()
 4 SYSTEMPATH/Common.php(1173): CodeIgniter\View\View->render('service_list', [], true)
 5 APPPATH/Controllers/Home.php(129): view('service_list', [...])
 6 SYSTEMPATH/CodeIgniter.php(933): App\Controllers\Home->fetch_services()
 7 SYSTEMPATH/CodeIgniter.php(507): CodeIgniter\CodeIgniter->runController(Object(App\Controllers\Home))
 8 SYSTEMPATH/CodeIgniter.php(354): CodeIgniter\CodeIgniter->handleRequest(null, Object(Config\Cache), false)
 9 SYSTEMPATH/Boot.php(334): CodeIgniter\CodeIgniter->run()
10 SYSTEMPATH/Boot.php(67): CodeIgniter\Boot::runCodeIgniter(Object(CodeIgniter\CodeIgniter))
11 FCPATH/index.php(27): CodeIgniter\Boot::bootWeb(Object(Config\Paths))
WARNING - 2025-10-14 14:12:32 --> [DEPRECATED] addslashes(): Passing null to parameter #1 ($string) of type string is deprecated in APPPATH/Views/service_list.php on line 10.
 1 APPPATH/Views/service_list.php(10): addslashes(null)
 2 SYSTEMPATH/View/View.php(224): include('/home/u810214334/domains/embellish-beauty.co.uk/public_html/app/Views/service_list.php')
 3 SYSTEMPATH/View/View.php(227): CodeIgniter\View\View->CodeIgniter\View\{closure}()
 4 SYSTEMPATH/Common.php(1173): CodeIgniter\View\View->render('service_list', [], true)
 5 APPPATH/Controllers/Home.php(129): view('service_list', [...])
 6 SYSTEMPATH/CodeIgniter.php(933): App\Controllers\Home->fetch_services()
 7 SYSTEMPATH/CodeIgniter.php(507): CodeIgniter\CodeIgniter->runController(Object(App\Controllers\Home))
 8 SYSTEMPATH/CodeIgniter.php(354): CodeIgniter\CodeIgniter->handleRequest(null, Object(Config\Cache), false)
 9 SYSTEMPATH/Boot.php(334): CodeIgniter\CodeIgniter->run()
10 SYSTEMPATH/Boot.php(67): CodeIgniter\Boot::runCodeIgniter(Object(CodeIgniter\CodeIgniter))
11 FCPATH/index.php(27): CodeIgniter\Boot::bootWeb(Object(Config\Paths))
WARNING - 2025-10-14 14:12:32 --> [DEPRECATED] addslashes(): Passing null to parameter #1 ($string) of type string is deprecated in APPPATH/Views/service_list.php on line 10.
 1 APPPATH/Views/service_list.php(10): addslashes(null)
 2 SYSTEMPATH/View/View.php(224): include('/home/u810214334/domains/embellish-beauty.co.uk/public_html/app/Views/service_list.php')
 3 SYSTEMPATH/View/View.php(227): CodeIgniter\View\View->CodeIgniter\View\{closure}()
 4 SYSTEMPATH/Common.php(1173): CodeIgniter\View\View->render('service_list', [], true)
 5 APPPATH/Controllers/Home.php(129): view('service_list', [...])
 6 SYSTEMPATH/CodeIgniter.php(933): App\Controllers\Home->fetch_services()
 7 SYSTEMPATH/CodeIgniter.php(507): CodeIgniter\CodeIgniter->runController(Object(App\Controllers\Home))
 8 SYSTEMPATH/CodeIgniter.php(354): CodeIgniter\CodeIgniter->handleRequest(null, Object(Config\Cache), false)
 9 SYSTEMPATH/Boot.php(334): CodeIgniter\CodeIgniter->run()
10 SYSTEMPATH/Boot.php(67): CodeIgniter\Boot::runCodeIgniter(Object(CodeIgniter\CodeIgniter))
11 FCPATH/index.php(27): CodeIgniter\Boot::bootWeb(Object(Config\Paths))
WARNING - 2025-10-14 14:12:32 --> [DEPRECATED] addslashes(): Passing null to parameter #1 ($string) of type string is deprecated in APPPATH/Views/service_list.php on line 10.
 1 APPPATH/Views/service_list.php(10): addslashes(null)
 2 SYSTEMPATH/View/View.php(224): include('/home/u810214334/domains/embellish-beauty.co.uk/public_html/app/Views/service_list.php')
 3 SYSTEMPATH/View/View.php(227): CodeIgniter\View\View->CodeIgniter\View\{closure}()
 4 SYSTEMPATH/Common.php(1173): CodeIgniter\View\View->render('service_list', [], true)
 5 APPPATH/Controllers/Home.php(129): view('service_list', [...])
 6 SYSTEMPATH/CodeIgniter.php(933): App\Controllers\Home->fetch_services()
 7 SYSTEMPATH/CodeIgniter.php(507): CodeIgniter\CodeIgniter->runController(Object(App\Controllers\Home))
 8 SYSTEMPATH/CodeIgniter.php(354): CodeIgniter\CodeIgniter->handleRequest(null, Object(Config\Cache), false)
 9 SYSTEMPATH/Boot.php(334): CodeIgniter\CodeIgniter->run()
10 SYSTEMPATH/Boot.php(67): CodeIgniter\Boot::runCodeIgniter(Object(CodeIgniter\CodeIgniter))
11 FCPATH/index.php(27): CodeIgniter\Boot::bootWeb(Object(Config\Paths))
WARNING - 2025-10-14 14:12:32 --> [DEPRECATED] addslashes(): Passing null to parameter #1 ($string) of type string is deprecated in APPPATH/Views/service_list.php on line 10.
 1 APPPATH/Views/service_list.php(10): addslashes(null)
 2 SYSTEMPATH/View/View.php(224): include('/home/u810214334/domains/embellish-beauty.co.uk/public_html/app/Views/service_list.php')
 3 SYSTEMPATH/View/View.php(227): CodeIgniter\View\View->CodeIgniter\View\{closure}()
 4 SYSTEMPATH/Common.php(1173): CodeIgniter\View\View->render('service_list', [], true)
 5 APPPATH/Controllers/Home.php(129): view('service_list', [...])
 6 SYSTEMPATH/CodeIgniter.php(933): App\Controllers\Home->fetch_services()
 7 SYSTEMPATH/CodeIgniter.php(507): CodeIgniter\CodeIgniter->runController(Object(App\Controllers\Home))
 8 SYSTEMPATH/CodeIgniter.php(354): CodeIgniter\CodeIgniter->handleRequest(null, Object(Config\Cache), false)
 9 SYSTEMPATH/Boot.php(334): CodeIgniter\CodeIgniter->run()
10 SYSTEMPATH/Boot.php(67): CodeIgniter\Boot::runCodeIgniter(Object(CodeIgniter\CodeIgniter))
11 FCPATH/index.php(27): CodeIgniter\Boot::bootWeb(Object(Config\Paths))
WARNING - 2025-10-14 14:12:32 --> [DEPRECATED] addslashes(): Passing null to parameter #1 ($string) of type string is deprecated in APPPATH/Views/service_list.php on line 10.
 1 APPPATH/Views/service_list.php(10): addslashes(null)
 2 SYSTEMPATH/View/View.php(224): include('/home/u810214334/domains/embellish-beauty.co.uk/public_html/app/Views/service_list.php')
 3 SYSTEMPATH/View/View.php(227): CodeIgniter\View\View->CodeIgniter\View\{closure}()
 4 SYSTEMPATH/Common.php(1173): CodeIgniter\View\View->render('service_list', [], true)
 5 APPPATH/Controllers/Home.php(129): view('service_list', [...])
 6 SYSTEMPATH/CodeIgniter.php(933): App\Controllers\Home->fetch_services()
 7 SYSTEMPATH/CodeIgniter.php(507): CodeIgniter\CodeIgniter->runController(Object(App\Controllers\Home))
 8 SYSTEMPATH/CodeIgniter.php(354): CodeIgniter\CodeIgniter->handleRequest(null, Object(Config\Cache), false)
 9 SYSTEMPATH/Boot.php(334): CodeIgniter\CodeIgniter->run()
10 SYSTEMPATH/Boot.php(67): CodeIgniter\Boot::runCodeIgniter(Object(CodeIgniter\CodeIgniter))
11 FCPATH/index.php(27): CodeIgniter\Boot::bootWeb(Object(Config\Paths))
WARNING - 2025-10-14 14:12:32 --> [DEPRECATED] addslashes(): Passing null to parameter #1 ($string) of type string is deprecated in APPPATH/Views/service_list.php on line 10.
 1 APPPATH/Views/service_list.php(10): addslashes(null)
 2 SYSTEMPATH/View/View.php(224): include('/home/u810214334/domains/embellish-beauty.co.uk/public_html/app/Views/service_list.php')
 3 SYSTEMPATH/View/View.php(227): CodeIgniter\View\View->CodeIgniter\View\{closure}()
 4 SYSTEMPATH/Common.php(1173): CodeIgniter\View\View->render('service_list', [], true)
 5 APPPATH/Controllers/Home.php(129): view('service_list', [...])
 6 SYSTEMPATH/CodeIgniter.php(933): App\Controllers\Home->fetch_services()
 7 SYSTEMPATH/CodeIgniter.php(507): CodeIgniter\CodeIgniter->runController(Object(App\Controllers\Home))
 8 SYSTEMPATH/CodeIgniter.php(354): CodeIgniter\CodeIgniter->handleRequest(null, Object(Config\Cache), false)
 9 SYSTEMPATH/Boot.php(334): CodeIgniter\CodeIgniter->run()
10 SYSTEMPATH/Boot.php(67): CodeIgniter\Boot::runCodeIgniter(Object(CodeIgniter\CodeIgniter))
11 FCPATH/index.php(27): CodeIgniter\Boot::bootWeb(Object(Config\Paths))
WARNING - 2025-10-14 14:12:32 --> [DEPRECATED] addslashes(): Passing null to parameter #1 ($string) of type string is deprecated in APPPATH/Views/service_list.php on line 10.
 1 APPPATH/Views/service_list.php(10): addslashes(null)
 2 SYSTEMPATH/View/View.php(224): include('/home/u810214334/domains/embellish-beauty.co.uk/public_html/app/Views/service_list.php')
 3 SYSTEMPATH/View/View.php(227): CodeIgniter\View\View->CodeIgniter\View\{closure}()
 4 SYSTEMPATH/Common.php(1173): CodeIgniter\View\View->render('service_list', [], true)
 5 APPPATH/Controllers/Home.php(129): view('service_list', [...])
 6 SYSTEMPATH/CodeIgniter.php(933): App\Controllers\Home->fetch_services()
 7 SYSTEMPATH/CodeIgniter.php(507): CodeIgniter\CodeIgniter->runController(Object(App\Controllers\Home))
 8 SYSTEMPATH/CodeIgniter.php(354): CodeIgniter\CodeIgniter->handleRequest(null, Object(Config\Cache), false)
 9 SYSTEMPATH/Boot.php(334): CodeIgniter\CodeIgniter->run()
10 SYSTEMPATH/Boot.php(67): CodeIgniter\Boot::runCodeIgniter(Object(CodeIgniter\CodeIgniter))
11 FCPATH/index.php(27): CodeIgniter\Boot::bootWeb(Object(Config\Paths))
WARNING - 2025-10-14 14:12:32 --> [DEPRECATED] addslashes(): Passing null to parameter #1 ($string) of type string is deprecated in APPPATH/Views/service_list.php on line 10.
 1 APPPATH/Views/service_list.php(10): addslashes(null)
 2 SYSTEMPATH/View/View.php(224): include('/home/u810214334/domains/embellish-beauty.co.uk/public_html/app/Views/service_list.php')
 3 SYSTEMPATH/View/View.php(227): CodeIgniter\View\View->CodeIgniter\View\{closure}()
 4 SYSTEMPATH/Common.php(1173): CodeIgniter\View\View->render('service_list', [], true)
 5 APPPATH/Controllers/Home.php(129): view('service_list', [...])
 6 SYSTEMPATH/CodeIgniter.php(933): App\Controllers\Home->fetch_services()
 7 SYSTEMPATH/CodeIgniter.php(507): CodeIgniter\CodeIgniter->runController(Object(App\Controllers\Home))
 8 SYSTEMPATH/CodeIgniter.php(354): CodeIgniter\CodeIgniter->handleRequest(null, Object(Config\Cache), false)
 9 SYSTEMPATH/Boot.php(334): CodeIgniter\CodeIgniter->run()
10 SYSTEMPATH/Boot.php(67): CodeIgniter\Boot::runCodeIgniter(Object(CodeIgniter\CodeIgniter))
11 FCPATH/index.php(27): CodeIgniter\Boot::bootWeb(Object(Config\Paths))
WARNING - 2025-10-14 14:12:32 --> [DEPRECATED] addslashes(): Passing null to parameter #1 ($string) of type string is deprecated in APPPATH/Views/service_list.php on line 10.
 1 APPPATH/Views/service_list.php(10): addslashes(null)
 2 SYSTEMPATH/View/View.php(224): include('/home/u810214334/domains/embellish-beauty.co.uk/public_html/app/Views/service_list.php')
 3 SYSTEMPATH/View/View.php(227): CodeIgniter\View\View->CodeIgniter\View\{closure}()
 4 SYSTEMPATH/Common.php(1173): CodeIgniter\View\View->render('service_list', [], true)
 5 APPPATH/Controllers/Home.php(129): view('service_list', [...])
 6 SYSTEMPATH/CodeIgniter.php(933): App\Controllers\Home->fetch_services()
 7 SYSTEMPATH/CodeIgniter.php(507): CodeIgniter\CodeIgniter->runController(Object(App\Controllers\Home))
 8 SYSTEMPATH/CodeIgniter.php(354): CodeIgniter\CodeIgniter->handleRequest(null, Object(Config\Cache), false)
 9 SYSTEMPATH/Boot.php(334): CodeIgniter\CodeIgniter->run()
10 SYSTEMPATH/Boot.php(67): CodeIgniter\Boot::runCodeIgniter(Object(CodeIgniter\CodeIgniter))
11 FCPATH/index.php(27): CodeIgniter\Boot::bootWeb(Object(Config\Paths))
DEBUG - 2025-10-14 14:12:33 --> Session: Class initialized using 'CodeIgniter\Session\Handlers\FileHandler' driver.
WARNING - 2025-10-14 14:12:33 --> [DEPRECATED] addslashes(): Passing null to parameter #1 ($string) of type string is deprecated in APPPATH/Views/service_list.php on line 10.
 1 APPPATH/Views/service_list.php(10): addslashes(null)
 2 SYSTEMPATH/View/View.php(224): include('/home/u810214334/domains/embellish-beauty.co.uk/public_html/app/Views/service_list.php')
 3 SYSTEMPATH/View/View.php(227): CodeIgniter\View\View->CodeIgniter\View\{closure}()
 4 SYSTEMPATH/Common.php(1173): CodeIgniter\View\View->render('service_list', [], true)
 5 APPPATH/Controllers/Home.php(129): view('service_list', [...])
 6 SYSTEMPATH/CodeIgniter.php(933): App\Controllers\Home->fetch_services()
 7 SYSTEMPATH/CodeIgniter.php(507): CodeIgniter\CodeIgniter->runController(Object(App\Controllers\Home))
 8 SYSTEMPATH/CodeIgniter.php(354): CodeIgniter\CodeIgniter->handleRequest(null, Object(Config\Cache), false)
 9 SYSTEMPATH/Boot.php(334): CodeIgniter\CodeIgniter->run()
10 SYSTEMPATH/Boot.php(67): CodeIgniter\Boot::runCodeIgniter(Object(CodeIgniter\CodeIgniter))
11 FCPATH/index.php(27): CodeIgniter\Boot::bootWeb(Object(Config\Paths))
WARNING - 2025-10-14 14:12:33 --> [DEPRECATED] addslashes(): Passing null to parameter #1 ($string) of type string is deprecated in APPPATH/Views/service_list.php on line 10.
 1 APPPATH/Views/service_list.php(10): addslashes(null)
 2 SYSTEMPATH/View/View.php(224): include('/home/u810214334/domains/embellish-beauty.co.uk/public_html/app/Views/service_list.php')
 3 SYSTEMPATH/View/View.php(227): CodeIgniter\View\View->CodeIgniter\View\{closure}()
 4 SYSTEMPATH/Common.php(1173): CodeIgniter\View\View->render('service_list', [], true)
 5 APPPATH/Controllers/Home.php(129): view('service_list', [...])
 6 SYSTEMPATH/CodeIgniter.php(933): App\Controllers\Home->fetch_services()
 7 SYSTEMPATH/CodeIgniter.php(507): CodeIgniter\CodeIgniter->runController(Object(App\Controllers\Home))
 8 SYSTEMPATH/CodeIgniter.php(354): CodeIgniter\CodeIgniter->handleRequest(null, Object(Config\Cache), false)
 9 SYSTEMPATH/Boot.php(334): CodeIgniter\CodeIgniter->run()
10 SYSTEMPATH/Boot.php(67): CodeIgniter\Boot::runCodeIgniter(Object(CodeIgniter\CodeIgniter))
11 FCPATH/index.php(27): CodeIgniter\Boot::bootWeb(Object(Config\Paths))
WARNING - 2025-10-14 14:12:33 --> [DEPRECATED] addslashes(): Passing null to parameter #1 ($string) of type string is deprecated in APPPATH/Views/service_list.php on line 10.
 1 APPPATH/Views/service_list.php(10): addslashes(null)
 2 SYSTEMPATH/View/View.php(224): include('/home/u810214334/domains/embellish-beauty.co.uk/public_html/app/Views/service_list.php')
 3 SYSTEMPATH/View/View.php(227): CodeIgniter\View\View->CodeIgniter\View\{closure}()
 4 SYSTEMPATH/Common.php(1173): CodeIgniter\View\View->render('service_list', [], true)
 5 APPPATH/Controllers/Home.php(129): view('service_list', [...])
 6 SYSTEMPATH/CodeIgniter.php(933): App\Controllers\Home->fetch_services()
 7 SYSTEMPATH/CodeIgniter.php(507): CodeIgniter\CodeIgniter->runController(Object(App\Controllers\Home))
 8 SYSTEMPATH/CodeIgniter.php(354): CodeIgniter\CodeIgniter->handleRequest(null, Object(Config\Cache), false)
 9 SYSTEMPATH/Boot.php(334): CodeIgniter\CodeIgniter->run()
10 SYSTEMPATH/Boot.php(67): CodeIgniter\Boot::runCodeIgniter(Object(CodeIgniter\CodeIgniter))
11 FCPATH/index.php(27): CodeIgniter\Boot::bootWeb(Object(Config\Paths))
WARNING - 2025-10-14 14:12:33 --> [DEPRECATED] addslashes(): Passing null to parameter #1 ($string) of type string is deprecated in APPPATH/Views/service_list.php on line 10.
 1 APPPATH/Views/service_list.php(10): addslashes(null)
 2 SYSTEMPATH/View/View.php(224): include('/home/u810214334/domains/embellish-beauty.co.uk/public_html/app/Views/service_list.php')
 3 SYSTEMPATH/View/View.php(227): CodeIgniter\View\View->CodeIgniter\View\{closure}()
 4 SYSTEMPATH/Common.php(1173): CodeIgniter\View\View->render('service_list', [], true)
 5 APPPATH/Controllers/Home.php(129): view('service_list', [...])
 6 SYSTEMPATH/CodeIgniter.php(933): App\Controllers\Home->fetch_services()
 7 SYSTEMPATH/CodeIgniter.php(507): CodeIgniter\CodeIgniter->runController(Object(App\Controllers\Home))
 8 SYSTEMPATH/CodeIgniter.php(354): CodeIgniter\CodeIgniter->handleRequest(null, Object(Config\Cache), false)
 9 SYSTEMPATH/Boot.php(334): CodeIgniter\CodeIgniter->run()
10 SYSTEMPATH/Boot.php(67): CodeIgniter\Boot::runCodeIgniter(Object(CodeIgniter\CodeIgniter))
11 FCPATH/index.php(27): CodeIgniter\Boot::bootWeb(Object(Config\Paths))
WARNING - 2025-10-14 14:12:33 --> [DEPRECATED] addslashes(): Passing null to parameter #1 ($string) of type string is deprecated in APPPATH/Views/service_list.php on line 10.
 1 APPPATH/Views/service_list.php(10): addslashes(null)
 2 SYSTEMPATH/View/View.php(224): include('/home/u810214334/domains/embellish-beauty.co.uk/public_html/app/Views/service_list.php')
 3 SYSTEMPATH/View/View.php(227): CodeIgniter\View\View->CodeIgniter\View\{closure}()
 4 SYSTEMPATH/Common.php(1173): CodeIgniter\View\View->render('service_list', [], true)
 5 APPPATH/Controllers/Home.php(129): view('service_list', [...])
 6 SYSTEMPATH/CodeIgniter.php(933): App\Controllers\Home->fetch_services()
 7 SYSTEMPATH/CodeIgniter.php(507): CodeIgniter\CodeIgniter->runController(Object(App\Controllers\Home))
 8 SYSTEMPATH/CodeIgniter.php(354): CodeIgniter\CodeIgniter->handleRequest(null, Object(Config\Cache), false)
 9 SYSTEMPATH/Boot.php(334): CodeIgniter\CodeIgniter->run()
10 SYSTEMPATH/Boot.php(67): CodeIgniter\Boot::runCodeIgniter(Object(CodeIgniter\CodeIgniter))
11 FCPATH/index.php(27): CodeIgniter\Boot::bootWeb(Object(Config\Paths))
WARNING - 2025-10-14 14:12:33 --> [DEPRECATED] addslashes(): Passing null to parameter #1 ($string) of type string is deprecated in APPPATH/Views/service_list.php on line 10.
 1 APPPATH/Views/service_list.php(10): addslashes(null)
 2 SYSTEMPATH/View/View.php(224): include('/home/u810214334/domains/embellish-beauty.co.uk/public_html/app/Views/service_list.php')
 3 SYSTEMPATH/View/View.php(227): CodeIgniter\View\View->CodeIgniter\View\{closure}()
 4 SYSTEMPATH/Common.php(1173): CodeIgniter\View\View->render('service_list', [], true)
 5 APPPATH/Controllers/Home.php(129): view('service_list', [...])
 6 SYSTEMPATH/CodeIgniter.php(933): App\Controllers\Home->fetch_services()
 7 SYSTEMPATH/CodeIgniter.php(507): CodeIgniter\CodeIgniter->runController(Object(App\Controllers\Home))
 8 SYSTEMPATH/CodeIgniter.php(354): CodeIgniter\CodeIgniter->handleRequest(null, Object(Config\Cache), false)
 9 SYSTEMPATH/Boot.php(334): CodeIgniter\CodeIgniter->run()
10 SYSTEMPATH/Boot.php(67): CodeIgniter\Boot::runCodeIgniter(Object(CodeIgniter\CodeIgniter))
11 FCPATH/index.php(27): CodeIgniter\Boot::bootWeb(Object(Config\Paths))
WARNING - 2025-10-14 14:12:33 --> [DEPRECATED] addslashes(): Passing null to parameter #1 ($string) of type string is deprecated in APPPATH/Views/service_list.php on line 10.
 1 APPPATH/Views/service_list.php(10): addslashes(null)
 2 SYSTEMPATH/View/View.php(224): include('/home/u810214334/domains/embellish-beauty.co.uk/public_html/app/Views/service_list.php')
 3 SYSTEMPATH/View/View.php(227): CodeIgniter\View\View->CodeIgniter\View\{closure}()
 4 SYSTEMPATH/Common.php(1173): CodeIgniter\View\View->render('service_list', [], true)
 5 APPPATH/Controllers/Home.php(129): view('service_list', [...])
 6 SYSTEMPATH/CodeIgniter.php(933): App\Controllers\Home->fetch_services()
 7 SYSTEMPATH/CodeIgniter.php(507): CodeIgniter\CodeIgniter->runController(Object(App\Controllers\Home))
 8 SYSTEMPATH/CodeIgniter.php(354): CodeIgniter\CodeIgniter->handleRequest(null, Object(Config\Cache), false)
 9 SYSTEMPATH/Boot.php(334): CodeIgniter\CodeIgniter->run()
10 SYSTEMPATH/Boot.php(67): CodeIgniter\Boot::runCodeIgniter(Object(CodeIgniter\CodeIgniter))
11 FCPATH/index.php(27): CodeIgniter\Boot::bootWeb(Object(Config\Paths))
WARNING - 2025-10-14 14:12:33 --> [DEPRECATED] addslashes(): Passing null to parameter #1 ($string) of type string is deprecated in APPPATH/Views/service_list.php on line 10.
 1 APPPATH/Views/service_list.php(10): addslashes(null)
 2 SYSTEMPATH/View/View.php(224): include('/home/u810214334/domains/embellish-beauty.co.uk/public_html/app/Views/service_list.php')
 3 SYSTEMPATH/View/View.php(227): CodeIgniter\View\View->CodeIgniter\View\{closure}()
 4 SYSTEMPATH/Common.php(1173): CodeIgniter\View\View->render('service_list', [], true)
 5 APPPATH/Controllers/Home.php(129): view('service_list', [...])
 6 SYSTEMPATH/CodeIgniter.php(933): App\Controllers\Home->fetch_services()
 7 SYSTEMPATH/CodeIgniter.php(507): CodeIgniter\CodeIgniter->runController(Object(App\Controllers\Home))
 8 SYSTEMPATH/CodeIgniter.php(354): CodeIgniter\CodeIgniter->handleRequest(null, Object(Config\Cache), false)
 9 SYSTEMPATH/Boot.php(334): CodeIgniter\CodeIgniter->run()
10 SYSTEMPATH/Boot.php(67): CodeIgniter\Boot::runCodeIgniter(Object(CodeIgniter\CodeIgniter))
11 FCPATH/index.php(27): CodeIgniter\Boot::bootWeb(Object(Config\Paths))
WARNING - 2025-10-14 14:12:33 --> [DEPRECATED] addslashes(): Passing null to parameter #1 ($string) of type string is deprecated in APPPATH/Views/service_list.php on line 10.
 1 APPPATH/Views/service_list.php(10): addslashes(null)
 2 SYSTEMPATH/View/View.php(224): include('/home/u810214334/domains/embellish-beauty.co.uk/public_html/app/Views/service_list.php')
 3 SYSTEMPATH/View/View.php(227): CodeIgniter\View\View->CodeIgniter\View\{closure}()
 4 SYSTEMPATH/Common.php(1173): CodeIgniter\View\View->render('service_list', [], true)
 5 APPPATH/Controllers/Home.php(129): view('service_list', [...])
 6 SYSTEMPATH/CodeIgniter.php(933): App\Controllers\Home->fetch_services()
 7 SYSTEMPATH/CodeIgniter.php(507): CodeIgniter\CodeIgniter->runController(Object(App\Controllers\Home))
 8 SYSTEMPATH/CodeIgniter.php(354): CodeIgniter\CodeIgniter->handleRequest(null, Object(Config\Cache), false)
 9 SYSTEMPATH/Boot.php(334): CodeIgniter\CodeIgniter->run()
10 SYSTEMPATH/Boot.php(67): CodeIgniter\Boot::runCodeIgniter(Object(CodeIgniter\CodeIgniter))
11 FCPATH/index.php(27): CodeIgniter\Boot::bootWeb(Object(Config\Paths))
WARNING - 2025-10-14 14:12:33 --> [DEPRECATED] addslashes(): Passing null to parameter #1 ($string) of type string is deprecated in APPPATH/Views/service_list.php on line 10.
 1 APPPATH/Views/service_list.php(10): addslashes(null)
 2 SYSTEMPATH/View/View.php(224): include('/home/u810214334/domains/embellish-beauty.co.uk/public_html/app/Views/service_list.php')
 3 SYSTEMPATH/View/View.php(227): CodeIgniter\View\View->CodeIgniter\View\{closure}()
 4 SYSTEMPATH/Common.php(1173): CodeIgniter\View\View->render('service_list', [], true)
 5 APPPATH/Controllers/Home.php(129): view('service_list', [...])
 6 SYSTEMPATH/CodeIgniter.php(933): App\Controllers\Home->fetch_services()
 7 SYSTEMPATH/CodeIgniter.php(507): CodeIgniter\CodeIgniter->runController(Object(App\Controllers\Home))
 8 SYSTEMPATH/CodeIgniter.php(354): CodeIgniter\CodeIgniter->handleRequest(null, Object(Config\Cache), false)
 9 SYSTEMPATH/Boot.php(334): CodeIgniter\CodeIgniter->run()
10 SYSTEMPATH/Boot.php(67): CodeIgniter\Boot::runCodeIgniter(Object(CodeIgniter\CodeIgniter))
11 FCPATH/index.php(27): CodeIgniter\Boot::bootWeb(Object(Config\Paths))
WARNING - 2025-10-14 14:12:33 --> [DEPRECATED] addslashes(): Passing null to parameter #1 ($string) of type string is deprecated in APPPATH/Views/service_list.php on line 10.
 1 APPPATH/Views/service_list.php(10): addslashes(null)
 2 SYSTEMPATH/View/View.php(224): include('/home/u810214334/domains/embellish-beauty.co.uk/public_html/app/Views/service_list.php')
 3 SYSTEMPATH/View/View.php(227): CodeIgniter\View\View->CodeIgniter\View\{closure}()
 4 SYSTEMPATH/Common.php(1173): CodeIgniter\View\View->render('service_list', [], true)
 5 APPPATH/Controllers/Home.php(129): view('service_list', [...])
 6 SYSTEMPATH/CodeIgniter.php(933): App\Controllers\Home->fetch_services()
 7 SYSTEMPATH/CodeIgniter.php(507): CodeIgniter\CodeIgniter->runController(Object(App\Controllers\Home))
 8 SYSTEMPATH/CodeIgniter.php(354): CodeIgniter\CodeIgniter->handleRequest(null, Object(Config\Cache), false)
 9 SYSTEMPATH/Boot.php(334): CodeIgniter\CodeIgniter->run()
10 SYSTEMPATH/Boot.php(67): CodeIgniter\Boot::runCodeIgniter(Object(CodeIgniter\CodeIgniter))
11 FCPATH/index.php(27): CodeIgniter\Boot::bootWeb(Object(Config\Paths))
WARNING - 2025-10-14 14:12:33 --> [DEPRECATED] addslashes(): Passing null to parameter #1 ($string) of type string is deprecated in APPPATH/Views/service_list.php on line 10.
 1 APPPATH/Views/service_list.php(10): addslashes(null)
 2 SYSTEMPATH/View/View.php(224): include('/home/u810214334/domains/embellish-beauty.co.uk/public_html/app/Views/service_list.php')
 3 SYSTEMPATH/View/View.php(227): CodeIgniter\View\View->CodeIgniter\View\{closure}()
 4 SYSTEMPATH/Common.php(1173): CodeIgniter\View\View->render('service_list', [], true)
 5 APPPATH/Controllers/Home.php(129): view('service_list', [...])
 6 SYSTEMPATH/CodeIgniter.php(933): App\Controllers\Home->fetch_services()
 7 SYSTEMPATH/CodeIgniter.php(507): CodeIgniter\CodeIgniter->runController(Object(App\Controllers\Home))
 8 SYSTEMPATH/CodeIgniter.php(354): CodeIgniter\CodeIgniter->handleRequest(null, Object(Config\Cache), false)
 9 SYSTEMPATH/Boot.php(334): CodeIgniter\CodeIgniter->run()
10 SYSTEMPATH/Boot.php(67): CodeIgniter\Boot::runCodeIgniter(Object(CodeIgniter\CodeIgniter))
11 FCPATH/index.php(27): CodeIgniter\Boot::bootWeb(Object(Config\Paths))
WARNING - 2025-10-14 14:12:33 --> [DEPRECATED] addslashes(): Passing null to parameter #1 ($string) of type string is deprecated in APPPATH/Views/service_list.php on line 10.
 1 APPPATH/Views/service_list.php(10): addslashes(null)
 2 SYSTEMPATH/View/View.php(224): include('/home/u810214334/domains/embellish-beauty.co.uk/public_html/app/Views/service_list.php')
 3 SYSTEMPATH/View/View.php(227): CodeIgniter\View\View->CodeIgniter\View\{closure}()
 4 SYSTEMPATH/Common.php(1173): CodeIgniter\View\View->render('service_list', [], true)
 5 APPPATH/Controllers/Home.php(129): view('service_list', [...])
 6 SYSTEMPATH/CodeIgniter.php(933): App\Controllers\Home->fetch_services()
 7 SYSTEMPATH/CodeIgniter.php(507): CodeIgniter\CodeIgniter->runController(Object(App\Controllers\Home))
 8 SYSTEMPATH/CodeIgniter.php(354): CodeIgniter\CodeIgniter->handleRequest(null, Object(Config\Cache), false)
 9 SYSTEMPATH/Boot.php(334): CodeIgniter\CodeIgniter->run()
10 SYSTEMPATH/Boot.php(67): CodeIgniter\Boot::runCodeIgniter(Object(CodeIgniter\CodeIgniter))
11 FCPATH/index.php(27): CodeIgniter\Boot::bootWeb(Object(Config\Paths))
WARNING - 2025-10-14 14:12:33 --> [DEPRECATED] addslashes(): Passing null to parameter #1 ($string) of type string is deprecated in APPPATH/Views/service_list.php on line 10.
 1 APPPATH/Views/service_list.php(10): addslashes(null)
 2 SYSTEMPATH/View/View.php(224): include('/home/u810214334/domains/embellish-beauty.co.uk/public_html/app/Views/service_list.php')
 3 SYSTEMPATH/View/View.php(227): CodeIgniter\View\View->CodeIgniter\View\{closure}()
 4 SYSTEMPATH/Common.php(1173): CodeIgniter\View\View->render('service_list', [], true)
 5 APPPATH/Controllers/Home.php(129): view('service_list', [...])
 6 SYSTEMPATH/CodeIgniter.php(933): App\Controllers\Home->fetch_services()
 7 SYSTEMPATH/CodeIgniter.php(507): CodeIgniter\CodeIgniter->runController(Object(App\Controllers\Home))
 8 SYSTEMPATH/CodeIgniter.php(354): CodeIgniter\CodeIgniter->handleRequest(null, Object(Config\Cache), false)
 9 SYSTEMPATH/Boot.php(334): CodeIgniter\CodeIgniter->run()
10 SYSTEMPATH/Boot.php(67): CodeIgniter\Boot::runCodeIgniter(Object(CodeIgniter\CodeIgniter))
11 FCPATH/index.php(27): CodeIgniter\Boot::bootWeb(Object(Config\Paths))
WARNING - 2025-10-14 14:12:33 --> [DEPRECATED] addslashes(): Passing null to parameter #1 ($string) of type string is deprecated in APPPATH/Views/service_list.php on line 10.
 1 APPPATH/Views/service_list.php(10): addslashes(null)
 2 SYSTEMPATH/View/View.php(224): include('/home/u810214334/domains/embellish-beauty.co.uk/public_html/app/Views/service_list.php')
 3 SYSTEMPATH/View/View.php(227): CodeIgniter\View\View->CodeIgniter\View\{closure}()
 4 SYSTEMPATH/Common.php(1173): CodeIgniter\View\View->render('service_list', [], true)
 5 APPPATH/Controllers/Home.php(129): view('service_list', [...])
 6 SYSTEMPATH/CodeIgniter.php(933): App\Controllers\Home->fetch_services()
 7 SYSTEMPATH/CodeIgniter.php(507): CodeIgniter\CodeIgniter->runController(Object(App\Controllers\Home))
 8 SYSTEMPATH/CodeIgniter.php(354): CodeIgniter\CodeIgniter->handleRequest(null, Object(Config\Cache), false)
 9 SYSTEMPATH/Boot.php(334): CodeIgniter\CodeIgniter->run()
10 SYSTEMPATH/Boot.php(67): CodeIgniter\Boot::runCodeIgniter(Object(CodeIgniter\CodeIgniter))
11 FCPATH/index.php(27): CodeIgniter\Boot::bootWeb(Object(Config\Paths))
WARNING - 2025-10-14 14:12:33 --> [DEPRECATED] addslashes(): Passing null to parameter #1 ($string) of type string is deprecated in APPPATH/Views/service_list.php on line 10.
 1 APPPATH/Views/service_list.php(10): addslashes(null)
 2 SYSTEMPATH/View/View.php(224): include('/home/u810214334/domains/embellish-beauty.co.uk/public_html/app/Views/service_list.php')
 3 SYSTEMPATH/View/View.php(227): CodeIgniter\View\View->CodeIgniter\View\{closure}()
 4 SYSTEMPATH/Common.php(1173): CodeIgniter\View\View->render('service_list', [], true)
 5 APPPATH/Controllers/Home.php(129): view('service_list', [...])
 6 SYSTEMPATH/CodeIgniter.php(933): App\Controllers\Home->fetch_services()
 7 SYSTEMPATH/CodeIgniter.php(507): CodeIgniter\CodeIgniter->runController(Object(App\Controllers\Home))
 8 SYSTEMPATH/CodeIgniter.php(354): CodeIgniter\CodeIgniter->handleRequest(null, Object(Config\Cache), false)
 9 SYSTEMPATH/Boot.php(334): CodeIgniter\CodeIgniter->run()
10 SYSTEMPATH/Boot.php(67): CodeIgniter\Boot::runCodeIgniter(Object(CodeIgniter\CodeIgniter))
11 FCPATH/index.php(27): CodeIgniter\Boot::bootWeb(Object(Config\Paths))
WARNING - 2025-10-14 14:12:33 --> [DEPRECATED] addslashes(): Passing null to parameter #1 ($string) of type string is deprecated in APPPATH/Views/service_list.php on line 10.
 1 APPPATH/Views/service_list.php(10): addslashes(null)
 2 SYSTEMPATH/View/View.php(224): include('/home/u810214334/domains/embellish-beauty.co.uk/public_html/app/Views/service_list.php')
 3 SYSTEMPATH/View/View.php(227): CodeIgniter\View\View->CodeIgniter\View\{closure}()
 4 SYSTEMPATH/Common.php(1173): CodeIgniter\View\View->render('service_list', [], true)
 5 APPPATH/Controllers/Home.php(129): view('service_list', [...])
 6 SYSTEMPATH/CodeIgniter.php(933): App\Controllers\Home->fetch_services()
 7 SYSTEMPATH/CodeIgniter.php(507): CodeIgniter\CodeIgniter->runController(Object(App\Controllers\Home))
 8 SYSTEMPATH/CodeIgniter.php(354): CodeIgniter\CodeIgniter->handleRequest(null, Object(Config\Cache), false)
 9 SYSTEMPATH/Boot.php(334): CodeIgniter\CodeIgniter->run()
10 SYSTEMPATH/Boot.php(67): CodeIgniter\Boot::runCodeIgniter(Object(CodeIgniter\CodeIgniter))
11 FCPATH/index.php(27): CodeIgniter\Boot::bootWeb(Object(Config\Paths))
WARNING - 2025-10-14 14:12:33 --> [DEPRECATED] addslashes(): Passing null to parameter #1 ($string) of type string is deprecated in APPPATH/Views/service_list.php on line 10.
 1 APPPATH/Views/service_list.php(10): addslashes(null)
 2 SYSTEMPATH/View/View.php(224): include('/home/u810214334/domains/embellish-beauty.co.uk/public_html/app/Views/service_list.php')
 3 SYSTEMPATH/View/View.php(227): CodeIgniter\View\View->CodeIgniter\View\{closure}()
 4 SYSTEMPATH/Common.php(1173): CodeIgniter\View\View->render('service_list', [], true)
 5 APPPATH/Controllers/Home.php(129): view('service_list', [...])
 6 SYSTEMPATH/CodeIgniter.php(933): App\Controllers\Home->fetch_services()
 7 SYSTEMPATH/CodeIgniter.php(507): CodeIgniter\CodeIgniter->runController(Object(App\Controllers\Home))
 8 SYSTEMPATH/CodeIgniter.php(354): CodeIgniter\CodeIgniter->handleRequest(null, Object(Config\Cache), false)
 9 SYSTEMPATH/Boot.php(334): CodeIgniter\CodeIgniter->run()
10 SYSTEMPATH/Boot.php(67): CodeIgniter\Boot::runCodeIgniter(Object(CodeIgniter\CodeIgniter))
11 FCPATH/index.php(27): CodeIgniter\Boot::bootWeb(Object(Config\Paths))
DEBUG - 2025-10-14 14:12:34 --> Session: Class initialized using 'CodeIgniter\Session\Handlers\FileHandler' driver.
DEBUG - 2025-10-14 14:12:45 --> Session: Class initialized using 'CodeIgniter\Session\Handlers\FileHandler' driver.
DEBUG - 2025-10-14 14:12:46 --> Session: Class initialized using 'CodeIgniter\Session\Handlers\FileHandler' driver.
DEBUG - 2025-10-14 14:12:46 --> Session: Class initialized using 'CodeIgniter\Session\Handlers\FileHandler' driver.
DEBUG - 2025-10-14 14:12:46 --> Session: Class initialized using 'CodeIgniter\Session\Handlers\FileHandler' driver.
WARNING - 2025-10-14 14:12:46 --> [DEPRECATED] addslashes(): Passing null to parameter #1 ($string) of type string is deprecated in APPPATH/Views/service_list.php on line 10.
 1 APPPATH/Views/service_list.php(10): addslashes(null)
 2 SYSTEMPATH/View/View.php(224): include('/home/u810214334/domains/embellish-beauty.co.uk/public_html/app/Views/service_list.php')
 3 SYSTEMPATH/View/View.php(227): CodeIgniter\View\View->CodeIgniter\View\{closure}()
 4 SYSTEMPATH/Common.php(1173): CodeIgniter\View\View->render('service_list', [], true)
 5 APPPATH/Controllers/Home.php(129): view('service_list', [...])
 6 SYSTEMPATH/CodeIgniter.php(933): App\Controllers\Home->fetch_services()
 7 SYSTEMPATH/CodeIgniter.php(507): CodeIgniter\CodeIgniter->runController(Object(App\Controllers\Home))
 8 SYSTEMPATH/CodeIgniter.php(354): CodeIgniter\CodeIgniter->handleRequest(null, Object(Config\Cache), false)
 9 SYSTEMPATH/Boot.php(334): CodeIgniter\CodeIgniter->run()
10 SYSTEMPATH/Boot.php(67): CodeIgniter\Boot::runCodeIgniter(Object(CodeIgniter\CodeIgniter))
11 FCPATH/index.php(27): CodeIgniter\Boot::bootWeb(Object(Config\Paths))
WARNING - 2025-10-14 14:12:46 --> [DEPRECATED] addslashes(): Passing null to parameter #1 ($string) of type string is deprecated in APPPATH/Views/service_list.php on line 10.
 1 APPPATH/Views/service_list.php(10): addslashes(null)
 2 SYSTEMPATH/View/View.php(224): include('/home/u810214334/domains/embellish-beauty.co.uk/public_html/app/Views/service_list.php')
 3 SYSTEMPATH/View/View.php(227): CodeIgniter\View\View->CodeIgniter\View\{closure}()
 4 SYSTEMPATH/Common.php(1173): CodeIgniter\View\View->render('service_list', [], true)
 5 APPPATH/Controllers/Home.php(129): view('service_list', [...])
 6 SYSTEMPATH/CodeIgniter.php(933): App\Controllers\Home->fetch_services()
 7 SYSTEMPATH/CodeIgniter.php(507): CodeIgniter\CodeIgniter->runController(Object(App\Controllers\Home))
 8 SYSTEMPATH/CodeIgniter.php(354): CodeIgniter\CodeIgniter->handleRequest(null, Object(Config\Cache), false)
 9 SYSTEMPATH/Boot.php(334): CodeIgniter\CodeIgniter->run()
10 SYSTEMPATH/Boot.php(67): CodeIgniter\Boot::runCodeIgniter(Object(CodeIgniter\CodeIgniter))
11 FCPATH/index.php(27): CodeIgniter\Boot::bootWeb(Object(Config\Paths))
WARNING - 2025-10-14 14:12:46 --> [DEPRECATED] addslashes(): Passing null to parameter #1 ($string) of type string is deprecated in APPPATH/Views/service_list.php on line 10.
 1 APPPATH/Views/service_list.php(10): addslashes(null)
 2 SYSTEMPATH/View/View.php(224): include('/home/u810214334/domains/embellish-beauty.co.uk/public_html/app/Views/service_list.php')
 3 SYSTEMPATH/View/View.php(227): CodeIgniter\View\View->CodeIgniter\View\{closure}()
 4 SYSTEMPATH/Common.php(1173): CodeIgniter\View\View->render('service_list', [], true)
 5 APPPATH/Controllers/Home.php(129): view('service_list', [...])
 6 SYSTEMPATH/CodeIgniter.php(933): App\Controllers\Home->fetch_services()
 7 SYSTEMPATH/CodeIgniter.php(507): CodeIgniter\CodeIgniter->runController(Object(App\Controllers\Home))
 8 SYSTEMPATH/CodeIgniter.php(354): CodeIgniter\CodeIgniter->handleRequest(null, Object(Config\Cache), false)
 9 SYSTEMPATH/Boot.php(334): CodeIgniter\CodeIgniter->run()
10 SYSTEMPATH/Boot.php(67): CodeIgniter\Boot::runCodeIgniter(Object(CodeIgniter\CodeIgniter))
11 FCPATH/index.php(27): CodeIgniter\Boot::bootWeb(Object(Config\Paths))
WARNING - 2025-10-14 14:12:46 --> [DEPRECATED] addslashes(): Passing null to parameter #1 ($string) of type string is deprecated in APPPATH/Views/service_list.php on line 10.
 1 APPPATH/Views/service_list.php(10): addslashes(null)
 2 SYSTEMPATH/View/View.php(224): include('/home/u810214334/domains/embellish-beauty.co.uk/public_html/app/Views/service_list.php')
 3 SYSTEMPATH/View/View.php(227): CodeIgniter\View\View->CodeIgniter\View\{closure}()
 4 SYSTEMPATH/Common.php(1173): CodeIgniter\View\View->render('service_list', [], true)
 5 APPPATH/Controllers/Home.php(129): view('service_list', [...])
 6 SYSTEMPATH/CodeIgniter.php(933): App\Controllers\Home->fetch_services()
 7 SYSTEMPATH/CodeIgniter.php(507): CodeIgniter\CodeIgniter->runController(Object(App\Controllers\Home))
 8 SYSTEMPATH/CodeIgniter.php(354): CodeIgniter\CodeIgniter->handleRequest(null, Object(Config\Cache), false)
 9 SYSTEMPATH/Boot.php(334): CodeIgniter\CodeIgniter->run()
10 SYSTEMPATH/Boot.php(67): CodeIgniter\Boot::runCodeIgniter(Object(CodeIgniter\CodeIgniter))
11 FCPATH/index.php(27): CodeIgniter\Boot::bootWeb(Object(Config\Paths))
WARNING - 2025-10-14 14:12:46 --> [DEPRECATED] addslashes(): Passing null to parameter #1 ($string) of type string is deprecated in APPPATH/Views/service_list.php on line 10.
 1 APPPATH/Views/service_list.php(10): addslashes(null)
 2 SYSTEMPATH/View/View.php(224): include('/home/u810214334/domains/embellish-beauty.co.uk/public_html/app/Views/service_list.php')
 3 SYSTEMPATH/View/View.php(227): CodeIgniter\View\View->CodeIgniter\View\{closure}()
 4 SYSTEMPATH/Common.php(1173): CodeIgniter\View\View->render('service_list', [], true)
 5 APPPATH/Controllers/Home.php(129): view('service_list', [...])
 6 SYSTEMPATH/CodeIgniter.php(933): App\Controllers\Home->fetch_services()
 7 SYSTEMPATH/CodeIgniter.php(507): CodeIgniter\CodeIgniter->runController(Object(App\Controllers\Home))
 8 SYSTEMPATH/CodeIgniter.php(354): CodeIgniter\CodeIgniter->handleRequest(null, Object(Config\Cache), false)
 9 SYSTEMPATH/Boot.php(334): CodeIgniter\CodeIgniter->run()
10 SYSTEMPATH/Boot.php(67): CodeIgniter\Boot::runCodeIgniter(Object(CodeIgniter\CodeIgniter))
11 FCPATH/index.php(27): CodeIgniter\Boot::bootWeb(Object(Config\Paths))
WARNING - 2025-10-14 14:12:46 --> [DEPRECATED] addslashes(): Passing null to parameter #1 ($string) of type string is deprecated in APPPATH/Views/service_list.php on line 10.
 1 APPPATH/Views/service_list.php(10): addslashes(null)
 2 SYSTEMPATH/View/View.php(224): include('/home/u810214334/domains/embellish-beauty.co.uk/public_html/app/Views/service_list.php')
 3 SYSTEMPATH/View/View.php(227): CodeIgniter\View\View->CodeIgniter\View\{closure}()
 4 SYSTEMPATH/Common.php(1173): CodeIgniter\View\View->render('service_list', [], true)
 5 APPPATH/Controllers/Home.php(129): view('service_list', [...])
 6 SYSTEMPATH/CodeIgniter.php(933): App\Controllers\Home->fetch_services()
 7 SYSTEMPATH/CodeIgniter.php(507): CodeIgniter\CodeIgniter->runController(Object(App\Controllers\Home))
 8 SYSTEMPATH/CodeIgniter.php(354): CodeIgniter\CodeIgniter->handleRequest(null, Object(Config\Cache), false)
 9 SYSTEMPATH/Boot.php(334): CodeIgniter\CodeIgniter->run()
10 SYSTEMPATH/Boot.php(67): CodeIgniter\Boot::runCodeIgniter(Object(CodeIgniter\CodeIgniter))
11 FCPATH/index.php(27): CodeIgniter\Boot::bootWeb(Object(Config\Paths))
WARNING - 2025-10-14 14:12:46 --> [DEPRECATED] addslashes(): Passing null to parameter #1 ($string) of type string is deprecated in APPPATH/Views/service_list.php on line 10.
 1 APPPATH/Views/service_list.php(10): addslashes(null)
 2 SYSTEMPATH/View/View.php(224): include('/home/u810214334/domains/embellish-beauty.co.uk/public_html/app/Views/service_list.php')
 3 SYSTEMPATH/View/View.php(227): CodeIgniter\View\View->CodeIgniter\View\{closure}()
 4 SYSTEMPATH/Common.php(1173): CodeIgniter\View\View->render('service_list', [], true)
 5 APPPATH/Controllers/Home.php(129): view('service_list', [...])
 6 SYSTEMPATH/CodeIgniter.php(933): App\Controllers\Home->fetch_services()
 7 SYSTEMPATH/CodeIgniter.php(507): CodeIgniter\CodeIgniter->runController(Object(App\Controllers\Home))
 8 SYSTEMPATH/CodeIgniter.php(354): CodeIgniter\CodeIgniter->handleRequest(null, Object(Config\Cache), false)
 9 SYSTEMPATH/Boot.php(334): CodeIgniter\CodeIgniter->run()
10 SYSTEMPATH/Boot.php(67): CodeIgniter\Boot::runCodeIgniter(Object(CodeIgniter\CodeIgniter))
11 FCPATH/index.php(27): CodeIgniter\Boot::bootWeb(Object(Config\Paths))
WARNING - 2025-10-14 14:12:46 --> [DEPRECATED] addslashes(): Passing null to parameter #1 ($string) of type string is deprecated in APPPATH/Views/service_list.php on line 10.
 1 APPPATH/Views/service_list.php(10): addslashes(null)
 2 SYSTEMPATH/View/View.php(224): include('/home/u810214334/domains/embellish-beauty.co.uk/public_html/app/Views/service_list.php')
 3 SYSTEMPATH/View/View.php(227): CodeIgniter\View\View->CodeIgniter\View\{closure}()
 4 SYSTEMPATH/Common.php(1173): CodeIgniter\View\View->render('service_list', [], true)
 5 APPPATH/Controllers/Home.php(129): view('service_list', [...])
 6 SYSTEMPATH/CodeIgniter.php(933): App\Controllers\Home->fetch_services()
 7 SYSTEMPATH/CodeIgniter.php(507): CodeIgniter\CodeIgniter->runController(Object(App\Controllers\Home))
 8 SYSTEMPATH/CodeIgniter.php(354): CodeIgniter\CodeIgniter->handleRequest(null, Object(Config\Cache), false)
 9 SYSTEMPATH/Boot.php(334): CodeIgniter\CodeIgniter->run()
10 SYSTEMPATH/Boot.php(67): CodeIgniter\Boot::runCodeIgniter(Object(CodeIgniter\CodeIgniter))
11 FCPATH/index.php(27): CodeIgniter\Boot::bootWeb(Object(Config\Paths))
WARNING - 2025-10-14 14:12:46 --> [DEPRECATED] addslashes(): Passing null to parameter #1 ($string) of type string is deprecated in APPPATH/Views/service_list.php on line 10.
 1 APPPATH/Views/service_list.php(10): addslashes(null)
 2 SYSTEMPATH/View/View.php(224): include('/home/u810214334/domains/embellish-beauty.co.uk/public_html/app/Views/service_list.php')
 3 SYSTEMPATH/View/View.php(227): CodeIgniter\View\View->CodeIgniter\View\{closure}()
 4 SYSTEMPATH/Common.php(1173): CodeIgniter\View\View->render('service_list', [], true)
 5 APPPATH/Controllers/Home.php(129): view('service_list', [...])
 6 SYSTEMPATH/CodeIgniter.php(933): App\Controllers\Home->fetch_services()
 7 SYSTEMPATH/CodeIgniter.php(507): CodeIgniter\CodeIgniter->runController(Object(App\Controllers\Home))
 8 SYSTEMPATH/CodeIgniter.php(354): CodeIgniter\CodeIgniter->handleRequest(null, Object(Config\Cache), false)
 9 SYSTEMPATH/Boot.php(334): CodeIgniter\CodeIgniter->run()
10 SYSTEMPATH/Boot.php(67): CodeIgniter\Boot::runCodeIgniter(Object(CodeIgniter\CodeIgniter))
11 FCPATH/index.php(27): CodeIgniter\Boot::bootWeb(Object(Config\Paths))
WARNING - 2025-10-14 14:12:46 --> [DEPRECATED] addslashes(): Passing null to parameter #1 ($string) of type string is deprecated in APPPATH/Views/service_list.php on line 10.
 1 APPPATH/Views/service_list.php(10): addslashes(null)
 2 SYSTEMPATH/View/View.php(224): include('/home/u810214334/domains/embellish-beauty.co.uk/public_html/app/Views/service_list.php')
 3 SYSTEMPATH/View/View.php(227): CodeIgniter\View\View->CodeIgniter\View\{closure}()
 4 SYSTEMPATH/Common.php(1173): CodeIgniter\View\View->render('service_list', [], true)
 5 APPPATH/Controllers/Home.php(129): view('service_list', [...])
 6 SYSTEMPATH/CodeIgniter.php(933): App\Controllers\Home->fetch_services()
 7 SYSTEMPATH/CodeIgniter.php(507): CodeIgniter\CodeIgniter->runController(Object(App\Controllers\Home))
 8 SYSTEMPATH/CodeIgniter.php(354): CodeIgniter\CodeIgniter->handleRequest(null, Object(Config\Cache), false)
 9 SYSTEMPATH/Boot.php(334): CodeIgniter\CodeIgniter->run()
10 SYSTEMPATH/Boot.php(67): CodeIgniter\Boot::runCodeIgniter(Object(CodeIgniter\CodeIgniter))
11 FCPATH/index.php(27): CodeIgniter\Boot::bootWeb(Object(Config\Paths))
WARNING - 2025-10-14 14:12:46 --> [DEPRECATED] addslashes(): Passing null to parameter #1 ($string) of type string is deprecated in APPPATH/Views/service_list.php on line 10.
 1 APPPATH/Views/service_list.php(10): addslashes(null)
 2 SYSTEMPATH/View/View.php(224): include('/home/u810214334/domains/embellish-beauty.co.uk/public_html/app/Views/service_list.php')
 3 SYSTEMPATH/View/View.php(227): CodeIgniter\View\View->CodeIgniter\View\{closure}()
 4 SYSTEMPATH/Common.php(1173): CodeIgniter\View\View->render('service_list', [], true)
 5 APPPATH/Controllers/Home.php(129): view('service_list', [...])
 6 SYSTEMPATH/CodeIgniter.php(933): App\Controllers\Home->fetch_services()
 7 SYSTEMPATH/CodeIgniter.php(507): CodeIgniter\CodeIgniter->runController(Object(App\Controllers\Home))
 8 SYSTEMPATH/CodeIgniter.php(354): CodeIgniter\CodeIgniter->handleRequest(null, Object(Config\Cache), false)
 9 SYSTEMPATH/Boot.php(334): CodeIgniter\CodeIgniter->run()
10 SYSTEMPATH/Boot.php(67): CodeIgniter\Boot::runCodeIgniter(Object(CodeIgniter\CodeIgniter))
11 FCPATH/index.php(27): CodeIgniter\Boot::bootWeb(Object(Config\Paths))
WARNING - 2025-10-14 14:12:46 --> [DEPRECATED] addslashes(): Passing null to parameter #1 ($string) of type string is deprecated in APPPATH/Views/service_list.php on line 10.
 1 APPPATH/Views/service_list.php(10): addslashes(null)
 2 SYSTEMPATH/View/View.php(224): include('/home/u810214334/domains/embellish-beauty.co.uk/public_html/app/Views/service_list.php')
 3 SYSTEMPATH/View/View.php(227): CodeIgniter\View\View->CodeIgniter\View\{closure}()
 4 SYSTEMPATH/Common.php(1173): CodeIgniter\View\View->render('service_list', [], true)
 5 APPPATH/Controllers/Home.php(129): view('service_list', [...])
 6 SYSTEMPATH/CodeIgniter.php(933): App\Controllers\Home->fetch_services()
 7 SYSTEMPATH/CodeIgniter.php(507): CodeIgniter\CodeIgniter->runController(Object(App\Controllers\Home))
 8 SYSTEMPATH/CodeIgniter.php(354): CodeIgniter\CodeIgniter->handleRequest(null, Object(Config\Cache), false)
 9 SYSTEMPATH/Boot.php(334): CodeIgniter\CodeIgniter->run()
10 SYSTEMPATH/Boot.php(67): CodeIgniter\Boot::runCodeIgniter(Object(CodeIgniter\CodeIgniter))
11 FCPATH/index.php(27): CodeIgniter\Boot::bootWeb(Object(Config\Paths))
WARNING - 2025-10-14 14:12:46 --> [DEPRECATED] addslashes(): Passing null to parameter #1 ($string) of type string is deprecated in APPPATH/Views/service_list.php on line 10.
 1 APPPATH/Views/service_list.php(10): addslashes(null)
 2 SYSTEMPATH/View/View.php(224): include('/home/u810214334/domains/embellish-beauty.co.uk/public_html/app/Views/service_list.php')
 3 SYSTEMPATH/View/View.php(227): CodeIgniter\View\View->CodeIgniter\View\{closure}()
 4 SYSTEMPATH/Common.php(1173): CodeIgniter\View\View->render('service_list', [], true)
 5 APPPATH/Controllers/Home.php(129): view('service_list', [...])
 6 SYSTEMPATH/CodeIgniter.php(933): App\Controllers\Home->fetch_services()
 7 SYSTEMPATH/CodeIgniter.php(507): CodeIgniter\CodeIgniter->runController(Object(App\Controllers\Home))
 8 SYSTEMPATH/CodeIgniter.php(354): CodeIgniter\CodeIgniter->handleRequest(null, Object(Config\Cache), false)
 9 SYSTEMPATH/Boot.php(334): CodeIgniter\CodeIgniter->run()
10 SYSTEMPATH/Boot.php(67): CodeIgniter\Boot::runCodeIgniter(Object(CodeIgniter\CodeIgniter))
11 FCPATH/index.php(27): CodeIgniter\Boot::bootWeb(Object(Config\Paths))
WARNING - 2025-10-14 14:12:46 --> [DEPRECATED] addslashes(): Passing null to parameter #1 ($string) of type string is deprecated in APPPATH/Views/service_list.php on line 10.
 1 APPPATH/Views/service_list.php(10): addslashes(null)
 2 SYSTEMPATH/View/View.php(224): include('/home/u810214334/domains/embellish-beauty.co.uk/public_html/app/Views/service_list.php')
 3 SYSTEMPATH/View/View.php(227): CodeIgniter\View\View->CodeIgniter\View\{closure}()
 4 SYSTEMPATH/Common.php(1173): CodeIgniter\View\View->render('service_list', [], true)
 5 APPPATH/Controllers/Home.php(129): view('service_list', [...])
 6 SYSTEMPATH/CodeIgniter.php(933): App\Controllers\Home->fetch_services()
 7 SYSTEMPATH/CodeIgniter.php(507): CodeIgniter\CodeIgniter->runController(Object(App\Controllers\Home))
 8 SYSTEMPATH/CodeIgniter.php(354): CodeIgniter\CodeIgniter->handleRequest(null, Object(Config\Cache), false)
 9 SYSTEMPATH/Boot.php(334): CodeIgniter\CodeIgniter->run()
10 SYSTEMPATH/Boot.php(67): CodeIgniter\Boot::runCodeIgniter(Object(CodeIgniter\CodeIgniter))
11 FCPATH/index.php(27): CodeIgniter\Boot::bootWeb(Object(Config\Paths))
WARNING - 2025-10-14 14:12:46 --> [DEPRECATED] addslashes(): Passing null to parameter #1 ($string) of type string is deprecated in APPPATH/Views/service_list.php on line 10.
 1 APPPATH/Views/service_list.php(10): addslashes(null)
 2 SYSTEMPATH/View/View.php(224): include('/home/u810214334/domains/embellish-beauty.co.uk/public_html/app/Views/service_list.php')
 3 SYSTEMPATH/View/View.php(227): CodeIgniter\View\View->CodeIgniter\View\{closure}()
 4 SYSTEMPATH/Common.php(1173): CodeIgniter\View\View->render('service_list', [], true)
 5 APPPATH/Controllers/Home.php(129): view('service_list', [...])
 6 SYSTEMPATH/CodeIgniter.php(933): App\Controllers\Home->fetch_services()
 7 SYSTEMPATH/CodeIgniter.php(507): CodeIgniter\CodeIgniter->runController(Object(App\Controllers\Home))
 8 SYSTEMPATH/CodeIgniter.php(354): CodeIgniter\CodeIgniter->handleRequest(null, Object(Config\Cache), false)
 9 SYSTEMPATH/Boot.php(334): CodeIgniter\CodeIgniter->run()
10 SYSTEMPATH/Boot.php(67): CodeIgniter\Boot::runCodeIgniter(Object(CodeIgniter\CodeIgniter))
11 FCPATH/index.php(27): CodeIgniter\Boot::bootWeb(Object(Config\Paths))
WARNING - 2025-10-14 14:12:46 --> [DEPRECATED] addslashes(): Passing null to parameter #1 ($string) of type string is deprecated in APPPATH/Views/service_list.php on line 10.
 1 APPPATH/Views/service_list.php(10): addslashes(null)
 2 SYSTEMPATH/View/View.php(224): include('/home/u810214334/domains/embellish-beauty.co.uk/public_html/app/Views/service_list.php')
 3 SYSTEMPATH/View/View.php(227): CodeIgniter\View\View->CodeIgniter\View\{closure}()
 4 SYSTEMPATH/Common.php(1173): CodeIgniter\View\View->render('service_list', [], true)
 5 APPPATH/Controllers/Home.php(129): view('service_list', [...])
 6 SYSTEMPATH/CodeIgniter.php(933): App\Controllers\Home->fetch_services()
 7 SYSTEMPATH/CodeIgniter.php(507): CodeIgniter\CodeIgniter->runController(Object(App\Controllers\Home))
 8 SYSTEMPATH/CodeIgniter.php(354): CodeIgniter\CodeIgniter->handleRequest(null, Object(Config\Cache), false)
 9 SYSTEMPATH/Boot.php(334): CodeIgniter\CodeIgniter->run()
10 SYSTEMPATH/Boot.php(67): CodeIgniter\Boot::runCodeIgniter(Object(CodeIgniter\CodeIgniter))
11 FCPATH/index.php(27): CodeIgniter\Boot::bootWeb(Object(Config\Paths))
DEBUG - 2025-10-14 14:13:00 --> Session: Class initialized using 'CodeIgniter\Session\Handlers\FileHandler' driver.
DEBUG - 2025-10-14 14:13:17 --> Session: Class initialized using 'CodeIgniter\Session\Handlers\FileHandler' driver.
DEBUG - 2025-10-14 14:13:46 --> Session: Class initialized using 'CodeIgniter\Session\Handlers\FileHandler' driver.
DEBUG - 2025-10-14 14:13:48 --> Session: Class initialized using 'CodeIgniter\Session\Handlers\FileHandler' driver.
DEBUG - 2025-10-14 14:13:49 --> Session: Class initialized using 'CodeIgniter\Session\Handlers\FileHandler' driver.
DEBUG - 2025-10-14 14:13:57 --> Session: Class initialized using 'CodeIgniter\Session\Handlers\FileHandler' driver.
DEBUG - 2025-10-14 14:14:22 --> Session: Class initialized using 'CodeIgniter\Session\Handlers\FileHandler' driver.
DEBUG - 2025-10-14 14:14:23 --> Session: Class initialized using 'CodeIgniter\Session\Handlers\FileHandler' driver.
DEBUG - 2025-10-14 14:14:23 --> Session: Class initialized using 'CodeIgniter\Session\Handlers\FileHandler' driver.
DEBUG - 2025-10-14 14:14:23 --> Session: Class initialized using 'CodeIgniter\Session\Handlers\FileHandler' driver.
WARNING - 2025-10-14 14:14:23 --> [DEPRECATED] addslashes(): Passing null to parameter #1 ($string) of type string is deprecated in APPPATH/Views/service_list.php on line 10.
 1 APPPATH/Views/service_list.php(10): addslashes(null)
 2 SYSTEMPATH/View/View.php(224): include('/home/u810214334/domains/embellish-beauty.co.uk/public_html/app/Views/service_list.php')
 3 SYSTEMPATH/View/View.php(227): CodeIgniter\View\View->CodeIgniter\View\{closure}()
 4 SYSTEMPATH/Common.php(1173): CodeIgniter\View\View->render('service_list', [], true)
 5 APPPATH/Controllers/Home.php(129): view('service_list', [...])
 6 SYSTEMPATH/CodeIgniter.php(933): App\Controllers\Home->fetch_services()
 7 SYSTEMPATH/CodeIgniter.php(507): CodeIgniter\CodeIgniter->runController(Object(App\Controllers\Home))
 8 SYSTEMPATH/CodeIgniter.php(354): CodeIgniter\CodeIgniter->handleRequest(null, Object(Config\Cache), false)
 9 SYSTEMPATH/Boot.php(334): CodeIgniter\CodeIgniter->run()
10 SYSTEMPATH/Boot.php(67): CodeIgniter\Boot::runCodeIgniter(Object(CodeIgniter\CodeIgniter))
11 FCPATH/index.php(27): CodeIgniter\Boot::bootWeb(Object(Config\Paths))
WARNING - 2025-10-14 14:14:23 --> [DEPRECATED] addslashes(): Passing null to parameter #1 ($string) of type string is deprecated in APPPATH/Views/service_list.php on line 10.
 1 APPPATH/Views/service_list.php(10): addslashes(null)
 2 SYSTEMPATH/View/View.php(224): include('/home/u810214334/domains/embellish-beauty.co.uk/public_html/app/Views/service_list.php')
 3 SYSTEMPATH/View/View.php(227): CodeIgniter\View\View->CodeIgniter\View\{closure}()
 4 SYSTEMPATH/Common.php(1173): CodeIgniter\View\View->render('service_list', [], true)
 5 APPPATH/Controllers/Home.php(129): view('service_list', [...])
 6 SYSTEMPATH/CodeIgniter.php(933): App\Controllers\Home->fetch_services()
 7 SYSTEMPATH/CodeIgniter.php(507): CodeIgniter\CodeIgniter->runController(Object(App\Controllers\Home))
 8 SYSTEMPATH/CodeIgniter.php(354): CodeIgniter\CodeIgniter->handleRequest(null, Object(Config\Cache), false)
 9 SYSTEMPATH/Boot.php(334): CodeIgniter\CodeIgniter->run()
10 SYSTEMPATH/Boot.php(67): CodeIgniter\Boot::runCodeIgniter(Object(CodeIgniter\CodeIgniter))
11 FCPATH/index.php(27): CodeIgniter\Boot::bootWeb(Object(Config\Paths))
WARNING - 2025-10-14 14:14:23 --> [DEPRECATED] addslashes(): Passing null to parameter #1 ($string) of type string is deprecated in APPPATH/Views/service_list.php on line 10.
 1 APPPATH/Views/service_list.php(10): addslashes(null)
 2 SYSTEMPATH/View/View.php(224): include('/home/u810214334/domains/embellish-beauty.co.uk/public_html/app/Views/service_list.php')
 3 SYSTEMPATH/View/View.php(227): CodeIgniter\View\View->CodeIgniter\View\{closure}()
 4 SYSTEMPATH/Common.php(1173): CodeIgniter\View\View->render('service_list', [], true)
 5 APPPATH/Controllers/Home.php(129): view('service_list', [...])
 6 SYSTEMPATH/CodeIgniter.php(933): App\Controllers\Home->fetch_services()
 7 SYSTEMPATH/CodeIgniter.php(507): CodeIgniter\CodeIgniter->runController(Object(App\Controllers\Home))
 8 SYSTEMPATH/CodeIgniter.php(354): CodeIgniter\CodeIgniter->handleRequest(null, Object(Config\Cache), false)
 9 SYSTEMPATH/Boot.php(334): CodeIgniter\CodeIgniter->run()
10 SYSTEMPATH/Boot.php(67): CodeIgniter\Boot::runCodeIgniter(Object(CodeIgniter\CodeIgniter))
11 FCPATH/index.php(27): CodeIgniter\Boot::bootWeb(Object(Config\Paths))
WARNING - 2025-10-14 14:14:23 --> [DEPRECATED] addslashes(): Passing null to parameter #1 ($string) of type string is deprecated in APPPATH/Views/service_list.php on line 10.
 1 APPPATH/Views/service_list.php(10): addslashes(null)
 2 SYSTEMPATH/View/View.php(224): include('/home/u810214334/domains/embellish-beauty.co.uk/public_html/app/Views/service_list.php')
 3 SYSTEMPATH/View/View.php(227): CodeIgniter\View\View->CodeIgniter\View\{closure}()
 4 SYSTEMPATH/Common.php(1173): CodeIgniter\View\View->render('service_list', [], true)
 5 APPPATH/Controllers/Home.php(129): view('service_list', [...])
 6 SYSTEMPATH/CodeIgniter.php(933): App\Controllers\Home->fetch_services()
 7 SYSTEMPATH/CodeIgniter.php(507): CodeIgniter\CodeIgniter->runController(Object(App\Controllers\Home))
 8 SYSTEMPATH/CodeIgniter.php(354): CodeIgniter\CodeIgniter->handleRequest(null, Object(Config\Cache), false)
 9 SYSTEMPATH/Boot.php(334): CodeIgniter\CodeIgniter->run()
10 SYSTEMPATH/Boot.php(67): CodeIgniter\Boot::runCodeIgniter(Object(CodeIgniter\CodeIgniter))
11 FCPATH/index.php(27): CodeIgniter\Boot::bootWeb(Object(Config\Paths))
WARNING - 2025-10-14 14:14:23 --> [DEPRECATED] addslashes(): Passing null to parameter #1 ($string) of type string is deprecated in APPPATH/Views/service_list.php on line 10.
 1 APPPATH/Views/service_list.php(10): addslashes(null)
 2 SYSTEMPATH/View/View.php(224): include('/home/u810214334/domains/embellish-beauty.co.uk/public_html/app/Views/service_list.php')
 3 SYSTEMPATH/View/View.php(227): CodeIgniter\View\View->CodeIgniter\View\{closure}()
 4 SYSTEMPATH/Common.php(1173): CodeIgniter\View\View->render('service_list', [], true)
 5 APPPATH/Controllers/Home.php(129): view('service_list', [...])
 6 SYSTEMPATH/CodeIgniter.php(933): App\Controllers\Home->fetch_services()
 7 SYSTEMPATH/CodeIgniter.php(507): CodeIgniter\CodeIgniter->runController(Object(App\Controllers\Home))
 8 SYSTEMPATH/CodeIgniter.php(354): CodeIgniter\CodeIgniter->handleRequest(null, Object(Config\Cache), false)
 9 SYSTEMPATH/Boot.php(334): CodeIgniter\CodeIgniter->run()
10 SYSTEMPATH/Boot.php(67): CodeIgniter\Boot::runCodeIgniter(Object(CodeIgniter\CodeIgniter))
11 FCPATH/index.php(27): CodeIgniter\Boot::bootWeb(Object(Config\Paths))
WARNING - 2025-10-14 14:14:23 --> [DEPRECATED] addslashes(): Passing null to parameter #1 ($string) of type string is deprecated in APPPATH/Views/service_list.php on line 10.
 1 APPPATH/Views/service_list.php(10): addslashes(null)
 2 SYSTEMPATH/View/View.php(224): include('/home/u810214334/domains/embellish-beauty.co.uk/public_html/app/Views/service_list.php')
 3 SYSTEMPATH/View/View.php(227): CodeIgniter\View\View->CodeIgniter\View\{closure}()
 4 SYSTEMPATH/Common.php(1173): CodeIgniter\View\View->render('service_list', [], true)
 5 APPPATH/Controllers/Home.php(129): view('service_list', [...])
 6 SYSTEMPATH/CodeIgniter.php(933): App\Controllers\Home->fetch_services()
 7 SYSTEMPATH/CodeIgniter.php(507): CodeIgniter\CodeIgniter->runController(Object(App\Controllers\Home))
 8 SYSTEMPATH/CodeIgniter.php(354): CodeIgniter\CodeIgniter->handleRequest(null, Object(Config\Cache), false)
 9 SYSTEMPATH/Boot.php(334): CodeIgniter\CodeIgniter->run()
10 SYSTEMPATH/Boot.php(67): CodeIgniter\Boot::runCodeIgniter(Object(CodeIgniter\CodeIgniter))
11 FCPATH/index.php(27): CodeIgniter\Boot::bootWeb(Object(Config\Paths))
WARNING - 2025-10-14 14:14:23 --> [DEPRECATED] addslashes(): Passing null to parameter #1 ($string) of type string is deprecated in APPPATH/Views/service_list.php on line 10.
 1 APPPATH/Views/service_list.php(10): addslashes(null)
 2 SYSTEMPATH/View/View.php(224): include('/home/u810214334/domains/embellish-beauty.co.uk/public_html/app/Views/service_list.php')
 3 SYSTEMPATH/View/View.php(227): CodeIgniter\View\View->CodeIgniter\View\{closure}()
 4 SYSTEMPATH/Common.php(1173): CodeIgniter\View\View->render('service_list', [], true)
 5 APPPATH/Controllers/Home.php(129): view('service_list', [...])
 6 SYSTEMPATH/CodeIgniter.php(933): App\Controllers\Home->fetch_services()
 7 SYSTEMPATH/CodeIgniter.php(507): CodeIgniter\CodeIgniter->runController(Object(App\Controllers\Home))
 8 SYSTEMPATH/CodeIgniter.php(354): CodeIgniter\CodeIgniter->handleRequest(null, Object(Config\Cache), false)
 9 SYSTEMPATH/Boot.php(334): CodeIgniter\CodeIgniter->run()
10 SYSTEMPATH/Boot.php(67): CodeIgniter\Boot::runCodeIgniter(Object(CodeIgniter\CodeIgniter))
11 FCPATH/index.php(27): CodeIgniter\Boot::bootWeb(Object(Config\Paths))
WARNING - 2025-10-14 14:14:23 --> [DEPRECATED] addslashes(): Passing null to parameter #1 ($string) of type string is deprecated in APPPATH/Views/service_list.php on line 10.
 1 APPPATH/Views/service_list.php(10): addslashes(null)
 2 SYSTEMPATH/View/View.php(224): include('/home/u810214334/domains/embellish-beauty.co.uk/public_html/app/Views/service_list.php')
 3 SYSTEMPATH/View/View.php(227): CodeIgniter\View\View->CodeIgniter\View\{closure}()
 4 SYSTEMPATH/Common.php(1173): CodeIgniter\View\View->render('service_list', [], true)
 5 APPPATH/Controllers/Home.php(129): view('service_list', [...])
 6 SYSTEMPATH/CodeIgniter.php(933): App\Controllers\Home->fetch_services()
 7 SYSTEMPATH/CodeIgniter.php(507): CodeIgniter\CodeIgniter->runController(Object(App\Controllers\Home))
 8 SYSTEMPATH/CodeIgniter.php(354): CodeIgniter\CodeIgniter->handleRequest(null, Object(Config\Cache), false)
 9 SYSTEMPATH/Boot.php(334): CodeIgniter\CodeIgniter->run()
10 SYSTEMPATH/Boot.php(67): CodeIgniter\Boot::runCodeIgniter(Object(CodeIgniter\CodeIgniter))
11 FCPATH/index.php(27): CodeIgniter\Boot::bootWeb(Object(Config\Paths))
WARNING - 2025-10-14 14:14:23 --> [DEPRECATED] addslashes(): Passing null to parameter #1 ($string) of type string is deprecated in APPPATH/Views/service_list.php on line 10.
 1 APPPATH/Views/service_list.php(10): addslashes(null)
 2 SYSTEMPATH/View/View.php(224): include('/home/u810214334/domains/embellish-beauty.co.uk/public_html/app/Views/service_list.php')
 3 SYSTEMPATH/View/View.php(227): CodeIgniter\View\View->CodeIgniter\View\{closure}()
 4 SYSTEMPATH/Common.php(1173): CodeIgniter\View\View->render('service_list', [], true)
 5 APPPATH/Controllers/Home.php(129): view('service_list', [...])
 6 SYSTEMPATH/CodeIgniter.php(933): App\Controllers\Home->fetch_services()
 7 SYSTEMPATH/CodeIgniter.php(507): CodeIgniter\CodeIgniter->runController(Object(App\Controllers\Home))
 8 SYSTEMPATH/CodeIgniter.php(354): CodeIgniter\CodeIgniter->handleRequest(null, Object(Config\Cache), false)
 9 SYSTEMPATH/Boot.php(334): CodeIgniter\CodeIgniter->run()
10 SYSTEMPATH/Boot.php(67): CodeIgniter\Boot::runCodeIgniter(Object(CodeIgniter\CodeIgniter))
11 FCPATH/index.php(27): CodeIgniter\Boot::bootWeb(Object(Config\Paths))
WARNING - 2025-10-14 14:14:23 --> [DEPRECATED] addslashes(): Passing null to parameter #1 ($string) of type string is deprecated in APPPATH/Views/service_list.php on line 10.
 1 APPPATH/Views/service_list.php(10): addslashes(null)
 2 SYSTEMPATH/View/View.php(224): include('/home/u810214334/domains/embellish-beauty.co.uk/public_html/app/Views/service_list.php')
 3 SYSTEMPATH/View/View.php(227): CodeIgniter\View\View->CodeIgniter\View\{closure}()
 4 SYSTEMPATH/Common.php(1173): CodeIgniter\View\View->render('service_list', [], true)
 5 APPPATH/Controllers/Home.php(129): view('service_list', [...])
 6 SYSTEMPATH/CodeIgniter.php(933): App\Controllers\Home->fetch_services()
 7 SYSTEMPATH/CodeIgniter.php(507): CodeIgniter\CodeIgniter->runController(Object(App\Controllers\Home))
 8 SYSTEMPATH/CodeIgniter.php(354): CodeIgniter\CodeIgniter->handleRequest(null, Object(Config\Cache), false)
 9 SYSTEMPATH/Boot.php(334): CodeIgniter\CodeIgniter->run()
10 SYSTEMPATH/Boot.php(67): CodeIgniter\Boot::runCodeIgniter(Object(CodeIgniter\CodeIgniter))
11 FCPATH/index.php(27): CodeIgniter\Boot::bootWeb(Object(Config\Paths))
WARNING - 2025-10-14 14:14:23 --> [DEPRECATED] addslashes(): Passing null to parameter #1 ($string) of type string is deprecated in APPPATH/Views/service_list.php on line 10.
 1 APPPATH/Views/service_list.php(10): addslashes(null)
 2 SYSTEMPATH/View/View.php(224): include('/home/u810214334/domains/embellish-beauty.co.uk/public_html/app/Views/service_list.php')
 3 SYSTEMPATH/View/View.php(227): CodeIgniter\View\View->CodeIgniter\View\{closure}()
 4 SYSTEMPATH/Common.php(1173): CodeIgniter\View\View->render('service_list', [], true)
 5 APPPATH/Controllers/Home.php(129): view('service_list', [...])
 6 SYSTEMPATH/CodeIgniter.php(933): App\Controllers\Home->fetch_services()
 7 SYSTEMPATH/CodeIgniter.php(507): CodeIgniter\CodeIgniter->runController(Object(App\Controllers\Home))
 8 SYSTEMPATH/CodeIgniter.php(354): CodeIgniter\CodeIgniter->handleRequest(null, Object(Config\Cache), false)
 9 SYSTEMPATH/Boot.php(334): CodeIgniter\CodeIgniter->run()
10 SYSTEMPATH/Boot.php(67): CodeIgniter\Boot::runCodeIgniter(Object(CodeIgniter\CodeIgniter))
11 FCPATH/index.php(27): CodeIgniter\Boot::bootWeb(Object(Config\Paths))
WARNING - 2025-10-14 14:14:23 --> [DEPRECATED] addslashes(): Passing null to parameter #1 ($string) of type string is deprecated in APPPATH/Views/service_list.php on line 10.
 1 APPPATH/Views/service_list.php(10): addslashes(null)
 2 SYSTEMPATH/View/View.php(224): include('/home/u810214334/domains/embellish-beauty.co.uk/public_html/app/Views/service_list.php')
 3 SYSTEMPATH/View/View.php(227): CodeIgniter\View\View->CodeIgniter\View\{closure}()
 4 SYSTEMPATH/Common.php(1173): CodeIgniter\View\View->render('service_list', [], true)
 5 APPPATH/Controllers/Home.php(129): view('service_list', [...])
 6 SYSTEMPATH/CodeIgniter.php(933): App\Controllers\Home->fetch_services()
 7 SYSTEMPATH/CodeIgniter.php(507): CodeIgniter\CodeIgniter->runController(Object(App\Controllers\Home))
 8 SYSTEMPATH/CodeIgniter.php(354): CodeIgniter\CodeIgniter->handleRequest(null, Object(Config\Cache), false)
 9 SYSTEMPATH/Boot.php(334): CodeIgniter\CodeIgniter->run()
10 SYSTEMPATH/Boot.php(67): CodeIgniter\Boot::runCodeIgniter(Object(CodeIgniter\CodeIgniter))
11 FCPATH/index.php(27): CodeIgniter\Boot::bootWeb(Object(Config\Paths))
WARNING - 2025-10-14 14:14:23 --> [DEPRECATED] addslashes(): Passing null to parameter #1 ($string) of type string is deprecated in APPPATH/Views/service_list.php on line 10.
 1 APPPATH/Views/service_list.php(10): addslashes(null)
 2 SYSTEMPATH/View/View.php(224): include('/home/u810214334/domains/embellish-beauty.co.uk/public_html/app/Views/service_list.php')
 3 SYSTEMPATH/View/View.php(227): CodeIgniter\View\View->CodeIgniter\View\{closure}()
 4 SYSTEMPATH/Common.php(1173): CodeIgniter\View\View->render('service_list', [], true)
 5 APPPATH/Controllers/Home.php(129): view('service_list', [...])
 6 SYSTEMPATH/CodeIgniter.php(933): App\Controllers\Home->fetch_services()
 7 SYSTEMPATH/CodeIgniter.php(507): CodeIgniter\CodeIgniter->runController(Object(App\Controllers\Home))
 8 SYSTEMPATH/CodeIgniter.php(354): CodeIgniter\CodeIgniter->handleRequest(null, Object(Config\Cache), false)
 9 SYSTEMPATH/Boot.php(334): CodeIgniter\CodeIgniter->run()
10 SYSTEMPATH/Boot.php(67): CodeIgniter\Boot::runCodeIgniter(Object(CodeIgniter\CodeIgniter))
11 FCPATH/index.php(27): CodeIgniter\Boot::bootWeb(Object(Config\Paths))
WARNING - 2025-10-14 14:14:23 --> [DEPRECATED] addslashes(): Passing null to parameter #1 ($string) of type string is deprecated in APPPATH/Views/service_list.php on line 10.
 1 APPPATH/Views/service_list.php(10): addslashes(null)
 2 SYSTEMPATH/View/View.php(224): include('/home/u810214334/domains/embellish-beauty.co.uk/public_html/app/Views/service_list.php')
 3 SYSTEMPATH/View/View.php(227): CodeIgniter\View\View->CodeIgniter\View\{closure}()
 4 SYSTEMPATH/Common.php(1173): CodeIgniter\View\View->render('service_list', [], true)
 5 APPPATH/Controllers/Home.php(129): view('service_list', [...])
 6 SYSTEMPATH/CodeIgniter.php(933): App\Controllers\Home->fetch_services()
 7 SYSTEMPATH/CodeIgniter.php(507): CodeIgniter\CodeIgniter->runController(Object(App\Controllers\Home))
 8 SYSTEMPATH/CodeIgniter.php(354): CodeIgniter\CodeIgniter->handleRequest(null, Object(Config\Cache), false)
 9 SYSTEMPATH/Boot.php(334): CodeIgniter\CodeIgniter->run()
10 SYSTEMPATH/Boot.php(67): CodeIgniter\Boot::runCodeIgniter(Object(CodeIgniter\CodeIgniter))
11 FCPATH/index.php(27): CodeIgniter\Boot::bootWeb(Object(Config\Paths))
WARNING - 2025-10-14 14:14:23 --> [DEPRECATED] addslashes(): Passing null to parameter #1 ($string) of type string is deprecated in APPPATH/Views/service_list.php on line 10.
 1 APPPATH/Views/service_list.php(10): addslashes(null)
 2 SYSTEMPATH/View/View.php(224): include('/home/u810214334/domains/embellish-beauty.co.uk/public_html/app/Views/service_list.php')
 3 SYSTEMPATH/View/View.php(227): CodeIgniter\View\View->CodeIgniter\View\{closure}()
 4 SYSTEMPATH/Common.php(1173): CodeIgniter\View\View->render('service_list', [], true)
 5 APPPATH/Controllers/Home.php(129): view('service_list', [...])
 6 SYSTEMPATH/CodeIgniter.php(933): App\Controllers\Home->fetch_services()
 7 SYSTEMPATH/CodeIgniter.php(507): CodeIgniter\CodeIgniter->runController(Object(App\Controllers\Home))
 8 SYSTEMPATH/CodeIgniter.php(354): CodeIgniter\CodeIgniter->handleRequest(null, Object(Config\Cache), false)
 9 SYSTEMPATH/Boot.php(334): CodeIgniter\CodeIgniter->run()
10 SYSTEMPATH/Boot.php(67): CodeIgniter\Boot::runCodeIgniter(Object(CodeIgniter\CodeIgniter))
11 FCPATH/index.php(27): CodeIgniter\Boot::bootWeb(Object(Config\Paths))
WARNING - 2025-10-14 14:14:23 --> [DEPRECATED] addslashes(): Passing null to parameter #1 ($string) of type string is deprecated in APPPATH/Views/service_list.php on line 10.
 1 APPPATH/Views/service_list.php(10): addslashes(null)
 2 SYSTEMPATH/View/View.php(224): include('/home/u810214334/domains/embellish-beauty.co.uk/public_html/app/Views/service_list.php')
 3 SYSTEMPATH/View/View.php(227): CodeIgniter\View\View->CodeIgniter\View\{closure}()
 4 SYSTEMPATH/Common.php(1173): CodeIgniter\View\View->render('service_list', [], true)
 5 APPPATH/Controllers/Home.php(129): view('service_list', [...])
 6 SYSTEMPATH/CodeIgniter.php(933): App\Controllers\Home->fetch_services()
 7 SYSTEMPATH/CodeIgniter.php(507): CodeIgniter\CodeIgniter->runController(Object(App\Controllers\Home))
 8 SYSTEMPATH/CodeIgniter.php(354): CodeIgniter\CodeIgniter->handleRequest(null, Object(Config\Cache), false)
 9 SYSTEMPATH/Boot.php(334): CodeIgniter\CodeIgniter->run()
10 SYSTEMPATH/Boot.php(67): CodeIgniter\Boot::runCodeIgniter(Object(CodeIgniter\CodeIgniter))
11 FCPATH/index.php(27): CodeIgniter\Boot::bootWeb(Object(Config\Paths))
DEBUG - 2025-10-14 14:14:30 --> Session: Class initialized using 'CodeIgniter\Session\Handlers\FileHandler' driver.
WARNING - 2025-10-14 14:14:30 --> [DEPRECATED] addslashes(): Passing null to parameter #1 ($string) of type string is deprecated in APPPATH/Views/service_list.php on line 10.
 1 APPPATH/Views/service_list.php(10): addslashes(null)
 2 SYSTEMPATH/View/View.php(224): include('/home/u810214334/domains/embellish-beauty.co.uk/public_html/app/Views/service_list.php')
 3 SYSTEMPATH/View/View.php(227): CodeIgniter\View\View->CodeIgniter\View\{closure}()
 4 SYSTEMPATH/Common.php(1173): CodeIgniter\View\View->render('service_list', [], true)
 5 APPPATH/Controllers/Home.php(129): view('service_list', [...])
 6 SYSTEMPATH/CodeIgniter.php(933): App\Controllers\Home->fetch_services()
 7 SYSTEMPATH/CodeIgniter.php(507): CodeIgniter\CodeIgniter->runController(Object(App\Controllers\Home))
 8 SYSTEMPATH/CodeIgniter.php(354): CodeIgniter\CodeIgniter->handleRequest(null, Object(Config\Cache), false)
 9 SYSTEMPATH/Boot.php(334): CodeIgniter\CodeIgniter->run()
10 SYSTEMPATH/Boot.php(67): CodeIgniter\Boot::runCodeIgniter(Object(CodeIgniter\CodeIgniter))
11 FCPATH/index.php(27): CodeIgniter\Boot::bootWeb(Object(Config\Paths))
WARNING - 2025-10-14 14:14:30 --> [DEPRECATED] addslashes(): Passing null to parameter #1 ($string) of type string is deprecated in APPPATH/Views/service_list.php on line 10.
 1 APPPATH/Views/service_list.php(10): addslashes(null)
 2 SYSTEMPATH/View/View.php(224): include('/home/u810214334/domains/embellish-beauty.co.uk/public_html/app/Views/service_list.php')
 3 SYSTEMPATH/View/View.php(227): CodeIgniter\View\View->CodeIgniter\View\{closure}()
 4 SYSTEMPATH/Common.php(1173): CodeIgniter\View\View->render('service_list', [], true)
 5 APPPATH/Controllers/Home.php(129): view('service_list', [...])
 6 SYSTEMPATH/CodeIgniter.php(933): App\Controllers\Home->fetch_services()
 7 SYSTEMPATH/CodeIgniter.php(507): CodeIgniter\CodeIgniter->runController(Object(App\Controllers\Home))
 8 SYSTEMPATH/CodeIgniter.php(354): CodeIgniter\CodeIgniter->handleRequest(null, Object(Config\Cache), false)
 9 SYSTEMPATH/Boot.php(334): CodeIgniter\CodeIgniter->run()
10 SYSTEMPATH/Boot.php(67): CodeIgniter\Boot::runCodeIgniter(Object(CodeIgniter\CodeIgniter))
11 FCPATH/index.php(27): CodeIgniter\Boot::bootWeb(Object(Config\Paths))
WARNING - 2025-10-14 14:14:30 --> [DEPRECATED] addslashes(): Passing null to parameter #1 ($string) of type string is deprecated in APPPATH/Views/service_list.php on line 10.
 1 APPPATH/Views/service_list.php(10): addslashes(null)
 2 SYSTEMPATH/View/View.php(224): include('/home/u810214334/domains/embellish-beauty.co.uk/public_html/app/Views/service_list.php')
 3 SYSTEMPATH/View/View.php(227): CodeIgniter\View\View->CodeIgniter\View\{closure}()
 4 SYSTEMPATH/Common.php(1173): CodeIgniter\View\View->render('service_list', [], true)
 5 APPPATH/Controllers/Home.php(129): view('service_list', [...])
 6 SYSTEMPATH/CodeIgniter.php(933): App\Controllers\Home->fetch_services()
 7 SYSTEMPATH/CodeIgniter.php(507): CodeIgniter\CodeIgniter->runController(Object(App\Controllers\Home))
 8 SYSTEMPATH/CodeIgniter.php(354): CodeIgniter\CodeIgniter->handleRequest(null, Object(Config\Cache), false)
 9 SYSTEMPATH/Boot.php(334): CodeIgniter\CodeIgniter->run()
10 SYSTEMPATH/Boot.php(67): CodeIgniter\Boot::runCodeIgniter(Object(CodeIgniter\CodeIgniter))
11 FCPATH/index.php(27): CodeIgniter\Boot::bootWeb(Object(Config\Paths))
WARNING - 2025-10-14 14:14:30 --> [DEPRECATED] addslashes(): Passing null to parameter #1 ($string) of type string is deprecated in APPPATH/Views/service_list.php on line 10.
 1 APPPATH/Views/service_list.php(10): addslashes(null)
 2 SYSTEMPATH/View/View.php(224): include('/home/u810214334/domains/embellish-beauty.co.uk/public_html/app/Views/service_list.php')
 3 SYSTEMPATH/View/View.php(227): CodeIgniter\View\View->CodeIgniter\View\{closure}()
 4 SYSTEMPATH/Common.php(1173): CodeIgniter\View\View->render('service_list', [], true)
 5 APPPATH/Controllers/Home.php(129): view('service_list', [...])
 6 SYSTEMPATH/CodeIgniter.php(933): App\Controllers\Home->fetch_services()
 7 SYSTEMPATH/CodeIgniter.php(507): CodeIgniter\CodeIgniter->runController(Object(App\Controllers\Home))
 8 SYSTEMPATH/CodeIgniter.php(354): CodeIgniter\CodeIgniter->handleRequest(null, Object(Config\Cache), false)
 9 SYSTEMPATH/Boot.php(334): CodeIgniter\CodeIgniter->run()
10 SYSTEMPATH/Boot.php(67): CodeIgniter\Boot::runCodeIgniter(Object(CodeIgniter\CodeIgniter))
11 FCPATH/index.php(27): CodeIgniter\Boot::bootWeb(Object(Config\Paths))
WARNING - 2025-10-14 14:14:30 --> [DEPRECATED] addslashes(): Passing null to parameter #1 ($string) of type string is deprecated in APPPATH/Views/service_list.php on line 10.
 1 APPPATH/Views/service_list.php(10): addslashes(null)
 2 SYSTEMPATH/View/View.php(224): include('/home/u810214334/domains/embellish-beauty.co.uk/public_html/app/Views/service_list.php')
 3 SYSTEMPATH/View/View.php(227): CodeIgniter\View\View->CodeIgniter\View\{closure}()
 4 SYSTEMPATH/Common.php(1173): CodeIgniter\View\View->render('service_list', [], true)
 5 APPPATH/Controllers/Home.php(129): view('service_list', [...])
 6 SYSTEMPATH/CodeIgniter.php(933): App\Controllers\Home->fetch_services()
 7 SYSTEMPATH/CodeIgniter.php(507): CodeIgniter\CodeIgniter->runController(Object(App\Controllers\Home))
 8 SYSTEMPATH/CodeIgniter.php(354): CodeIgniter\CodeIgniter->handleRequest(null, Object(Config\Cache), false)
 9 SYSTEMPATH/Boot.php(334): CodeIgniter\CodeIgniter->run()
10 SYSTEMPATH/Boot.php(67): CodeIgniter\Boot::runCodeIgniter(Object(CodeIgniter\CodeIgniter))
11 FCPATH/index.php(27): CodeIgniter\Boot::bootWeb(Object(Config\Paths))
WARNING - 2025-10-14 14:14:30 --> [DEPRECATED] addslashes(): Passing null to parameter #1 ($string) of type string is deprecated in APPPATH/Views/service_list.php on line 10.
 1 APPPATH/Views/service_list.php(10): addslashes(null)
 2 SYSTEMPATH/View/View.php(224): include('/home/u810214334/domains/embellish-beauty.co.uk/public_html/app/Views/service_list.php')
 3 SYSTEMPATH/View/View.php(227): CodeIgniter\View\View->CodeIgniter\View\{closure}()
 4 SYSTEMPATH/Common.php(1173): CodeIgniter\View\View->render('service_list', [], true)
 5 APPPATH/Controllers/Home.php(129): view('service_list', [...])
 6 SYSTEMPATH/CodeIgniter.php(933): App\Controllers\Home->fetch_services()
 7 SYSTEMPATH/CodeIgniter.php(507): CodeIgniter\CodeIgniter->runController(Object(App\Controllers\Home))
 8 SYSTEMPATH/CodeIgniter.php(354): CodeIgniter\CodeIgniter->handleRequest(null, Object(Config\Cache), false)
 9 SYSTEMPATH/Boot.php(334): CodeIgniter\CodeIgniter->run()
10 SYSTEMPATH/Boot.php(67): CodeIgniter\Boot::runCodeIgniter(Object(CodeIgniter\CodeIgniter))
11 FCPATH/index.php(27): CodeIgniter\Boot::bootWeb(Object(Config\Paths))
WARNING - 2025-10-14 14:14:30 --> [DEPRECATED] addslashes(): Passing null to parameter #1 ($string) of type string is deprecated in APPPATH/Views/service_list.php on line 10.
 1 APPPATH/Views/service_list.php(10): addslashes(null)
 2 SYSTEMPATH/View/View.php(224): include('/home/u810214334/domains/embellish-beauty.co.uk/public_html/app/Views/service_list.php')
 3 SYSTEMPATH/View/View.php(227): CodeIgniter\View\View->CodeIgniter\View\{closure}()
 4 SYSTEMPATH/Common.php(1173): CodeIgniter\View\View->render('service_list', [], true)
 5 APPPATH/Controllers/Home.php(129): view('service_list', [...])
 6 SYSTEMPATH/CodeIgniter.php(933): App\Controllers\Home->fetch_services()
 7 SYSTEMPATH/CodeIgniter.php(507): CodeIgniter\CodeIgniter->runController(Object(App\Controllers\Home))
 8 SYSTEMPATH/CodeIgniter.php(354): CodeIgniter\CodeIgniter->handleRequest(null, Object(Config\Cache), false)
 9 SYSTEMPATH/Boot.php(334): CodeIgniter\CodeIgniter->run()
10 SYSTEMPATH/Boot.php(67): CodeIgniter\Boot::runCodeIgniter(Object(CodeIgniter\CodeIgniter))
11 FCPATH/index.php(27): CodeIgniter\Boot::bootWeb(Object(Config\Paths))
WARNING - 2025-10-14 14:14:30 --> [DEPRECATED] addslashes(): Passing null to parameter #1 ($string) of type string is deprecated in APPPATH/Views/service_list.php on line 10.
 1 APPPATH/Views/service_list.php(10): addslashes(null)
 2 SYSTEMPATH/View/View.php(224): include('/home/u810214334/domains/embellish-beauty.co.uk/public_html/app/Views/service_list.php')
 3 SYSTEMPATH/View/View.php(227): CodeIgniter\View\View->CodeIgniter\View\{closure}()
 4 SYSTEMPATH/Common.php(1173): CodeIgniter\View\View->render('service_list', [], true)
 5 APPPATH/Controllers/Home.php(129): view('service_list', [...])
 6 SYSTEMPATH/CodeIgniter.php(933): App\Controllers\Home->fetch_services()
 7 SYSTEMPATH/CodeIgniter.php(507): CodeIgniter\CodeIgniter->runController(Object(App\Controllers\Home))
 8 SYSTEMPATH/CodeIgniter.php(354): CodeIgniter\CodeIgniter->handleRequest(null, Object(Config\Cache), false)
 9 SYSTEMPATH/Boot.php(334): CodeIgniter\CodeIgniter->run()
10 SYSTEMPATH/Boot.php(67): CodeIgniter\Boot::runCodeIgniter(Object(CodeIgniter\CodeIgniter))
11 FCPATH/index.php(27): CodeIgniter\Boot::bootWeb(Object(Config\Paths))
WARNING - 2025-10-14 14:14:30 --> [DEPRECATED] addslashes(): Passing null to parameter #1 ($string) of type string is deprecated in APPPATH/Views/service_list.php on line 10.
 1 APPPATH/Views/service_list.php(10): addslashes(null)
 2 SYSTEMPATH/View/View.php(224): include('/home/u810214334/domains/embellish-beauty.co.uk/public_html/app/Views/service_list.php')
 3 SYSTEMPATH/View/View.php(227): CodeIgniter\View\View->CodeIgniter\View\{closure}()
 4 SYSTEMPATH/Common.php(1173): CodeIgniter\View\View->render('service_list', [], true)
 5 APPPATH/Controllers/Home.php(129): view('service_list', [...])
 6 SYSTEMPATH/CodeIgniter.php(933): App\Controllers\Home->fetch_services()
 7 SYSTEMPATH/CodeIgniter.php(507): CodeIgniter\CodeIgniter->runController(Object(App\Controllers\Home))
 8 SYSTEMPATH/CodeIgniter.php(354): CodeIgniter\CodeIgniter->handleRequest(null, Object(Config\Cache), false)
 9 SYSTEMPATH/Boot.php(334): CodeIgniter\CodeIgniter->run()
10 SYSTEMPATH/Boot.php(67): CodeIgniter\Boot::runCodeIgniter(Object(CodeIgniter\CodeIgniter))
11 FCPATH/index.php(27): CodeIgniter\Boot::bootWeb(Object(Config\Paths))
WARNING - 2025-10-14 14:14:30 --> [DEPRECATED] addslashes(): Passing null to parameter #1 ($string) of type string is deprecated in APPPATH/Views/service_list.php on line 10.
 1 APPPATH/Views/service_list.php(10): addslashes(null)
 2 SYSTEMPATH/View/View.php(224): include('/home/u810214334/domains/embellish-beauty.co.uk/public_html/app/Views/service_list.php')
 3 SYSTEMPATH/View/View.php(227): CodeIgniter\View\View->CodeIgniter\View\{closure}()
 4 SYSTEMPATH/Common.php(1173): CodeIgniter\View\View->render('service_list', [], true)
 5 APPPATH/Controllers/Home.php(129): view('service_list', [...])
 6 SYSTEMPATH/CodeIgniter.php(933): App\Controllers\Home->fetch_services()
 7 SYSTEMPATH/CodeIgniter.php(507): CodeIgniter\CodeIgniter->runController(Object(App\Controllers\Home))
 8 SYSTEMPATH/CodeIgniter.php(354): CodeIgniter\CodeIgniter->handleRequest(null, Object(Config\Cache), false)
 9 SYSTEMPATH/Boot.php(334): CodeIgniter\CodeIgniter->run()
10 SYSTEMPATH/Boot.php(67): CodeIgniter\Boot::runCodeIgniter(Object(CodeIgniter\CodeIgniter))
11 FCPATH/index.php(27): CodeIgniter\Boot::bootWeb(Object(Config\Paths))
WARNING - 2025-10-14 14:14:30 --> [DEPRECATED] addslashes(): Passing null to parameter #1 ($string) of type string is deprecated in APPPATH/Views/service_list.php on line 10.
 1 APPPATH/Views/service_list.php(10): addslashes(null)
 2 SYSTEMPATH/View/View.php(224): include('/home/u810214334/domains/embellish-beauty.co.uk/public_html/app/Views/service_list.php')
 3 SYSTEMPATH/View/View.php(227): CodeIgniter\View\View->CodeIgniter\View\{closure}()
 4 SYSTEMPATH/Common.php(1173): CodeIgniter\View\View->render('service_list', [], true)
 5 APPPATH/Controllers/Home.php(129): view('service_list', [...])
 6 SYSTEMPATH/CodeIgniter.php(933): App\Controllers\Home->fetch_services()
 7 SYSTEMPATH/CodeIgniter.php(507): CodeIgniter\CodeIgniter->runController(Object(App\Controllers\Home))
 8 SYSTEMPATH/CodeIgniter.php(354): CodeIgniter\CodeIgniter->handleRequest(null, Object(Config\Cache), false)
 9 SYSTEMPATH/Boot.php(334): CodeIgniter\CodeIgniter->run()
10 SYSTEMPATH/Boot.php(67): CodeIgniter\Boot::runCodeIgniter(Object(CodeIgniter\CodeIgniter))
11 FCPATH/index.php(27): CodeIgniter\Boot::bootWeb(Object(Config\Paths))
WARNING - 2025-10-14 14:14:30 --> [DEPRECATED] addslashes(): Passing null to parameter #1 ($string) of type string is deprecated in APPPATH/Views/service_list.php on line 10.
 1 APPPATH/Views/service_list.php(10): addslashes(null)
 2 SYSTEMPATH/View/View.php(224): include('/home/u810214334/domains/embellish-beauty.co.uk/public_html/app/Views/service_list.php')
 3 SYSTEMPATH/View/View.php(227): CodeIgniter\View\View->CodeIgniter\View\{closure}()
 4 SYSTEMPATH/Common.php(1173): CodeIgniter\View\View->render('service_list', [], true)
 5 APPPATH/Controllers/Home.php(129): view('service_list', [...])
 6 SYSTEMPATH/CodeIgniter.php(933): App\Controllers\Home->fetch_services()
 7 SYSTEMPATH/CodeIgniter.php(507): CodeIgniter\CodeIgniter->runController(Object(App\Controllers\Home))
 8 SYSTEMPATH/CodeIgniter.php(354): CodeIgniter\CodeIgniter->handleRequest(null, Object(Config\Cache), false)
 9 SYSTEMPATH/Boot.php(334): CodeIgniter\CodeIgniter->run()
10 SYSTEMPATH/Boot.php(67): CodeIgniter\Boot::runCodeIgniter(Object(CodeIgniter\CodeIgniter))
11 FCPATH/index.php(27): CodeIgniter\Boot::bootWeb(Object(Config\Paths))
WARNING - 2025-10-14 14:14:30 --> [DEPRECATED] addslashes(): Passing null to parameter #1 ($string) of type string is deprecated in APPPATH/Views/service_list.php on line 10.
 1 APPPATH/Views/service_list.php(10): addslashes(null)
 2 SYSTEMPATH/View/View.php(224): include('/home/u810214334/domains/embellish-beauty.co.uk/public_html/app/Views/service_list.php')
 3 SYSTEMPATH/View/View.php(227): CodeIgniter\View\View->CodeIgniter\View\{closure}()
 4 SYSTEMPATH/Common.php(1173): CodeIgniter\View\View->render('service_list', [], true)
 5 APPPATH/Controllers/Home.php(129): view('service_list', [...])
 6 SYSTEMPATH/CodeIgniter.php(933): App\Controllers\Home->fetch_services()
 7 SYSTEMPATH/CodeIgniter.php(507): CodeIgniter\CodeIgniter->runController(Object(App\Controllers\Home))
 8 SYSTEMPATH/CodeIgniter.php(354): CodeIgniter\CodeIgniter->handleRequest(null, Object(Config\Cache), false)
 9 SYSTEMPATH/Boot.php(334): CodeIgniter\CodeIgniter->run()
10 SYSTEMPATH/Boot.php(67): CodeIgniter\Boot::runCodeIgniter(Object(CodeIgniter\CodeIgniter))
11 FCPATH/index.php(27): CodeIgniter\Boot::bootWeb(Object(Config\Paths))
WARNING - 2025-10-14 14:14:30 --> [DEPRECATED] addslashes(): Passing null to parameter #1 ($string) of type string is deprecated in APPPATH/Views/service_list.php on line 10.
 1 APPPATH/Views/service_list.php(10): addslashes(null)
 2 SYSTEMPATH/View/View.php(224): include('/home/u810214334/domains/embellish-beauty.co.uk/public_html/app/Views/service_list.php')
 3 SYSTEMPATH/View/View.php(227): CodeIgniter\View\View->CodeIgniter\View\{closure}()
 4 SYSTEMPATH/Common.php(1173): CodeIgniter\View\View->render('service_list', [], true)
 5 APPPATH/Controllers/Home.php(129): view('service_list', [...])
 6 SYSTEMPATH/CodeIgniter.php(933): App\Controllers\Home->fetch_services()
 7 SYSTEMPATH/CodeIgniter.php(507): CodeIgniter\CodeIgniter->runController(Object(App\Controllers\Home))
 8 SYSTEMPATH/CodeIgniter.php(354): CodeIgniter\CodeIgniter->handleRequest(null, Object(Config\Cache), false)
 9 SYSTEMPATH/Boot.php(334): CodeIgniter\CodeIgniter->run()
10 SYSTEMPATH/Boot.php(67): CodeIgniter\Boot::runCodeIgniter(Object(CodeIgniter\CodeIgniter))
11 FCPATH/index.php(27): CodeIgniter\Boot::bootWeb(Object(Config\Paths))
WARNING - 2025-10-14 14:14:30 --> [DEPRECATED] addslashes(): Passing null to parameter #1 ($string) of type string is deprecated in APPPATH/Views/service_list.php on line 10.
 1 APPPATH/Views/service_list.php(10): addslashes(null)
 2 SYSTEMPATH/View/View.php(224): include('/home/u810214334/domains/embellish-beauty.co.uk/public_html/app/Views/service_list.php')
 3 SYSTEMPATH/View/View.php(227): CodeIgniter\View\View->CodeIgniter\View\{closure}()
 4 SYSTEMPATH/Common.php(1173): CodeIgniter\View\View->render('service_list', [], true)
 5 APPPATH/Controllers/Home.php(129): view('service_list', [...])
 6 SYSTEMPATH/CodeIgniter.php(933): App\Controllers\Home->fetch_services()
 7 SYSTEMPATH/CodeIgniter.php(507): CodeIgniter\CodeIgniter->runController(Object(App\Controllers\Home))
 8 SYSTEMPATH/CodeIgniter.php(354): CodeIgniter\CodeIgniter->handleRequest(null, Object(Config\Cache), false)
 9 SYSTEMPATH/Boot.php(334): CodeIgniter\CodeIgniter->run()
10 SYSTEMPATH/Boot.php(67): CodeIgniter\Boot::runCodeIgniter(Object(CodeIgniter\CodeIgniter))
11 FCPATH/index.php(27): CodeIgniter\Boot::bootWeb(Object(Config\Paths))
WARNING - 2025-10-14 14:14:30 --> [DEPRECATED] addslashes(): Passing null to parameter #1 ($string) of type string is deprecated in APPPATH/Views/service_list.php on line 10.
 1 APPPATH/Views/service_list.php(10): addslashes(null)
 2 SYSTEMPATH/View/View.php(224): include('/home/u810214334/domains/embellish-beauty.co.uk/public_html/app/Views/service_list.php')
 3 SYSTEMPATH/View/View.php(227): CodeIgniter\View\View->CodeIgniter\View\{closure}()
 4 SYSTEMPATH/Common.php(1173): CodeIgniter\View\View->render('service_list', [], true)
 5 APPPATH/Controllers/Home.php(129): view('service_list', [...])
 6 SYSTEMPATH/CodeIgniter.php(933): App\Controllers\Home->fetch_services()
 7 SYSTEMPATH/CodeIgniter.php(507): CodeIgniter\CodeIgniter->runController(Object(App\Controllers\Home))
 8 SYSTEMPATH/CodeIgniter.php(354): CodeIgniter\CodeIgniter->handleRequest(null, Object(Config\Cache), false)
 9 SYSTEMPATH/Boot.php(334): CodeIgniter\CodeIgniter->run()
10 SYSTEMPATH/Boot.php(67): CodeIgniter\Boot::runCodeIgniter(Object(CodeIgniter\CodeIgniter))
11 FCPATH/index.php(27): CodeIgniter\Boot::bootWeb(Object(Config\Paths))
DEBUG - 2025-10-14 14:14:32 --> Session: Class initialized using 'CodeIgniter\Session\Handlers\FileHandler' driver.
WARNING - 2025-10-14 14:14:32 --> [DEPRECATED] addslashes(): Passing null to parameter #1 ($string) of type string is deprecated in APPPATH/Views/service_list.php on line 10.
 1 APPPATH/Views/service_list.php(10): addslashes(null)
 2 SYSTEMPATH/View/View.php(224): include('/home/u810214334/domains/embellish-beauty.co.uk/public_html/app/Views/service_list.php')
 3 SYSTEMPATH/View/View.php(227): CodeIgniter\View\View->CodeIgniter\View\{closure}()
 4 SYSTEMPATH/Common.php(1173): CodeIgniter\View\View->render('service_list', [], true)
 5 APPPATH/Controllers/Home.php(129): view('service_list', [...])
 6 SYSTEMPATH/CodeIgniter.php(933): App\Controllers\Home->fetch_services()
 7 SYSTEMPATH/CodeIgniter.php(507): CodeIgniter\CodeIgniter->runController(Object(App\Controllers\Home))
 8 SYSTEMPATH/CodeIgniter.php(354): CodeIgniter\CodeIgniter->handleRequest(null, Object(Config\Cache), false)
 9 SYSTEMPATH/Boot.php(334): CodeIgniter\CodeIgniter->run()
10 SYSTEMPATH/Boot.php(67): CodeIgniter\Boot::runCodeIgniter(Object(CodeIgniter\CodeIgniter))
11 FCPATH/index.php(27): CodeIgniter\Boot::bootWeb(Object(Config\Paths))
WARNING - 2025-10-14 14:14:32 --> [DEPRECATED] addslashes(): Passing null to parameter #1 ($string) of type string is deprecated in APPPATH/Views/service_list.php on line 10.
 1 APPPATH/Views/service_list.php(10): addslashes(null)
 2 SYSTEMPATH/View/View.php(224): include('/home/u810214334/domains/embellish-beauty.co.uk/public_html/app/Views/service_list.php')
 3 SYSTEMPATH/View/View.php(227): CodeIgniter\View\View->CodeIgniter\View\{closure}()
 4 SYSTEMPATH/Common.php(1173): CodeIgniter\View\View->render('service_list', [], true)
 5 APPPATH/Controllers/Home.php(129): view('service_list', [...])
 6 SYSTEMPATH/CodeIgniter.php(933): App\Controllers\Home->fetch_services()
 7 SYSTEMPATH/CodeIgniter.php(507): CodeIgniter\CodeIgniter->runController(Object(App\Controllers\Home))
 8 SYSTEMPATH/CodeIgniter.php(354): CodeIgniter\CodeIgniter->handleRequest(null, Object(Config\Cache), false)
 9 SYSTEMPATH/Boot.php(334): CodeIgniter\CodeIgniter->run()
10 SYSTEMPATH/Boot.php(67): CodeIgniter\Boot::runCodeIgniter(Object(CodeIgniter\CodeIgniter))
11 FCPATH/index.php(27): CodeIgniter\Boot::bootWeb(Object(Config\Paths))
WARNING - 2025-10-14 14:14:32 --> [DEPRECATED] addslashes(): Passing null to parameter #1 ($string) of type string is deprecated in APPPATH/Views/service_list.php on line 10.
 1 APPPATH/Views/service_list.php(10): addslashes(null)
 2 SYSTEMPATH/View/View.php(224): include('/home/u810214334/domains/embellish-beauty.co.uk/public_html/app/Views/service_list.php')
 3 SYSTEMPATH/View/View.php(227): CodeIgniter\View\View->CodeIgniter\View\{closure}()
 4 SYSTEMPATH/Common.php(1173): CodeIgniter\View\View->render('service_list', [], true)
 5 APPPATH/Controllers/Home.php(129): view('service_list', [...])
 6 SYSTEMPATH/CodeIgniter.php(933): App\Controllers\Home->fetch_services()
 7 SYSTEMPATH/CodeIgniter.php(507): CodeIgniter\CodeIgniter->runController(Object(App\Controllers\Home))
 8 SYSTEMPATH/CodeIgniter.php(354): CodeIgniter\CodeIgniter->handleRequest(null, Object(Config\Cache), false)
 9 SYSTEMPATH/Boot.php(334): CodeIgniter\CodeIgniter->run()
10 SYSTEMPATH/Boot.php(67): CodeIgniter\Boot::runCodeIgniter(Object(CodeIgniter\CodeIgniter))
11 FCPATH/index.php(27): CodeIgniter\Boot::bootWeb(Object(Config\Paths))
WARNING - 2025-10-14 14:14:32 --> [DEPRECATED] addslashes(): Passing null to parameter #1 ($string) of type string is deprecated in APPPATH/Views/service_list.php on line 10.
 1 APPPATH/Views/service_list.php(10): addslashes(null)
 2 SYSTEMPATH/View/View.php(224): include('/home/u810214334/domains/embellish-beauty.co.uk/public_html/app/Views/service_list.php')
 3 SYSTEMPATH/View/View.php(227): CodeIgniter\View\View->CodeIgniter\View\{closure}()
 4 SYSTEMPATH/Common.php(1173): CodeIgniter\View\View->render('service_list', [], true)
 5 APPPATH/Controllers/Home.php(129): view('service_list', [...])
 6 SYSTEMPATH/CodeIgniter.php(933): App\Controllers\Home->fetch_services()
 7 SYSTEMPATH/CodeIgniter.php(507): CodeIgniter\CodeIgniter->runController(Object(App\Controllers\Home))
 8 SYSTEMPATH/CodeIgniter.php(354): CodeIgniter\CodeIgniter->handleRequest(null, Object(Config\Cache), false)
 9 SYSTEMPATH/Boot.php(334): CodeIgniter\CodeIgniter->run()
10 SYSTEMPATH/Boot.php(67): CodeIgniter\Boot::runCodeIgniter(Object(CodeIgniter\CodeIgniter))
11 FCPATH/index.php(27): CodeIgniter\Boot::bootWeb(Object(Config\Paths))
WARNING - 2025-10-14 14:14:32 --> [DEPRECATED] addslashes(): Passing null to parameter #1 ($string) of type string is deprecated in APPPATH/Views/service_list.php on line 10.
 1 APPPATH/Views/service_list.php(10): addslashes(null)
 2 SYSTEMPATH/View/View.php(224): include('/home/u810214334/domains/embellish-beauty.co.uk/public_html/app/Views/service_list.php')
 3 SYSTEMPATH/View/View.php(227): CodeIgniter\View\View->CodeIgniter\View\{closure}()
 4 SYSTEMPATH/Common.php(1173): CodeIgniter\View\View->render('service_list', [], true)
 5 APPPATH/Controllers/Home.php(129): view('service_list', [...])
 6 SYSTEMPATH/CodeIgniter.php(933): App\Controllers\Home->fetch_services()
 7 SYSTEMPATH/CodeIgniter.php(507): CodeIgniter\CodeIgniter->runController(Object(App\Controllers\Home))
 8 SYSTEMPATH/CodeIgniter.php(354): CodeIgniter\CodeIgniter->handleRequest(null, Object(Config\Cache), false)
 9 SYSTEMPATH/Boot.php(334): CodeIgniter\CodeIgniter->run()
10 SYSTEMPATH/Boot.php(67): CodeIgniter\Boot::runCodeIgniter(Object(CodeIgniter\CodeIgniter))
11 FCPATH/index.php(27): CodeIgniter\Boot::bootWeb(Object(Config\Paths))
WARNING - 2025-10-14 14:14:32 --> [DEPRECATED] addslashes(): Passing null to parameter #1 ($string) of type string is deprecated in APPPATH/Views/service_list.php on line 10.
 1 APPPATH/Views/service_list.php(10): addslashes(null)
 2 SYSTEMPATH/View/View.php(224): include('/home/u810214334/domains/embellish-beauty.co.uk/public_html/app/Views/service_list.php')
 3 SYSTEMPATH/View/View.php(227): CodeIgniter\View\View->CodeIgniter\View\{closure}()
 4 SYSTEMPATH/Common.php(1173): CodeIgniter\View\View->render('service_list', [], true)
 5 APPPATH/Controllers/Home.php(129): view('service_list', [...])
 6 SYSTEMPATH/CodeIgniter.php(933): App\Controllers\Home->fetch_services()
 7 SYSTEMPATH/CodeIgniter.php(507): CodeIgniter\CodeIgniter->runController(Object(App\Controllers\Home))
 8 SYSTEMPATH/CodeIgniter.php(354): CodeIgniter\CodeIgniter->handleRequest(null, Object(Config\Cache), false)
 9 SYSTEMPATH/Boot.php(334): CodeIgniter\CodeIgniter->run()
10 SYSTEMPATH/Boot.php(67): CodeIgniter\Boot::runCodeIgniter(Object(CodeIgniter\CodeIgniter))
11 FCPATH/index.php(27): CodeIgniter\Boot::bootWeb(Object(Config\Paths))
WARNING - 2025-10-14 14:14:32 --> [DEPRECATED] addslashes(): Passing null to parameter #1 ($string) of type string is deprecated in APPPATH/Views/service_list.php on line 10.
 1 APPPATH/Views/service_list.php(10): addslashes(null)
 2 SYSTEMPATH/View/View.php(224): include('/home/u810214334/domains/embellish-beauty.co.uk/public_html/app/Views/service_list.php')
 3 SYSTEMPATH/View/View.php(227): CodeIgniter\View\View->CodeIgniter\View\{closure}()
 4 SYSTEMPATH/Common.php(1173): CodeIgniter\View\View->render('service_list', [], true)
 5 APPPATH/Controllers/Home.php(129): view('service_list', [...])
 6 SYSTEMPATH/CodeIgniter.php(933): App\Controllers\Home->fetch_services()
 7 SYSTEMPATH/CodeIgniter.php(507): CodeIgniter\CodeIgniter->runController(Object(App\Controllers\Home))
 8 SYSTEMPATH/CodeIgniter.php(354): CodeIgniter\CodeIgniter->handleRequest(null, Object(Config\Cache), false)
 9 SYSTEMPATH/Boot.php(334): CodeIgniter\CodeIgniter->run()
10 SYSTEMPATH/Boot.php(67): CodeIgniter\Boot::runCodeIgniter(Object(CodeIgniter\CodeIgniter))
11 FCPATH/index.php(27): CodeIgniter\Boot::bootWeb(Object(Config\Paths))
WARNING - 2025-10-14 14:14:32 --> [DEPRECATED] addslashes(): Passing null to parameter #1 ($string) of type string is deprecated in APPPATH/Views/service_list.php on line 10.
 1 APPPATH/Views/service_list.php(10): addslashes(null)
 2 SYSTEMPATH/View/View.php(224): include('/home/u810214334/domains/embellish-beauty.co.uk/public_html/app/Views/service_list.php')
 3 SYSTEMPATH/View/View.php(227): CodeIgniter\View\View->CodeIgniter\View\{closure}()
 4 SYSTEMPATH/Common.php(1173): CodeIgniter\View\View->render('service_list', [], true)
 5 APPPATH/Controllers/Home.php(129): view('service_list', [...])
 6 SYSTEMPATH/CodeIgniter.php(933): App\Controllers\Home->fetch_services()
 7 SYSTEMPATH/CodeIgniter.php(507): CodeIgniter\CodeIgniter->runController(Object(App\Controllers\Home))
 8 SYSTEMPATH/CodeIgniter.php(354): CodeIgniter\CodeIgniter->handleRequest(null, Object(Config\Cache), false)
 9 SYSTEMPATH/Boot.php(334): CodeIgniter\CodeIgniter->run()
10 SYSTEMPATH/Boot.php(67): CodeIgniter\Boot::runCodeIgniter(Object(CodeIgniter\CodeIgniter))
11 FCPATH/index.php(27): CodeIgniter\Boot::bootWeb(Object(Config\Paths))
WARNING - 2025-10-14 14:14:32 --> [DEPRECATED] addslashes(): Passing null to parameter #1 ($string) of type string is deprecated in APPPATH/Views/service_list.php on line 10.
 1 APPPATH/Views/service_list.php(10): addslashes(null)
 2 SYSTEMPATH/View/View.php(224): include('/home/u810214334/domains/embellish-beauty.co.uk/public_html/app/Views/service_list.php')
 3 SYSTEMPATH/View/View.php(227): CodeIgniter\View\View->CodeIgniter\View\{closure}()
 4 SYSTEMPATH/Common.php(1173): CodeIgniter\View\View->render('service_list', [], true)
 5 APPPATH/Controllers/Home.php(129): view('service_list', [...])
 6 SYSTEMPATH/CodeIgniter.php(933): App\Controllers\Home->fetch_services()
 7 SYSTEMPATH/CodeIgniter.php(507): CodeIgniter\CodeIgniter->runController(Object(App\Controllers\Home))
 8 SYSTEMPATH/CodeIgniter.php(354): CodeIgniter\CodeIgniter->handleRequest(null, Object(Config\Cache), false)
 9 SYSTEMPATH/Boot.php(334): CodeIgniter\CodeIgniter->run()
10 SYSTEMPATH/Boot.php(67): CodeIgniter\Boot::runCodeIgniter(Object(CodeIgniter\CodeIgniter))
11 FCPATH/index.php(27): CodeIgniter\Boot::bootWeb(Object(Config\Paths))
WARNING - 2025-10-14 14:14:32 --> [DEPRECATED] addslashes(): Passing null to parameter #1 ($string) of type string is deprecated in APPPATH/Views/service_list.php on line 10.
 1 APPPATH/Views/service_list.php(10): addslashes(null)
 2 SYSTEMPATH/View/View.php(224): include('/home/u810214334/domains/embellish-beauty.co.uk/public_html/app/Views/service_list.php')
 3 SYSTEMPATH/View/View.php(227): CodeIgniter\View\View->CodeIgniter\View\{closure}()
 4 SYSTEMPATH/Common.php(1173): CodeIgniter\View\View->render('service_list', [], true)
 5 APPPATH/Controllers/Home.php(129): view('service_list', [...])
 6 SYSTEMPATH/CodeIgniter.php(933): App\Controllers\Home->fetch_services()
 7 SYSTEMPATH/CodeIgniter.php(507): CodeIgniter\CodeIgniter->runController(Object(App\Controllers\Home))
 8 SYSTEMPATH/CodeIgniter.php(354): CodeIgniter\CodeIgniter->handleRequest(null, Object(Config\Cache), false)
 9 SYSTEMPATH/Boot.php(334): CodeIgniter\CodeIgniter->run()
10 SYSTEMPATH/Boot.php(67): CodeIgniter\Boot::runCodeIgniter(Object(CodeIgniter\CodeIgniter))
11 FCPATH/index.php(27): CodeIgniter\Boot::bootWeb(Object(Config\Paths))
WARNING - 2025-10-14 14:14:32 --> [DEPRECATED] addslashes(): Passing null to parameter #1 ($string) of type string is deprecated in APPPATH/Views/service_list.php on line 10.
 1 APPPATH/Views/service_list.php(10): addslashes(null)
 2 SYSTEMPATH/View/View.php(224): include('/home/u810214334/domains/embellish-beauty.co.uk/public_html/app/Views/service_list.php')
 3 SYSTEMPATH/View/View.php(227): CodeIgniter\View\View->CodeIgniter\View\{closure}()
 4 SYSTEMPATH/Common.php(1173): CodeIgniter\View\View->render('service_list', [], true)
 5 APPPATH/Controllers/Home.php(129): view('service_list', [...])
 6 SYSTEMPATH/CodeIgniter.php(933): App\Controllers\Home->fetch_services()
 7 SYSTEMPATH/CodeIgniter.php(507): CodeIgniter\CodeIgniter->runController(Object(App\Controllers\Home))
 8 SYSTEMPATH/CodeIgniter.php(354): CodeIgniter\CodeIgniter->handleRequest(null, Object(Config\Cache), false)
 9 SYSTEMPATH/Boot.php(334): CodeIgniter\CodeIgniter->run()
10 SYSTEMPATH/Boot.php(67): CodeIgniter\Boot::runCodeIgniter(Object(CodeIgniter\CodeIgniter))
11 FCPATH/index.php(27): CodeIgniter\Boot::bootWeb(Object(Config\Paths))
WARNING - 2025-10-14 14:14:32 --> [DEPRECATED] addslashes(): Passing null to parameter #1 ($string) of type string is deprecated in APPPATH/Views/service_list.php on line 10.
 1 APPPATH/Views/service_list.php(10): addslashes(null)
 2 SYSTEMPATH/View/View.php(224): include('/home/u810214334/domains/embellish-beauty.co.uk/public_html/app/Views/service_list.php')
 3 SYSTEMPATH/View/View.php(227): CodeIgniter\View\View->CodeIgniter\View\{closure}()
 4 SYSTEMPATH/Common.php(1173): CodeIgniter\View\View->render('service_list', [], true)
 5 APPPATH/Controllers/Home.php(129): view('service_list', [...])
 6 SYSTEMPATH/CodeIgniter.php(933): App\Controllers\Home->fetch_services()
 7 SYSTEMPATH/CodeIgniter.php(507): CodeIgniter\CodeIgniter->runController(Object(App\Controllers\Home))
 8 SYSTEMPATH/CodeIgniter.php(354): CodeIgniter\CodeIgniter->handleRequest(null, Object(Config\Cache), false)
 9 SYSTEMPATH/Boot.php(334): CodeIgniter\CodeIgniter->run()
10 SYSTEMPATH/Boot.php(67): CodeIgniter\Boot::runCodeIgniter(Object(CodeIgniter\CodeIgniter))
11 FCPATH/index.php(27): CodeIgniter\Boot::bootWeb(Object(Config\Paths))
WARNING - 2025-10-14 14:14:32 --> [DEPRECATED] addslashes(): Passing null to parameter #1 ($string) of type string is deprecated in APPPATH/Views/service_list.php on line 10.
 1 APPPATH/Views/service_list.php(10): addslashes(null)
 2 SYSTEMPATH/View/View.php(224): include('/home/u810214334/domains/embellish-beauty.co.uk/public_html/app/Views/service_list.php')
 3 SYSTEMPATH/View/View.php(227): CodeIgniter\View\View->CodeIgniter\View\{closure}()
 4 SYSTEMPATH/Common.php(1173): CodeIgniter\View\View->render('service_list', [], true)
 5 APPPATH/Controllers/Home.php(129): view('service_list', [...])
 6 SYSTEMPATH/CodeIgniter.php(933): App\Controllers\Home->fetch_services()
 7 SYSTEMPATH/CodeIgniter.php(507): CodeIgniter\CodeIgniter->runController(Object(App\Controllers\Home))
 8 SYSTEMPATH/CodeIgniter.php(354): CodeIgniter\CodeIgniter->handleRequest(null, Object(Config\Cache), false)
 9 SYSTEMPATH/Boot.php(334): CodeIgniter\CodeIgniter->run()
10 SYSTEMPATH/Boot.php(67): CodeIgniter\Boot::runCodeIgniter(Object(CodeIgniter\CodeIgniter))
11 FCPATH/index.php(27): CodeIgniter\Boot::bootWeb(Object(Config\Paths))
WARNING - 2025-10-14 14:14:32 --> [DEPRECATED] addslashes(): Passing null to parameter #1 ($string) of type string is deprecated in APPPATH/Views/service_list.php on line 10.
 1 APPPATH/Views/service_list.php(10): addslashes(null)
 2 SYSTEMPATH/View/View.php(224): include('/home/u810214334/domains/embellish-beauty.co.uk/public_html/app/Views/service_list.php')
 3 SYSTEMPATH/View/View.php(227): CodeIgniter\View\View->CodeIgniter\View\{closure}()
 4 SYSTEMPATH/Common.php(1173): CodeIgniter\View\View->render('service_list', [], true)
 5 APPPATH/Controllers/Home.php(129): view('service_list', [...])
 6 SYSTEMPATH/CodeIgniter.php(933): App\Controllers\Home->fetch_services()
 7 SYSTEMPATH/CodeIgniter.php(507): CodeIgniter\CodeIgniter->runController(Object(App\Controllers\Home))
 8 SYSTEMPATH/CodeIgniter.php(354): CodeIgniter\CodeIgniter->handleRequest(null, Object(Config\Cache), false)
 9 SYSTEMPATH/Boot.php(334): CodeIgniter\CodeIgniter->run()
10 SYSTEMPATH/Boot.php(67): CodeIgniter\Boot::runCodeIgniter(Object(CodeIgniter\CodeIgniter))
11 FCPATH/index.php(27): CodeIgniter\Boot::bootWeb(Object(Config\Paths))
WARNING - 2025-10-14 14:14:32 --> [DEPRECATED] addslashes(): Passing null to parameter #1 ($string) of type string is deprecated in APPPATH/Views/service_list.php on line 10.
 1 APPPATH/Views/service_list.php(10): addslashes(null)
 2 SYSTEMPATH/View/View.php(224): include('/home/u810214334/domains/embellish-beauty.co.uk/public_html/app/Views/service_list.php')
 3 SYSTEMPATH/View/View.php(227): CodeIgniter\View\View->CodeIgniter\View\{closure}()
 4 SYSTEMPATH/Common.php(1173): CodeIgniter\View\View->render('service_list', [], true)
 5 APPPATH/Controllers/Home.php(129): view('service_list', [...])
 6 SYSTEMPATH/CodeIgniter.php(933): App\Controllers\Home->fetch_services()
 7 SYSTEMPATH/CodeIgniter.php(507): CodeIgniter\CodeIgniter->runController(Object(App\Controllers\Home))
 8 SYSTEMPATH/CodeIgniter.php(354): CodeIgniter\CodeIgniter->handleRequest(null, Object(Config\Cache), false)
 9 SYSTEMPATH/Boot.php(334): CodeIgniter\CodeIgniter->run()
10 SYSTEMPATH/Boot.php(67): CodeIgniter\Boot::runCodeIgniter(Object(CodeIgniter\CodeIgniter))
11 FCPATH/index.php(27): CodeIgniter\Boot::bootWeb(Object(Config\Paths))
WARNING - 2025-10-14 14:14:32 --> [DEPRECATED] addslashes(): Passing null to parameter #1 ($string) of type string is deprecated in APPPATH/Views/service_list.php on line 10.
 1 APPPATH/Views/service_list.php(10): addslashes(null)
 2 SYSTEMPATH/View/View.php(224): include('/home/u810214334/domains/embellish-beauty.co.uk/public_html/app/Views/service_list.php')
 3 SYSTEMPATH/View/View.php(227): CodeIgniter\View\View->CodeIgniter\View\{closure}()
 4 SYSTEMPATH/Common.php(1173): CodeIgniter\View\View->render('service_list', [], true)
 5 APPPATH/Controllers/Home.php(129): view('service_list', [...])
 6 SYSTEMPATH/CodeIgniter.php(933): App\Controllers\Home->fetch_services()
 7 SYSTEMPATH/CodeIgniter.php(507): CodeIgniter\CodeIgniter->runController(Object(App\Controllers\Home))
 8 SYSTEMPATH/CodeIgniter.php(354): CodeIgniter\CodeIgniter->handleRequest(null, Object(Config\Cache), false)
 9 SYSTEMPATH/Boot.php(334): CodeIgniter\CodeIgniter->run()
10 SYSTEMPATH/Boot.php(67): CodeIgniter\Boot::runCodeIgniter(Object(CodeIgniter\CodeIgniter))
11 FCPATH/index.php(27): CodeIgniter\Boot::bootWeb(Object(Config\Paths))
DEBUG - 2025-10-14 14:14:35 --> Session: Class initialized using 'CodeIgniter\Session\Handlers\FileHandler' driver.
WARNING - 2025-10-14 14:14:35 --> [DEPRECATED] addslashes(): Passing null to parameter #1 ($string) of type string is deprecated in APPPATH/Views/service_list.php on line 10.
 1 APPPATH/Views/service_list.php(10): addslashes(null)
 2 SYSTEMPATH/View/View.php(224): include('/home/u810214334/domains/embellish-beauty.co.uk/public_html/app/Views/service_list.php')
 3 SYSTEMPATH/View/View.php(227): CodeIgniter\View\View->CodeIgniter\View\{closure}()
 4 SYSTEMPATH/Common.php(1173): CodeIgniter\View\View->render('service_list', [], true)
 5 APPPATH/Controllers/Home.php(129): view('service_list', [...])
 6 SYSTEMPATH/CodeIgniter.php(933): App\Controllers\Home->fetch_services()
 7 SYSTEMPATH/CodeIgniter.php(507): CodeIgniter\CodeIgniter->runController(Object(App\Controllers\Home))
 8 SYSTEMPATH/CodeIgniter.php(354): CodeIgniter\CodeIgniter->handleRequest(null, Object(Config\Cache), false)
 9 SYSTEMPATH/Boot.php(334): CodeIgniter\CodeIgniter->run()
10 SYSTEMPATH/Boot.php(67): CodeIgniter\Boot::runCodeIgniter(Object(CodeIgniter\CodeIgniter))
11 FCPATH/index.php(27): CodeIgniter\Boot::bootWeb(Object(Config\Paths))
WARNING - 2025-10-14 14:14:35 --> [DEPRECATED] addslashes(): Passing null to parameter #1 ($string) of type string is deprecated in APPPATH/Views/service_list.php on line 10.
 1 APPPATH/Views/service_list.php(10): addslashes(null)
 2 SYSTEMPATH/View/View.php(224): include('/home/u810214334/domains/embellish-beauty.co.uk/public_html/app/Views/service_list.php')
 3 SYSTEMPATH/View/View.php(227): CodeIgniter\View\View->CodeIgniter\View\{closure}()
 4 SYSTEMPATH/Common.php(1173): CodeIgniter\View\View->render('service_list', [], true)
 5 APPPATH/Controllers/Home.php(129): view('service_list', [...])
 6 SYSTEMPATH/CodeIgniter.php(933): App\Controllers\Home->fetch_services()
 7 SYSTEMPATH/CodeIgniter.php(507): CodeIgniter\CodeIgniter->runController(Object(App\Controllers\Home))
 8 SYSTEMPATH/CodeIgniter.php(354): CodeIgniter\CodeIgniter->handleRequest(null, Object(Config\Cache), false)
 9 SYSTEMPATH/Boot.php(334): CodeIgniter\CodeIgniter->run()
10 SYSTEMPATH/Boot.php(67): CodeIgniter\Boot::runCodeIgniter(Object(CodeIgniter\CodeIgniter))
11 FCPATH/index.php(27): CodeIgniter\Boot::bootWeb(Object(Config\Paths))
WARNING - 2025-10-14 14:14:35 --> [DEPRECATED] addslashes(): Passing null to parameter #1 ($string) of type string is deprecated in APPPATH/Views/service_list.php on line 10.
 1 APPPATH/Views/service_list.php(10): addslashes(null)
 2 SYSTEMPATH/View/View.php(224): include('/home/u810214334/domains/embellish-beauty.co.uk/public_html/app/Views/service_list.php')
 3 SYSTEMPATH/View/View.php(227): CodeIgniter\View\View->CodeIgniter\View\{closure}()
 4 SYSTEMPATH/Common.php(1173): CodeIgniter\View\View->render('service_list', [], true)
 5 APPPATH/Controllers/Home.php(129): view('service_list', [...])
 6 SYSTEMPATH/CodeIgniter.php(933): App\Controllers\Home->fetch_services()
 7 SYSTEMPATH/CodeIgniter.php(507): CodeIgniter\CodeIgniter->runController(Object(App\Controllers\Home))
 8 SYSTEMPATH/CodeIgniter.php(354): CodeIgniter\CodeIgniter->handleRequest(null, Object(Config\Cache), false)
 9 SYSTEMPATH/Boot.php(334): CodeIgniter\CodeIgniter->run()
10 SYSTEMPATH/Boot.php(67): CodeIgniter\Boot::runCodeIgniter(Object(CodeIgniter\CodeIgniter))
11 FCPATH/index.php(27): CodeIgniter\Boot::bootWeb(Object(Config\Paths))
WARNING - 2025-10-14 14:14:35 --> [DEPRECATED] addslashes(): Passing null to parameter #1 ($string) of type string is deprecated in APPPATH/Views/service_list.php on line 10.
 1 APPPATH/Views/service_list.php(10): addslashes(null)
 2 SYSTEMPATH/View/View.php(224): include('/home/u810214334/domains/embellish-beauty.co.uk/public_html/app/Views/service_list.php')
 3 SYSTEMPATH/View/View.php(227): CodeIgniter\View\View->CodeIgniter\View\{closure}()
 4 SYSTEMPATH/Common.php(1173): CodeIgniter\View\View->render('service_list', [], true)
 5 APPPATH/Controllers/Home.php(129): view('service_list', [...])
 6 SYSTEMPATH/CodeIgniter.php(933): App\Controllers\Home->fetch_services()
 7 SYSTEMPATH/CodeIgniter.php(507): CodeIgniter\CodeIgniter->runController(Object(App\Controllers\Home))
 8 SYSTEMPATH/CodeIgniter.php(354): CodeIgniter\CodeIgniter->handleRequest(null, Object(Config\Cache), false)
 9 SYSTEMPATH/Boot.php(334): CodeIgniter\CodeIgniter->run()
10 SYSTEMPATH/Boot.php(67): CodeIgniter\Boot::runCodeIgniter(Object(CodeIgniter\CodeIgniter))
11 FCPATH/index.php(27): CodeIgniter\Boot::bootWeb(Object(Config\Paths))
WARNING - 2025-10-14 14:14:35 --> [DEPRECATED] addslashes(): Passing null to parameter #1 ($string) of type string is deprecated in APPPATH/Views/service_list.php on line 10.
 1 APPPATH/Views/service_list.php(10): addslashes(null)
 2 SYSTEMPATH/View/View.php(224): include('/home/u810214334/domains/embellish-beauty.co.uk/public_html/app/Views/service_list.php')
 3 SYSTEMPATH/View/View.php(227): CodeIgniter\View\View->CodeIgniter\View\{closure}()
 4 SYSTEMPATH/Common.php(1173): CodeIgniter\View\View->render('service_list', [], true)
 5 APPPATH/Controllers/Home.php(129): view('service_list', [...])
 6 SYSTEMPATH/CodeIgniter.php(933): App\Controllers\Home->fetch_services()
 7 SYSTEMPATH/CodeIgniter.php(507): CodeIgniter\CodeIgniter->runController(Object(App\Controllers\Home))
 8 SYSTEMPATH/CodeIgniter.php(354): CodeIgniter\CodeIgniter->handleRequest(null, Object(Config\Cache), false)
 9 SYSTEMPATH/Boot.php(334): CodeIgniter\CodeIgniter->run()
10 SYSTEMPATH/Boot.php(67): CodeIgniter\Boot::runCodeIgniter(Object(CodeIgniter\CodeIgniter))
11 FCPATH/index.php(27): CodeIgniter\Boot::bootWeb(Object(Config\Paths))
WARNING - 2025-10-14 14:14:35 --> [DEPRECATED] addslashes(): Passing null to parameter #1 ($string) of type string is deprecated in APPPATH/Views/service_list.php on line 10.
 1 APPPATH/Views/service_list.php(10): addslashes(null)
 2 SYSTEMPATH/View/View.php(224): include('/home/u810214334/domains/embellish-beauty.co.uk/public_html/app/Views/service_list.php')
 3 SYSTEMPATH/View/View.php(227): CodeIgniter\View\View->CodeIgniter\View\{closure}()
 4 SYSTEMPATH/Common.php(1173): CodeIgniter\View\View->render('service_list', [], true)
 5 APPPATH/Controllers/Home.php(129): view('service_list', [...])
 6 SYSTEMPATH/CodeIgniter.php(933): App\Controllers\Home->fetch_services()
 7 SYSTEMPATH/CodeIgniter.php(507): CodeIgniter\CodeIgniter->runController(Object(App\Controllers\Home))
 8 SYSTEMPATH/CodeIgniter.php(354): CodeIgniter\CodeIgniter->handleRequest(null, Object(Config\Cache), false)
 9 SYSTEMPATH/Boot.php(334): CodeIgniter\CodeIgniter->run()
10 SYSTEMPATH/Boot.php(67): CodeIgniter\Boot::runCodeIgniter(Object(CodeIgniter\CodeIgniter))
11 FCPATH/index.php(27): CodeIgniter\Boot::bootWeb(Object(Config\Paths))
WARNING - 2025-10-14 14:14:35 --> [DEPRECATED] addslashes(): Passing null to parameter #1 ($string) of type string is deprecated in APPPATH/Views/service_list.php on line 10.
 1 APPPATH/Views/service_list.php(10): addslashes(null)
 2 SYSTEMPATH/View/View.php(224): include('/home/u810214334/domains/embellish-beauty.co.uk/public_html/app/Views/service_list.php')
 3 SYSTEMPATH/View/View.php(227): CodeIgniter\View\View->CodeIgniter\View\{closure}()
 4 SYSTEMPATH/Common.php(1173): CodeIgniter\View\View->render('service_list', [], true)
 5 APPPATH/Controllers/Home.php(129): view('service_list', [...])
 6 SYSTEMPATH/CodeIgniter.php(933): App\Controllers\Home->fetch_services()
 7 SYSTEMPATH/CodeIgniter.php(507): CodeIgniter\CodeIgniter->runController(Object(App\Controllers\Home))
 8 SYSTEMPATH/CodeIgniter.php(354): CodeIgniter\CodeIgniter->handleRequest(null, Object(Config\Cache), false)
 9 SYSTEMPATH/Boot.php(334): CodeIgniter\CodeIgniter->run()
10 SYSTEMPATH/Boot.php(67): CodeIgniter\Boot::runCodeIgniter(Object(CodeIgniter\CodeIgniter))
11 FCPATH/index.php(27): CodeIgniter\Boot::bootWeb(Object(Config\Paths))
WARNING - 2025-10-14 14:14:35 --> [DEPRECATED] addslashes(): Passing null to parameter #1 ($string) of type string is deprecated in APPPATH/Views/service_list.php on line 10.
 1 APPPATH/Views/service_list.php(10): addslashes(null)
 2 SYSTEMPATH/View/View.php(224): include('/home/u810214334/domains/embellish-beauty.co.uk/public_html/app/Views/service_list.php')
 3 SYSTEMPATH/View/View.php(227): CodeIgniter\View\View->CodeIgniter\View\{closure}()
 4 SYSTEMPATH/Common.php(1173): CodeIgniter\View\View->render('service_list', [], true)
 5 APPPATH/Controllers/Home.php(129): view('service_list', [...])
 6 SYSTEMPATH/CodeIgniter.php(933): App\Controllers\Home->fetch_services()
 7 SYSTEMPATH/CodeIgniter.php(507): CodeIgniter\CodeIgniter->runController(Object(App\Controllers\Home))
 8 SYSTEMPATH/CodeIgniter.php(354): CodeIgniter\CodeIgniter->handleRequest(null, Object(Config\Cache), false)
 9 SYSTEMPATH/Boot.php(334): CodeIgniter\CodeIgniter->run()
10 SYSTEMPATH/Boot.php(67): CodeIgniter\Boot::runCodeIgniter(Object(CodeIgniter\CodeIgniter))
11 FCPATH/index.php(27): CodeIgniter\Boot::bootWeb(Object(Config\Paths))
WARNING - 2025-10-14 14:14:35 --> [DEPRECATED] addslashes(): Passing null to parameter #1 ($string) of type string is deprecated in APPPATH/Views/service_list.php on line 10.
 1 APPPATH/Views/service_list.php(10): addslashes(null)
 2 SYSTEMPATH/View/View.php(224): include('/home/u810214334/domains/embellish-beauty.co.uk/public_html/app/Views/service_list.php')
 3 SYSTEMPATH/View/View.php(227): CodeIgniter\View\View->CodeIgniter\View\{closure}()
 4 SYSTEMPATH/Common.php(1173): CodeIgniter\View\View->render('service_list', [], true)
 5 APPPATH/Controllers/Home.php(129): view('service_list', [...])
 6 SYSTEMPATH/CodeIgniter.php(933): App\Controllers\Home->fetch_services()
 7 SYSTEMPATH/CodeIgniter.php(507): CodeIgniter\CodeIgniter->runController(Object(App\Controllers\Home))
 8 SYSTEMPATH/CodeIgniter.php(354): CodeIgniter\CodeIgniter->handleRequest(null, Object(Config\Cache), false)
 9 SYSTEMPATH/Boot.php(334): CodeIgniter\CodeIgniter->run()
10 SYSTEMPATH/Boot.php(67): CodeIgniter\Boot::runCodeIgniter(Object(CodeIgniter\CodeIgniter))
11 FCPATH/index.php(27): CodeIgniter\Boot::bootWeb(Object(Config\Paths))
WARNING - 2025-10-14 14:14:35 --> [DEPRECATED] addslashes(): Passing null to parameter #1 ($string) of type string is deprecated in APPPATH/Views/service_list.php on line 10.
 1 APPPATH/Views/service_list.php(10): addslashes(null)
 2 SYSTEMPATH/View/View.php(224): include('/home/u810214334/domains/embellish-beauty.co.uk/public_html/app/Views/service_list.php')
 3 SYSTEMPATH/View/View.php(227): CodeIgniter\View\View->CodeIgniter\View\{closure}()
 4 SYSTEMPATH/Common.php(1173): CodeIgniter\View\View->render('service_list', [], true)
 5 APPPATH/Controllers/Home.php(129): view('service_list', [...])
 6 SYSTEMPATH/CodeIgniter.php(933): App\Controllers\Home->fetch_services()
 7 SYSTEMPATH/CodeIgniter.php(507): CodeIgniter\CodeIgniter->runController(Object(App\Controllers\Home))
 8 SYSTEMPATH/CodeIgniter.php(354): CodeIgniter\CodeIgniter->handleRequest(null, Object(Config\Cache), false)
 9 SYSTEMPATH/Boot.php(334): CodeIgniter\CodeIgniter->run()
10 SYSTEMPATH/Boot.php(67): CodeIgniter\Boot::runCodeIgniter(Object(CodeIgniter\CodeIgniter))
11 FCPATH/index.php(27): CodeIgniter\Boot::bootWeb(Object(Config\Paths))
WARNING - 2025-10-14 14:14:35 --> [DEPRECATED] addslashes(): Passing null to parameter #1 ($string) of type string is deprecated in APPPATH/Views/service_list.php on line 10.
 1 APPPATH/Views/service_list.php(10): addslashes(null)
 2 SYSTEMPATH/View/View.php(224): include('/home/u810214334/domains/embellish-beauty.co.uk/public_html/app/Views/service_list.php')
 3 SYSTEMPATH/View/View.php(227): CodeIgniter\View\View->CodeIgniter\View\{closure}()
 4 SYSTEMPATH/Common.php(1173): CodeIgniter\View\View->render('service_list', [], true)
 5 APPPATH/Controllers/Home.php(129): view('service_list', [...])
 6 SYSTEMPATH/CodeIgniter.php(933): App\Controllers\Home->fetch_services()
 7 SYSTEMPATH/CodeIgniter.php(507): CodeIgniter\CodeIgniter->runController(Object(App\Controllers\Home))
 8 SYSTEMPATH/CodeIgniter.php(354): CodeIgniter\CodeIgniter->handleRequest(null, Object(Config\Cache), false)
 9 SYSTEMPATH/Boot.php(334): CodeIgniter\CodeIgniter->run()
10 SYSTEMPATH/Boot.php(67): CodeIgniter\Boot::runCodeIgniter(Object(CodeIgniter\CodeIgniter))
11 FCPATH/index.php(27): CodeIgniter\Boot::bootWeb(Object(Config\Paths))
WARNING - 2025-10-14 14:14:35 --> [DEPRECATED] addslashes(): Passing null to parameter #1 ($string) of type string is deprecated in APPPATH/Views/service_list.php on line 10.
 1 APPPATH/Views/service_list.php(10): addslashes(null)
 2 SYSTEMPATH/View/View.php(224): include('/home/u810214334/domains/embellish-beauty.co.uk/public_html/app/Views/service_list.php')
 3 SYSTEMPATH/View/View.php(227): CodeIgniter\View\View->CodeIgniter\View\{closure}()
 4 SYSTEMPATH/Common.php(1173): CodeIgniter\View\View->render('service_list', [], true)
 5 APPPATH/Controllers/Home.php(129): view('service_list', [...])
 6 SYSTEMPATH/CodeIgniter.php(933): App\Controllers\Home->fetch_services()
 7 SYSTEMPATH/CodeIgniter.php(507): CodeIgniter\CodeIgniter->runController(Object(App\Controllers\Home))
 8 SYSTEMPATH/CodeIgniter.php(354): CodeIgniter\CodeIgniter->handleRequest(null, Object(Config\Cache), false)
 9 SYSTEMPATH/Boot.php(334): CodeIgniter\CodeIgniter->run()
10 SYSTEMPATH/Boot.php(67): CodeIgniter\Boot::runCodeIgniter(Object(CodeIgniter\CodeIgniter))
11 FCPATH/index.php(27): CodeIgniter\Boot::bootWeb(Object(Config\Paths))
WARNING - 2025-10-14 14:14:35 --> [DEPRECATED] addslashes(): Passing null to parameter #1 ($string) of type string is deprecated in APPPATH/Views/service_list.php on line 10.
 1 APPPATH/Views/service_list.php(10): addslashes(null)
 2 SYSTEMPATH/View/View.php(224): include('/home/u810214334/domains/embellish-beauty.co.uk/public_html/app/Views/service_list.php')
 3 SYSTEMPATH/View/View.php(227): CodeIgniter\View\View->CodeIgniter\View\{closure}()
 4 SYSTEMPATH/Common.php(1173): CodeIgniter\View\View->render('service_list', [], true)
 5 APPPATH/Controllers/Home.php(129): view('service_list', [...])
 6 SYSTEMPATH/CodeIgniter.php(933): App\Controllers\Home->fetch_services()
 7 SYSTEMPATH/CodeIgniter.php(507): CodeIgniter\CodeIgniter->runController(Object(App\Controllers\Home))
 8 SYSTEMPATH/CodeIgniter.php(354): CodeIgniter\CodeIgniter->handleRequest(null, Object(Config\Cache), false)
 9 SYSTEMPATH/Boot.php(334): CodeIgniter\CodeIgniter->run()
10 SYSTEMPATH/Boot.php(67): CodeIgniter\Boot::runCodeIgniter(Object(CodeIgniter\CodeIgniter))
11 FCPATH/index.php(27): CodeIgniter\Boot::bootWeb(Object(Config\Paths))
WARNING - 2025-10-14 14:14:35 --> [DEPRECATED] addslashes(): Passing null to parameter #1 ($string) of type string is deprecated in APPPATH/Views/service_list.php on line 10.
 1 APPPATH/Views/service_list.php(10): addslashes(null)
 2 SYSTEMPATH/View/View.php(224): include('/home/u810214334/domains/embellish-beauty.co.uk/public_html/app/Views/service_list.php')
 3 SYSTEMPATH/View/View.php(227): CodeIgniter\View\View->CodeIgniter\View\{closure}()
 4 SYSTEMPATH/Common.php(1173): CodeIgniter\View\View->render('service_list', [], true)
 5 APPPATH/Controllers/Home.php(129): view('service_list', [...])
 6 SYSTEMPATH/CodeIgniter.php(933): App\Controllers\Home->fetch_services()
 7 SYSTEMPATH/CodeIgniter.php(507): CodeIgniter\CodeIgniter->runController(Object(App\Controllers\Home))
 8 SYSTEMPATH/CodeIgniter.php(354): CodeIgniter\CodeIgniter->handleRequest(null, Object(Config\Cache), false)
 9 SYSTEMPATH/Boot.php(334): CodeIgniter\CodeIgniter->run()
10 SYSTEMPATH/Boot.php(67): CodeIgniter\Boot::runCodeIgniter(Object(CodeIgniter\CodeIgniter))
11 FCPATH/index.php(27): CodeIgniter\Boot::bootWeb(Object(Config\Paths))
WARNING - 2025-10-14 14:14:35 --> [DEPRECATED] addslashes(): Passing null to parameter #1 ($string) of type string is deprecated in APPPATH/Views/service_list.php on line 10.
 1 APPPATH/Views/service_list.php(10): addslashes(null)
 2 SYSTEMPATH/View/View.php(224): include('/home/u810214334/domains/embellish-beauty.co.uk/public_html/app/Views/service_list.php')
 3 SYSTEMPATH/View/View.php(227): CodeIgniter\View\View->CodeIgniter\View\{closure}()
 4 SYSTEMPATH/Common.php(1173): CodeIgniter\View\View->render('service_list', [], true)
 5 APPPATH/Controllers/Home.php(129): view('service_list', [...])
 6 SYSTEMPATH/CodeIgniter.php(933): App\Controllers\Home->fetch_services()
 7 SYSTEMPATH/CodeIgniter.php(507): CodeIgniter\CodeIgniter->runController(Object(App\Controllers\Home))
 8 SYSTEMPATH/CodeIgniter.php(354): CodeIgniter\CodeIgniter->handleRequest(null, Object(Config\Cache), false)
 9 SYSTEMPATH/Boot.php(334): CodeIgniter\CodeIgniter->run()
10 SYSTEMPATH/Boot.php(67): CodeIgniter\Boot::runCodeIgniter(Object(CodeIgniter\CodeIgniter))
11 FCPATH/index.php(27): CodeIgniter\Boot::bootWeb(Object(Config\Paths))
WARNING - 2025-10-14 14:14:35 --> [DEPRECATED] addslashes(): Passing null to parameter #1 ($string) of type string is deprecated in APPPATH/Views/service_list.php on line 10.
 1 APPPATH/Views/service_list.php(10): addslashes(null)
 2 SYSTEMPATH/View/View.php(224): include('/home/u810214334/domains/embellish-beauty.co.uk/public_html/app/Views/service_list.php')
 3 SYSTEMPATH/View/View.php(227): CodeIgniter\View\View->CodeIgniter\View\{closure}()
 4 SYSTEMPATH/Common.php(1173): CodeIgniter\View\View->render('service_list', [], true)
 5 APPPATH/Controllers/Home.php(129): view('service_list', [...])
 6 SYSTEMPATH/CodeIgniter.php(933): App\Controllers\Home->fetch_services()
 7 SYSTEMPATH/CodeIgniter.php(507): CodeIgniter\CodeIgniter->runController(Object(App\Controllers\Home))
 8 SYSTEMPATH/CodeIgniter.php(354): CodeIgniter\CodeIgniter->handleRequest(null, Object(Config\Cache), false)
 9 SYSTEMPATH/Boot.php(334): CodeIgniter\CodeIgniter->run()
10 SYSTEMPATH/Boot.php(67): CodeIgniter\Boot::runCodeIgniter(Object(CodeIgniter\CodeIgniter))
11 FCPATH/index.php(27): CodeIgniter\Boot::bootWeb(Object(Config\Paths))
DEBUG - 2025-10-14 14:14:36 --> Session: Class initialized using 'CodeIgniter\Session\Handlers\FileHandler' driver.
WARNING - 2025-10-14 14:14:36 --> [DEPRECATED] addslashes(): Passing null to parameter #1 ($string) of type string is deprecated in APPPATH/Views/service_list.php on line 10.
 1 APPPATH/Views/service_list.php(10): addslashes(null)
 2 SYSTEMPATH/View/View.php(224): include('/home/u810214334/domains/embellish-beauty.co.uk/public_html/app/Views/service_list.php')
 3 SYSTEMPATH/View/View.php(227): CodeIgniter\View\View->CodeIgniter\View\{closure}()
 4 SYSTEMPATH/Common.php(1173): CodeIgniter\View\View->render('service_list', [], true)
 5 APPPATH/Controllers/Home.php(129): view('service_list', [...])
 6 SYSTEMPATH/CodeIgniter.php(933): App\Controllers\Home->fetch_services()
 7 SYSTEMPATH/CodeIgniter.php(507): CodeIgniter\CodeIgniter->runController(Object(App\Controllers\Home))
 8 SYSTEMPATH/CodeIgniter.php(354): CodeIgniter\CodeIgniter->handleRequest(null, Object(Config\Cache), false)
 9 SYSTEMPATH/Boot.php(334): CodeIgniter\CodeIgniter->run()
10 SYSTEMPATH/Boot.php(67): CodeIgniter\Boot::runCodeIgniter(Object(CodeIgniter\CodeIgniter))
11 FCPATH/index.php(27): CodeIgniter\Boot::bootWeb(Object(Config\Paths))
WARNING - 2025-10-14 14:14:36 --> [DEPRECATED] addslashes(): Passing null to parameter #1 ($string) of type string is deprecated in APPPATH/Views/service_list.php on line 10.
 1 APPPATH/Views/service_list.php(10): addslashes(null)
 2 SYSTEMPATH/View/View.php(224): include('/home/u810214334/domains/embellish-beauty.co.uk/public_html/app/Views/service_list.php')
 3 SYSTEMPATH/View/View.php(227): CodeIgniter\View\View->CodeIgniter\View\{closure}()
 4 SYSTEMPATH/Common.php(1173): CodeIgniter\View\View->render('service_list', [], true)
 5 APPPATH/Controllers/Home.php(129): view('service_list', [...])
 6 SYSTEMPATH/CodeIgniter.php(933): App\Controllers\Home->fetch_services()
 7 SYSTEMPATH/CodeIgniter.php(507): CodeIgniter\CodeIgniter->runController(Object(App\Controllers\Home))
 8 SYSTEMPATH/CodeIgniter.php(354): CodeIgniter\CodeIgniter->handleRequest(null, Object(Config\Cache), false)
 9 SYSTEMPATH/Boot.php(334): CodeIgniter\CodeIgniter->run()
10 SYSTEMPATH/Boot.php(67): CodeIgniter\Boot::runCodeIgniter(Object(CodeIgniter\CodeIgniter))
11 FCPATH/index.php(27): CodeIgniter\Boot::bootWeb(Object(Config\Paths))
WARNING - 2025-10-14 14:14:36 --> [DEPRECATED] addslashes(): Passing null to parameter #1 ($string) of type string is deprecated in APPPATH/Views/service_list.php on line 10.
 1 APPPATH/Views/service_list.php(10): addslashes(null)
 2 SYSTEMPATH/View/View.php(224): include('/home/u810214334/domains/embellish-beauty.co.uk/public_html/app/Views/service_list.php')
 3 SYSTEMPATH/View/View.php(227): CodeIgniter\View\View->CodeIgniter\View\{closure}()
 4 SYSTEMPATH/Common.php(1173): CodeIgniter\View\View->render('service_list', [], true)
 5 APPPATH/Controllers/Home.php(129): view('service_list', [...])
 6 SYSTEMPATH/CodeIgniter.php(933): App\Controllers\Home->fetch_services()
 7 SYSTEMPATH/CodeIgniter.php(507): CodeIgniter\CodeIgniter->runController(Object(App\Controllers\Home))
 8 SYSTEMPATH/CodeIgniter.php(354): CodeIgniter\CodeIgniter->handleRequest(null, Object(Config\Cache), false)
 9 SYSTEMPATH/Boot.php(334): CodeIgniter\CodeIgniter->run()
10 SYSTEMPATH/Boot.php(67): CodeIgniter\Boot::runCodeIgniter(Object(CodeIgniter\CodeIgniter))
11 FCPATH/index.php(27): CodeIgniter\Boot::bootWeb(Object(Config\Paths))
WARNING - 2025-10-14 14:14:36 --> [DEPRECATED] addslashes(): Passing null to parameter #1 ($string) of type string is deprecated in APPPATH/Views/service_list.php on line 10.
 1 APPPATH/Views/service_list.php(10): addslashes(null)
 2 SYSTEMPATH/View/View.php(224): include('/home/u810214334/domains/embellish-beauty.co.uk/public_html/app/Views/service_list.php')
 3 SYSTEMPATH/View/View.php(227): CodeIgniter\View\View->CodeIgniter\View\{closure}()
 4 SYSTEMPATH/Common.php(1173): CodeIgniter\View\View->render('service_list', [], true)
 5 APPPATH/Controllers/Home.php(129): view('service_list', [...])
 6 SYSTEMPATH/CodeIgniter.php(933): App\Controllers\Home->fetch_services()
 7 SYSTEMPATH/CodeIgniter.php(507): CodeIgniter\CodeIgniter->runController(Object(App\Controllers\Home))
 8 SYSTEMPATH/CodeIgniter.php(354): CodeIgniter\CodeIgniter->handleRequest(null, Object(Config\Cache), false)
 9 SYSTEMPATH/Boot.php(334): CodeIgniter\CodeIgniter->run()
10 SYSTEMPATH/Boot.php(67): CodeIgniter\Boot::runCodeIgniter(Object(CodeIgniter\CodeIgniter))
11 FCPATH/index.php(27): CodeIgniter\Boot::bootWeb(Object(Config\Paths))
WARNING - 2025-10-14 14:14:36 --> [DEPRECATED] addslashes(): Passing null to parameter #1 ($string) of type string is deprecated in APPPATH/Views/service_list.php on line 10.
 1 APPPATH/Views/service_list.php(10): addslashes(null)
 2 SYSTEMPATH/View/View.php(224): include('/home/u810214334/domains/embellish-beauty.co.uk/public_html/app/Views/service_list.php')
 3 SYSTEMPATH/View/View.php(227): CodeIgniter\View\View->CodeIgniter\View\{closure}()
 4 SYSTEMPATH/Common.php(1173): CodeIgniter\View\View->render('service_list', [], true)
 5 APPPATH/Controllers/Home.php(129): view('service_list', [...])
 6 SYSTEMPATH/CodeIgniter.php(933): App\Controllers\Home->fetch_services()
 7 SYSTEMPATH/CodeIgniter.php(507): CodeIgniter\CodeIgniter->runController(Object(App\Controllers\Home))
 8 SYSTEMPATH/CodeIgniter.php(354): CodeIgniter\CodeIgniter->handleRequest(null, Object(Config\Cache), false)
 9 SYSTEMPATH/Boot.php(334): CodeIgniter\CodeIgniter->run()
10 SYSTEMPATH/Boot.php(67): CodeIgniter\Boot::runCodeIgniter(Object(CodeIgniter\CodeIgniter))
11 FCPATH/index.php(27): CodeIgniter\Boot::bootWeb(Object(Config\Paths))
WARNING - 2025-10-14 14:14:36 --> [DEPRECATED] addslashes(): Passing null to parameter #1 ($string) of type string is deprecated in APPPATH/Views/service_list.php on line 10.
 1 APPPATH/Views/service_list.php(10): addslashes(null)
 2 SYSTEMPATH/View/View.php(224): include('/home/u810214334/domains/embellish-beauty.co.uk/public_html/app/Views/service_list.php')
 3 SYSTEMPATH/View/View.php(227): CodeIgniter\View\View->CodeIgniter\View\{closure}()
 4 SYSTEMPATH/Common.php(1173): CodeIgniter\View\View->render('service_list', [], true)
 5 APPPATH/Controllers/Home.php(129): view('service_list', [...])
 6 SYSTEMPATH/CodeIgniter.php(933): App\Controllers\Home->fetch_services()
 7 SYSTEMPATH/CodeIgniter.php(507): CodeIgniter\CodeIgniter->runController(Object(App\Controllers\Home))
 8 SYSTEMPATH/CodeIgniter.php(354): CodeIgniter\CodeIgniter->handleRequest(null, Object(Config\Cache), false)
 9 SYSTEMPATH/Boot.php(334): CodeIgniter\CodeIgniter->run()
10 SYSTEMPATH/Boot.php(67): CodeIgniter\Boot::runCodeIgniter(Object(CodeIgniter\CodeIgniter))
11 FCPATH/index.php(27): CodeIgniter\Boot::bootWeb(Object(Config\Paths))
WARNING - 2025-10-14 14:14:36 --> [DEPRECATED] addslashes(): Passing null to parameter #1 ($string) of type string is deprecated in APPPATH/Views/service_list.php on line 10.
 1 APPPATH/Views/service_list.php(10): addslashes(null)
 2 SYSTEMPATH/View/View.php(224): include('/home/u810214334/domains/embellish-beauty.co.uk/public_html/app/Views/service_list.php')
 3 SYSTEMPATH/View/View.php(227): CodeIgniter\View\View->CodeIgniter\View\{closure}()
 4 SYSTEMPATH/Common.php(1173): CodeIgniter\View\View->render('service_list', [], true)
 5 APPPATH/Controllers/Home.php(129): view('service_list', [...])
 6 SYSTEMPATH/CodeIgniter.php(933): App\Controllers\Home->fetch_services()
 7 SYSTEMPATH/CodeIgniter.php(507): CodeIgniter\CodeIgniter->runController(Object(App\Controllers\Home))
 8 SYSTEMPATH/CodeIgniter.php(354): CodeIgniter\CodeIgniter->handleRequest(null, Object(Config\Cache), false)
 9 SYSTEMPATH/Boot.php(334): CodeIgniter\CodeIgniter->run()
10 SYSTEMPATH/Boot.php(67): CodeIgniter\Boot::runCodeIgniter(Object(CodeIgniter\CodeIgniter))
11 FCPATH/index.php(27): CodeIgniter\Boot::bootWeb(Object(Config\Paths))
WARNING - 2025-10-14 14:14:36 --> [DEPRECATED] addslashes(): Passing null to parameter #1 ($string) of type string is deprecated in APPPATH/Views/service_list.php on line 10.
 1 APPPATH/Views/service_list.php(10): addslashes(null)
 2 SYSTEMPATH/View/View.php(224): include('/home/u810214334/domains/embellish-beauty.co.uk/public_html/app/Views/service_list.php')
 3 SYSTEMPATH/View/View.php(227): CodeIgniter\View\View->CodeIgniter\View\{closure}()
 4 SYSTEMPATH/Common.php(1173): CodeIgniter\View\View->render('service_list', [], true)
 5 APPPATH/Controllers/Home.php(129): view('service_list', [...])
 6 SYSTEMPATH/CodeIgniter.php(933): App\Controllers\Home->fetch_services()
 7 SYSTEMPATH/CodeIgniter.php(507): CodeIgniter\CodeIgniter->runController(Object(App\Controllers\Home))
 8 SYSTEMPATH/CodeIgniter.php(354): CodeIgniter\CodeIgniter->handleRequest(null, Object(Config\Cache), false)
 9 SYSTEMPATH/Boot.php(334): CodeIgniter\CodeIgniter->run()
10 SYSTEMPATH/Boot.php(67): CodeIgniter\Boot::runCodeIgniter(Object(CodeIgniter\CodeIgniter))
11 FCPATH/index.php(27): CodeIgniter\Boot::bootWeb(Object(Config\Paths))
WARNING - 2025-10-14 14:14:36 --> [DEPRECATED] addslashes(): Passing null to parameter #1 ($string) of type string is deprecated in APPPATH/Views/service_list.php on line 10.
 1 APPPATH/Views/service_list.php(10): addslashes(null)
 2 SYSTEMPATH/View/View.php(224): include('/home/u810214334/domains/embellish-beauty.co.uk/public_html/app/Views/service_list.php')
 3 SYSTEMPATH/View/View.php(227): CodeIgniter\View\View->CodeIgniter\View\{closure}()
 4 SYSTEMPATH/Common.php(1173): CodeIgniter\View\View->render('service_list', [], true)
 5 APPPATH/Controllers/Home.php(129): view('service_list', [...])
 6 SYSTEMPATH/CodeIgniter.php(933): App\Controllers\Home->fetch_services()
 7 SYSTEMPATH/CodeIgniter.php(507): CodeIgniter\CodeIgniter->runController(Object(App\Controllers\Home))
 8 SYSTEMPATH/CodeIgniter.php(354): CodeIgniter\CodeIgniter->handleRequest(null, Object(Config\Cache), false)
 9 SYSTEMPATH/Boot.php(334): CodeIgniter\CodeIgniter->run()
10 SYSTEMPATH/Boot.php(67): CodeIgniter\Boot::runCodeIgniter(Object(CodeIgniter\CodeIgniter))
11 FCPATH/index.php(27): CodeIgniter\Boot::bootWeb(Object(Config\Paths))
WARNING - 2025-10-14 14:14:36 --> [DEPRECATED] addslashes(): Passing null to parameter #1 ($string) of type string is deprecated in APPPATH/Views/service_list.php on line 10.
 1 APPPATH/Views/service_list.php(10): addslashes(null)
 2 SYSTEMPATH/View/View.php(224): include('/home/u810214334/domains/embellish-beauty.co.uk/public_html/app/Views/service_list.php')
 3 SYSTEMPATH/View/View.php(227): CodeIgniter\View\View->CodeIgniter\View\{closure}()
 4 SYSTEMPATH/Common.php(1173): CodeIgniter\View\View->render('service_list', [], true)
 5 APPPATH/Controllers/Home.php(129): view('service_list', [...])
 6 SYSTEMPATH/CodeIgniter.php(933): App\Controllers\Home->fetch_services()
 7 SYSTEMPATH/CodeIgniter.php(507): CodeIgniter\CodeIgniter->runController(Object(App\Controllers\Home))
 8 SYSTEMPATH/CodeIgniter.php(354): CodeIgniter\CodeIgniter->handleRequest(null, Object(Config\Cache), false)
 9 SYSTEMPATH/Boot.php(334): CodeIgniter\CodeIgniter->run()
10 SYSTEMPATH/Boot.php(67): CodeIgniter\Boot::runCodeIgniter(Object(CodeIgniter\CodeIgniter))
11 FCPATH/index.php(27): CodeIgniter\Boot::bootWeb(Object(Config\Paths))
WARNING - 2025-10-14 14:14:36 --> [DEPRECATED] addslashes(): Passing null to parameter #1 ($string) of type string is deprecated in APPPATH/Views/service_list.php on line 10.
 1 APPPATH/Views/service_list.php(10): addslashes(null)
 2 SYSTEMPATH/View/View.php(224): include('/home/u810214334/domains/embellish-beauty.co.uk/public_html/app/Views/service_list.php')
 3 SYSTEMPATH/View/View.php(227): CodeIgniter\View\View->CodeIgniter\View\{closure}()
 4 SYSTEMPATH/Common.php(1173): CodeIgniter\View\View->render('service_list', [], true)
 5 APPPATH/Controllers/Home.php(129): view('service_list', [...])
 6 SYSTEMPATH/CodeIgniter.php(933): App\Controllers\Home->fetch_services()
 7 SYSTEMPATH/CodeIgniter.php(507): CodeIgniter\CodeIgniter->runController(Object(App\Controllers\Home))
 8 SYSTEMPATH/CodeIgniter.php(354): CodeIgniter\CodeIgniter->handleRequest(null, Object(Config\Cache), false)
 9 SYSTEMPATH/Boot.php(334): CodeIgniter\CodeIgniter->run()
10 SYSTEMPATH/Boot.php(67): CodeIgniter\Boot::runCodeIgniter(Object(CodeIgniter\CodeIgniter))
11 FCPATH/index.php(27): CodeIgniter\Boot::bootWeb(Object(Config\Paths))
WARNING - 2025-10-14 14:14:36 --> [DEPRECATED] addslashes(): Passing null to parameter #1 ($string) of type string is deprecated in APPPATH/Views/service_list.php on line 10.
 1 APPPATH/Views/service_list.php(10): addslashes(null)
 2 SYSTEMPATH/View/View.php(224): include('/home/u810214334/domains/embellish-beauty.co.uk/public_html/app/Views/service_list.php')
 3 SYSTEMPATH/View/View.php(227): CodeIgniter\View\View->CodeIgniter\View\{closure}()
 4 SYSTEMPATH/Common.php(1173): CodeIgniter\View\View->render('service_list', [], true)
 5 APPPATH/Controllers/Home.php(129): view('service_list', [...])
 6 SYSTEMPATH/CodeIgniter.php(933): App\Controllers\Home->fetch_services()
 7 SYSTEMPATH/CodeIgniter.php(507): CodeIgniter\CodeIgniter->runController(Object(App\Controllers\Home))
 8 SYSTEMPATH/CodeIgniter.php(354): CodeIgniter\CodeIgniter->handleRequest(null, Object(Config\Cache), false)
 9 SYSTEMPATH/Boot.php(334): CodeIgniter\CodeIgniter->run()
10 SYSTEMPATH/Boot.php(67): CodeIgniter\Boot::runCodeIgniter(Object(CodeIgniter\CodeIgniter))
11 FCPATH/index.php(27): CodeIgniter\Boot::bootWeb(Object(Config\Paths))
WARNING - 2025-10-14 14:14:36 --> [DEPRECATED] addslashes(): Passing null to parameter #1 ($string) of type string is deprecated in APPPATH/Views/service_list.php on line 10.
 1 APPPATH/Views/service_list.php(10): addslashes(null)
 2 SYSTEMPATH/View/View.php(224): include('/home/u810214334/domains/embellish-beauty.co.uk/public_html/app/Views/service_list.php')
 3 SYSTEMPATH/View/View.php(227): CodeIgniter\View\View->CodeIgniter\View\{closure}()
 4 SYSTEMPATH/Common.php(1173): CodeIgniter\View\View->render('service_list', [], true)
 5 APPPATH/Controllers/Home.php(129): view('service_list', [...])
 6 SYSTEMPATH/CodeIgniter.php(933): App\Controllers\Home->fetch_services()
 7 SYSTEMPATH/CodeIgniter.php(507): CodeIgniter\CodeIgniter->runController(Object(App\Controllers\Home))
 8 SYSTEMPATH/CodeIgniter.php(354): CodeIgniter\CodeIgniter->handleRequest(null, Object(Config\Cache), false)
 9 SYSTEMPATH/Boot.php(334): CodeIgniter\CodeIgniter->run()
10 SYSTEMPATH/Boot.php(67): CodeIgniter\Boot::runCodeIgniter(Object(CodeIgniter\CodeIgniter))
11 FCPATH/index.php(27): CodeIgniter\Boot::bootWeb(Object(Config\Paths))
WARNING - 2025-10-14 14:14:36 --> [DEPRECATED] addslashes(): Passing null to parameter #1 ($string) of type string is deprecated in APPPATH/Views/service_list.php on line 10.
 1 APPPATH/Views/service_list.php(10): addslashes(null)
 2 SYSTEMPATH/View/View.php(224): include('/home/u810214334/domains/embellish-beauty.co.uk/public_html/app/Views/service_list.php')
 3 SYSTEMPATH/View/View.php(227): CodeIgniter\View\View->CodeIgniter\View\{closure}()
 4 SYSTEMPATH/Common.php(1173): CodeIgniter\View\View->render('service_list', [], true)
 5 APPPATH/Controllers/Home.php(129): view('service_list', [...])
 6 SYSTEMPATH/CodeIgniter.php(933): App\Controllers\Home->fetch_services()
 7 SYSTEMPATH/CodeIgniter.php(507): CodeIgniter\CodeIgniter->runController(Object(App\Controllers\Home))
 8 SYSTEMPATH/CodeIgniter.php(354): CodeIgniter\CodeIgniter->handleRequest(null, Object(Config\Cache), false)
 9 SYSTEMPATH/Boot.php(334): CodeIgniter\CodeIgniter->run()
10 SYSTEMPATH/Boot.php(67): CodeIgniter\Boot::runCodeIgniter(Object(CodeIgniter\CodeIgniter))
11 FCPATH/index.php(27): CodeIgniter\Boot::bootWeb(Object(Config\Paths))
WARNING - 2025-10-14 14:14:36 --> [DEPRECATED] addslashes(): Passing null to parameter #1 ($string) of type string is deprecated in APPPATH/Views/service_list.php on line 10.
 1 APPPATH/Views/service_list.php(10): addslashes(null)
 2 SYSTEMPATH/View/View.php(224): include('/home/u810214334/domains/embellish-beauty.co.uk/public_html/app/Views/service_list.php')
 3 SYSTEMPATH/View/View.php(227): CodeIgniter\View\View->CodeIgniter\View\{closure}()
 4 SYSTEMPATH/Common.php(1173): CodeIgniter\View\View->render('service_list', [], true)
 5 APPPATH/Controllers/Home.php(129): view('service_list', [...])
 6 SYSTEMPATH/CodeIgniter.php(933): App\Controllers\Home->fetch_services()
 7 SYSTEMPATH/CodeIgniter.php(507): CodeIgniter\CodeIgniter->runController(Object(App\Controllers\Home))
 8 SYSTEMPATH/CodeIgniter.php(354): CodeIgniter\CodeIgniter->handleRequest(null, Object(Config\Cache), false)
 9 SYSTEMPATH/Boot.php(334): CodeIgniter\CodeIgniter->run()
10 SYSTEMPATH/Boot.php(67): CodeIgniter\Boot::runCodeIgniter(Object(CodeIgniter\CodeIgniter))
11 FCPATH/index.php(27): CodeIgniter\Boot::bootWeb(Object(Config\Paths))
WARNING - 2025-10-14 14:14:36 --> [DEPRECATED] addslashes(): Passing null to parameter #1 ($string) of type string is deprecated in APPPATH/Views/service_list.php on line 10.
 1 APPPATH/Views/service_list.php(10): addslashes(null)
 2 SYSTEMPATH/View/View.php(224): include('/home/u810214334/domains/embellish-beauty.co.uk/public_html/app/Views/service_list.php')
 3 SYSTEMPATH/View/View.php(227): CodeIgniter\View\View->CodeIgniter\View\{closure}()
 4 SYSTEMPATH/Common.php(1173): CodeIgniter\View\View->render('service_list', [], true)
 5 APPPATH/Controllers/Home.php(129): view('service_list', [...])
 6 SYSTEMPATH/CodeIgniter.php(933): App\Controllers\Home->fetch_services()
 7 SYSTEMPATH/CodeIgniter.php(507): CodeIgniter\CodeIgniter->runController(Object(App\Controllers\Home))
 8 SYSTEMPATH/CodeIgniter.php(354): CodeIgniter\CodeIgniter->handleRequest(null, Object(Config\Cache), false)
 9 SYSTEMPATH/Boot.php(334): CodeIgniter\CodeIgniter->run()
10 SYSTEMPATH/Boot.php(67): CodeIgniter\Boot::runCodeIgniter(Object(CodeIgniter\CodeIgniter))
11 FCPATH/index.php(27): CodeIgniter\Boot::bootWeb(Object(Config\Paths))
WARNING - 2025-10-14 14:14:36 --> [DEPRECATED] addslashes(): Passing null to parameter #1 ($string) of type string is deprecated in APPPATH/Views/service_list.php on line 10.
 1 APPPATH/Views/service_list.php(10): addslashes(null)
 2 SYSTEMPATH/View/View.php(224): include('/home/u810214334/domains/embellish-beauty.co.uk/public_html/app/Views/service_list.php')
 3 SYSTEMPATH/View/View.php(227): CodeIgniter\View\View->CodeIgniter\View\{closure}()
 4 SYSTEMPATH/Common.php(1173): CodeIgniter\View\View->render('service_list', [], true)
 5 APPPATH/Controllers/Home.php(129): view('service_list', [...])
 6 SYSTEMPATH/CodeIgniter.php(933): App\Controllers\Home->fetch_services()
 7 SYSTEMPATH/CodeIgniter.php(507): CodeIgniter\CodeIgniter->runController(Object(App\Controllers\Home))
 8 SYSTEMPATH/CodeIgniter.php(354): CodeIgniter\CodeIgniter->handleRequest(null, Object(Config\Cache), false)
 9 SYSTEMPATH/Boot.php(334): CodeIgniter\CodeIgniter->run()
10 SYSTEMPATH/Boot.php(67): CodeIgniter\Boot::runCodeIgniter(Object(CodeIgniter\CodeIgniter))
11 FCPATH/index.php(27): CodeIgniter\Boot::bootWeb(Object(Config\Paths))
WARNING - 2025-10-14 14:14:36 --> [DEPRECATED] addslashes(): Passing null to parameter #1 ($string) of type string is deprecated in APPPATH/Views/service_list.php on line 10.
 1 APPPATH/Views/service_list.php(10): addslashes(null)
 2 SYSTEMPATH/View/View.php(224): include('/home/u810214334/domains/embellish-beauty.co.uk/public_html/app/Views/service_list.php')
 3 SYSTEMPATH/View/View.php(227): CodeIgniter\View\View->CodeIgniter\View\{closure}()
 4 SYSTEMPATH/Common.php(1173): CodeIgniter\View\View->render('service_list', [], true)
 5 APPPATH/Controllers/Home.php(129): view('service_list', [...])
 6 SYSTEMPATH/CodeIgniter.php(933): App\Controllers\Home->fetch_services()
 7 SYSTEMPATH/CodeIgniter.php(507): CodeIgniter\CodeIgniter->runController(Object(App\Controllers\Home))
 8 SYSTEMPATH/CodeIgniter.php(354): CodeIgniter\CodeIgniter->handleRequest(null, Object(Config\Cache), false)
 9 SYSTEMPATH/Boot.php(334): CodeIgniter\CodeIgniter->run()
10 SYSTEMPATH/Boot.php(67): CodeIgniter\Boot::runCodeIgniter(Object(CodeIgniter\CodeIgniter))
11 FCPATH/index.php(27): CodeIgniter\Boot::bootWeb(Object(Config\Paths))
WARNING - 2025-10-14 14:14:36 --> [DEPRECATED] addslashes(): Passing null to parameter #1 ($string) of type string is deprecated in APPPATH/Views/service_list.php on line 10.
 1 APPPATH/Views/service_list.php(10): addslashes(null)
 2 SYSTEMPATH/View/View.php(224): include('/home/u810214334/domains/embellish-beauty.co.uk/public_html/app/Views/service_list.php')
 3 SYSTEMPATH/View/View.php(227): CodeIgniter\View\View->CodeIgniter\View\{closure}()
 4 SYSTEMPATH/Common.php(1173): CodeIgniter\View\View->render('service_list', [], true)
 5 APPPATH/Controllers/Home.php(129): view('service_list', [...])
 6 SYSTEMPATH/CodeIgniter.php(933): App\Controllers\Home->fetch_services()
 7 SYSTEMPATH/CodeIgniter.php(507): CodeIgniter\CodeIgniter->runController(Object(App\Controllers\Home))
 8 SYSTEMPATH/CodeIgniter.php(354): CodeIgniter\CodeIgniter->handleRequest(null, Object(Config\Cache), false)
 9 SYSTEMPATH/Boot.php(334): CodeIgniter\CodeIgniter->run()
10 SYSTEMPATH/Boot.php(67): CodeIgniter\Boot::runCodeIgniter(Object(CodeIgniter\CodeIgniter))
11 FCPATH/index.php(27): CodeIgniter\Boot::bootWeb(Object(Config\Paths))
WARNING - 2025-10-14 14:14:36 --> [DEPRECATED] addslashes(): Passing null to parameter #1 ($string) of type string is deprecated in APPPATH/Views/service_list.php on line 10.
 1 APPPATH/Views/service_list.php(10): addslashes(null)
 2 SYSTEMPATH/View/View.php(224): include('/home/u810214334/domains/embellish-beauty.co.uk/public_html/app/Views/service_list.php')
 3 SYSTEMPATH/View/View.php(227): CodeIgniter\View\View->CodeIgniter\View\{closure}()
 4 SYSTEMPATH/Common.php(1173): CodeIgniter\View\View->render('service_list', [], true)
 5 APPPATH/Controllers/Home.php(129): view('service_list', [...])
 6 SYSTEMPATH/CodeIgniter.php(933): App\Controllers\Home->fetch_services()
 7 SYSTEMPATH/CodeIgniter.php(507): CodeIgniter\CodeIgniter->runController(Object(App\Controllers\Home))
 8 SYSTEMPATH/CodeIgniter.php(354): CodeIgniter\CodeIgniter->handleRequest(null, Object(Config\Cache), false)
 9 SYSTEMPATH/Boot.php(334): CodeIgniter\CodeIgniter->run()
10 SYSTEMPATH/Boot.php(67): CodeIgniter\Boot::runCodeIgniter(Object(CodeIgniter\CodeIgniter))
11 FCPATH/index.php(27): CodeIgniter\Boot::bootWeb(Object(Config\Paths))
WARNING - 2025-10-14 14:14:36 --> [DEPRECATED] addslashes(): Passing null to parameter #1 ($string) of type string is deprecated in APPPATH/Views/service_list.php on line 10.
 1 APPPATH/Views/service_list.php(10): addslashes(null)
 2 SYSTEMPATH/View/View.php(224): include('/home/u810214334/domains/embellish-beauty.co.uk/public_html/app/Views/service_list.php')
 3 SYSTEMPATH/View/View.php(227): CodeIgniter\View\View->CodeIgniter\View\{closure}()
 4 SYSTEMPATH/Common.php(1173): CodeIgniter\View\View->render('service_list', [], true)
 5 APPPATH/Controllers/Home.php(129): view('service_list', [...])
 6 SYSTEMPATH/CodeIgniter.php(933): App\Controllers\Home->fetch_services()
 7 SYSTEMPATH/CodeIgniter.php(507): CodeIgniter\CodeIgniter->runController(Object(App\Controllers\Home))
 8 SYSTEMPATH/CodeIgniter.php(354): CodeIgniter\CodeIgniter->handleRequest(null, Object(Config\Cache), false)
 9 SYSTEMPATH/Boot.php(334): CodeIgniter\CodeIgniter->run()
10 SYSTEMPATH/Boot.php(67): CodeIgniter\Boot::runCodeIgniter(Object(CodeIgniter\CodeIgniter))
11 FCPATH/index.php(27): CodeIgniter\Boot::bootWeb(Object(Config\Paths))
WARNING - 2025-10-14 14:14:36 --> [DEPRECATED] addslashes(): Passing null to parameter #1 ($string) of type string is deprecated in APPPATH/Views/service_list.php on line 10.
 1 APPPATH/Views/service_list.php(10): addslashes(null)
 2 SYSTEMPATH/View/View.php(224): include('/home/u810214334/domains/embellish-beauty.co.uk/public_html/app/Views/service_list.php')
 3 SYSTEMPATH/View/View.php(227): CodeIgniter\View\View->CodeIgniter\View\{closure}()
 4 SYSTEMPATH/Common.php(1173): CodeIgniter\View\View->render('service_list', [], true)
 5 APPPATH/Controllers/Home.php(129): view('service_list', [...])
 6 SYSTEMPATH/CodeIgniter.php(933): App\Controllers\Home->fetch_services()
 7 SYSTEMPATH/CodeIgniter.php(507): CodeIgniter\CodeIgniter->runController(Object(App\Controllers\Home))
 8 SYSTEMPATH/CodeIgniter.php(354): CodeIgniter\CodeIgniter->handleRequest(null, Object(Config\Cache), false)
 9 SYSTEMPATH/Boot.php(334): CodeIgniter\CodeIgniter->run()
10 SYSTEMPATH/Boot.php(67): CodeIgniter\Boot::runCodeIgniter(Object(CodeIgniter\CodeIgniter))
11 FCPATH/index.php(27): CodeIgniter\Boot::bootWeb(Object(Config\Paths))
WARNING - 2025-10-14 14:14:36 --> [DEPRECATED] addslashes(): Passing null to parameter #1 ($string) of type string is deprecated in APPPATH/Views/service_list.php on line 10.
 1 APPPATH/Views/service_list.php(10): addslashes(null)
 2 SYSTEMPATH/View/View.php(224): include('/home/u810214334/domains/embellish-beauty.co.uk/public_html/app/Views/service_list.php')
 3 SYSTEMPATH/View/View.php(227): CodeIgniter\View\View->CodeIgniter\View\{closure}()
 4 SYSTEMPATH/Common.php(1173): CodeIgniter\View\View->render('service_list', [], true)
 5 APPPATH/Controllers/Home.php(129): view('service_list', [...])
 6 SYSTEMPATH/CodeIgniter.php(933): App\Controllers\Home->fetch_services()
 7 SYSTEMPATH/CodeIgniter.php(507): CodeIgniter\CodeIgniter->runController(Object(App\Controllers\Home))
 8 SYSTEMPATH/CodeIgniter.php(354): CodeIgniter\CodeIgniter->handleRequest(null, Object(Config\Cache), false)
 9 SYSTEMPATH/Boot.php(334): CodeIgniter\CodeIgniter->run()
10 SYSTEMPATH/Boot.php(67): CodeIgniter\Boot::runCodeIgniter(Object(CodeIgniter\CodeIgniter))
11 FCPATH/index.php(27): CodeIgniter\Boot::bootWeb(Object(Config\Paths))
WARNING - 2025-10-14 14:14:36 --> [DEPRECATED] addslashes(): Passing null to parameter #1 ($string) of type string is deprecated in APPPATH/Views/service_list.php on line 10.
 1 APPPATH/Views/service_list.php(10): addslashes(null)
 2 SYSTEMPATH/View/View.php(224): include('/home/u810214334/domains/embellish-beauty.co.uk/public_html/app/Views/service_list.php')
 3 SYSTEMPATH/View/View.php(227): CodeIgniter\View\View->CodeIgniter\View\{closure}()
 4 SYSTEMPATH/Common.php(1173): CodeIgniter\View\View->render('service_list', [], true)
 5 APPPATH/Controllers/Home.php(129): view('service_list', [...])
 6 SYSTEMPATH/CodeIgniter.php(933): App\Controllers\Home->fetch_services()
 7 SYSTEMPATH/CodeIgniter.php(507): CodeIgniter\CodeIgniter->runController(Object(App\Controllers\Home))
 8 SYSTEMPATH/CodeIgniter.php(354): CodeIgniter\CodeIgniter->handleRequest(null, Object(Config\Cache), false)
 9 SYSTEMPATH/Boot.php(334): CodeIgniter\CodeIgniter->run()
10 SYSTEMPATH/Boot.php(67): CodeIgniter\Boot::runCodeIgniter(Object(CodeIgniter\CodeIgniter))
11 FCPATH/index.php(27): CodeIgniter\Boot::bootWeb(Object(Config\Paths))
WARNING - 2025-10-14 14:14:36 --> [DEPRECATED] addslashes(): Passing null to parameter #1 ($string) of type string is deprecated in APPPATH/Views/service_list.php on line 10.
 1 APPPATH/Views/service_list.php(10): addslashes(null)
 2 SYSTEMPATH/View/View.php(224): include('/home/u810214334/domains/embellish-beauty.co.uk/public_html/app/Views/service_list.php')
 3 SYSTEMPATH/View/View.php(227): CodeIgniter\View\View->CodeIgniter\View\{closure}()
 4 SYSTEMPATH/Common.php(1173): CodeIgniter\View\View->render('service_list', [], true)
 5 APPPATH/Controllers/Home.php(129): view('service_list', [...])
 6 SYSTEMPATH/CodeIgniter.php(933): App\Controllers\Home->fetch_services()
 7 SYSTEMPATH/CodeIgniter.php(507): CodeIgniter\CodeIgniter->runController(Object(App\Controllers\Home))
 8 SYSTEMPATH/CodeIgniter.php(354): CodeIgniter\CodeIgniter->handleRequest(null, Object(Config\Cache), false)
 9 SYSTEMPATH/Boot.php(334): CodeIgniter\CodeIgniter->run()
10 SYSTEMPATH/Boot.php(67): CodeIgniter\Boot::runCodeIgniter(Object(CodeIgniter\CodeIgniter))
11 FCPATH/index.php(27): CodeIgniter\Boot::bootWeb(Object(Config\Paths))
WARNING - 2025-10-14 14:14:36 --> [DEPRECATED] addslashes(): Passing null to parameter #1 ($string) of type string is deprecated in APPPATH/Views/service_list.php on line 10.
 1 APPPATH/Views/service_list.php(10): addslashes(null)
 2 SYSTEMPATH/View/View.php(224): include('/home/u810214334/domains/embellish-beauty.co.uk/public_html/app/Views/service_list.php')
 3 SYSTEMPATH/View/View.php(227): CodeIgniter\View\View->CodeIgniter\View\{closure}()
 4 SYSTEMPATH/Common.php(1173): CodeIgniter\View\View->render('service_list', [], true)
 5 APPPATH/Controllers/Home.php(129): view('service_list', [...])
 6 SYSTEMPATH/CodeIgniter.php(933): App\Controllers\Home->fetch_services()
 7 SYSTEMPATH/CodeIgniter.php(507): CodeIgniter\CodeIgniter->runController(Object(App\Controllers\Home))
 8 SYSTEMPATH/CodeIgniter.php(354): CodeIgniter\CodeIgniter->handleRequest(null, Object(Config\Cache), false)
 9 SYSTEMPATH/Boot.php(334): CodeIgniter\CodeIgniter->run()
10 SYSTEMPATH/Boot.php(67): CodeIgniter\Boot::runCodeIgniter(Object(CodeIgniter\CodeIgniter))
11 FCPATH/index.php(27): CodeIgniter\Boot::bootWeb(Object(Config\Paths))
WARNING - 2025-10-14 14:14:36 --> [DEPRECATED] addslashes(): Passing null to parameter #1 ($string) of type string is deprecated in APPPATH/Views/service_list.php on line 10.
 1 APPPATH/Views/service_list.php(10): addslashes(null)
 2 SYSTEMPATH/View/View.php(224): include('/home/u810214334/domains/embellish-beauty.co.uk/public_html/app/Views/service_list.php')
 3 SYSTEMPATH/View/View.php(227): CodeIgniter\View\View->CodeIgniter\View\{closure}()
 4 SYSTEMPATH/Common.php(1173): CodeIgniter\View\View->render('service_list', [], true)
 5 APPPATH/Controllers/Home.php(129): view('service_list', [...])
 6 SYSTEMPATH/CodeIgniter.php(933): App\Controllers\Home->fetch_services()
 7 SYSTEMPATH/CodeIgniter.php(507): CodeIgniter\CodeIgniter->runController(Object(App\Controllers\Home))
 8 SYSTEMPATH/CodeIgniter.php(354): CodeIgniter\CodeIgniter->handleRequest(null, Object(Config\Cache), false)
 9 SYSTEMPATH/Boot.php(334): CodeIgniter\CodeIgniter->run()
10 SYSTEMPATH/Boot.php(67): CodeIgniter\Boot::runCodeIgniter(Object(CodeIgniter\CodeIgniter))
11 FCPATH/index.php(27): CodeIgniter\Boot::bootWeb(Object(Config\Paths))
WARNING - 2025-10-14 14:14:36 --> [DEPRECATED] addslashes(): Passing null to parameter #1 ($string) of type string is deprecated in APPPATH/Views/service_list.php on line 10.
 1 APPPATH/Views/service_list.php(10): addslashes(null)
 2 SYSTEMPATH/View/View.php(224): include('/home/u810214334/domains/embellish-beauty.co.uk/public_html/app/Views/service_list.php')
 3 SYSTEMPATH/View/View.php(227): CodeIgniter\View\View->CodeIgniter\View\{closure}()
 4 SYSTEMPATH/Common.php(1173): CodeIgniter\View\View->render('service_list', [], true)
 5 APPPATH/Controllers/Home.php(129): view('service_list', [...])
 6 SYSTEMPATH/CodeIgniter.php(933): App\Controllers\Home->fetch_services()
 7 SYSTEMPATH/CodeIgniter.php(507): CodeIgniter\CodeIgniter->runController(Object(App\Controllers\Home))
 8 SYSTEMPATH/CodeIgniter.php(354): CodeIgniter\CodeIgniter->handleRequest(null, Object(Config\Cache), false)
 9 SYSTEMPATH/Boot.php(334): CodeIgniter\CodeIgniter->run()
10 SYSTEMPATH/Boot.php(67): CodeIgniter\Boot::runCodeIgniter(Object(CodeIgniter\CodeIgniter))
11 FCPATH/index.php(27): CodeIgniter\Boot::bootWeb(Object(Config\Paths))
WARNING - 2025-10-14 14:14:36 --> [DEPRECATED] addslashes(): Passing null to parameter #1 ($string) of type string is deprecated in APPPATH/Views/service_list.php on line 10.
 1 APPPATH/Views/service_list.php(10): addslashes(null)
 2 SYSTEMPATH/View/View.php(224): include('/home/u810214334/domains/embellish-beauty.co.uk/public_html/app/Views/service_list.php')
 3 SYSTEMPATH/View/View.php(227): CodeIgniter\View\View->CodeIgniter\View\{closure}()
 4 SYSTEMPATH/Common.php(1173): CodeIgniter\View\View->render('service_list', [], true)
 5 APPPATH/Controllers/Home.php(129): view('service_list', [...])
 6 SYSTEMPATH/CodeIgniter.php(933): App\Controllers\Home->fetch_services()
 7 SYSTEMPATH/CodeIgniter.php(507): CodeIgniter\CodeIgniter->runController(Object(App\Controllers\Home))
 8 SYSTEMPATH/CodeIgniter.php(354): CodeIgniter\CodeIgniter->handleRequest(null, Object(Config\Cache), false)
 9 SYSTEMPATH/Boot.php(334): CodeIgniter\CodeIgniter->run()
10 SYSTEMPATH/Boot.php(67): CodeIgniter\Boot::runCodeIgniter(Object(CodeIgniter\CodeIgniter))
11 FCPATH/index.php(27): CodeIgniter\Boot::bootWeb(Object(Config\Paths))
WARNING - 2025-10-14 14:14:36 --> [DEPRECATED] addslashes(): Passing null to parameter #1 ($string) of type string is deprecated in APPPATH/Views/service_list.php on line 10.
 1 APPPATH/Views/service_list.php(10): addslashes(null)
 2 SYSTEMPATH/View/View.php(224): include('/home/u810214334/domains/embellish-beauty.co.uk/public_html/app/Views/service_list.php')
 3 SYSTEMPATH/View/View.php(227): CodeIgniter\View\View->CodeIgniter\View\{closure}()
 4 SYSTEMPATH/Common.php(1173): CodeIgniter\View\View->render('service_list', [], true)
 5 APPPATH/Controllers/Home.php(129): view('service_list', [...])
 6 SYSTEMPATH/CodeIgniter.php(933): App\Controllers\Home->fetch_services()
 7 SYSTEMPATH/CodeIgniter.php(507): CodeIgniter\CodeIgniter->runController(Object(App\Controllers\Home))
 8 SYSTEMPATH/CodeIgniter.php(354): CodeIgniter\CodeIgniter->handleRequest(null, Object(Config\Cache), false)
 9 SYSTEMPATH/Boot.php(334): CodeIgniter\CodeIgniter->run()
10 SYSTEMPATH/Boot.php(67): CodeIgniter\Boot::runCodeIgniter(Object(CodeIgniter\CodeIgniter))
11 FCPATH/index.php(27): CodeIgniter\Boot::bootWeb(Object(Config\Paths))
WARNING - 2025-10-14 14:14:36 --> [DEPRECATED] addslashes(): Passing null to parameter #1 ($string) of type string is deprecated in APPPATH/Views/service_list.php on line 10.
 1 APPPATH/Views/service_list.php(10): addslashes(null)
 2 SYSTEMPATH/View/View.php(224): include('/home/u810214334/domains/embellish-beauty.co.uk/public_html/app/Views/service_list.php')
 3 SYSTEMPATH/View/View.php(227): CodeIgniter\View\View->CodeIgniter\View\{closure}()
 4 SYSTEMPATH/Common.php(1173): CodeIgniter\View\View->render('service_list', [], true)
 5 APPPATH/Controllers/Home.php(129): view('service_list', [...])
 6 SYSTEMPATH/CodeIgniter.php(933): App\Controllers\Home->fetch_services()
 7 SYSTEMPATH/CodeIgniter.php(507): CodeIgniter\CodeIgniter->runController(Object(App\Controllers\Home))
 8 SYSTEMPATH/CodeIgniter.php(354): CodeIgniter\CodeIgniter->handleRequest(null, Object(Config\Cache), false)
 9 SYSTEMPATH/Boot.php(334): CodeIgniter\CodeIgniter->run()
10 SYSTEMPATH/Boot.php(67): CodeIgniter\Boot::runCodeIgniter(Object(CodeIgniter\CodeIgniter))
11 FCPATH/index.php(27): CodeIgniter\Boot::bootWeb(Object(Config\Paths))
WARNING - 2025-10-14 14:14:36 --> [DEPRECATED] addslashes(): Passing null to parameter #1 ($string) of type string is deprecated in APPPATH/Views/service_list.php on line 10.
 1 APPPATH/Views/service_list.php(10): addslashes(null)
 2 SYSTEMPATH/View/View.php(224): include('/home/u810214334/domains/embellish-beauty.co.uk/public_html/app/Views/service_list.php')
 3 SYSTEMPATH/View/View.php(227): CodeIgniter\View\View->CodeIgniter\View\{closure}()
 4 SYSTEMPATH/Common.php(1173): CodeIgniter\View\View->render('service_list', [], true)
 5 APPPATH/Controllers/Home.php(129): view('service_list', [...])
 6 SYSTEMPATH/CodeIgniter.php(933): App\Controllers\Home->fetch_services()
 7 SYSTEMPATH/CodeIgniter.php(507): CodeIgniter\CodeIgniter->runController(Object(App\Controllers\Home))
 8 SYSTEMPATH/CodeIgniter.php(354): CodeIgniter\CodeIgniter->handleRequest(null, Object(Config\Cache), false)
 9 SYSTEMPATH/Boot.php(334): CodeIgniter\CodeIgniter->run()
10 SYSTEMPATH/Boot.php(67): CodeIgniter\Boot::runCodeIgniter(Object(CodeIgniter\CodeIgniter))
11 FCPATH/index.php(27): CodeIgniter\Boot::bootWeb(Object(Config\Paths))
WARNING - 2025-10-14 14:14:36 --> [DEPRECATED] addslashes(): Passing null to parameter #1 ($string) of type string is deprecated in APPPATH/Views/service_list.php on line 10.
 1 APPPATH/Views/service_list.php(10): addslashes(null)
 2 SYSTEMPATH/View/View.php(224): include('/home/u810214334/domains/embellish-beauty.co.uk/public_html/app/Views/service_list.php')
 3 SYSTEMPATH/View/View.php(227): CodeIgniter\View\View->CodeIgniter\View\{closure}()
 4 SYSTEMPATH/Common.php(1173): CodeIgniter\View\View->render('service_list', [], true)
 5 APPPATH/Controllers/Home.php(129): view('service_list', [...])
 6 SYSTEMPATH/CodeIgniter.php(933): App\Controllers\Home->fetch_services()
 7 SYSTEMPATH/CodeIgniter.php(507): CodeIgniter\CodeIgniter->runController(Object(App\Controllers\Home))
 8 SYSTEMPATH/CodeIgniter.php(354): CodeIgniter\CodeIgniter->handleRequest(null, Object(Config\Cache), false)
 9 SYSTEMPATH/Boot.php(334): CodeIgniter\CodeIgniter->run()
10 SYSTEMPATH/Boot.php(67): CodeIgniter\Boot::runCodeIgniter(Object(CodeIgniter\CodeIgniter))
11 FCPATH/index.php(27): CodeIgniter\Boot::bootWeb(Object(Config\Paths))
DEBUG - 2025-10-14 14:14:45 --> Session: Class initialized using 'CodeIgniter\Session\Handlers\FileHandler' driver.
WARNING - 2025-10-14 14:14:45 --> [DEPRECATED] addslashes(): Passing null to parameter #1 ($string) of type string is deprecated in APPPATH/Views/service_list.php on line 10.
 1 APPPATH/Views/service_list.php(10): addslashes(null)
 2 SYSTEMPATH/View/View.php(224): include('/home/u810214334/domains/embellish-beauty.co.uk/public_html/app/Views/service_list.php')
 3 SYSTEMPATH/View/View.php(227): CodeIgniter\View\View->CodeIgniter\View\{closure}()
 4 SYSTEMPATH/Common.php(1173): CodeIgniter\View\View->render('service_list', [], true)
 5 APPPATH/Controllers/Home.php(129): view('service_list', [...])
 6 SYSTEMPATH/CodeIgniter.php(933): App\Controllers\Home->fetch_services()
 7 SYSTEMPATH/CodeIgniter.php(507): CodeIgniter\CodeIgniter->runController(Object(App\Controllers\Home))
 8 SYSTEMPATH/CodeIgniter.php(354): CodeIgniter\CodeIgniter->handleRequest(null, Object(Config\Cache), false)
 9 SYSTEMPATH/Boot.php(334): CodeIgniter\CodeIgniter->run()
10 SYSTEMPATH/Boot.php(67): CodeIgniter\Boot::runCodeIgniter(Object(CodeIgniter\CodeIgniter))
11 FCPATH/index.php(27): CodeIgniter\Boot::bootWeb(Object(Config\Paths))
WARNING - 2025-10-14 14:14:45 --> [DEPRECATED] addslashes(): Passing null to parameter #1 ($string) of type string is deprecated in APPPATH/Views/service_list.php on line 10.
 1 APPPATH/Views/service_list.php(10): addslashes(null)
 2 SYSTEMPATH/View/View.php(224): include('/home/u810214334/domains/embellish-beauty.co.uk/public_html/app/Views/service_list.php')
 3 SYSTEMPATH/View/View.php(227): CodeIgniter\View\View->CodeIgniter\View\{closure}()
 4 SYSTEMPATH/Common.php(1173): CodeIgniter\View\View->render('service_list', [], true)
 5 APPPATH/Controllers/Home.php(129): view('service_list', [...])
 6 SYSTEMPATH/CodeIgniter.php(933): App\Controllers\Home->fetch_services()
 7 SYSTEMPATH/CodeIgniter.php(507): CodeIgniter\CodeIgniter->runController(Object(App\Controllers\Home))
 8 SYSTEMPATH/CodeIgniter.php(354): CodeIgniter\CodeIgniter->handleRequest(null, Object(Config\Cache), false)
 9 SYSTEMPATH/Boot.php(334): CodeIgniter\CodeIgniter->run()
10 SYSTEMPATH/Boot.php(67): CodeIgniter\Boot::runCodeIgniter(Object(CodeIgniter\CodeIgniter))
11 FCPATH/index.php(27): CodeIgniter\Boot::bootWeb(Object(Config\Paths))
WARNING - 2025-10-14 14:14:45 --> [DEPRECATED] addslashes(): Passing null to parameter #1 ($string) of type string is deprecated in APPPATH/Views/service_list.php on line 10.
 1 APPPATH/Views/service_list.php(10): addslashes(null)
 2 SYSTEMPATH/View/View.php(224): include('/home/u810214334/domains/embellish-beauty.co.uk/public_html/app/Views/service_list.php')
 3 SYSTEMPATH/View/View.php(227): CodeIgniter\View\View->CodeIgniter\View\{closure}()
 4 SYSTEMPATH/Common.php(1173): CodeIgniter\View\View->render('service_list', [], true)
 5 APPPATH/Controllers/Home.php(129): view('service_list', [...])
 6 SYSTEMPATH/CodeIgniter.php(933): App\Controllers\Home->fetch_services()
 7 SYSTEMPATH/CodeIgniter.php(507): CodeIgniter\CodeIgniter->runController(Object(App\Controllers\Home))
 8 SYSTEMPATH/CodeIgniter.php(354): CodeIgniter\CodeIgniter->handleRequest(null, Object(Config\Cache), false)
 9 SYSTEMPATH/Boot.php(334): CodeIgniter\CodeIgniter->run()
10 SYSTEMPATH/Boot.php(67): CodeIgniter\Boot::runCodeIgniter(Object(CodeIgniter\CodeIgniter))
11 FCPATH/index.php(27): CodeIgniter\Boot::bootWeb(Object(Config\Paths))
WARNING - 2025-10-14 14:14:45 --> [DEPRECATED] addslashes(): Passing null to parameter #1 ($string) of type string is deprecated in APPPATH/Views/service_list.php on line 10.
 1 APPPATH/Views/service_list.php(10): addslashes(null)
 2 SYSTEMPATH/View/View.php(224): include('/home/u810214334/domains/embellish-beauty.co.uk/public_html/app/Views/service_list.php')
 3 SYSTEMPATH/View/View.php(227): CodeIgniter\View\View->CodeIgniter\View\{closure}()
 4 SYSTEMPATH/Common.php(1173): CodeIgniter\View\View->render('service_list', [], true)
 5 APPPATH/Controllers/Home.php(129): view('service_list', [...])
 6 SYSTEMPATH/CodeIgniter.php(933): App\Controllers\Home->fetch_services()
 7 SYSTEMPATH/CodeIgniter.php(507): CodeIgniter\CodeIgniter->runController(Object(App\Controllers\Home))
 8 SYSTEMPATH/CodeIgniter.php(354): CodeIgniter\CodeIgniter->handleRequest(null, Object(Config\Cache), false)
 9 SYSTEMPATH/Boot.php(334): CodeIgniter\CodeIgniter->run()
10 SYSTEMPATH/Boot.php(67): CodeIgniter\Boot::runCodeIgniter(Object(CodeIgniter\CodeIgniter))
11 FCPATH/index.php(27): CodeIgniter\Boot::bootWeb(Object(Config\Paths))
WARNING - 2025-10-14 14:14:45 --> [DEPRECATED] addslashes(): Passing null to parameter #1 ($string) of type string is deprecated in APPPATH/Views/service_list.php on line 10.
 1 APPPATH/Views/service_list.php(10): addslashes(null)
 2 SYSTEMPATH/View/View.php(224): include('/home/u810214334/domains/embellish-beauty.co.uk/public_html/app/Views/service_list.php')
 3 SYSTEMPATH/View/View.php(227): CodeIgniter\View\View->CodeIgniter\View\{closure}()
 4 SYSTEMPATH/Common.php(1173): CodeIgniter\View\View->render('service_list', [], true)
 5 APPPATH/Controllers/Home.php(129): view('service_list', [...])
 6 SYSTEMPATH/CodeIgniter.php(933): App\Controllers\Home->fetch_services()
 7 SYSTEMPATH/CodeIgniter.php(507): CodeIgniter\CodeIgniter->runController(Object(App\Controllers\Home))
 8 SYSTEMPATH/CodeIgniter.php(354): CodeIgniter\CodeIgniter->handleRequest(null, Object(Config\Cache), false)
 9 SYSTEMPATH/Boot.php(334): CodeIgniter\CodeIgniter->run()
10 SYSTEMPATH/Boot.php(67): CodeIgniter\Boot::runCodeIgniter(Object(CodeIgniter\CodeIgniter))
11 FCPATH/index.php(27): CodeIgniter\Boot::bootWeb(Object(Config\Paths))
WARNING - 2025-10-14 14:14:45 --> [DEPRECATED] addslashes(): Passing null to parameter #1 ($string) of type string is deprecated in APPPATH/Views/service_list.php on line 10.
 1 APPPATH/Views/service_list.php(10): addslashes(null)
 2 SYSTEMPATH/View/View.php(224): include('/home/u810214334/domains/embellish-beauty.co.uk/public_html/app/Views/service_list.php')
 3 SYSTEMPATH/View/View.php(227): CodeIgniter\View\View->CodeIgniter\View\{closure}()
 4 SYSTEMPATH/Common.php(1173): CodeIgniter\View\View->render('service_list', [], true)
 5 APPPATH/Controllers/Home.php(129): view('service_list', [...])
 6 SYSTEMPATH/CodeIgniter.php(933): App\Controllers\Home->fetch_services()
 7 SYSTEMPATH/CodeIgniter.php(507): CodeIgniter\CodeIgniter->runController(Object(App\Controllers\Home))
 8 SYSTEMPATH/CodeIgniter.php(354): CodeIgniter\CodeIgniter->handleRequest(null, Object(Config\Cache), false)
 9 SYSTEMPATH/Boot.php(334): CodeIgniter\CodeIgniter->run()
10 SYSTEMPATH/Boot.php(67): CodeIgniter\Boot::runCodeIgniter(Object(CodeIgniter\CodeIgniter))
11 FCPATH/index.php(27): CodeIgniter\Boot::bootWeb(Object(Config\Paths))
WARNING - 2025-10-14 14:14:45 --> [DEPRECATED] addslashes(): Passing null to parameter #1 ($string) of type string is deprecated in APPPATH/Views/service_list.php on line 10.
 1 APPPATH/Views/service_list.php(10): addslashes(null)
 2 SYSTEMPATH/View/View.php(224): include('/home/u810214334/domains/embellish-beauty.co.uk/public_html/app/Views/service_list.php')
 3 SYSTEMPATH/View/View.php(227): CodeIgniter\View\View->CodeIgniter\View\{closure}()
 4 SYSTEMPATH/Common.php(1173): CodeIgniter\View\View->render('service_list', [], true)
 5 APPPATH/Controllers/Home.php(129): view('service_list', [...])
 6 SYSTEMPATH/CodeIgniter.php(933): App\Controllers\Home->fetch_services()
 7 SYSTEMPATH/CodeIgniter.php(507): CodeIgniter\CodeIgniter->runController(Object(App\Controllers\Home))
 8 SYSTEMPATH/CodeIgniter.php(354): CodeIgniter\CodeIgniter->handleRequest(null, Object(Config\Cache), false)
 9 SYSTEMPATH/Boot.php(334): CodeIgniter\CodeIgniter->run()
10 SYSTEMPATH/Boot.php(67): CodeIgniter\Boot::runCodeIgniter(Object(CodeIgniter\CodeIgniter))
11 FCPATH/index.php(27): CodeIgniter\Boot::bootWeb(Object(Config\Paths))
WARNING - 2025-10-14 14:14:45 --> [DEPRECATED] addslashes(): Passing null to parameter #1 ($string) of type string is deprecated in APPPATH/Views/service_list.php on line 10.
 1 APPPATH/Views/service_list.php(10): addslashes(null)
 2 SYSTEMPATH/View/View.php(224): include('/home/u810214334/domains/embellish-beauty.co.uk/public_html/app/Views/service_list.php')
 3 SYSTEMPATH/View/View.php(227): CodeIgniter\View\View->CodeIgniter\View\{closure}()
 4 SYSTEMPATH/Common.php(1173): CodeIgniter\View\View->render('service_list', [], true)
 5 APPPATH/Controllers/Home.php(129): view('service_list', [...])
 6 SYSTEMPATH/CodeIgniter.php(933): App\Controllers\Home->fetch_services()
 7 SYSTEMPATH/CodeIgniter.php(507): CodeIgniter\CodeIgniter->runController(Object(App\Controllers\Home))
 8 SYSTEMPATH/CodeIgniter.php(354): CodeIgniter\CodeIgniter->handleRequest(null, Object(Config\Cache), false)
 9 SYSTEMPATH/Boot.php(334): CodeIgniter\CodeIgniter->run()
10 SYSTEMPATH/Boot.php(67): CodeIgniter\Boot::runCodeIgniter(Object(CodeIgniter\CodeIgniter))
11 FCPATH/index.php(27): CodeIgniter\Boot::bootWeb(Object(Config\Paths))
WARNING - 2025-10-14 14:14:45 --> [DEPRECATED] addslashes(): Passing null to parameter #1 ($string) of type string is deprecated in APPPATH/Views/service_list.php on line 10.
 1 APPPATH/Views/service_list.php(10): addslashes(null)
 2 SYSTEMPATH/View/View.php(224): include('/home/u810214334/domains/embellish-beauty.co.uk/public_html/app/Views/service_list.php')
 3 SYSTEMPATH/View/View.php(227): CodeIgniter\View\View->CodeIgniter\View\{closure}()
 4 SYSTEMPATH/Common.php(1173): CodeIgniter\View\View->render('service_list', [], true)
 5 APPPATH/Controllers/Home.php(129): view('service_list', [...])
 6 SYSTEMPATH/CodeIgniter.php(933): App\Controllers\Home->fetch_services()
 7 SYSTEMPATH/CodeIgniter.php(507): CodeIgniter\CodeIgniter->runController(Object(App\Controllers\Home))
 8 SYSTEMPATH/CodeIgniter.php(354): CodeIgniter\CodeIgniter->handleRequest(null, Object(Config\Cache), false)
 9 SYSTEMPATH/Boot.php(334): CodeIgniter\CodeIgniter->run()
10 SYSTEMPATH/Boot.php(67): CodeIgniter\Boot::runCodeIgniter(Object(CodeIgniter\CodeIgniter))
11 FCPATH/index.php(27): CodeIgniter\Boot::bootWeb(Object(Config\Paths))
WARNING - 2025-10-14 14:14:45 --> [DEPRECATED] addslashes(): Passing null to parameter #1 ($string) of type string is deprecated in APPPATH/Views/service_list.php on line 10.
 1 APPPATH/Views/service_list.php(10): addslashes(null)
 2 SYSTEMPATH/View/View.php(224): include('/home/u810214334/domains/embellish-beauty.co.uk/public_html/app/Views/service_list.php')
 3 SYSTEMPATH/View/View.php(227): CodeIgniter\View\View->CodeIgniter\View\{closure}()
 4 SYSTEMPATH/Common.php(1173): CodeIgniter\View\View->render('service_list', [], true)
 5 APPPATH/Controllers/Home.php(129): view('service_list', [...])
 6 SYSTEMPATH/CodeIgniter.php(933): App\Controllers\Home->fetch_services()
 7 SYSTEMPATH/CodeIgniter.php(507): CodeIgniter\CodeIgniter->runController(Object(App\Controllers\Home))
 8 SYSTEMPATH/CodeIgniter.php(354): CodeIgniter\CodeIgniter->handleRequest(null, Object(Config\Cache), false)
 9 SYSTEMPATH/Boot.php(334): CodeIgniter\CodeIgniter->run()
10 SYSTEMPATH/Boot.php(67): CodeIgniter\Boot::runCodeIgniter(Object(CodeIgniter\CodeIgniter))
11 FCPATH/index.php(27): CodeIgniter\Boot::bootWeb(Object(Config\Paths))
DEBUG - 2025-10-14 14:14:47 --> Session: Class initialized using 'CodeIgniter\Session\Handlers\FileHandler' driver.
WARNING - 2025-10-14 14:14:48 --> [DEPRECATED] addslashes(): Passing null to parameter #1 ($string) of type string is deprecated in APPPATH/Views/service_list.php on line 10.
 1 APPPATH/Views/service_list.php(10): addslashes(null)
 2 SYSTEMPATH/View/View.php(224): include('/home/u810214334/domains/embellish-beauty.co.uk/public_html/app/Views/service_list.php')
 3 SYSTEMPATH/View/View.php(227): CodeIgniter\View\View->CodeIgniter\View\{closure}()
 4 SYSTEMPATH/Common.php(1173): CodeIgniter\View\View->render('service_list', [], true)
 5 APPPATH/Controllers/Home.php(129): view('service_list', [...])
 6 SYSTEMPATH/CodeIgniter.php(933): App\Controllers\Home->fetch_services()
 7 SYSTEMPATH/CodeIgniter.php(507): CodeIgniter\CodeIgniter->runController(Object(App\Controllers\Home))
 8 SYSTEMPATH/CodeIgniter.php(354): CodeIgniter\CodeIgniter->handleRequest(null, Object(Config\Cache), false)
 9 SYSTEMPATH/Boot.php(334): CodeIgniter\CodeIgniter->run()
10 SYSTEMPATH/Boot.php(67): CodeIgniter\Boot::runCodeIgniter(Object(CodeIgniter\CodeIgniter))
11 FCPATH/index.php(27): CodeIgniter\Boot::bootWeb(Object(Config\Paths))
WARNING - 2025-10-14 14:14:48 --> [DEPRECATED] addslashes(): Passing null to parameter #1 ($string) of type string is deprecated in APPPATH/Views/service_list.php on line 10.
 1 APPPATH/Views/service_list.php(10): addslashes(null)
 2 SYSTEMPATH/View/View.php(224): include('/home/u810214334/domains/embellish-beauty.co.uk/public_html/app/Views/service_list.php')
 3 SYSTEMPATH/View/View.php(227): CodeIgniter\View\View->CodeIgniter\View\{closure}()
 4 SYSTEMPATH/Common.php(1173): CodeIgniter\View\View->render('service_list', [], true)
 5 APPPATH/Controllers/Home.php(129): view('service_list', [...])
 6 SYSTEMPATH/CodeIgniter.php(933): App\Controllers\Home->fetch_services()
 7 SYSTEMPATH/CodeIgniter.php(507): CodeIgniter\CodeIgniter->runController(Object(App\Controllers\Home))
 8 SYSTEMPATH/CodeIgniter.php(354): CodeIgniter\CodeIgniter->handleRequest(null, Object(Config\Cache), false)
 9 SYSTEMPATH/Boot.php(334): CodeIgniter\CodeIgniter->run()
10 SYSTEMPATH/Boot.php(67): CodeIgniter\Boot::runCodeIgniter(Object(CodeIgniter\CodeIgniter))
11 FCPATH/index.php(27): CodeIgniter\Boot::bootWeb(Object(Config\Paths))
WARNING - 2025-10-14 14:14:48 --> [DEPRECATED] addslashes(): Passing null to parameter #1 ($string) of type string is deprecated in APPPATH/Views/service_list.php on line 10.
 1 APPPATH/Views/service_list.php(10): addslashes(null)
 2 SYSTEMPATH/View/View.php(224): include('/home/u810214334/domains/embellish-beauty.co.uk/public_html/app/Views/service_list.php')
 3 SYSTEMPATH/View/View.php(227): CodeIgniter\View\View->CodeIgniter\View\{closure}()
 4 SYSTEMPATH/Common.php(1173): CodeIgniter\View\View->render('service_list', [], true)
 5 APPPATH/Controllers/Home.php(129): view('service_list', [...])
 6 SYSTEMPATH/CodeIgniter.php(933): App\Controllers\Home->fetch_services()
 7 SYSTEMPATH/CodeIgniter.php(507): CodeIgniter\CodeIgniter->runController(Object(App\Controllers\Home))
 8 SYSTEMPATH/CodeIgniter.php(354): CodeIgniter\CodeIgniter->handleRequest(null, Object(Config\Cache), false)
 9 SYSTEMPATH/Boot.php(334): CodeIgniter\CodeIgniter->run()
10 SYSTEMPATH/Boot.php(67): CodeIgniter\Boot::runCodeIgniter(Object(CodeIgniter\CodeIgniter))
11 FCPATH/index.php(27): CodeIgniter\Boot::bootWeb(Object(Config\Paths))
WARNING - 2025-10-14 14:14:48 --> [DEPRECATED] addslashes(): Passing null to parameter #1 ($string) of type string is deprecated in APPPATH/Views/service_list.php on line 10.
 1 APPPATH/Views/service_list.php(10): addslashes(null)
 2 SYSTEMPATH/View/View.php(224): include('/home/u810214334/domains/embellish-beauty.co.uk/public_html/app/Views/service_list.php')
 3 SYSTEMPATH/View/View.php(227): CodeIgniter\View\View->CodeIgniter\View\{closure}()
 4 SYSTEMPATH/Common.php(1173): CodeIgniter\View\View->render('service_list', [], true)
 5 APPPATH/Controllers/Home.php(129): view('service_list', [...])
 6 SYSTEMPATH/CodeIgniter.php(933): App\Controllers\Home->fetch_services()
 7 SYSTEMPATH/CodeIgniter.php(507): CodeIgniter\CodeIgniter->runController(Object(App\Controllers\Home))
 8 SYSTEMPATH/CodeIgniter.php(354): CodeIgniter\CodeIgniter->handleRequest(null, Object(Config\Cache), false)
 9 SYSTEMPATH/Boot.php(334): CodeIgniter\CodeIgniter->run()
10 SYSTEMPATH/Boot.php(67): CodeIgniter\Boot::runCodeIgniter(Object(CodeIgniter\CodeIgniter))
11 FCPATH/index.php(27): CodeIgniter\Boot::bootWeb(Object(Config\Paths))
WARNING - 2025-10-14 14:14:48 --> [DEPRECATED] addslashes(): Passing null to parameter #1 ($string) of type string is deprecated in APPPATH/Views/service_list.php on line 10.
 1 APPPATH/Views/service_list.php(10): addslashes(null)
 2 SYSTEMPATH/View/View.php(224): include('/home/u810214334/domains/embellish-beauty.co.uk/public_html/app/Views/service_list.php')
 3 SYSTEMPATH/View/View.php(227): CodeIgniter\View\View->CodeIgniter\View\{closure}()
 4 SYSTEMPATH/Common.php(1173): CodeIgniter\View\View->render('service_list', [], true)
 5 APPPATH/Controllers/Home.php(129): view('service_list', [...])
 6 SYSTEMPATH/CodeIgniter.php(933): App\Controllers\Home->fetch_services()
 7 SYSTEMPATH/CodeIgniter.php(507): CodeIgniter\CodeIgniter->runController(Object(App\Controllers\Home))
 8 SYSTEMPATH/CodeIgniter.php(354): CodeIgniter\CodeIgniter->handleRequest(null, Object(Config\Cache), false)
 9 SYSTEMPATH/Boot.php(334): CodeIgniter\CodeIgniter->run()
10 SYSTEMPATH/Boot.php(67): CodeIgniter\Boot::runCodeIgniter(Object(CodeIgniter\CodeIgniter))
11 FCPATH/index.php(27): CodeIgniter\Boot::bootWeb(Object(Config\Paths))
WARNING - 2025-10-14 14:14:48 --> [DEPRECATED] addslashes(): Passing null to parameter #1 ($string) of type string is deprecated in APPPATH/Views/service_list.php on line 10.
 1 APPPATH/Views/service_list.php(10): addslashes(null)
 2 SYSTEMPATH/View/View.php(224): include('/home/u810214334/domains/embellish-beauty.co.uk/public_html/app/Views/service_list.php')
 3 SYSTEMPATH/View/View.php(227): CodeIgniter\View\View->CodeIgniter\View\{closure}()
 4 SYSTEMPATH/Common.php(1173): CodeIgniter\View\View->render('service_list', [], true)
 5 APPPATH/Controllers/Home.php(129): view('service_list', [...])
 6 SYSTEMPATH/CodeIgniter.php(933): App\Controllers\Home->fetch_services()
 7 SYSTEMPATH/CodeIgniter.php(507): CodeIgniter\CodeIgniter->runController(Object(App\Controllers\Home))
 8 SYSTEMPATH/CodeIgniter.php(354): CodeIgniter\CodeIgniter->handleRequest(null, Object(Config\Cache), false)
 9 SYSTEMPATH/Boot.php(334): CodeIgniter\CodeIgniter->run()
10 SYSTEMPATH/Boot.php(67): CodeIgniter\Boot::runCodeIgniter(Object(CodeIgniter\CodeIgniter))
11 FCPATH/index.php(27): CodeIgniter\Boot::bootWeb(Object(Config\Paths))
WARNING - 2025-10-14 14:14:48 --> [DEPRECATED] addslashes(): Passing null to parameter #1 ($string) of type string is deprecated in APPPATH/Views/service_list.php on line 10.
 1 APPPATH/Views/service_list.php(10): addslashes(null)
 2 SYSTEMPATH/View/View.php(224): include('/home/u810214334/domains/embellish-beauty.co.uk/public_html/app/Views/service_list.php')
 3 SYSTEMPATH/View/View.php(227): CodeIgniter\View\View->CodeIgniter\View\{closure}()
 4 SYSTEMPATH/Common.php(1173): CodeIgniter\View\View->render('service_list', [], true)
 5 APPPATH/Controllers/Home.php(129): view('service_list', [...])
 6 SYSTEMPATH/CodeIgniter.php(933): App\Controllers\Home->fetch_services()
 7 SYSTEMPATH/CodeIgniter.php(507): CodeIgniter\CodeIgniter->runController(Object(App\Controllers\Home))
 8 SYSTEMPATH/CodeIgniter.php(354): CodeIgniter\CodeIgniter->handleRequest(null, Object(Config\Cache), false)
 9 SYSTEMPATH/Boot.php(334): CodeIgniter\CodeIgniter->run()
10 SYSTEMPATH/Boot.php(67): CodeIgniter\Boot::runCodeIgniter(Object(CodeIgniter\CodeIgniter))
11 FCPATH/index.php(27): CodeIgniter\Boot::bootWeb(Object(Config\Paths))
WARNING - 2025-10-14 14:14:48 --> [DEPRECATED] addslashes(): Passing null to parameter #1 ($string) of type string is deprecated in APPPATH/Views/service_list.php on line 10.
 1 APPPATH/Views/service_list.php(10): addslashes(null)
 2 SYSTEMPATH/View/View.php(224): include('/home/u810214334/domains/embellish-beauty.co.uk/public_html/app/Views/service_list.php')
 3 SYSTEMPATH/View/View.php(227): CodeIgniter\View\View->CodeIgniter\View\{closure}()
 4 SYSTEMPATH/Common.php(1173): CodeIgniter\View\View->render('service_list', [], true)
 5 APPPATH/Controllers/Home.php(129): view('service_list', [...])
 6 SYSTEMPATH/CodeIgniter.php(933): App\Controllers\Home->fetch_services()
 7 SYSTEMPATH/CodeIgniter.php(507): CodeIgniter\CodeIgniter->runController(Object(App\Controllers\Home))
 8 SYSTEMPATH/CodeIgniter.php(354): CodeIgniter\CodeIgniter->handleRequest(null, Object(Config\Cache), false)
 9 SYSTEMPATH/Boot.php(334): CodeIgniter\CodeIgniter->run()
10 SYSTEMPATH/Boot.php(67): CodeIgniter\Boot::runCodeIgniter(Object(CodeIgniter\CodeIgniter))
11 FCPATH/index.php(27): CodeIgniter\Boot::bootWeb(Object(Config\Paths))
WARNING - 2025-10-14 14:14:48 --> [DEPRECATED] addslashes(): Passing null to parameter #1 ($string) of type string is deprecated in APPPATH/Views/service_list.php on line 10.
 1 APPPATH/Views/service_list.php(10): addslashes(null)
 2 SYSTEMPATH/View/View.php(224): include('/home/u810214334/domains/embellish-beauty.co.uk/public_html/app/Views/service_list.php')
 3 SYSTEMPATH/View/View.php(227): CodeIgniter\View\View->CodeIgniter\View\{closure}()
 4 SYSTEMPATH/Common.php(1173): CodeIgniter\View\View->render('service_list', [], true)
 5 APPPATH/Controllers/Home.php(129): view('service_list', [...])
 6 SYSTEMPATH/CodeIgniter.php(933): App\Controllers\Home->fetch_services()
 7 SYSTEMPATH/CodeIgniter.php(507): CodeIgniter\CodeIgniter->runController(Object(App\Controllers\Home))
 8 SYSTEMPATH/CodeIgniter.php(354): CodeIgniter\CodeIgniter->handleRequest(null, Object(Config\Cache), false)
 9 SYSTEMPATH/Boot.php(334): CodeIgniter\CodeIgniter->run()
10 SYSTEMPATH/Boot.php(67): CodeIgniter\Boot::runCodeIgniter(Object(CodeIgniter\CodeIgniter))
11 FCPATH/index.php(27): CodeIgniter\Boot::bootWeb(Object(Config\Paths))
WARNING - 2025-10-14 14:14:48 --> [DEPRECATED] addslashes(): Passing null to parameter #1 ($string) of type string is deprecated in APPPATH/Views/service_list.php on line 10.
 1 APPPATH/Views/service_list.php(10): addslashes(null)
 2 SYSTEMPATH/View/View.php(224): include('/home/u810214334/domains/embellish-beauty.co.uk/public_html/app/Views/service_list.php')
 3 SYSTEMPATH/View/View.php(227): CodeIgniter\View\View->CodeIgniter\View\{closure}()
 4 SYSTEMPATH/Common.php(1173): CodeIgniter\View\View->render('service_list', [], true)
 5 APPPATH/Controllers/Home.php(129): view('service_list', [...])
 6 SYSTEMPATH/CodeIgniter.php(933): App\Controllers\Home->fetch_services()
 7 SYSTEMPATH/CodeIgniter.php(507): CodeIgniter\CodeIgniter->runController(Object(App\Controllers\Home))
 8 SYSTEMPATH/CodeIgniter.php(354): CodeIgniter\CodeIgniter->handleRequest(null, Object(Config\Cache), false)
 9 SYSTEMPATH/Boot.php(334): CodeIgniter\CodeIgniter->run()
10 SYSTEMPATH/Boot.php(67): CodeIgniter\Boot::runCodeIgniter(Object(CodeIgniter\CodeIgniter))
11 FCPATH/index.php(27): CodeIgniter\Boot::bootWeb(Object(Config\Paths))
DEBUG - 2025-10-14 14:14:49 --> Session: Class initialized using 'CodeIgniter\Session\Handlers\FileHandler' driver.
WARNING - 2025-10-14 14:14:49 --> [DEPRECATED] addslashes(): Passing null to parameter #1 ($string) of type string is deprecated in APPPATH/Views/service_list.php on line 10.
 1 APPPATH/Views/service_list.php(10): addslashes(null)
 2 SYSTEMPATH/View/View.php(224): include('/home/u810214334/domains/embellish-beauty.co.uk/public_html/app/Views/service_list.php')
 3 SYSTEMPATH/View/View.php(227): CodeIgniter\View\View->CodeIgniter\View\{closure}()
 4 SYSTEMPATH/Common.php(1173): CodeIgniter\View\View->render('service_list', [], true)
 5 APPPATH/Controllers/Home.php(129): view('service_list', [...])
 6 SYSTEMPATH/CodeIgniter.php(933): App\Controllers\Home->fetch_services()
 7 SYSTEMPATH/CodeIgniter.php(507): CodeIgniter\CodeIgniter->runController(Object(App\Controllers\Home))
 8 SYSTEMPATH/CodeIgniter.php(354): CodeIgniter\CodeIgniter->handleRequest(null, Object(Config\Cache), false)
 9 SYSTEMPATH/Boot.php(334): CodeIgniter\CodeIgniter->run()
10 SYSTEMPATH/Boot.php(67): CodeIgniter\Boot::runCodeIgniter(Object(CodeIgniter\CodeIgniter))
11 FCPATH/index.php(27): CodeIgniter\Boot::bootWeb(Object(Config\Paths))
WARNING - 2025-10-14 14:14:49 --> [DEPRECATED] addslashes(): Passing null to parameter #1 ($string) of type string is deprecated in APPPATH/Views/service_list.php on line 10.
 1 APPPATH/Views/service_list.php(10): addslashes(null)
 2 SYSTEMPATH/View/View.php(224): include('/home/u810214334/domains/embellish-beauty.co.uk/public_html/app/Views/service_list.php')
 3 SYSTEMPATH/View/View.php(227): CodeIgniter\View\View->CodeIgniter\View\{closure}()
 4 SYSTEMPATH/Common.php(1173): CodeIgniter\View\View->render('service_list', [], true)
 5 APPPATH/Controllers/Home.php(129): view('service_list', [...])
 6 SYSTEMPATH/CodeIgniter.php(933): App\Controllers\Home->fetch_services()
 7 SYSTEMPATH/CodeIgniter.php(507): CodeIgniter\CodeIgniter->runController(Object(App\Controllers\Home))
 8 SYSTEMPATH/CodeIgniter.php(354): CodeIgniter\CodeIgniter->handleRequest(null, Object(Config\Cache), false)
 9 SYSTEMPATH/Boot.php(334): CodeIgniter\CodeIgniter->run()
10 SYSTEMPATH/Boot.php(67): CodeIgniter\Boot::runCodeIgniter(Object(CodeIgniter\CodeIgniter))
11 FCPATH/index.php(27): CodeIgniter\Boot::bootWeb(Object(Config\Paths))
WARNING - 2025-10-14 14:14:49 --> [DEPRECATED] addslashes(): Passing null to parameter #1 ($string) of type string is deprecated in APPPATH/Views/service_list.php on line 10.
 1 APPPATH/Views/service_list.php(10): addslashes(null)
 2 SYSTEMPATH/View/View.php(224): include('/home/u810214334/domains/embellish-beauty.co.uk/public_html/app/Views/service_list.php')
 3 SYSTEMPATH/View/View.php(227): CodeIgniter\View\View->CodeIgniter\View\{closure}()
 4 SYSTEMPATH/Common.php(1173): CodeIgniter\View\View->render('service_list', [], true)
 5 APPPATH/Controllers/Home.php(129): view('service_list', [...])
 6 SYSTEMPATH/CodeIgniter.php(933): App\Controllers\Home->fetch_services()
 7 SYSTEMPATH/CodeIgniter.php(507): CodeIgniter\CodeIgniter->runController(Object(App\Controllers\Home))
 8 SYSTEMPATH/CodeIgniter.php(354): CodeIgniter\CodeIgniter->handleRequest(null, Object(Config\Cache), false)
 9 SYSTEMPATH/Boot.php(334): CodeIgniter\CodeIgniter->run()
10 SYSTEMPATH/Boot.php(67): CodeIgniter\Boot::runCodeIgniter(Object(CodeIgniter\CodeIgniter))
11 FCPATH/index.php(27): CodeIgniter\Boot::bootWeb(Object(Config\Paths))
WARNING - 2025-10-14 14:14:49 --> [DEPRECATED] addslashes(): Passing null to parameter #1 ($string) of type string is deprecated in APPPATH/Views/service_list.php on line 10.
 1 APPPATH/Views/service_list.php(10): addslashes(null)
 2 SYSTEMPATH/View/View.php(224): include('/home/u810214334/domains/embellish-beauty.co.uk/public_html/app/Views/service_list.php')
 3 SYSTEMPATH/View/View.php(227): CodeIgniter\View\View->CodeIgniter\View\{closure}()
 4 SYSTEMPATH/Common.php(1173): CodeIgniter\View\View->render('service_list', [], true)
 5 APPPATH/Controllers/Home.php(129): view('service_list', [...])
 6 SYSTEMPATH/CodeIgniter.php(933): App\Controllers\Home->fetch_services()
 7 SYSTEMPATH/CodeIgniter.php(507): CodeIgniter\CodeIgniter->runController(Object(App\Controllers\Home))
 8 SYSTEMPATH/CodeIgniter.php(354): CodeIgniter\CodeIgniter->handleRequest(null, Object(Config\Cache), false)
 9 SYSTEMPATH/Boot.php(334): CodeIgniter\CodeIgniter->run()
10 SYSTEMPATH/Boot.php(67): CodeIgniter\Boot::runCodeIgniter(Object(CodeIgniter\CodeIgniter))
11 FCPATH/index.php(27): CodeIgniter\Boot::bootWeb(Object(Config\Paths))
WARNING - 2025-10-14 14:14:49 --> [DEPRECATED] addslashes(): Passing null to parameter #1 ($string) of type string is deprecated in APPPATH/Views/service_list.php on line 10.
 1 APPPATH/Views/service_list.php(10): addslashes(null)
 2 SYSTEMPATH/View/View.php(224): include('/home/u810214334/domains/embellish-beauty.co.uk/public_html/app/Views/service_list.php')
 3 SYSTEMPATH/View/View.php(227): CodeIgniter\View\View->CodeIgniter\View\{closure}()
 4 SYSTEMPATH/Common.php(1173): CodeIgniter\View\View->render('service_list', [], true)
 5 APPPATH/Controllers/Home.php(129): view('service_list', [...])
 6 SYSTEMPATH/CodeIgniter.php(933): App\Controllers\Home->fetch_services()
 7 SYSTEMPATH/CodeIgniter.php(507): CodeIgniter\CodeIgniter->runController(Object(App\Controllers\Home))
 8 SYSTEMPATH/CodeIgniter.php(354): CodeIgniter\CodeIgniter->handleRequest(null, Object(Config\Cache), false)
 9 SYSTEMPATH/Boot.php(334): CodeIgniter\CodeIgniter->run()
10 SYSTEMPATH/Boot.php(67): CodeIgniter\Boot::runCodeIgniter(Object(CodeIgniter\CodeIgniter))
11 FCPATH/index.php(27): CodeIgniter\Boot::bootWeb(Object(Config\Paths))
WARNING - 2025-10-14 14:14:49 --> [DEPRECATED] addslashes(): Passing null to parameter #1 ($string) of type string is deprecated in APPPATH/Views/service_list.php on line 10.
 1 APPPATH/Views/service_list.php(10): addslashes(null)
 2 SYSTEMPATH/View/View.php(224): include('/home/u810214334/domains/embellish-beauty.co.uk/public_html/app/Views/service_list.php')
 3 SYSTEMPATH/View/View.php(227): CodeIgniter\View\View->CodeIgniter\View\{closure}()
 4 SYSTEMPATH/Common.php(1173): CodeIgniter\View\View->render('service_list', [], true)
 5 APPPATH/Controllers/Home.php(129): view('service_list', [...])
 6 SYSTEMPATH/CodeIgniter.php(933): App\Controllers\Home->fetch_services()
 7 SYSTEMPATH/CodeIgniter.php(507): CodeIgniter\CodeIgniter->runController(Object(App\Controllers\Home))
 8 SYSTEMPATH/CodeIgniter.php(354): CodeIgniter\CodeIgniter->handleRequest(null, Object(Config\Cache), false)
 9 SYSTEMPATH/Boot.php(334): CodeIgniter\CodeIgniter->run()
10 SYSTEMPATH/Boot.php(67): CodeIgniter\Boot::runCodeIgniter(Object(CodeIgniter\CodeIgniter))
11 FCPATH/index.php(27): CodeIgniter\Boot::bootWeb(Object(Config\Paths))
WARNING - 2025-10-14 14:14:49 --> [DEPRECATED] addslashes(): Passing null to parameter #1 ($string) of type string is deprecated in APPPATH/Views/service_list.php on line 10.
 1 APPPATH/Views/service_list.php(10): addslashes(null)
 2 SYSTEMPATH/View/View.php(224): include('/home/u810214334/domains/embellish-beauty.co.uk/public_html/app/Views/service_list.php')
 3 SYSTEMPATH/View/View.php(227): CodeIgniter\View\View->CodeIgniter\View\{closure}()
 4 SYSTEMPATH/Common.php(1173): CodeIgniter\View\View->render('service_list', [], true)
 5 APPPATH/Controllers/Home.php(129): view('service_list', [...])
 6 SYSTEMPATH/CodeIgniter.php(933): App\Controllers\Home->fetch_services()
 7 SYSTEMPATH/CodeIgniter.php(507): CodeIgniter\CodeIgniter->runController(Object(App\Controllers\Home))
 8 SYSTEMPATH/CodeIgniter.php(354): CodeIgniter\CodeIgniter->handleRequest(null, Object(Config\Cache), false)
 9 SYSTEMPATH/Boot.php(334): CodeIgniter\CodeIgniter->run()
10 SYSTEMPATH/Boot.php(67): CodeIgniter\Boot::runCodeIgniter(Object(CodeIgniter\CodeIgniter))
11 FCPATH/index.php(27): CodeIgniter\Boot::bootWeb(Object(Config\Paths))
WARNING - 2025-10-14 14:14:49 --> [DEPRECATED] addslashes(): Passing null to parameter #1 ($string) of type string is deprecated in APPPATH/Views/service_list.php on line 10.
 1 APPPATH/Views/service_list.php(10): addslashes(null)
 2 SYSTEMPATH/View/View.php(224): include('/home/u810214334/domains/embellish-beauty.co.uk/public_html/app/Views/service_list.php')
 3 SYSTEMPATH/View/View.php(227): CodeIgniter\View\View->CodeIgniter\View\{closure}()
 4 SYSTEMPATH/Common.php(1173): CodeIgniter\View\View->render('service_list', [], true)
 5 APPPATH/Controllers/Home.php(129): view('service_list', [...])
 6 SYSTEMPATH/CodeIgniter.php(933): App\Controllers\Home->fetch_services()
 7 SYSTEMPATH/CodeIgniter.php(507): CodeIgniter\CodeIgniter->runController(Object(App\Controllers\Home))
 8 SYSTEMPATH/CodeIgniter.php(354): CodeIgniter\CodeIgniter->handleRequest(null, Object(Config\Cache), false)
 9 SYSTEMPATH/Boot.php(334): CodeIgniter\CodeIgniter->run()
10 SYSTEMPATH/Boot.php(67): CodeIgniter\Boot::runCodeIgniter(Object(CodeIgniter\CodeIgniter))
11 FCPATH/index.php(27): CodeIgniter\Boot::bootWeb(Object(Config\Paths))
WARNING - 2025-10-14 14:14:49 --> [DEPRECATED] addslashes(): Passing null to parameter #1 ($string) of type string is deprecated in APPPATH/Views/service_list.php on line 10.
 1 APPPATH/Views/service_list.php(10): addslashes(null)
 2 SYSTEMPATH/View/View.php(224): include('/home/u810214334/domains/embellish-beauty.co.uk/public_html/app/Views/service_list.php')
 3 SYSTEMPATH/View/View.php(227): CodeIgniter\View\View->CodeIgniter\View\{closure}()
 4 SYSTEMPATH/Common.php(1173): CodeIgniter\View\View->render('service_list', [], true)
 5 APPPATH/Controllers/Home.php(129): view('service_list', [...])
 6 SYSTEMPATH/CodeIgniter.php(933): App\Controllers\Home->fetch_services()
 7 SYSTEMPATH/CodeIgniter.php(507): CodeIgniter\CodeIgniter->runController(Object(App\Controllers\Home))
 8 SYSTEMPATH/CodeIgniter.php(354): CodeIgniter\CodeIgniter->handleRequest(null, Object(Config\Cache), false)
 9 SYSTEMPATH/Boot.php(334): CodeIgniter\CodeIgniter->run()
10 SYSTEMPATH/Boot.php(67): CodeIgniter\Boot::runCodeIgniter(Object(CodeIgniter\CodeIgniter))
11 FCPATH/index.php(27): CodeIgniter\Boot::bootWeb(Object(Config\Paths))
WARNING - 2025-10-14 14:14:49 --> [DEPRECATED] addslashes(): Passing null to parameter #1 ($string) of type string is deprecated in APPPATH/Views/service_list.php on line 10.
 1 APPPATH/Views/service_list.php(10): addslashes(null)
 2 SYSTEMPATH/View/View.php(224): include('/home/u810214334/domains/embellish-beauty.co.uk/public_html/app/Views/service_list.php')
 3 SYSTEMPATH/View/View.php(227): CodeIgniter\View\View->CodeIgniter\View\{closure}()
 4 SYSTEMPATH/Common.php(1173): CodeIgniter\View\View->render('service_list', [], true)
 5 APPPATH/Controllers/Home.php(129): view('service_list', [...])
 6 SYSTEMPATH/CodeIgniter.php(933): App\Controllers\Home->fetch_services()
 7 SYSTEMPATH/CodeIgniter.php(507): CodeIgniter\CodeIgniter->runController(Object(App\Controllers\Home))
 8 SYSTEMPATH/CodeIgniter.php(354): CodeIgniter\CodeIgniter->handleRequest(null, Object(Config\Cache), false)
 9 SYSTEMPATH/Boot.php(334): CodeIgniter\CodeIgniter->run()
10 SYSTEMPATH/Boot.php(67): CodeIgniter\Boot::runCodeIgniter(Object(CodeIgniter\CodeIgniter))
11 FCPATH/index.php(27): CodeIgniter\Boot::bootWeb(Object(Config\Paths))
DEBUG - 2025-10-14 14:14:49 --> Session: Class initialized using 'CodeIgniter\Session\Handlers\FileHandler' driver.
WARNING - 2025-10-14 14:14:49 --> [DEPRECATED] addslashes(): Passing null to parameter #1 ($string) of type string is deprecated in APPPATH/Views/service_list.php on line 10.
 1 APPPATH/Views/service_list.php(10): addslashes(null)
 2 SYSTEMPATH/View/View.php(224): include('/home/u810214334/domains/embellish-beauty.co.uk/public_html/app/Views/service_list.php')
 3 SYSTEMPATH/View/View.php(227): CodeIgniter\View\View->CodeIgniter\View\{closure}()
 4 SYSTEMPATH/Common.php(1173): CodeIgniter\View\View->render('service_list', [], true)
 5 APPPATH/Controllers/Home.php(129): view('service_list', [...])
 6 SYSTEMPATH/CodeIgniter.php(933): App\Controllers\Home->fetch_services()
 7 SYSTEMPATH/CodeIgniter.php(507): CodeIgniter\CodeIgniter->runController(Object(App\Controllers\Home))
 8 SYSTEMPATH/CodeIgniter.php(354): CodeIgniter\CodeIgniter->handleRequest(null, Object(Config\Cache), false)
 9 SYSTEMPATH/Boot.php(334): CodeIgniter\CodeIgniter->run()
10 SYSTEMPATH/Boot.php(67): CodeIgniter\Boot::runCodeIgniter(Object(CodeIgniter\CodeIgniter))
11 FCPATH/index.php(27): CodeIgniter\Boot::bootWeb(Object(Config\Paths))
WARNING - 2025-10-14 14:14:49 --> [DEPRECATED] addslashes(): Passing null to parameter #1 ($string) of type string is deprecated in APPPATH/Views/service_list.php on line 10.
 1 APPPATH/Views/service_list.php(10): addslashes(null)
 2 SYSTEMPATH/View/View.php(224): include('/home/u810214334/domains/embellish-beauty.co.uk/public_html/app/Views/service_list.php')
 3 SYSTEMPATH/View/View.php(227): CodeIgniter\View\View->CodeIgniter\View\{closure}()
 4 SYSTEMPATH/Common.php(1173): CodeIgniter\View\View->render('service_list', [], true)
 5 APPPATH/Controllers/Home.php(129): view('service_list', [...])
 6 SYSTEMPATH/CodeIgniter.php(933): App\Controllers\Home->fetch_services()
 7 SYSTEMPATH/CodeIgniter.php(507): CodeIgniter\CodeIgniter->runController(Object(App\Controllers\Home))
 8 SYSTEMPATH/CodeIgniter.php(354): CodeIgniter\CodeIgniter->handleRequest(null, Object(Config\Cache), false)
 9 SYSTEMPATH/Boot.php(334): CodeIgniter\CodeIgniter->run()
10 SYSTEMPATH/Boot.php(67): CodeIgniter\Boot::runCodeIgniter(Object(CodeIgniter\CodeIgniter))
11 FCPATH/index.php(27): CodeIgniter\Boot::bootWeb(Object(Config\Paths))
WARNING - 2025-10-14 14:14:49 --> [DEPRECATED] addslashes(): Passing null to parameter #1 ($string) of type string is deprecated in APPPATH/Views/service_list.php on line 10.
 1 APPPATH/Views/service_list.php(10): addslashes(null)
 2 SYSTEMPATH/View/View.php(224): include('/home/u810214334/domains/embellish-beauty.co.uk/public_html/app/Views/service_list.php')
 3 SYSTEMPATH/View/View.php(227): CodeIgniter\View\View->CodeIgniter\View\{closure}()
 4 SYSTEMPATH/Common.php(1173): CodeIgniter\View\View->render('service_list', [], true)
 5 APPPATH/Controllers/Home.php(129): view('service_list', [...])
 6 SYSTEMPATH/CodeIgniter.php(933): App\Controllers\Home->fetch_services()
 7 SYSTEMPATH/CodeIgniter.php(507): CodeIgniter\CodeIgniter->runController(Object(App\Controllers\Home))
 8 SYSTEMPATH/CodeIgniter.php(354): CodeIgniter\CodeIgniter->handleRequest(null, Object(Config\Cache), false)
 9 SYSTEMPATH/Boot.php(334): CodeIgniter\CodeIgniter->run()
10 SYSTEMPATH/Boot.php(67): CodeIgniter\Boot::runCodeIgniter(Object(CodeIgniter\CodeIgniter))
11 FCPATH/index.php(27): CodeIgniter\Boot::bootWeb(Object(Config\Paths))
WARNING - 2025-10-14 14:14:49 --> [DEPRECATED] addslashes(): Passing null to parameter #1 ($string) of type string is deprecated in APPPATH/Views/service_list.php on line 10.
 1 APPPATH/Views/service_list.php(10): addslashes(null)
 2 SYSTEMPATH/View/View.php(224): include('/home/u810214334/domains/embellish-beauty.co.uk/public_html/app/Views/service_list.php')
 3 SYSTEMPATH/View/View.php(227): CodeIgniter\View\View->CodeIgniter\View\{closure}()
 4 SYSTEMPATH/Common.php(1173): CodeIgniter\View\View->render('service_list', [], true)
 5 APPPATH/Controllers/Home.php(129): view('service_list', [...])
 6 SYSTEMPATH/CodeIgniter.php(933): App\Controllers\Home->fetch_services()
 7 SYSTEMPATH/CodeIgniter.php(507): CodeIgniter\CodeIgniter->runController(Object(App\Controllers\Home))
 8 SYSTEMPATH/CodeIgniter.php(354): CodeIgniter\CodeIgniter->handleRequest(null, Object(Config\Cache), false)
 9 SYSTEMPATH/Boot.php(334): CodeIgniter\CodeIgniter->run()
10 SYSTEMPATH/Boot.php(67): CodeIgniter\Boot::runCodeIgniter(Object(CodeIgniter\CodeIgniter))
11 FCPATH/index.php(27): CodeIgniter\Boot::bootWeb(Object(Config\Paths))
WARNING - 2025-10-14 14:14:49 --> [DEPRECATED] addslashes(): Passing null to parameter #1 ($string) of type string is deprecated in APPPATH/Views/service_list.php on line 10.
 1 APPPATH/Views/service_list.php(10): addslashes(null)
 2 SYSTEMPATH/View/View.php(224): include('/home/u810214334/domains/embellish-beauty.co.uk/public_html/app/Views/service_list.php')
 3 SYSTEMPATH/View/View.php(227): CodeIgniter\View\View->CodeIgniter\View\{closure}()
 4 SYSTEMPATH/Common.php(1173): CodeIgniter\View\View->render('service_list', [], true)
 5 APPPATH/Controllers/Home.php(129): view('service_list', [...])
 6 SYSTEMPATH/CodeIgniter.php(933): App\Controllers\Home->fetch_services()
 7 SYSTEMPATH/CodeIgniter.php(507): CodeIgniter\CodeIgniter->runController(Object(App\Controllers\Home))
 8 SYSTEMPATH/CodeIgniter.php(354): CodeIgniter\CodeIgniter->handleRequest(null, Object(Config\Cache), false)
 9 SYSTEMPATH/Boot.php(334): CodeIgniter\CodeIgniter->run()
10 SYSTEMPATH/Boot.php(67): CodeIgniter\Boot::runCodeIgniter(Object(CodeIgniter\CodeIgniter))
11 FCPATH/index.php(27): CodeIgniter\Boot::bootWeb(Object(Config\Paths))
WARNING - 2025-10-14 14:14:49 --> [DEPRECATED] addslashes(): Passing null to parameter #1 ($string) of type string is deprecated in APPPATH/Views/service_list.php on line 10.
 1 APPPATH/Views/service_list.php(10): addslashes(null)
 2 SYSTEMPATH/View/View.php(224): include('/home/u810214334/domains/embellish-beauty.co.uk/public_html/app/Views/service_list.php')
 3 SYSTEMPATH/View/View.php(227): CodeIgniter\View\View->CodeIgniter\View\{closure}()
 4 SYSTEMPATH/Common.php(1173): CodeIgniter\View\View->render('service_list', [], true)
 5 APPPATH/Controllers/Home.php(129): view('service_list', [...])
 6 SYSTEMPATH/CodeIgniter.php(933): App\Controllers\Home->fetch_services()
 7 SYSTEMPATH/CodeIgniter.php(507): CodeIgniter\CodeIgniter->runController(Object(App\Controllers\Home))
 8 SYSTEMPATH/CodeIgniter.php(354): CodeIgniter\CodeIgniter->handleRequest(null, Object(Config\Cache), false)
 9 SYSTEMPATH/Boot.php(334): CodeIgniter\CodeIgniter->run()
10 SYSTEMPATH/Boot.php(67): CodeIgniter\Boot::runCodeIgniter(Object(CodeIgniter\CodeIgniter))
11 FCPATH/index.php(27): CodeIgniter\Boot::bootWeb(Object(Config\Paths))
WARNING - 2025-10-14 14:14:49 --> [DEPRECATED] addslashes(): Passing null to parameter #1 ($string) of type string is deprecated in APPPATH/Views/service_list.php on line 10.
 1 APPPATH/Views/service_list.php(10): addslashes(null)
 2 SYSTEMPATH/View/View.php(224): include('/home/u810214334/domains/embellish-beauty.co.uk/public_html/app/Views/service_list.php')
 3 SYSTEMPATH/View/View.php(227): CodeIgniter\View\View->CodeIgniter\View\{closure}()
 4 SYSTEMPATH/Common.php(1173): CodeIgniter\View\View->render('service_list', [], true)
 5 APPPATH/Controllers/Home.php(129): view('service_list', [...])
 6 SYSTEMPATH/CodeIgniter.php(933): App\Controllers\Home->fetch_services()
 7 SYSTEMPATH/CodeIgniter.php(507): CodeIgniter\CodeIgniter->runController(Object(App\Controllers\Home))
 8 SYSTEMPATH/CodeIgniter.php(354): CodeIgniter\CodeIgniter->handleRequest(null, Object(Config\Cache), false)
 9 SYSTEMPATH/Boot.php(334): CodeIgniter\CodeIgniter->run()
10 SYSTEMPATH/Boot.php(67): CodeIgniter\Boot::runCodeIgniter(Object(CodeIgniter\CodeIgniter))
11 FCPATH/index.php(27): CodeIgniter\Boot::bootWeb(Object(Config\Paths))
WARNING - 2025-10-14 14:14:49 --> [DEPRECATED] addslashes(): Passing null to parameter #1 ($string) of type string is deprecated in APPPATH/Views/service_list.php on line 10.
 1 APPPATH/Views/service_list.php(10): addslashes(null)
 2 SYSTEMPATH/View/View.php(224): include('/home/u810214334/domains/embellish-beauty.co.uk/public_html/app/Views/service_list.php')
 3 SYSTEMPATH/View/View.php(227): CodeIgniter\View\View->CodeIgniter\View\{closure}()
 4 SYSTEMPATH/Common.php(1173): CodeIgniter\View\View->render('service_list', [], true)
 5 APPPATH/Controllers/Home.php(129): view('service_list', [...])
 6 SYSTEMPATH/CodeIgniter.php(933): App\Controllers\Home->fetch_services()
 7 SYSTEMPATH/CodeIgniter.php(507): CodeIgniter\CodeIgniter->runController(Object(App\Controllers\Home))
 8 SYSTEMPATH/CodeIgniter.php(354): CodeIgniter\CodeIgniter->handleRequest(null, Object(Config\Cache), false)
 9 SYSTEMPATH/Boot.php(334): CodeIgniter\CodeIgniter->run()
10 SYSTEMPATH/Boot.php(67): CodeIgniter\Boot::runCodeIgniter(Object(CodeIgniter\CodeIgniter))
11 FCPATH/index.php(27): CodeIgniter\Boot::bootWeb(Object(Config\Paths))
WARNING - 2025-10-14 14:14:49 --> [DEPRECATED] addslashes(): Passing null to parameter #1 ($string) of type string is deprecated in APPPATH/Views/service_list.php on line 10.
 1 APPPATH/Views/service_list.php(10): addslashes(null)
 2 SYSTEMPATH/View/View.php(224): include('/home/u810214334/domains/embellish-beauty.co.uk/public_html/app/Views/service_list.php')
 3 SYSTEMPATH/View/View.php(227): CodeIgniter\View\View->CodeIgniter\View\{closure}()
 4 SYSTEMPATH/Common.php(1173): CodeIgniter\View\View->render('service_list', [], true)
 5 APPPATH/Controllers/Home.php(129): view('service_list', [...])
 6 SYSTEMPATH/CodeIgniter.php(933): App\Controllers\Home->fetch_services()
 7 SYSTEMPATH/CodeIgniter.php(507): CodeIgniter\CodeIgniter->runController(Object(App\Controllers\Home))
 8 SYSTEMPATH/CodeIgniter.php(354): CodeIgniter\CodeIgniter->handleRequest(null, Object(Config\Cache), false)
 9 SYSTEMPATH/Boot.php(334): CodeIgniter\CodeIgniter->run()
10 SYSTEMPATH/Boot.php(67): CodeIgniter\Boot::runCodeIgniter(Object(CodeIgniter\CodeIgniter))
11 FCPATH/index.php(27): CodeIgniter\Boot::bootWeb(Object(Config\Paths))
WARNING - 2025-10-14 14:14:49 --> [DEPRECATED] addslashes(): Passing null to parameter #1 ($string) of type string is deprecated in APPPATH/Views/service_list.php on line 10.
 1 APPPATH/Views/service_list.php(10): addslashes(null)
 2 SYSTEMPATH/View/View.php(224): include('/home/u810214334/domains/embellish-beauty.co.uk/public_html/app/Views/service_list.php')
 3 SYSTEMPATH/View/View.php(227): CodeIgniter\View\View->CodeIgniter\View\{closure}()
 4 SYSTEMPATH/Common.php(1173): CodeIgniter\View\View->render('service_list', [], true)
 5 APPPATH/Controllers/Home.php(129): view('service_list', [...])
 6 SYSTEMPATH/CodeIgniter.php(933): App\Controllers\Home->fetch_services()
 7 SYSTEMPATH/CodeIgniter.php(507): CodeIgniter\CodeIgniter->runController(Object(App\Controllers\Home))
 8 SYSTEMPATH/CodeIgniter.php(354): CodeIgniter\CodeIgniter->handleRequest(null, Object(Config\Cache), false)
 9 SYSTEMPATH/Boot.php(334): CodeIgniter\CodeIgniter->run()
10 SYSTEMPATH/Boot.php(67): CodeIgniter\Boot::runCodeIgniter(Object(CodeIgniter\CodeIgniter))
11 FCPATH/index.php(27): CodeIgniter\Boot::bootWeb(Object(Config\Paths))
DEBUG - 2025-10-14 14:14:54 --> Session: Class initialized using 'CodeIgniter\Session\Handlers\FileHandler' driver.
WARNING - 2025-10-14 14:14:54 --> [DEPRECATED] addslashes(): Passing null to parameter #1 ($string) of type string is deprecated in APPPATH/Views/service_list.php on line 10.
 1 APPPATH/Views/service_list.php(10): addslashes(null)
 2 SYSTEMPATH/View/View.php(224): include('/home/u810214334/domains/embellish-beauty.co.uk/public_html/app/Views/service_list.php')
 3 SYSTEMPATH/View/View.php(227): CodeIgniter\View\View->CodeIgniter\View\{closure}()
 4 SYSTEMPATH/Common.php(1173): CodeIgniter\View\View->render('service_list', [], true)
 5 APPPATH/Controllers/Home.php(129): view('service_list', [...])
 6 SYSTEMPATH/CodeIgniter.php(933): App\Controllers\Home->fetch_services()
 7 SYSTEMPATH/CodeIgniter.php(507): CodeIgniter\CodeIgniter->runController(Object(App\Controllers\Home))
 8 SYSTEMPATH/CodeIgniter.php(354): CodeIgniter\CodeIgniter->handleRequest(null, Object(Config\Cache), false)
 9 SYSTEMPATH/Boot.php(334): CodeIgniter\CodeIgniter->run()
10 SYSTEMPATH/Boot.php(67): CodeIgniter\Boot::runCodeIgniter(Object(CodeIgniter\CodeIgniter))
11 FCPATH/index.php(27): CodeIgniter\Boot::bootWeb(Object(Config\Paths))
WARNING - 2025-10-14 14:14:54 --> [DEPRECATED] addslashes(): Passing null to parameter #1 ($string) of type string is deprecated in APPPATH/Views/service_list.php on line 10.
 1 APPPATH/Views/service_list.php(10): addslashes(null)
 2 SYSTEMPATH/View/View.php(224): include('/home/u810214334/domains/embellish-beauty.co.uk/public_html/app/Views/service_list.php')
 3 SYSTEMPATH/View/View.php(227): CodeIgniter\View\View->CodeIgniter\View\{closure}()
 4 SYSTEMPATH/Common.php(1173): CodeIgniter\View\View->render('service_list', [], true)
 5 APPPATH/Controllers/Home.php(129): view('service_list', [...])
 6 SYSTEMPATH/CodeIgniter.php(933): App\Controllers\Home->fetch_services()
 7 SYSTEMPATH/CodeIgniter.php(507): CodeIgniter\CodeIgniter->runController(Object(App\Controllers\Home))
 8 SYSTEMPATH/CodeIgniter.php(354): CodeIgniter\CodeIgniter->handleRequest(null, Object(Config\Cache), false)
 9 SYSTEMPATH/Boot.php(334): CodeIgniter\CodeIgniter->run()
10 SYSTEMPATH/Boot.php(67): CodeIgniter\Boot::runCodeIgniter(Object(CodeIgniter\CodeIgniter))
11 FCPATH/index.php(27): CodeIgniter\Boot::bootWeb(Object(Config\Paths))
WARNING - 2025-10-14 14:14:54 --> [DEPRECATED] addslashes(): Passing null to parameter #1 ($string) of type string is deprecated in APPPATH/Views/service_list.php on line 10.
 1 APPPATH/Views/service_list.php(10): addslashes(null)
 2 SYSTEMPATH/View/View.php(224): include('/home/u810214334/domains/embellish-beauty.co.uk/public_html/app/Views/service_list.php')
 3 SYSTEMPATH/View/View.php(227): CodeIgniter\View\View->CodeIgniter\View\{closure}()
 4 SYSTEMPATH/Common.php(1173): CodeIgniter\View\View->render('service_list', [], true)
 5 APPPATH/Controllers/Home.php(129): view('service_list', [...])
 6 SYSTEMPATH/CodeIgniter.php(933): App\Controllers\Home->fetch_services()
 7 SYSTEMPATH/CodeIgniter.php(507): CodeIgniter\CodeIgniter->runController(Object(App\Controllers\Home))
 8 SYSTEMPATH/CodeIgniter.php(354): CodeIgniter\CodeIgniter->handleRequest(null, Object(Config\Cache), false)
 9 SYSTEMPATH/Boot.php(334): CodeIgniter\CodeIgniter->run()
10 SYSTEMPATH/Boot.php(67): CodeIgniter\Boot::runCodeIgniter(Object(CodeIgniter\CodeIgniter))
11 FCPATH/index.php(27): CodeIgniter\Boot::bootWeb(Object(Config\Paths))
WARNING - 2025-10-14 14:14:54 --> [DEPRECATED] addslashes(): Passing null to parameter #1 ($string) of type string is deprecated in APPPATH/Views/service_list.php on line 10.
 1 APPPATH/Views/service_list.php(10): addslashes(null)
 2 SYSTEMPATH/View/View.php(224): include('/home/u810214334/domains/embellish-beauty.co.uk/public_html/app/Views/service_list.php')
 3 SYSTEMPATH/View/View.php(227): CodeIgniter\View\View->CodeIgniter\View\{closure}()
 4 SYSTEMPATH/Common.php(1173): CodeIgniter\View\View->render('service_list', [], true)
 5 APPPATH/Controllers/Home.php(129): view('service_list', [...])
 6 SYSTEMPATH/CodeIgniter.php(933): App\Controllers\Home->fetch_services()
 7 SYSTEMPATH/CodeIgniter.php(507): CodeIgniter\CodeIgniter->runController(Object(App\Controllers\Home))
 8 SYSTEMPATH/CodeIgniter.php(354): CodeIgniter\CodeIgniter->handleRequest(null, Object(Config\Cache), false)
 9 SYSTEMPATH/Boot.php(334): CodeIgniter\CodeIgniter->run()
10 SYSTEMPATH/Boot.php(67): CodeIgniter\Boot::runCodeIgniter(Object(CodeIgniter\CodeIgniter))
11 FCPATH/index.php(27): CodeIgniter\Boot::bootWeb(Object(Config\Paths))
WARNING - 2025-10-14 14:14:54 --> [DEPRECATED] addslashes(): Passing null to parameter #1 ($string) of type string is deprecated in APPPATH/Views/service_list.php on line 10.
 1 APPPATH/Views/service_list.php(10): addslashes(null)
 2 SYSTEMPATH/View/View.php(224): include('/home/u810214334/domains/embellish-beauty.co.uk/public_html/app/Views/service_list.php')
 3 SYSTEMPATH/View/View.php(227): CodeIgniter\View\View->CodeIgniter\View\{closure}()
 4 SYSTEMPATH/Common.php(1173): CodeIgniter\View\View->render('service_list', [], true)
 5 APPPATH/Controllers/Home.php(129): view('service_list', [...])
 6 SYSTEMPATH/CodeIgniter.php(933): App\Controllers\Home->fetch_services()
 7 SYSTEMPATH/CodeIgniter.php(507): CodeIgniter\CodeIgniter->runController(Object(App\Controllers\Home))
 8 SYSTEMPATH/CodeIgniter.php(354): CodeIgniter\CodeIgniter->handleRequest(null, Object(Config\Cache), false)
 9 SYSTEMPATH/Boot.php(334): CodeIgniter\CodeIgniter->run()
10 SYSTEMPATH/Boot.php(67): CodeIgniter\Boot::runCodeIgniter(Object(CodeIgniter\CodeIgniter))
11 FCPATH/index.php(27): CodeIgniter\Boot::bootWeb(Object(Config\Paths))
WARNING - 2025-10-14 14:14:54 --> [DEPRECATED] addslashes(): Passing null to parameter #1 ($string) of type string is deprecated in APPPATH/Views/service_list.php on line 10.
 1 APPPATH/Views/service_list.php(10): addslashes(null)
 2 SYSTEMPATH/View/View.php(224): include('/home/u810214334/domains/embellish-beauty.co.uk/public_html/app/Views/service_list.php')
 3 SYSTEMPATH/View/View.php(227): CodeIgniter\View\View->CodeIgniter\View\{closure}()
 4 SYSTEMPATH/Common.php(1173): CodeIgniter\View\View->render('service_list', [], true)
 5 APPPATH/Controllers/Home.php(129): view('service_list', [...])
 6 SYSTEMPATH/CodeIgniter.php(933): App\Controllers\Home->fetch_services()
 7 SYSTEMPATH/CodeIgniter.php(507): CodeIgniter\CodeIgniter->runController(Object(App\Controllers\Home))
 8 SYSTEMPATH/CodeIgniter.php(354): CodeIgniter\CodeIgniter->handleRequest(null, Object(Config\Cache), false)
 9 SYSTEMPATH/Boot.php(334): CodeIgniter\CodeIgniter->run()
10 SYSTEMPATH/Boot.php(67): CodeIgniter\Boot::runCodeIgniter(Object(CodeIgniter\CodeIgniter))
11 FCPATH/index.php(27): CodeIgniter\Boot::bootWeb(Object(Config\Paths))
WARNING - 2025-10-14 14:14:54 --> [DEPRECATED] addslashes(): Passing null to parameter #1 ($string) of type string is deprecated in APPPATH/Views/service_list.php on line 10.
 1 APPPATH/Views/service_list.php(10): addslashes(null)
 2 SYSTEMPATH/View/View.php(224): include('/home/u810214334/domains/embellish-beauty.co.uk/public_html/app/Views/service_list.php')
 3 SYSTEMPATH/View/View.php(227): CodeIgniter\View\View->CodeIgniter\View\{closure}()
 4 SYSTEMPATH/Common.php(1173): CodeIgniter\View\View->render('service_list', [], true)
 5 APPPATH/Controllers/Home.php(129): view('service_list', [...])
 6 SYSTEMPATH/CodeIgniter.php(933): App\Controllers\Home->fetch_services()
 7 SYSTEMPATH/CodeIgniter.php(507): CodeIgniter\CodeIgniter->runController(Object(App\Controllers\Home))
 8 SYSTEMPATH/CodeIgniter.php(354): CodeIgniter\CodeIgniter->handleRequest(null, Object(Config\Cache), false)
 9 SYSTEMPATH/Boot.php(334): CodeIgniter\CodeIgniter->run()
10 SYSTEMPATH/Boot.php(67): CodeIgniter\Boot::runCodeIgniter(Object(CodeIgniter\CodeIgniter))
11 FCPATH/index.php(27): CodeIgniter\Boot::bootWeb(Object(Config\Paths))
WARNING - 2025-10-14 14:14:54 --> [DEPRECATED] addslashes(): Passing null to parameter #1 ($string) of type string is deprecated in APPPATH/Views/service_list.php on line 10.
 1 APPPATH/Views/service_list.php(10): addslashes(null)
 2 SYSTEMPATH/View/View.php(224): include('/home/u810214334/domains/embellish-beauty.co.uk/public_html/app/Views/service_list.php')
 3 SYSTEMPATH/View/View.php(227): CodeIgniter\View\View->CodeIgniter\View\{closure}()
 4 SYSTEMPATH/Common.php(1173): CodeIgniter\View\View->render('service_list', [], true)
 5 APPPATH/Controllers/Home.php(129): view('service_list', [...])
 6 SYSTEMPATH/CodeIgniter.php(933): App\Controllers\Home->fetch_services()
 7 SYSTEMPATH/CodeIgniter.php(507): CodeIgniter\CodeIgniter->runController(Object(App\Controllers\Home))
 8 SYSTEMPATH/CodeIgniter.php(354): CodeIgniter\CodeIgniter->handleRequest(null, Object(Config\Cache), false)
 9 SYSTEMPATH/Boot.php(334): CodeIgniter\CodeIgniter->run()
10 SYSTEMPATH/Boot.php(67): CodeIgniter\Boot::runCodeIgniter(Object(CodeIgniter\CodeIgniter))
11 FCPATH/index.php(27): CodeIgniter\Boot::bootWeb(Object(Config\Paths))
WARNING - 2025-10-14 14:14:54 --> [DEPRECATED] addslashes(): Passing null to parameter #1 ($string) of type string is deprecated in APPPATH/Views/service_list.php on line 10.
 1 APPPATH/Views/service_list.php(10): addslashes(null)
 2 SYSTEMPATH/View/View.php(224): include('/home/u810214334/domains/embellish-beauty.co.uk/public_html/app/Views/service_list.php')
 3 SYSTEMPATH/View/View.php(227): CodeIgniter\View\View->CodeIgniter\View\{closure}()
 4 SYSTEMPATH/Common.php(1173): CodeIgniter\View\View->render('service_list', [], true)
 5 APPPATH/Controllers/Home.php(129): view('service_list', [...])
 6 SYSTEMPATH/CodeIgniter.php(933): App\Controllers\Home->fetch_services()
 7 SYSTEMPATH/CodeIgniter.php(507): CodeIgniter\CodeIgniter->runController(Object(App\Controllers\Home))
 8 SYSTEMPATH/CodeIgniter.php(354): CodeIgniter\CodeIgniter->handleRequest(null, Object(Config\Cache), false)
 9 SYSTEMPATH/Boot.php(334): CodeIgniter\CodeIgniter->run()
10 SYSTEMPATH/Boot.php(67): CodeIgniter\Boot::runCodeIgniter(Object(CodeIgniter\CodeIgniter))
11 FCPATH/index.php(27): CodeIgniter\Boot::bootWeb(Object(Config\Paths))
WARNING - 2025-10-14 14:14:54 --> [DEPRECATED] addslashes(): Passing null to parameter #1 ($string) of type string is deprecated in APPPATH/Views/service_list.php on line 10.
 1 APPPATH/Views/service_list.php(10): addslashes(null)
 2 SYSTEMPATH/View/View.php(224): include('/home/u810214334/domains/embellish-beauty.co.uk/public_html/app/Views/service_list.php')
 3 SYSTEMPATH/View/View.php(227): CodeIgniter\View\View->CodeIgniter\View\{closure}()
 4 SYSTEMPATH/Common.php(1173): CodeIgniter\View\View->render('service_list', [], true)
 5 APPPATH/Controllers/Home.php(129): view('service_list', [...])
 6 SYSTEMPATH/CodeIgniter.php(933): App\Controllers\Home->fetch_services()
 7 SYSTEMPATH/CodeIgniter.php(507): CodeIgniter\CodeIgniter->runController(Object(App\Controllers\Home))
 8 SYSTEMPATH/CodeIgniter.php(354): CodeIgniter\CodeIgniter->handleRequest(null, Object(Config\Cache), false)
 9 SYSTEMPATH/Boot.php(334): CodeIgniter\CodeIgniter->run()
10 SYSTEMPATH/Boot.php(67): CodeIgniter\Boot::runCodeIgniter(Object(CodeIgniter\CodeIgniter))
11 FCPATH/index.php(27): CodeIgniter\Boot::bootWeb(Object(Config\Paths))
WARNING - 2025-10-14 14:14:54 --> [DEPRECATED] addslashes(): Passing null to parameter #1 ($string) of type string is deprecated in APPPATH/Views/service_list.php on line 10.
 1 APPPATH/Views/service_list.php(10): addslashes(null)
 2 SYSTEMPATH/View/View.php(224): include('/home/u810214334/domains/embellish-beauty.co.uk/public_html/app/Views/service_list.php')
 3 SYSTEMPATH/View/View.php(227): CodeIgniter\View\View->CodeIgniter\View\{closure}()
 4 SYSTEMPATH/Common.php(1173): CodeIgniter\View\View->render('service_list', [], true)
 5 APPPATH/Controllers/Home.php(129): view('service_list', [...])
 6 SYSTEMPATH/CodeIgniter.php(933): App\Controllers\Home->fetch_services()
 7 SYSTEMPATH/CodeIgniter.php(507): CodeIgniter\CodeIgniter->runController(Object(App\Controllers\Home))
 8 SYSTEMPATH/CodeIgniter.php(354): CodeIgniter\CodeIgniter->handleRequest(null, Object(Config\Cache), false)
 9 SYSTEMPATH/Boot.php(334): CodeIgniter\CodeIgniter->run()
10 SYSTEMPATH/Boot.php(67): CodeIgniter\Boot::runCodeIgniter(Object(CodeIgniter\CodeIgniter))
11 FCPATH/index.php(27): CodeIgniter\Boot::bootWeb(Object(Config\Paths))
WARNING - 2025-10-14 14:14:54 --> [DEPRECATED] addslashes(): Passing null to parameter #1 ($string) of type string is deprecated in APPPATH/Views/service_list.php on line 10.
 1 APPPATH/Views/service_list.php(10): addslashes(null)
 2 SYSTEMPATH/View/View.php(224): include('/home/u810214334/domains/embellish-beauty.co.uk/public_html/app/Views/service_list.php')
 3 SYSTEMPATH/View/View.php(227): CodeIgniter\View\View->CodeIgniter\View\{closure}()
 4 SYSTEMPATH/Common.php(1173): CodeIgniter\View\View->render('service_list', [], true)
 5 APPPATH/Controllers/Home.php(129): view('service_list', [...])
 6 SYSTEMPATH/CodeIgniter.php(933): App\Controllers\Home->fetch_services()
 7 SYSTEMPATH/CodeIgniter.php(507): CodeIgniter\CodeIgniter->runController(Object(App\Controllers\Home))
 8 SYSTEMPATH/CodeIgniter.php(354): CodeIgniter\CodeIgniter->handleRequest(null, Object(Config\Cache), false)
 9 SYSTEMPATH/Boot.php(334): CodeIgniter\CodeIgniter->run()
10 SYSTEMPATH/Boot.php(67): CodeIgniter\Boot::runCodeIgniter(Object(CodeIgniter\CodeIgniter))
11 FCPATH/index.php(27): CodeIgniter\Boot::bootWeb(Object(Config\Paths))
WARNING - 2025-10-14 14:14:54 --> [DEPRECATED] addslashes(): Passing null to parameter #1 ($string) of type string is deprecated in APPPATH/Views/service_list.php on line 10.
 1 APPPATH/Views/service_list.php(10): addslashes(null)
 2 SYSTEMPATH/View/View.php(224): include('/home/u810214334/domains/embellish-beauty.co.uk/public_html/app/Views/service_list.php')
 3 SYSTEMPATH/View/View.php(227): CodeIgniter\View\View->CodeIgniter\View\{closure}()
 4 SYSTEMPATH/Common.php(1173): CodeIgniter\View\View->render('service_list', [], true)
 5 APPPATH/Controllers/Home.php(129): view('service_list', [...])
 6 SYSTEMPATH/CodeIgniter.php(933): App\Controllers\Home->fetch_services()
 7 SYSTEMPATH/CodeIgniter.php(507): CodeIgniter\CodeIgniter->runController(Object(App\Controllers\Home))
 8 SYSTEMPATH/CodeIgniter.php(354): CodeIgniter\CodeIgniter->handleRequest(null, Object(Config\Cache), false)
 9 SYSTEMPATH/Boot.php(334): CodeIgniter\CodeIgniter->run()
10 SYSTEMPATH/Boot.php(67): CodeIgniter\Boot::runCodeIgniter(Object(CodeIgniter\CodeIgniter))
11 FCPATH/index.php(27): CodeIgniter\Boot::bootWeb(Object(Config\Paths))
WARNING - 2025-10-14 14:14:54 --> [DEPRECATED] addslashes(): Passing null to parameter #1 ($string) of type string is deprecated in APPPATH/Views/service_list.php on line 10.
 1 APPPATH/Views/service_list.php(10): addslashes(null)
 2 SYSTEMPATH/View/View.php(224): include('/home/u810214334/domains/embellish-beauty.co.uk/public_html/app/Views/service_list.php')
 3 SYSTEMPATH/View/View.php(227): CodeIgniter\View\View->CodeIgniter\View\{closure}()
 4 SYSTEMPATH/Common.php(1173): CodeIgniter\View\View->render('service_list', [], true)
 5 APPPATH/Controllers/Home.php(129): view('service_list', [...])
 6 SYSTEMPATH/CodeIgniter.php(933): App\Controllers\Home->fetch_services()
 7 SYSTEMPATH/CodeIgniter.php(507): CodeIgniter\CodeIgniter->runController(Object(App\Controllers\Home))
 8 SYSTEMPATH/CodeIgniter.php(354): CodeIgniter\CodeIgniter->handleRequest(null, Object(Config\Cache), false)
 9 SYSTEMPATH/Boot.php(334): CodeIgniter\CodeIgniter->run()
10 SYSTEMPATH/Boot.php(67): CodeIgniter\Boot::runCodeIgniter(Object(CodeIgniter\CodeIgniter))
11 FCPATH/index.php(27): CodeIgniter\Boot::bootWeb(Object(Config\Paths))
WARNING - 2025-10-14 14:14:54 --> [DEPRECATED] addslashes(): Passing null to parameter #1 ($string) of type string is deprecated in APPPATH/Views/service_list.php on line 10.
 1 APPPATH/Views/service_list.php(10): addslashes(null)
 2 SYSTEMPATH/View/View.php(224): include('/home/u810214334/domains/embellish-beauty.co.uk/public_html/app/Views/service_list.php')
 3 SYSTEMPATH/View/View.php(227): CodeIgniter\View\View->CodeIgniter\View\{closure}()
 4 SYSTEMPATH/Common.php(1173): CodeIgniter\View\View->render('service_list', [], true)
 5 APPPATH/Controllers/Home.php(129): view('service_list', [...])
 6 SYSTEMPATH/CodeIgniter.php(933): App\Controllers\Home->fetch_services()
 7 SYSTEMPATH/CodeIgniter.php(507): CodeIgniter\CodeIgniter->runController(Object(App\Controllers\Home))
 8 SYSTEMPATH/CodeIgniter.php(354): CodeIgniter\CodeIgniter->handleRequest(null, Object(Config\Cache), false)
 9 SYSTEMPATH/Boot.php(334): CodeIgniter\CodeIgniter->run()
10 SYSTEMPATH/Boot.php(67): CodeIgniter\Boot::runCodeIgniter(Object(CodeIgniter\CodeIgniter))
11 FCPATH/index.php(27): CodeIgniter\Boot::bootWeb(Object(Config\Paths))
WARNING - 2025-10-14 14:14:54 --> [DEPRECATED] addslashes(): Passing null to parameter #1 ($string) of type string is deprecated in APPPATH/Views/service_list.php on line 10.
 1 APPPATH/Views/service_list.php(10): addslashes(null)
 2 SYSTEMPATH/View/View.php(224): include('/home/u810214334/domains/embellish-beauty.co.uk/public_html/app/Views/service_list.php')
 3 SYSTEMPATH/View/View.php(227): CodeIgniter\View\View->CodeIgniter\View\{closure}()
 4 SYSTEMPATH/Common.php(1173): CodeIgniter\View\View->render('service_list', [], true)
 5 APPPATH/Controllers/Home.php(129): view('service_list', [...])
 6 SYSTEMPATH/CodeIgniter.php(933): App\Controllers\Home->fetch_services()
 7 SYSTEMPATH/CodeIgniter.php(507): CodeIgniter\CodeIgniter->runController(Object(App\Controllers\Home))
 8 SYSTEMPATH/CodeIgniter.php(354): CodeIgniter\CodeIgniter->handleRequest(null, Object(Config\Cache), false)
 9 SYSTEMPATH/Boot.php(334): CodeIgniter\CodeIgniter->run()
10 SYSTEMPATH/Boot.php(67): CodeIgniter\Boot::runCodeIgniter(Object(CodeIgniter\CodeIgniter))
11 FCPATH/index.php(27): CodeIgniter\Boot::bootWeb(Object(Config\Paths))
WARNING - 2025-10-14 14:14:54 --> [DEPRECATED] addslashes(): Passing null to parameter #1 ($string) of type string is deprecated in APPPATH/Views/service_list.php on line 10.
 1 APPPATH/Views/service_list.php(10): addslashes(null)
 2 SYSTEMPATH/View/View.php(224): include('/home/u810214334/domains/embellish-beauty.co.uk/public_html/app/Views/service_list.php')
 3 SYSTEMPATH/View/View.php(227): CodeIgniter\View\View->CodeIgniter\View\{closure}()
 4 SYSTEMPATH/Common.php(1173): CodeIgniter\View\View->render('service_list', [], true)
 5 APPPATH/Controllers/Home.php(129): view('service_list', [...])
 6 SYSTEMPATH/CodeIgniter.php(933): App\Controllers\Home->fetch_services()
 7 SYSTEMPATH/CodeIgniter.php(507): CodeIgniter\CodeIgniter->runController(Object(App\Controllers\Home))
 8 SYSTEMPATH/CodeIgniter.php(354): CodeIgniter\CodeIgniter->handleRequest(null, Object(Config\Cache), false)
 9 SYSTEMPATH/Boot.php(334): CodeIgniter\CodeIgniter->run()
10 SYSTEMPATH/Boot.php(67): CodeIgniter\Boot::runCodeIgniter(Object(CodeIgniter\CodeIgniter))
11 FCPATH/index.php(27): CodeIgniter\Boot::bootWeb(Object(Config\Paths))
WARNING - 2025-10-14 14:14:54 --> [DEPRECATED] addslashes(): Passing null to parameter #1 ($string) of type string is deprecated in APPPATH/Views/service_list.php on line 10.
 1 APPPATH/Views/service_list.php(10): addslashes(null)
 2 SYSTEMPATH/View/View.php(224): include('/home/u810214334/domains/embellish-beauty.co.uk/public_html/app/Views/service_list.php')
 3 SYSTEMPATH/View/View.php(227): CodeIgniter\View\View->CodeIgniter\View\{closure}()
 4 SYSTEMPATH/Common.php(1173): CodeIgniter\View\View->render('service_list', [], true)
 5 APPPATH/Controllers/Home.php(129): view('service_list', [...])
 6 SYSTEMPATH/CodeIgniter.php(933): App\Controllers\Home->fetch_services()
 7 SYSTEMPATH/CodeIgniter.php(507): CodeIgniter\CodeIgniter->runController(Object(App\Controllers\Home))
 8 SYSTEMPATH/CodeIgniter.php(354): CodeIgniter\CodeIgniter->handleRequest(null, Object(Config\Cache), false)
 9 SYSTEMPATH/Boot.php(334): CodeIgniter\CodeIgniter->run()
10 SYSTEMPATH/Boot.php(67): CodeIgniter\Boot::runCodeIgniter(Object(CodeIgniter\CodeIgniter))
11 FCPATH/index.php(27): CodeIgniter\Boot::bootWeb(Object(Config\Paths))
WARNING - 2025-10-14 14:14:54 --> [DEPRECATED] addslashes(): Passing null to parameter #1 ($string) of type string is deprecated in APPPATH/Views/service_list.php on line 10.
 1 APPPATH/Views/service_list.php(10): addslashes(null)
 2 SYSTEMPATH/View/View.php(224): include('/home/u810214334/domains/embellish-beauty.co.uk/public_html/app/Views/service_list.php')
 3 SYSTEMPATH/View/View.php(227): CodeIgniter\View\View->CodeIgniter\View\{closure}()
 4 SYSTEMPATH/Common.php(1173): CodeIgniter\View\View->render('service_list', [], true)
 5 APPPATH/Controllers/Home.php(129): view('service_list', [...])
 6 SYSTEMPATH/CodeIgniter.php(933): App\Controllers\Home->fetch_services()
 7 SYSTEMPATH/CodeIgniter.php(507): CodeIgniter\CodeIgniter->runController(Object(App\Controllers\Home))
 8 SYSTEMPATH/CodeIgniter.php(354): CodeIgniter\CodeIgniter->handleRequest(null, Object(Config\Cache), false)
 9 SYSTEMPATH/Boot.php(334): CodeIgniter\CodeIgniter->run()
10 SYSTEMPATH/Boot.php(67): CodeIgniter\Boot::runCodeIgniter(Object(CodeIgniter\CodeIgniter))
11 FCPATH/index.php(27): CodeIgniter\Boot::bootWeb(Object(Config\Paths))
WARNING - 2025-10-14 14:14:54 --> [DEPRECATED] addslashes(): Passing null to parameter #1 ($string) of type string is deprecated in APPPATH/Views/service_list.php on line 10.
 1 APPPATH/Views/service_list.php(10): addslashes(null)
 2 SYSTEMPATH/View/View.php(224): include('/home/u810214334/domains/embellish-beauty.co.uk/public_html/app/Views/service_list.php')
 3 SYSTEMPATH/View/View.php(227): CodeIgniter\View\View->CodeIgniter\View\{closure}()
 4 SYSTEMPATH/Common.php(1173): CodeIgniter\View\View->render('service_list', [], true)
 5 APPPATH/Controllers/Home.php(129): view('service_list', [...])
 6 SYSTEMPATH/CodeIgniter.php(933): App\Controllers\Home->fetch_services()
 7 SYSTEMPATH/CodeIgniter.php(507): CodeIgniter\CodeIgniter->runController(Object(App\Controllers\Home))
 8 SYSTEMPATH/CodeIgniter.php(354): CodeIgniter\CodeIgniter->handleRequest(null, Object(Config\Cache), false)
 9 SYSTEMPATH/Boot.php(334): CodeIgniter\CodeIgniter->run()
10 SYSTEMPATH/Boot.php(67): CodeIgniter\Boot::runCodeIgniter(Object(CodeIgniter\CodeIgniter))
11 FCPATH/index.php(27): CodeIgniter\Boot::bootWeb(Object(Config\Paths))
WARNING - 2025-10-14 14:14:54 --> [DEPRECATED] addslashes(): Passing null to parameter #1 ($string) of type string is deprecated in APPPATH/Views/service_list.php on line 10.
 1 APPPATH/Views/service_list.php(10): addslashes(null)
 2 SYSTEMPATH/View/View.php(224): include('/home/u810214334/domains/embellish-beauty.co.uk/public_html/app/Views/service_list.php')
 3 SYSTEMPATH/View/View.php(227): CodeIgniter\View\View->CodeIgniter\View\{closure}()
 4 SYSTEMPATH/Common.php(1173): CodeIgniter\View\View->render('service_list', [], true)
 5 APPPATH/Controllers/Home.php(129): view('service_list', [...])
 6 SYSTEMPATH/CodeIgniter.php(933): App\Controllers\Home->fetch_services()
 7 SYSTEMPATH/CodeIgniter.php(507): CodeIgniter\CodeIgniter->runController(Object(App\Controllers\Home))
 8 SYSTEMPATH/CodeIgniter.php(354): CodeIgniter\CodeIgniter->handleRequest(null, Object(Config\Cache), false)
 9 SYSTEMPATH/Boot.php(334): CodeIgniter\CodeIgniter->run()
10 SYSTEMPATH/Boot.php(67): CodeIgniter\Boot::runCodeIgniter(Object(CodeIgniter\CodeIgniter))
11 FCPATH/index.php(27): CodeIgniter\Boot::bootWeb(Object(Config\Paths))
WARNING - 2025-10-14 14:14:54 --> [DEPRECATED] addslashes(): Passing null to parameter #1 ($string) of type string is deprecated in APPPATH/Views/service_list.php on line 10.
 1 APPPATH/Views/service_list.php(10): addslashes(null)
 2 SYSTEMPATH/View/View.php(224): include('/home/u810214334/domains/embellish-beauty.co.uk/public_html/app/Views/service_list.php')
 3 SYSTEMPATH/View/View.php(227): CodeIgniter\View\View->CodeIgniter\View\{closure}()
 4 SYSTEMPATH/Common.php(1173): CodeIgniter\View\View->render('service_list', [], true)
 5 APPPATH/Controllers/Home.php(129): view('service_list', [...])
 6 SYSTEMPATH/CodeIgniter.php(933): App\Controllers\Home->fetch_services()
 7 SYSTEMPATH/CodeIgniter.php(507): CodeIgniter\CodeIgniter->runController(Object(App\Controllers\Home))
 8 SYSTEMPATH/CodeIgniter.php(354): CodeIgniter\CodeIgniter->handleRequest(null, Object(Config\Cache), false)
 9 SYSTEMPATH/Boot.php(334): CodeIgniter\CodeIgniter->run()
10 SYSTEMPATH/Boot.php(67): CodeIgniter\Boot::runCodeIgniter(Object(CodeIgniter\CodeIgniter))
11 FCPATH/index.php(27): CodeIgniter\Boot::bootWeb(Object(Config\Paths))
WARNING - 2025-10-14 14:14:54 --> [DEPRECATED] addslashes(): Passing null to parameter #1 ($string) of type string is deprecated in APPPATH/Views/service_list.php on line 10.
 1 APPPATH/Views/service_list.php(10): addslashes(null)
 2 SYSTEMPATH/View/View.php(224): include('/home/u810214334/domains/embellish-beauty.co.uk/public_html/app/Views/service_list.php')
 3 SYSTEMPATH/View/View.php(227): CodeIgniter\View\View->CodeIgniter\View\{closure}()
 4 SYSTEMPATH/Common.php(1173): CodeIgniter\View\View->render('service_list', [], true)
 5 APPPATH/Controllers/Home.php(129): view('service_list', [...])
 6 SYSTEMPATH/CodeIgniter.php(933): App\Controllers\Home->fetch_services()
 7 SYSTEMPATH/CodeIgniter.php(507): CodeIgniter\CodeIgniter->runController(Object(App\Controllers\Home))
 8 SYSTEMPATH/CodeIgniter.php(354): CodeIgniter\CodeIgniter->handleRequest(null, Object(Config\Cache), false)
 9 SYSTEMPATH/Boot.php(334): CodeIgniter\CodeIgniter->run()
10 SYSTEMPATH/Boot.php(67): CodeIgniter\Boot::runCodeIgniter(Object(CodeIgniter\CodeIgniter))
11 FCPATH/index.php(27): CodeIgniter\Boot::bootWeb(Object(Config\Paths))
WARNING - 2025-10-14 14:14:54 --> [DEPRECATED] addslashes(): Passing null to parameter #1 ($string) of type string is deprecated in APPPATH/Views/service_list.php on line 10.
 1 APPPATH/Views/service_list.php(10): addslashes(null)
 2 SYSTEMPATH/View/View.php(224): include('/home/u810214334/domains/embellish-beauty.co.uk/public_html/app/Views/service_list.php')
 3 SYSTEMPATH/View/View.php(227): CodeIgniter\View\View->CodeIgniter\View\{closure}()
 4 SYSTEMPATH/Common.php(1173): CodeIgniter\View\View->render('service_list', [], true)
 5 APPPATH/Controllers/Home.php(129): view('service_list', [...])
 6 SYSTEMPATH/CodeIgniter.php(933): App\Controllers\Home->fetch_services()
 7 SYSTEMPATH/CodeIgniter.php(507): CodeIgniter\CodeIgniter->runController(Object(App\Controllers\Home))
 8 SYSTEMPATH/CodeIgniter.php(354): CodeIgniter\CodeIgniter->handleRequest(null, Object(Config\Cache), false)
 9 SYSTEMPATH/Boot.php(334): CodeIgniter\CodeIgniter->run()
10 SYSTEMPATH/Boot.php(67): CodeIgniter\Boot::runCodeIgniter(Object(CodeIgniter\CodeIgniter))
11 FCPATH/index.php(27): CodeIgniter\Boot::bootWeb(Object(Config\Paths))
WARNING - 2025-10-14 14:14:54 --> [DEPRECATED] addslashes(): Passing null to parameter #1 ($string) of type string is deprecated in APPPATH/Views/service_list.php on line 10.
 1 APPPATH/Views/service_list.php(10): addslashes(null)
 2 SYSTEMPATH/View/View.php(224): include('/home/u810214334/domains/embellish-beauty.co.uk/public_html/app/Views/service_list.php')
 3 SYSTEMPATH/View/View.php(227): CodeIgniter\View\View->CodeIgniter\View\{closure}()
 4 SYSTEMPATH/Common.php(1173): CodeIgniter\View\View->render('service_list', [], true)
 5 APPPATH/Controllers/Home.php(129): view('service_list', [...])
 6 SYSTEMPATH/CodeIgniter.php(933): App\Controllers\Home->fetch_services()
 7 SYSTEMPATH/CodeIgniter.php(507): CodeIgniter\CodeIgniter->runController(Object(App\Controllers\Home))
 8 SYSTEMPATH/CodeIgniter.php(354): CodeIgniter\CodeIgniter->handleRequest(null, Object(Config\Cache), false)
 9 SYSTEMPATH/Boot.php(334): CodeIgniter\CodeIgniter->run()
10 SYSTEMPATH/Boot.php(67): CodeIgniter\Boot::runCodeIgniter(Object(CodeIgniter\CodeIgniter))
11 FCPATH/index.php(27): CodeIgniter\Boot::bootWeb(Object(Config\Paths))
WARNING - 2025-10-14 14:14:54 --> [DEPRECATED] addslashes(): Passing null to parameter #1 ($string) of type string is deprecated in APPPATH/Views/service_list.php on line 10.
 1 APPPATH/Views/service_list.php(10): addslashes(null)
 2 SYSTEMPATH/View/View.php(224): include('/home/u810214334/domains/embellish-beauty.co.uk/public_html/app/Views/service_list.php')
 3 SYSTEMPATH/View/View.php(227): CodeIgniter\View\View->CodeIgniter\View\{closure}()
 4 SYSTEMPATH/Common.php(1173): CodeIgniter\View\View->render('service_list', [], true)
 5 APPPATH/Controllers/Home.php(129): view('service_list', [...])
 6 SYSTEMPATH/CodeIgniter.php(933): App\Controllers\Home->fetch_services()
 7 SYSTEMPATH/CodeIgniter.php(507): CodeIgniter\CodeIgniter->runController(Object(App\Controllers\Home))
 8 SYSTEMPATH/CodeIgniter.php(354): CodeIgniter\CodeIgniter->handleRequest(null, Object(Config\Cache), false)
 9 SYSTEMPATH/Boot.php(334): CodeIgniter\CodeIgniter->run()
10 SYSTEMPATH/Boot.php(67): CodeIgniter\Boot::runCodeIgniter(Object(CodeIgniter\CodeIgniter))
11 FCPATH/index.php(27): CodeIgniter\Boot::bootWeb(Object(Config\Paths))
DEBUG - 2025-10-14 14:14:57 --> Session: Class initialized using 'CodeIgniter\Session\Handlers\FileHandler' driver.
DEBUG - 2025-10-14 14:15:02 --> Session: Class initialized using 'CodeIgniter\Session\Handlers\FileHandler' driver.
DEBUG - 2025-10-14 14:15:03 --> Session: Class initialized using 'CodeIgniter\Session\Handlers\FileHandler' driver.
DEBUG - 2025-10-14 14:15:03 --> Session: Class initialized using 'CodeIgniter\Session\Handlers\FileHandler' driver.
DEBUG - 2025-10-14 14:15:03 --> Session: Class initialized using 'CodeIgniter\Session\Handlers\FileHandler' driver.
WARNING - 2025-10-14 14:15:03 --> [DEPRECATED] addslashes(): Passing null to parameter #1 ($string) of type string is deprecated in APPPATH/Views/service_list.php on line 10.
 1 APPPATH/Views/service_list.php(10): addslashes(null)
 2 SYSTEMPATH/View/View.php(224): include('/home/u810214334/domains/embellish-beauty.co.uk/public_html/app/Views/service_list.php')
 3 SYSTEMPATH/View/View.php(227): CodeIgniter\View\View->CodeIgniter\View\{closure}()
 4 SYSTEMPATH/Common.php(1173): CodeIgniter\View\View->render('service_list', [], true)
 5 APPPATH/Controllers/Home.php(129): view('service_list', [...])
 6 SYSTEMPATH/CodeIgniter.php(933): App\Controllers\Home->fetch_services()
 7 SYSTEMPATH/CodeIgniter.php(507): CodeIgniter\CodeIgniter->runController(Object(App\Controllers\Home))
 8 SYSTEMPATH/CodeIgniter.php(354): CodeIgniter\CodeIgniter->handleRequest(null, Object(Config\Cache), false)
 9 SYSTEMPATH/Boot.php(334): CodeIgniter\CodeIgniter->run()
10 SYSTEMPATH/Boot.php(67): CodeIgniter\Boot::runCodeIgniter(Object(CodeIgniter\CodeIgniter))
11 FCPATH/index.php(27): CodeIgniter\Boot::bootWeb(Object(Config\Paths))
WARNING - 2025-10-14 14:15:03 --> [DEPRECATED] addslashes(): Passing null to parameter #1 ($string) of type string is deprecated in APPPATH/Views/service_list.php on line 10.
 1 APPPATH/Views/service_list.php(10): addslashes(null)
 2 SYSTEMPATH/View/View.php(224): include('/home/u810214334/domains/embellish-beauty.co.uk/public_html/app/Views/service_list.php')
 3 SYSTEMPATH/View/View.php(227): CodeIgniter\View\View->CodeIgniter\View\{closure}()
 4 SYSTEMPATH/Common.php(1173): CodeIgniter\View\View->render('service_list', [], true)
 5 APPPATH/Controllers/Home.php(129): view('service_list', [...])
 6 SYSTEMPATH/CodeIgniter.php(933): App\Controllers\Home->fetch_services()
 7 SYSTEMPATH/CodeIgniter.php(507): CodeIgniter\CodeIgniter->runController(Object(App\Controllers\Home))
 8 SYSTEMPATH/CodeIgniter.php(354): CodeIgniter\CodeIgniter->handleRequest(null, Object(Config\Cache), false)
 9 SYSTEMPATH/Boot.php(334): CodeIgniter\CodeIgniter->run()
10 SYSTEMPATH/Boot.php(67): CodeIgniter\Boot::runCodeIgniter(Object(CodeIgniter\CodeIgniter))
11 FCPATH/index.php(27): CodeIgniter\Boot::bootWeb(Object(Config\Paths))
WARNING - 2025-10-14 14:15:03 --> [DEPRECATED] addslashes(): Passing null to parameter #1 ($string) of type string is deprecated in APPPATH/Views/service_list.php on line 10.
 1 APPPATH/Views/service_list.php(10): addslashes(null)
 2 SYSTEMPATH/View/View.php(224): include('/home/u810214334/domains/embellish-beauty.co.uk/public_html/app/Views/service_list.php')
 3 SYSTEMPATH/View/View.php(227): CodeIgniter\View\View->CodeIgniter\View\{closure}()
 4 SYSTEMPATH/Common.php(1173): CodeIgniter\View\View->render('service_list', [], true)
 5 APPPATH/Controllers/Home.php(129): view('service_list', [...])
 6 SYSTEMPATH/CodeIgniter.php(933): App\Controllers\Home->fetch_services()
 7 SYSTEMPATH/CodeIgniter.php(507): CodeIgniter\CodeIgniter->runController(Object(App\Controllers\Home))
 8 SYSTEMPATH/CodeIgniter.php(354): CodeIgniter\CodeIgniter->handleRequest(null, Object(Config\Cache), false)
 9 SYSTEMPATH/Boot.php(334): CodeIgniter\CodeIgniter->run()
10 SYSTEMPATH/Boot.php(67): CodeIgniter\Boot::runCodeIgniter(Object(CodeIgniter\CodeIgniter))
11 FCPATH/index.php(27): CodeIgniter\Boot::bootWeb(Object(Config\Paths))
WARNING - 2025-10-14 14:15:03 --> [DEPRECATED] addslashes(): Passing null to parameter #1 ($string) of type string is deprecated in APPPATH/Views/service_list.php on line 10.
 1 APPPATH/Views/service_list.php(10): addslashes(null)
 2 SYSTEMPATH/View/View.php(224): include('/home/u810214334/domains/embellish-beauty.co.uk/public_html/app/Views/service_list.php')
 3 SYSTEMPATH/View/View.php(227): CodeIgniter\View\View->CodeIgniter\View\{closure}()
 4 SYSTEMPATH/Common.php(1173): CodeIgniter\View\View->render('service_list', [], true)
 5 APPPATH/Controllers/Home.php(129): view('service_list', [...])
 6 SYSTEMPATH/CodeIgniter.php(933): App\Controllers\Home->fetch_services()
 7 SYSTEMPATH/CodeIgniter.php(507): CodeIgniter\CodeIgniter->runController(Object(App\Controllers\Home))
 8 SYSTEMPATH/CodeIgniter.php(354): CodeIgniter\CodeIgniter->handleRequest(null, Object(Config\Cache), false)
 9 SYSTEMPATH/Boot.php(334): CodeIgniter\CodeIgniter->run()
10 SYSTEMPATH/Boot.php(67): CodeIgniter\Boot::runCodeIgniter(Object(CodeIgniter\CodeIgniter))
11 FCPATH/index.php(27): CodeIgniter\Boot::bootWeb(Object(Config\Paths))
WARNING - 2025-10-14 14:15:03 --> [DEPRECATED] addslashes(): Passing null to parameter #1 ($string) of type string is deprecated in APPPATH/Views/service_list.php on line 10.
 1 APPPATH/Views/service_list.php(10): addslashes(null)
 2 SYSTEMPATH/View/View.php(224): include('/home/u810214334/domains/embellish-beauty.co.uk/public_html/app/Views/service_list.php')
 3 SYSTEMPATH/View/View.php(227): CodeIgniter\View\View->CodeIgniter\View\{closure}()
 4 SYSTEMPATH/Common.php(1173): CodeIgniter\View\View->render('service_list', [], true)
 5 APPPATH/Controllers/Home.php(129): view('service_list', [...])
 6 SYSTEMPATH/CodeIgniter.php(933): App\Controllers\Home->fetch_services()
 7 SYSTEMPATH/CodeIgniter.php(507): CodeIgniter\CodeIgniter->runController(Object(App\Controllers\Home))
 8 SYSTEMPATH/CodeIgniter.php(354): CodeIgniter\CodeIgniter->handleRequest(null, Object(Config\Cache), false)
 9 SYSTEMPATH/Boot.php(334): CodeIgniter\CodeIgniter->run()
10 SYSTEMPATH/Boot.php(67): CodeIgniter\Boot::runCodeIgniter(Object(CodeIgniter\CodeIgniter))
11 FCPATH/index.php(27): CodeIgniter\Boot::bootWeb(Object(Config\Paths))
WARNING - 2025-10-14 14:15:03 --> [DEPRECATED] addslashes(): Passing null to parameter #1 ($string) of type string is deprecated in APPPATH/Views/service_list.php on line 10.
 1 APPPATH/Views/service_list.php(10): addslashes(null)
 2 SYSTEMPATH/View/View.php(224): include('/home/u810214334/domains/embellish-beauty.co.uk/public_html/app/Views/service_list.php')
 3 SYSTEMPATH/View/View.php(227): CodeIgniter\View\View->CodeIgniter\View\{closure}()
 4 SYSTEMPATH/Common.php(1173): CodeIgniter\View\View->render('service_list', [], true)
 5 APPPATH/Controllers/Home.php(129): view('service_list', [...])
 6 SYSTEMPATH/CodeIgniter.php(933): App\Controllers\Home->fetch_services()
 7 SYSTEMPATH/CodeIgniter.php(507): CodeIgniter\CodeIgniter->runController(Object(App\Controllers\Home))
 8 SYSTEMPATH/CodeIgniter.php(354): CodeIgniter\CodeIgniter->handleRequest(null, Object(Config\Cache), false)
 9 SYSTEMPATH/Boot.php(334): CodeIgniter\CodeIgniter->run()
10 SYSTEMPATH/Boot.php(67): CodeIgniter\Boot::runCodeIgniter(Object(CodeIgniter\CodeIgniter))
11 FCPATH/index.php(27): CodeIgniter\Boot::bootWeb(Object(Config\Paths))
WARNING - 2025-10-14 14:15:03 --> [DEPRECATED] addslashes(): Passing null to parameter #1 ($string) of type string is deprecated in APPPATH/Views/service_list.php on line 10.
 1 APPPATH/Views/service_list.php(10): addslashes(null)
 2 SYSTEMPATH/View/View.php(224): include('/home/u810214334/domains/embellish-beauty.co.uk/public_html/app/Views/service_list.php')
 3 SYSTEMPATH/View/View.php(227): CodeIgniter\View\View->CodeIgniter\View\{closure}()
 4 SYSTEMPATH/Common.php(1173): CodeIgniter\View\View->render('service_list', [], true)
 5 APPPATH/Controllers/Home.php(129): view('service_list', [...])
 6 SYSTEMPATH/CodeIgniter.php(933): App\Controllers\Home->fetch_services()
 7 SYSTEMPATH/CodeIgniter.php(507): CodeIgniter\CodeIgniter->runController(Object(App\Controllers\Home))
 8 SYSTEMPATH/CodeIgniter.php(354): CodeIgniter\CodeIgniter->handleRequest(null, Object(Config\Cache), false)
 9 SYSTEMPATH/Boot.php(334): CodeIgniter\CodeIgniter->run()
10 SYSTEMPATH/Boot.php(67): CodeIgniter\Boot::runCodeIgniter(Object(CodeIgniter\CodeIgniter))
11 FCPATH/index.php(27): CodeIgniter\Boot::bootWeb(Object(Config\Paths))
WARNING - 2025-10-14 14:15:03 --> [DEPRECATED] addslashes(): Passing null to parameter #1 ($string) of type string is deprecated in APPPATH/Views/service_list.php on line 10.
 1 APPPATH/Views/service_list.php(10): addslashes(null)
 2 SYSTEMPATH/View/View.php(224): include('/home/u810214334/domains/embellish-beauty.co.uk/public_html/app/Views/service_list.php')
 3 SYSTEMPATH/View/View.php(227): CodeIgniter\View\View->CodeIgniter\View\{closure}()
 4 SYSTEMPATH/Common.php(1173): CodeIgniter\View\View->render('service_list', [], true)
 5 APPPATH/Controllers/Home.php(129): view('service_list', [...])
 6 SYSTEMPATH/CodeIgniter.php(933): App\Controllers\Home->fetch_services()
 7 SYSTEMPATH/CodeIgniter.php(507): CodeIgniter\CodeIgniter->runController(Object(App\Controllers\Home))
 8 SYSTEMPATH/CodeIgniter.php(354): CodeIgniter\CodeIgniter->handleRequest(null, Object(Config\Cache), false)
 9 SYSTEMPATH/Boot.php(334): CodeIgniter\CodeIgniter->run()
10 SYSTEMPATH/Boot.php(67): CodeIgniter\Boot::runCodeIgniter(Object(CodeIgniter\CodeIgniter))
11 FCPATH/index.php(27): CodeIgniter\Boot::bootWeb(Object(Config\Paths))
WARNING - 2025-10-14 14:15:03 --> [DEPRECATED] addslashes(): Passing null to parameter #1 ($string) of type string is deprecated in APPPATH/Views/service_list.php on line 10.
 1 APPPATH/Views/service_list.php(10): addslashes(null)
 2 SYSTEMPATH/View/View.php(224): include('/home/u810214334/domains/embellish-beauty.co.uk/public_html/app/Views/service_list.php')
 3 SYSTEMPATH/View/View.php(227): CodeIgniter\View\View->CodeIgniter\View\{closure}()
 4 SYSTEMPATH/Common.php(1173): CodeIgniter\View\View->render('service_list', [], true)
 5 APPPATH/Controllers/Home.php(129): view('service_list', [...])
 6 SYSTEMPATH/CodeIgniter.php(933): App\Controllers\Home->fetch_services()
 7 SYSTEMPATH/CodeIgniter.php(507): CodeIgniter\CodeIgniter->runController(Object(App\Controllers\Home))
 8 SYSTEMPATH/CodeIgniter.php(354): CodeIgniter\CodeIgniter->handleRequest(null, Object(Config\Cache), false)
 9 SYSTEMPATH/Boot.php(334): CodeIgniter\CodeIgniter->run()
10 SYSTEMPATH/Boot.php(67): CodeIgniter\Boot::runCodeIgniter(Object(CodeIgniter\CodeIgniter))
11 FCPATH/index.php(27): CodeIgniter\Boot::bootWeb(Object(Config\Paths))
WARNING - 2025-10-14 14:15:03 --> [DEPRECATED] addslashes(): Passing null to parameter #1 ($string) of type string is deprecated in APPPATH/Views/service_list.php on line 10.
 1 APPPATH/Views/service_list.php(10): addslashes(null)
 2 SYSTEMPATH/View/View.php(224): include('/home/u810214334/domains/embellish-beauty.co.uk/public_html/app/Views/service_list.php')
 3 SYSTEMPATH/View/View.php(227): CodeIgniter\View\View->CodeIgniter\View\{closure}()
 4 SYSTEMPATH/Common.php(1173): CodeIgniter\View\View->render('service_list', [], true)
 5 APPPATH/Controllers/Home.php(129): view('service_list', [...])
 6 SYSTEMPATH/CodeIgniter.php(933): App\Controllers\Home->fetch_services()
 7 SYSTEMPATH/CodeIgniter.php(507): CodeIgniter\CodeIgniter->runController(Object(App\Controllers\Home))
 8 SYSTEMPATH/CodeIgniter.php(354): CodeIgniter\CodeIgniter->handleRequest(null, Object(Config\Cache), false)
 9 SYSTEMPATH/Boot.php(334): CodeIgniter\CodeIgniter->run()
10 SYSTEMPATH/Boot.php(67): CodeIgniter\Boot::runCodeIgniter(Object(CodeIgniter\CodeIgniter))
11 FCPATH/index.php(27): CodeIgniter\Boot::bootWeb(Object(Config\Paths))
WARNING - 2025-10-14 14:15:03 --> [DEPRECATED] addslashes(): Passing null to parameter #1 ($string) of type string is deprecated in APPPATH/Views/service_list.php on line 10.
 1 APPPATH/Views/service_list.php(10): addslashes(null)
 2 SYSTEMPATH/View/View.php(224): include('/home/u810214334/domains/embellish-beauty.co.uk/public_html/app/Views/service_list.php')
 3 SYSTEMPATH/View/View.php(227): CodeIgniter\View\View->CodeIgniter\View\{closure}()
 4 SYSTEMPATH/Common.php(1173): CodeIgniter\View\View->render('service_list', [], true)
 5 APPPATH/Controllers/Home.php(129): view('service_list', [...])
 6 SYSTEMPATH/CodeIgniter.php(933): App\Controllers\Home->fetch_services()
 7 SYSTEMPATH/CodeIgniter.php(507): CodeIgniter\CodeIgniter->runController(Object(App\Controllers\Home))
 8 SYSTEMPATH/CodeIgniter.php(354): CodeIgniter\CodeIgniter->handleRequest(null, Object(Config\Cache), false)
 9 SYSTEMPATH/Boot.php(334): CodeIgniter\CodeIgniter->run()
10 SYSTEMPATH/Boot.php(67): CodeIgniter\Boot::runCodeIgniter(Object(CodeIgniter\CodeIgniter))
11 FCPATH/index.php(27): CodeIgniter\Boot::bootWeb(Object(Config\Paths))
WARNING - 2025-10-14 14:15:03 --> [DEPRECATED] addslashes(): Passing null to parameter #1 ($string) of type string is deprecated in APPPATH/Views/service_list.php on line 10.
 1 APPPATH/Views/service_list.php(10): addslashes(null)
 2 SYSTEMPATH/View/View.php(224): include('/home/u810214334/domains/embellish-beauty.co.uk/public_html/app/Views/service_list.php')
 3 SYSTEMPATH/View/View.php(227): CodeIgniter\View\View->CodeIgniter\View\{closure}()
 4 SYSTEMPATH/Common.php(1173): CodeIgniter\View\View->render('service_list', [], true)
 5 APPPATH/Controllers/Home.php(129): view('service_list', [...])
 6 SYSTEMPATH/CodeIgniter.php(933): App\Controllers\Home->fetch_services()
 7 SYSTEMPATH/CodeIgniter.php(507): CodeIgniter\CodeIgniter->runController(Object(App\Controllers\Home))
 8 SYSTEMPATH/CodeIgniter.php(354): CodeIgniter\CodeIgniter->handleRequest(null, Object(Config\Cache), false)
 9 SYSTEMPATH/Boot.php(334): CodeIgniter\CodeIgniter->run()
10 SYSTEMPATH/Boot.php(67): CodeIgniter\Boot::runCodeIgniter(Object(CodeIgniter\CodeIgniter))
11 FCPATH/index.php(27): CodeIgniter\Boot::bootWeb(Object(Config\Paths))
WARNING - 2025-10-14 14:15:03 --> [DEPRECATED] addslashes(): Passing null to parameter #1 ($string) of type string is deprecated in APPPATH/Views/service_list.php on line 10.
 1 APPPATH/Views/service_list.php(10): addslashes(null)
 2 SYSTEMPATH/View/View.php(224): include('/home/u810214334/domains/embellish-beauty.co.uk/public_html/app/Views/service_list.php')
 3 SYSTEMPATH/View/View.php(227): CodeIgniter\View\View->CodeIgniter\View\{closure}()
 4 SYSTEMPATH/Common.php(1173): CodeIgniter\View\View->render('service_list', [], true)
 5 APPPATH/Controllers/Home.php(129): view('service_list', [...])
 6 SYSTEMPATH/CodeIgniter.php(933): App\Controllers\Home->fetch_services()
 7 SYSTEMPATH/CodeIgniter.php(507): CodeIgniter\CodeIgniter->runController(Object(App\Controllers\Home))
 8 SYSTEMPATH/CodeIgniter.php(354): CodeIgniter\CodeIgniter->handleRequest(null, Object(Config\Cache), false)
 9 SYSTEMPATH/Boot.php(334): CodeIgniter\CodeIgniter->run()
10 SYSTEMPATH/Boot.php(67): CodeIgniter\Boot::runCodeIgniter(Object(CodeIgniter\CodeIgniter))
11 FCPATH/index.php(27): CodeIgniter\Boot::bootWeb(Object(Config\Paths))
WARNING - 2025-10-14 14:15:03 --> [DEPRECATED] addslashes(): Passing null to parameter #1 ($string) of type string is deprecated in APPPATH/Views/service_list.php on line 10.
 1 APPPATH/Views/service_list.php(10): addslashes(null)
 2 SYSTEMPATH/View/View.php(224): include('/home/u810214334/domains/embellish-beauty.co.uk/public_html/app/Views/service_list.php')
 3 SYSTEMPATH/View/View.php(227): CodeIgniter\View\View->CodeIgniter\View\{closure}()
 4 SYSTEMPATH/Common.php(1173): CodeIgniter\View\View->render('service_list', [], true)
 5 APPPATH/Controllers/Home.php(129): view('service_list', [...])
 6 SYSTEMPATH/CodeIgniter.php(933): App\Controllers\Home->fetch_services()
 7 SYSTEMPATH/CodeIgniter.php(507): CodeIgniter\CodeIgniter->runController(Object(App\Controllers\Home))
 8 SYSTEMPATH/CodeIgniter.php(354): CodeIgniter\CodeIgniter->handleRequest(null, Object(Config\Cache), false)
 9 SYSTEMPATH/Boot.php(334): CodeIgniter\CodeIgniter->run()
10 SYSTEMPATH/Boot.php(67): CodeIgniter\Boot::runCodeIgniter(Object(CodeIgniter\CodeIgniter))
11 FCPATH/index.php(27): CodeIgniter\Boot::bootWeb(Object(Config\Paths))
WARNING - 2025-10-14 14:15:03 --> [DEPRECATED] addslashes(): Passing null to parameter #1 ($string) of type string is deprecated in APPPATH/Views/service_list.php on line 10.
 1 APPPATH/Views/service_list.php(10): addslashes(null)
 2 SYSTEMPATH/View/View.php(224): include('/home/u810214334/domains/embellish-beauty.co.uk/public_html/app/Views/service_list.php')
 3 SYSTEMPATH/View/View.php(227): CodeIgniter\View\View->CodeIgniter\View\{closure}()
 4 SYSTEMPATH/Common.php(1173): CodeIgniter\View\View->render('service_list', [], true)
 5 APPPATH/Controllers/Home.php(129): view('service_list', [...])
 6 SYSTEMPATH/CodeIgniter.php(933): App\Controllers\Home->fetch_services()
 7 SYSTEMPATH/CodeIgniter.php(507): CodeIgniter\CodeIgniter->runController(Object(App\Controllers\Home))
 8 SYSTEMPATH/CodeIgniter.php(354): CodeIgniter\CodeIgniter->handleRequest(null, Object(Config\Cache), false)
 9 SYSTEMPATH/Boot.php(334): CodeIgniter\CodeIgniter->run()
10 SYSTEMPATH/Boot.php(67): CodeIgniter\Boot::runCodeIgniter(Object(CodeIgniter\CodeIgniter))
11 FCPATH/index.php(27): CodeIgniter\Boot::bootWeb(Object(Config\Paths))
WARNING - 2025-10-14 14:15:03 --> [DEPRECATED] addslashes(): Passing null to parameter #1 ($string) of type string is deprecated in APPPATH/Views/service_list.php on line 10.
 1 APPPATH/Views/service_list.php(10): addslashes(null)
 2 SYSTEMPATH/View/View.php(224): include('/home/u810214334/domains/embellish-beauty.co.uk/public_html/app/Views/service_list.php')
 3 SYSTEMPATH/View/View.php(227): CodeIgniter\View\View->CodeIgniter\View\{closure}()
 4 SYSTEMPATH/Common.php(1173): CodeIgniter\View\View->render('service_list', [], true)
 5 APPPATH/Controllers/Home.php(129): view('service_list', [...])
 6 SYSTEMPATH/CodeIgniter.php(933): App\Controllers\Home->fetch_services()
 7 SYSTEMPATH/CodeIgniter.php(507): CodeIgniter\CodeIgniter->runController(Object(App\Controllers\Home))
 8 SYSTEMPATH/CodeIgniter.php(354): CodeIgniter\CodeIgniter->handleRequest(null, Object(Config\Cache), false)
 9 SYSTEMPATH/Boot.php(334): CodeIgniter\CodeIgniter->run()
10 SYSTEMPATH/Boot.php(67): CodeIgniter\Boot::runCodeIgniter(Object(CodeIgniter\CodeIgniter))
11 FCPATH/index.php(27): CodeIgniter\Boot::bootWeb(Object(Config\Paths))
DEBUG - 2025-10-14 14:15:14 --> Session: Class initialized using 'CodeIgniter\Session\Handlers\FileHandler' driver.
WARNING - 2025-10-14 14:15:14 --> [DEPRECATED] addslashes(): Passing null to parameter #1 ($string) of type string is deprecated in APPPATH/Views/service_list.php on line 10.
 1 APPPATH/Views/service_list.php(10): addslashes(null)
 2 SYSTEMPATH/View/View.php(224): include('/home/u810214334/domains/embellish-beauty.co.uk/public_html/app/Views/service_list.php')
 3 SYSTEMPATH/View/View.php(227): CodeIgniter\View\View->CodeIgniter\View\{closure}()
 4 SYSTEMPATH/Common.php(1173): CodeIgniter\View\View->render('service_list', [], true)
 5 APPPATH/Controllers/Home.php(129): view('service_list', [...])
 6 SYSTEMPATH/CodeIgniter.php(933): App\Controllers\Home->fetch_services()
 7 SYSTEMPATH/CodeIgniter.php(507): CodeIgniter\CodeIgniter->runController(Object(App\Controllers\Home))
 8 SYSTEMPATH/CodeIgniter.php(354): CodeIgniter\CodeIgniter->handleRequest(null, Object(Config\Cache), false)
 9 SYSTEMPATH/Boot.php(334): CodeIgniter\CodeIgniter->run()
10 SYSTEMPATH/Boot.php(67): CodeIgniter\Boot::runCodeIgniter(Object(CodeIgniter\CodeIgniter))
11 FCPATH/index.php(27): CodeIgniter\Boot::bootWeb(Object(Config\Paths))
WARNING - 2025-10-14 14:15:14 --> [DEPRECATED] addslashes(): Passing null to parameter #1 ($string) of type string is deprecated in APPPATH/Views/service_list.php on line 10.
 1 APPPATH/Views/service_list.php(10): addslashes(null)
 2 SYSTEMPATH/View/View.php(224): include('/home/u810214334/domains/embellish-beauty.co.uk/public_html/app/Views/service_list.php')
 3 SYSTEMPATH/View/View.php(227): CodeIgniter\View\View->CodeIgniter\View\{closure}()
 4 SYSTEMPATH/Common.php(1173): CodeIgniter\View\View->render('service_list', [], true)
 5 APPPATH/Controllers/Home.php(129): view('service_list', [...])
 6 SYSTEMPATH/CodeIgniter.php(933): App\Controllers\Home->fetch_services()
 7 SYSTEMPATH/CodeIgniter.php(507): CodeIgniter\CodeIgniter->runController(Object(App\Controllers\Home))
 8 SYSTEMPATH/CodeIgniter.php(354): CodeIgniter\CodeIgniter->handleRequest(null, Object(Config\Cache), false)
 9 SYSTEMPATH/Boot.php(334): CodeIgniter\CodeIgniter->run()
10 SYSTEMPATH/Boot.php(67): CodeIgniter\Boot::runCodeIgniter(Object(CodeIgniter\CodeIgniter))
11 FCPATH/index.php(27): CodeIgniter\Boot::bootWeb(Object(Config\Paths))
WARNING - 2025-10-14 14:15:14 --> [DEPRECATED] addslashes(): Passing null to parameter #1 ($string) of type string is deprecated in APPPATH/Views/service_list.php on line 10.
 1 APPPATH/Views/service_list.php(10): addslashes(null)
 2 SYSTEMPATH/View/View.php(224): include('/home/u810214334/domains/embellish-beauty.co.uk/public_html/app/Views/service_list.php')
 3 SYSTEMPATH/View/View.php(227): CodeIgniter\View\View->CodeIgniter\View\{closure}()
 4 SYSTEMPATH/Common.php(1173): CodeIgniter\View\View->render('service_list', [], true)
 5 APPPATH/Controllers/Home.php(129): view('service_list', [...])
 6 SYSTEMPATH/CodeIgniter.php(933): App\Controllers\Home->fetch_services()
 7 SYSTEMPATH/CodeIgniter.php(507): CodeIgniter\CodeIgniter->runController(Object(App\Controllers\Home))
 8 SYSTEMPATH/CodeIgniter.php(354): CodeIgniter\CodeIgniter->handleRequest(null, Object(Config\Cache), false)
 9 SYSTEMPATH/Boot.php(334): CodeIgniter\CodeIgniter->run()
10 SYSTEMPATH/Boot.php(67): CodeIgniter\Boot::runCodeIgniter(Object(CodeIgniter\CodeIgniter))
11 FCPATH/index.php(27): CodeIgniter\Boot::bootWeb(Object(Config\Paths))
WARNING - 2025-10-14 14:15:14 --> [DEPRECATED] addslashes(): Passing null to parameter #1 ($string) of type string is deprecated in APPPATH/Views/service_list.php on line 10.
 1 APPPATH/Views/service_list.php(10): addslashes(null)
 2 SYSTEMPATH/View/View.php(224): include('/home/u810214334/domains/embellish-beauty.co.uk/public_html/app/Views/service_list.php')
 3 SYSTEMPATH/View/View.php(227): CodeIgniter\View\View->CodeIgniter\View\{closure}()
 4 SYSTEMPATH/Common.php(1173): CodeIgniter\View\View->render('service_list', [], true)
 5 APPPATH/Controllers/Home.php(129): view('service_list', [...])
 6 SYSTEMPATH/CodeIgniter.php(933): App\Controllers\Home->fetch_services()
 7 SYSTEMPATH/CodeIgniter.php(507): CodeIgniter\CodeIgniter->runController(Object(App\Controllers\Home))
 8 SYSTEMPATH/CodeIgniter.php(354): CodeIgniter\CodeIgniter->handleRequest(null, Object(Config\Cache), false)
 9 SYSTEMPATH/Boot.php(334): CodeIgniter\CodeIgniter->run()
10 SYSTEMPATH/Boot.php(67): CodeIgniter\Boot::runCodeIgniter(Object(CodeIgniter\CodeIgniter))
11 FCPATH/index.php(27): CodeIgniter\Boot::bootWeb(Object(Config\Paths))
WARNING - 2025-10-14 14:15:14 --> [DEPRECATED] addslashes(): Passing null to parameter #1 ($string) of type string is deprecated in APPPATH/Views/service_list.php on line 10.
 1 APPPATH/Views/service_list.php(10): addslashes(null)
 2 SYSTEMPATH/View/View.php(224): include('/home/u810214334/domains/embellish-beauty.co.uk/public_html/app/Views/service_list.php')
 3 SYSTEMPATH/View/View.php(227): CodeIgniter\View\View->CodeIgniter\View\{closure}()
 4 SYSTEMPATH/Common.php(1173): CodeIgniter\View\View->render('service_list', [], true)
 5 APPPATH/Controllers/Home.php(129): view('service_list', [...])
 6 SYSTEMPATH/CodeIgniter.php(933): App\Controllers\Home->fetch_services()
 7 SYSTEMPATH/CodeIgniter.php(507): CodeIgniter\CodeIgniter->runController(Object(App\Controllers\Home))
 8 SYSTEMPATH/CodeIgniter.php(354): CodeIgniter\CodeIgniter->handleRequest(null, Object(Config\Cache), false)
 9 SYSTEMPATH/Boot.php(334): CodeIgniter\CodeIgniter->run()
10 SYSTEMPATH/Boot.php(67): CodeIgniter\Boot::runCodeIgniter(Object(CodeIgniter\CodeIgniter))
11 FCPATH/index.php(27): CodeIgniter\Boot::bootWeb(Object(Config\Paths))
WARNING - 2025-10-14 14:15:14 --> [DEPRECATED] addslashes(): Passing null to parameter #1 ($string) of type string is deprecated in APPPATH/Views/service_list.php on line 10.
 1 APPPATH/Views/service_list.php(10): addslashes(null)
 2 SYSTEMPATH/View/View.php(224): include('/home/u810214334/domains/embellish-beauty.co.uk/public_html/app/Views/service_list.php')
 3 SYSTEMPATH/View/View.php(227): CodeIgniter\View\View->CodeIgniter\View\{closure}()
 4 SYSTEMPATH/Common.php(1173): CodeIgniter\View\View->render('service_list', [], true)
 5 APPPATH/Controllers/Home.php(129): view('service_list', [...])
 6 SYSTEMPATH/CodeIgniter.php(933): App\Controllers\Home->fetch_services()
 7 SYSTEMPATH/CodeIgniter.php(507): CodeIgniter\CodeIgniter->runController(Object(App\Controllers\Home))
 8 SYSTEMPATH/CodeIgniter.php(354): CodeIgniter\CodeIgniter->handleRequest(null, Object(Config\Cache), false)
 9 SYSTEMPATH/Boot.php(334): CodeIgniter\CodeIgniter->run()
10 SYSTEMPATH/Boot.php(67): CodeIgniter\Boot::runCodeIgniter(Object(CodeIgniter\CodeIgniter))
11 FCPATH/index.php(27): CodeIgniter\Boot::bootWeb(Object(Config\Paths))
WARNING - 2025-10-14 14:15:14 --> [DEPRECATED] addslashes(): Passing null to parameter #1 ($string) of type string is deprecated in APPPATH/Views/service_list.php on line 10.
 1 APPPATH/Views/service_list.php(10): addslashes(null)
 2 SYSTEMPATH/View/View.php(224): include('/home/u810214334/domains/embellish-beauty.co.uk/public_html/app/Views/service_list.php')
 3 SYSTEMPATH/View/View.php(227): CodeIgniter\View\View->CodeIgniter\View\{closure}()
 4 SYSTEMPATH/Common.php(1173): CodeIgniter\View\View->render('service_list', [], true)
 5 APPPATH/Controllers/Home.php(129): view('service_list', [...])
 6 SYSTEMPATH/CodeIgniter.php(933): App\Controllers\Home->fetch_services()
 7 SYSTEMPATH/CodeIgniter.php(507): CodeIgniter\CodeIgniter->runController(Object(App\Controllers\Home))
 8 SYSTEMPATH/CodeIgniter.php(354): CodeIgniter\CodeIgniter->handleRequest(null, Object(Config\Cache), false)
 9 SYSTEMPATH/Boot.php(334): CodeIgniter\CodeIgniter->run()
10 SYSTEMPATH/Boot.php(67): CodeIgniter\Boot::runCodeIgniter(Object(CodeIgniter\CodeIgniter))
11 FCPATH/index.php(27): CodeIgniter\Boot::bootWeb(Object(Config\Paths))
WARNING - 2025-10-14 14:15:14 --> [DEPRECATED] addslashes(): Passing null to parameter #1 ($string) of type string is deprecated in APPPATH/Views/service_list.php on line 10.
 1 APPPATH/Views/service_list.php(10): addslashes(null)
 2 SYSTEMPATH/View/View.php(224): include('/home/u810214334/domains/embellish-beauty.co.uk/public_html/app/Views/service_list.php')
 3 SYSTEMPATH/View/View.php(227): CodeIgniter\View\View->CodeIgniter\View\{closure}()
 4 SYSTEMPATH/Common.php(1173): CodeIgniter\View\View->render('service_list', [], true)
 5 APPPATH/Controllers/Home.php(129): view('service_list', [...])
 6 SYSTEMPATH/CodeIgniter.php(933): App\Controllers\Home->fetch_services()
 7 SYSTEMPATH/CodeIgniter.php(507): CodeIgniter\CodeIgniter->runController(Object(App\Controllers\Home))
 8 SYSTEMPATH/CodeIgniter.php(354): CodeIgniter\CodeIgniter->handleRequest(null, Object(Config\Cache), false)
 9 SYSTEMPATH/Boot.php(334): CodeIgniter\CodeIgniter->run()
10 SYSTEMPATH/Boot.php(67): CodeIgniter\Boot::runCodeIgniter(Object(CodeIgniter\CodeIgniter))
11 FCPATH/index.php(27): CodeIgniter\Boot::bootWeb(Object(Config\Paths))
WARNING - 2025-10-14 14:15:14 --> [DEPRECATED] addslashes(): Passing null to parameter #1 ($string) of type string is deprecated in APPPATH/Views/service_list.php on line 10.
 1 APPPATH/Views/service_list.php(10): addslashes(null)
 2 SYSTEMPATH/View/View.php(224): include('/home/u810214334/domains/embellish-beauty.co.uk/public_html/app/Views/service_list.php')
 3 SYSTEMPATH/View/View.php(227): CodeIgniter\View\View->CodeIgniter\View\{closure}()
 4 SYSTEMPATH/Common.php(1173): CodeIgniter\View\View->render('service_list', [], true)
 5 APPPATH/Controllers/Home.php(129): view('service_list', [...])
 6 SYSTEMPATH/CodeIgniter.php(933): App\Controllers\Home->fetch_services()
 7 SYSTEMPATH/CodeIgniter.php(507): CodeIgniter\CodeIgniter->runController(Object(App\Controllers\Home))
 8 SYSTEMPATH/CodeIgniter.php(354): CodeIgniter\CodeIgniter->handleRequest(null, Object(Config\Cache), false)
 9 SYSTEMPATH/Boot.php(334): CodeIgniter\CodeIgniter->run()
10 SYSTEMPATH/Boot.php(67): CodeIgniter\Boot::runCodeIgniter(Object(CodeIgniter\CodeIgniter))
11 FCPATH/index.php(27): CodeIgniter\Boot::bootWeb(Object(Config\Paths))
WARNING - 2025-10-14 14:15:14 --> [DEPRECATED] addslashes(): Passing null to parameter #1 ($string) of type string is deprecated in APPPATH/Views/service_list.php on line 10.
 1 APPPATH/Views/service_list.php(10): addslashes(null)
 2 SYSTEMPATH/View/View.php(224): include('/home/u810214334/domains/embellish-beauty.co.uk/public_html/app/Views/service_list.php')
 3 SYSTEMPATH/View/View.php(227): CodeIgniter\View\View->CodeIgniter\View\{closure}()
 4 SYSTEMPATH/Common.php(1173): CodeIgniter\View\View->render('service_list', [], true)
 5 APPPATH/Controllers/Home.php(129): view('service_list', [...])
 6 SYSTEMPATH/CodeIgniter.php(933): App\Controllers\Home->fetch_services()
 7 SYSTEMPATH/CodeIgniter.php(507): CodeIgniter\CodeIgniter->runController(Object(App\Controllers\Home))
 8 SYSTEMPATH/CodeIgniter.php(354): CodeIgniter\CodeIgniter->handleRequest(null, Object(Config\Cache), false)
 9 SYSTEMPATH/Boot.php(334): CodeIgniter\CodeIgniter->run()
10 SYSTEMPATH/Boot.php(67): CodeIgniter\Boot::runCodeIgniter(Object(CodeIgniter\CodeIgniter))
11 FCPATH/index.php(27): CodeIgniter\Boot::bootWeb(Object(Config\Paths))
WARNING - 2025-10-14 14:15:14 --> [DEPRECATED] addslashes(): Passing null to parameter #1 ($string) of type string is deprecated in APPPATH/Views/service_list.php on line 10.
 1 APPPATH/Views/service_list.php(10): addslashes(null)
 2 SYSTEMPATH/View/View.php(224): include('/home/u810214334/domains/embellish-beauty.co.uk/public_html/app/Views/service_list.php')
 3 SYSTEMPATH/View/View.php(227): CodeIgniter\View\View->CodeIgniter\View\{closure}()
 4 SYSTEMPATH/Common.php(1173): CodeIgniter\View\View->render('service_list', [], true)
 5 APPPATH/Controllers/Home.php(129): view('service_list', [...])
 6 SYSTEMPATH/CodeIgniter.php(933): App\Controllers\Home->fetch_services()
 7 SYSTEMPATH/CodeIgniter.php(507): CodeIgniter\CodeIgniter->runController(Object(App\Controllers\Home))
 8 SYSTEMPATH/CodeIgniter.php(354): CodeIgniter\CodeIgniter->handleRequest(null, Object(Config\Cache), false)
 9 SYSTEMPATH/Boot.php(334): CodeIgniter\CodeIgniter->run()
10 SYSTEMPATH/Boot.php(67): CodeIgniter\Boot::runCodeIgniter(Object(CodeIgniter\CodeIgniter))
11 FCPATH/index.php(27): CodeIgniter\Boot::bootWeb(Object(Config\Paths))
WARNING - 2025-10-14 14:15:14 --> [DEPRECATED] addslashes(): Passing null to parameter #1 ($string) of type string is deprecated in APPPATH/Views/service_list.php on line 10.
 1 APPPATH/Views/service_list.php(10): addslashes(null)
 2 SYSTEMPATH/View/View.php(224): include('/home/u810214334/domains/embellish-beauty.co.uk/public_html/app/Views/service_list.php')
 3 SYSTEMPATH/View/View.php(227): CodeIgniter\View\View->CodeIgniter\View\{closure}()
 4 SYSTEMPATH/Common.php(1173): CodeIgniter\View\View->render('service_list', [], true)
 5 APPPATH/Controllers/Home.php(129): view('service_list', [...])
 6 SYSTEMPATH/CodeIgniter.php(933): App\Controllers\Home->fetch_services()
 7 SYSTEMPATH/CodeIgniter.php(507): CodeIgniter\CodeIgniter->runController(Object(App\Controllers\Home))
 8 SYSTEMPATH/CodeIgniter.php(354): CodeIgniter\CodeIgniter->handleRequest(null, Object(Config\Cache), false)
 9 SYSTEMPATH/Boot.php(334): CodeIgniter\CodeIgniter->run()
10 SYSTEMPATH/Boot.php(67): CodeIgniter\Boot::runCodeIgniter(Object(CodeIgniter\CodeIgniter))
11 FCPATH/index.php(27): CodeIgniter\Boot::bootWeb(Object(Config\Paths))
WARNING - 2025-10-14 14:15:14 --> [DEPRECATED] addslashes(): Passing null to parameter #1 ($string) of type string is deprecated in APPPATH/Views/service_list.php on line 10.
 1 APPPATH/Views/service_list.php(10): addslashes(null)
 2 SYSTEMPATH/View/View.php(224): include('/home/u810214334/domains/embellish-beauty.co.uk/public_html/app/Views/service_list.php')
 3 SYSTEMPATH/View/View.php(227): CodeIgniter\View\View->CodeIgniter\View\{closure}()
 4 SYSTEMPATH/Common.php(1173): CodeIgniter\View\View->render('service_list', [], true)
 5 APPPATH/Controllers/Home.php(129): view('service_list', [...])
 6 SYSTEMPATH/CodeIgniter.php(933): App\Controllers\Home->fetch_services()
 7 SYSTEMPATH/CodeIgniter.php(507): CodeIgniter\CodeIgniter->runController(Object(App\Controllers\Home))
 8 SYSTEMPATH/CodeIgniter.php(354): CodeIgniter\CodeIgniter->handleRequest(null, Object(Config\Cache), false)
 9 SYSTEMPATH/Boot.php(334): CodeIgniter\CodeIgniter->run()
10 SYSTEMPATH/Boot.php(67): CodeIgniter\Boot::runCodeIgniter(Object(CodeIgniter\CodeIgniter))
11 FCPATH/index.php(27): CodeIgniter\Boot::bootWeb(Object(Config\Paths))
WARNING - 2025-10-14 14:15:14 --> [DEPRECATED] addslashes(): Passing null to parameter #1 ($string) of type string is deprecated in APPPATH/Views/service_list.php on line 10.
 1 APPPATH/Views/service_list.php(10): addslashes(null)
 2 SYSTEMPATH/View/View.php(224): include('/home/u810214334/domains/embellish-beauty.co.uk/public_html/app/Views/service_list.php')
 3 SYSTEMPATH/View/View.php(227): CodeIgniter\View\View->CodeIgniter\View\{closure}()
 4 SYSTEMPATH/Common.php(1173): CodeIgniter\View\View->render('service_list', [], true)
 5 APPPATH/Controllers/Home.php(129): view('service_list', [...])
 6 SYSTEMPATH/CodeIgniter.php(933): App\Controllers\Home->fetch_services()
 7 SYSTEMPATH/CodeIgniter.php(507): CodeIgniter\CodeIgniter->runController(Object(App\Controllers\Home))
 8 SYSTEMPATH/CodeIgniter.php(354): CodeIgniter\CodeIgniter->handleRequest(null, Object(Config\Cache), false)
 9 SYSTEMPATH/Boot.php(334): CodeIgniter\CodeIgniter->run()
10 SYSTEMPATH/Boot.php(67): CodeIgniter\Boot::runCodeIgniter(Object(CodeIgniter\CodeIgniter))
11 FCPATH/index.php(27): CodeIgniter\Boot::bootWeb(Object(Config\Paths))
WARNING - 2025-10-14 14:15:14 --> [DEPRECATED] addslashes(): Passing null to parameter #1 ($string) of type string is deprecated in APPPATH/Views/service_list.php on line 10.
 1 APPPATH/Views/service_list.php(10): addslashes(null)
 2 SYSTEMPATH/View/View.php(224): include('/home/u810214334/domains/embellish-beauty.co.uk/public_html/app/Views/service_list.php')
 3 SYSTEMPATH/View/View.php(227): CodeIgniter\View\View->CodeIgniter\View\{closure}()
 4 SYSTEMPATH/Common.php(1173): CodeIgniter\View\View->render('service_list', [], true)
 5 APPPATH/Controllers/Home.php(129): view('service_list', [...])
 6 SYSTEMPATH/CodeIgniter.php(933): App\Controllers\Home->fetch_services()
 7 SYSTEMPATH/CodeIgniter.php(507): CodeIgniter\CodeIgniter->runController(Object(App\Controllers\Home))
 8 SYSTEMPATH/CodeIgniter.php(354): CodeIgniter\CodeIgniter->handleRequest(null, Object(Config\Cache), false)
 9 SYSTEMPATH/Boot.php(334): CodeIgniter\CodeIgniter->run()
10 SYSTEMPATH/Boot.php(67): CodeIgniter\Boot::runCodeIgniter(Object(CodeIgniter\CodeIgniter))
11 FCPATH/index.php(27): CodeIgniter\Boot::bootWeb(Object(Config\Paths))
WARNING - 2025-10-14 14:15:14 --> [DEPRECATED] addslashes(): Passing null to parameter #1 ($string) of type string is deprecated in APPPATH/Views/service_list.php on line 10.
 1 APPPATH/Views/service_list.php(10): addslashes(null)
 2 SYSTEMPATH/View/View.php(224): include('/home/u810214334/domains/embellish-beauty.co.uk/public_html/app/Views/service_list.php')
 3 SYSTEMPATH/View/View.php(227): CodeIgniter\View\View->CodeIgniter\View\{closure}()
 4 SYSTEMPATH/Common.php(1173): CodeIgniter\View\View->render('service_list', [], true)
 5 APPPATH/Controllers/Home.php(129): view('service_list', [...])
 6 SYSTEMPATH/CodeIgniter.php(933): App\Controllers\Home->fetch_services()
 7 SYSTEMPATH/CodeIgniter.php(507): CodeIgniter\CodeIgniter->runController(Object(App\Controllers\Home))
 8 SYSTEMPATH/CodeIgniter.php(354): CodeIgniter\CodeIgniter->handleRequest(null, Object(Config\Cache), false)
 9 SYSTEMPATH/Boot.php(334): CodeIgniter\CodeIgniter->run()
10 SYSTEMPATH/Boot.php(67): CodeIgniter\Boot::runCodeIgniter(Object(CodeIgniter\CodeIgniter))
11 FCPATH/index.php(27): CodeIgniter\Boot::bootWeb(Object(Config\Paths))
DEBUG - 2025-10-14 14:15:15 --> Session: Class initialized using 'CodeIgniter\Session\Handlers\FileHandler' driver.
WARNING - 2025-10-14 14:15:15 --> [DEPRECATED] addslashes(): Passing null to parameter #1 ($string) of type string is deprecated in APPPATH/Views/service_list.php on line 10.
 1 APPPATH/Views/service_list.php(10): addslashes(null)
 2 SYSTEMPATH/View/View.php(224): include('/home/u810214334/domains/embellish-beauty.co.uk/public_html/app/Views/service_list.php')
 3 SYSTEMPATH/View/View.php(227): CodeIgniter\View\View->CodeIgniter\View\{closure}()
 4 SYSTEMPATH/Common.php(1173): CodeIgniter\View\View->render('service_list', [], true)
 5 APPPATH/Controllers/Home.php(129): view('service_list', [...])
 6 SYSTEMPATH/CodeIgniter.php(933): App\Controllers\Home->fetch_services()
 7 SYSTEMPATH/CodeIgniter.php(507): CodeIgniter\CodeIgniter->runController(Object(App\Controllers\Home))
 8 SYSTEMPATH/CodeIgniter.php(354): CodeIgniter\CodeIgniter->handleRequest(null, Object(Config\Cache), false)
 9 SYSTEMPATH/Boot.php(334): CodeIgniter\CodeIgniter->run()
10 SYSTEMPATH/Boot.php(67): CodeIgniter\Boot::runCodeIgniter(Object(CodeIgniter\CodeIgniter))
11 FCPATH/index.php(27): CodeIgniter\Boot::bootWeb(Object(Config\Paths))
WARNING - 2025-10-14 14:15:15 --> [DEPRECATED] addslashes(): Passing null to parameter #1 ($string) of type string is deprecated in APPPATH/Views/service_list.php on line 10.
 1 APPPATH/Views/service_list.php(10): addslashes(null)
 2 SYSTEMPATH/View/View.php(224): include('/home/u810214334/domains/embellish-beauty.co.uk/public_html/app/Views/service_list.php')
 3 SYSTEMPATH/View/View.php(227): CodeIgniter\View\View->CodeIgniter\View\{closure}()
 4 SYSTEMPATH/Common.php(1173): CodeIgniter\View\View->render('service_list', [], true)
 5 APPPATH/Controllers/Home.php(129): view('service_list', [...])
 6 SYSTEMPATH/CodeIgniter.php(933): App\Controllers\Home->fetch_services()
 7 SYSTEMPATH/CodeIgniter.php(507): CodeIgniter\CodeIgniter->runController(Object(App\Controllers\Home))
 8 SYSTEMPATH/CodeIgniter.php(354): CodeIgniter\CodeIgniter->handleRequest(null, Object(Config\Cache), false)
 9 SYSTEMPATH/Boot.php(334): CodeIgniter\CodeIgniter->run()
10 SYSTEMPATH/Boot.php(67): CodeIgniter\Boot::runCodeIgniter(Object(CodeIgniter\CodeIgniter))
11 FCPATH/index.php(27): CodeIgniter\Boot::bootWeb(Object(Config\Paths))
WARNING - 2025-10-14 14:15:15 --> [DEPRECATED] addslashes(): Passing null to parameter #1 ($string) of type string is deprecated in APPPATH/Views/service_list.php on line 10.
 1 APPPATH/Views/service_list.php(10): addslashes(null)
 2 SYSTEMPATH/View/View.php(224): include('/home/u810214334/domains/embellish-beauty.co.uk/public_html/app/Views/service_list.php')
 3 SYSTEMPATH/View/View.php(227): CodeIgniter\View\View->CodeIgniter\View\{closure}()
 4 SYSTEMPATH/Common.php(1173): CodeIgniter\View\View->render('service_list', [], true)
 5 APPPATH/Controllers/Home.php(129): view('service_list', [...])
 6 SYSTEMPATH/CodeIgniter.php(933): App\Controllers\Home->fetch_services()
 7 SYSTEMPATH/CodeIgniter.php(507): CodeIgniter\CodeIgniter->runController(Object(App\Controllers\Home))
 8 SYSTEMPATH/CodeIgniter.php(354): CodeIgniter\CodeIgniter->handleRequest(null, Object(Config\Cache), false)
 9 SYSTEMPATH/Boot.php(334): CodeIgniter\CodeIgniter->run()
10 SYSTEMPATH/Boot.php(67): CodeIgniter\Boot::runCodeIgniter(Object(CodeIgniter\CodeIgniter))
11 FCPATH/index.php(27): CodeIgniter\Boot::bootWeb(Object(Config\Paths))
WARNING - 2025-10-14 14:15:15 --> [DEPRECATED] addslashes(): Passing null to parameter #1 ($string) of type string is deprecated in APPPATH/Views/service_list.php on line 10.
 1 APPPATH/Views/service_list.php(10): addslashes(null)
 2 SYSTEMPATH/View/View.php(224): include('/home/u810214334/domains/embellish-beauty.co.uk/public_html/app/Views/service_list.php')
 3 SYSTEMPATH/View/View.php(227): CodeIgniter\View\View->CodeIgniter\View\{closure}()
 4 SYSTEMPATH/Common.php(1173): CodeIgniter\View\View->render('service_list', [], true)
 5 APPPATH/Controllers/Home.php(129): view('service_list', [...])
 6 SYSTEMPATH/CodeIgniter.php(933): App\Controllers\Home->fetch_services()
 7 SYSTEMPATH/CodeIgniter.php(507): CodeIgniter\CodeIgniter->runController(Object(App\Controllers\Home))
 8 SYSTEMPATH/CodeIgniter.php(354): CodeIgniter\CodeIgniter->handleRequest(null, Object(Config\Cache), false)
 9 SYSTEMPATH/Boot.php(334): CodeIgniter\CodeIgniter->run()
10 SYSTEMPATH/Boot.php(67): CodeIgniter\Boot::runCodeIgniter(Object(CodeIgniter\CodeIgniter))
11 FCPATH/index.php(27): CodeIgniter\Boot::bootWeb(Object(Config\Paths))
WARNING - 2025-10-14 14:15:15 --> [DEPRECATED] addslashes(): Passing null to parameter #1 ($string) of type string is deprecated in APPPATH/Views/service_list.php on line 10.
 1 APPPATH/Views/service_list.php(10): addslashes(null)
 2 SYSTEMPATH/View/View.php(224): include('/home/u810214334/domains/embellish-beauty.co.uk/public_html/app/Views/service_list.php')
 3 SYSTEMPATH/View/View.php(227): CodeIgniter\View\View->CodeIgniter\View\{closure}()
 4 SYSTEMPATH/Common.php(1173): CodeIgniter\View\View->render('service_list', [], true)
 5 APPPATH/Controllers/Home.php(129): view('service_list', [...])
 6 SYSTEMPATH/CodeIgniter.php(933): App\Controllers\Home->fetch_services()
 7 SYSTEMPATH/CodeIgniter.php(507): CodeIgniter\CodeIgniter->runController(Object(App\Controllers\Home))
 8 SYSTEMPATH/CodeIgniter.php(354): CodeIgniter\CodeIgniter->handleRequest(null, Object(Config\Cache), false)
 9 SYSTEMPATH/Boot.php(334): CodeIgniter\CodeIgniter->run()
10 SYSTEMPATH/Boot.php(67): CodeIgniter\Boot::runCodeIgniter(Object(CodeIgniter\CodeIgniter))
11 FCPATH/index.php(27): CodeIgniter\Boot::bootWeb(Object(Config\Paths))
WARNING - 2025-10-14 14:15:15 --> [DEPRECATED] addslashes(): Passing null to parameter #1 ($string) of type string is deprecated in APPPATH/Views/service_list.php on line 10.
 1 APPPATH/Views/service_list.php(10): addslashes(null)
 2 SYSTEMPATH/View/View.php(224): include('/home/u810214334/domains/embellish-beauty.co.uk/public_html/app/Views/service_list.php')
 3 SYSTEMPATH/View/View.php(227): CodeIgniter\View\View->CodeIgniter\View\{closure}()
 4 SYSTEMPATH/Common.php(1173): CodeIgniter\View\View->render('service_list', [], true)
 5 APPPATH/Controllers/Home.php(129): view('service_list', [...])
 6 SYSTEMPATH/CodeIgniter.php(933): App\Controllers\Home->fetch_services()
 7 SYSTEMPATH/CodeIgniter.php(507): CodeIgniter\CodeIgniter->runController(Object(App\Controllers\Home))
 8 SYSTEMPATH/CodeIgniter.php(354): CodeIgniter\CodeIgniter->handleRequest(null, Object(Config\Cache), false)
 9 SYSTEMPATH/Boot.php(334): CodeIgniter\CodeIgniter->run()
10 SYSTEMPATH/Boot.php(67): CodeIgniter\Boot::runCodeIgniter(Object(CodeIgniter\CodeIgniter))
11 FCPATH/index.php(27): CodeIgniter\Boot::bootWeb(Object(Config\Paths))
WARNING - 2025-10-14 14:15:15 --> [DEPRECATED] addslashes(): Passing null to parameter #1 ($string) of type string is deprecated in APPPATH/Views/service_list.php on line 10.
 1 APPPATH/Views/service_list.php(10): addslashes(null)
 2 SYSTEMPATH/View/View.php(224): include('/home/u810214334/domains/embellish-beauty.co.uk/public_html/app/Views/service_list.php')
 3 SYSTEMPATH/View/View.php(227): CodeIgniter\View\View->CodeIgniter\View\{closure}()
 4 SYSTEMPATH/Common.php(1173): CodeIgniter\View\View->render('service_list', [], true)
 5 APPPATH/Controllers/Home.php(129): view('service_list', [...])
 6 SYSTEMPATH/CodeIgniter.php(933): App\Controllers\Home->fetch_services()
 7 SYSTEMPATH/CodeIgniter.php(507): CodeIgniter\CodeIgniter->runController(Object(App\Controllers\Home))
 8 SYSTEMPATH/CodeIgniter.php(354): CodeIgniter\CodeIgniter->handleRequest(null, Object(Config\Cache), false)
 9 SYSTEMPATH/Boot.php(334): CodeIgniter\CodeIgniter->run()
10 SYSTEMPATH/Boot.php(67): CodeIgniter\Boot::runCodeIgniter(Object(CodeIgniter\CodeIgniter))
11 FCPATH/index.php(27): CodeIgniter\Boot::bootWeb(Object(Config\Paths))
WARNING - 2025-10-14 14:15:15 --> [DEPRECATED] addslashes(): Passing null to parameter #1 ($string) of type string is deprecated in APPPATH/Views/service_list.php on line 10.
 1 APPPATH/Views/service_list.php(10): addslashes(null)
 2 SYSTEMPATH/View/View.php(224): include('/home/u810214334/domains/embellish-beauty.co.uk/public_html/app/Views/service_list.php')
 3 SYSTEMPATH/View/View.php(227): CodeIgniter\View\View->CodeIgniter\View\{closure}()
 4 SYSTEMPATH/Common.php(1173): CodeIgniter\View\View->render('service_list', [], true)
 5 APPPATH/Controllers/Home.php(129): view('service_list', [...])
 6 SYSTEMPATH/CodeIgniter.php(933): App\Controllers\Home->fetch_services()
 7 SYSTEMPATH/CodeIgniter.php(507): CodeIgniter\CodeIgniter->runController(Object(App\Controllers\Home))
 8 SYSTEMPATH/CodeIgniter.php(354): CodeIgniter\CodeIgniter->handleRequest(null, Object(Config\Cache), false)
 9 SYSTEMPATH/Boot.php(334): CodeIgniter\CodeIgniter->run()
10 SYSTEMPATH/Boot.php(67): CodeIgniter\Boot::runCodeIgniter(Object(CodeIgniter\CodeIgniter))
11 FCPATH/index.php(27): CodeIgniter\Boot::bootWeb(Object(Config\Paths))
WARNING - 2025-10-14 14:15:15 --> [DEPRECATED] addslashes(): Passing null to parameter #1 ($string) of type string is deprecated in APPPATH/Views/service_list.php on line 10.
 1 APPPATH/Views/service_list.php(10): addslashes(null)
 2 SYSTEMPATH/View/View.php(224): include('/home/u810214334/domains/embellish-beauty.co.uk/public_html/app/Views/service_list.php')
 3 SYSTEMPATH/View/View.php(227): CodeIgniter\View\View->CodeIgniter\View\{closure}()
 4 SYSTEMPATH/Common.php(1173): CodeIgniter\View\View->render('service_list', [], true)
 5 APPPATH/Controllers/Home.php(129): view('service_list', [...])
 6 SYSTEMPATH/CodeIgniter.php(933): App\Controllers\Home->fetch_services()
 7 SYSTEMPATH/CodeIgniter.php(507): CodeIgniter\CodeIgniter->runController(Object(App\Controllers\Home))
 8 SYSTEMPATH/CodeIgniter.php(354): CodeIgniter\CodeIgniter->handleRequest(null, Object(Config\Cache), false)
 9 SYSTEMPATH/Boot.php(334): CodeIgniter\CodeIgniter->run()
10 SYSTEMPATH/Boot.php(67): CodeIgniter\Boot::runCodeIgniter(Object(CodeIgniter\CodeIgniter))
11 FCPATH/index.php(27): CodeIgniter\Boot::bootWeb(Object(Config\Paths))
WARNING - 2025-10-14 14:15:15 --> [DEPRECATED] addslashes(): Passing null to parameter #1 ($string) of type string is deprecated in APPPATH/Views/service_list.php on line 10.
 1 APPPATH/Views/service_list.php(10): addslashes(null)
 2 SYSTEMPATH/View/View.php(224): include('/home/u810214334/domains/embellish-beauty.co.uk/public_html/app/Views/service_list.php')
 3 SYSTEMPATH/View/View.php(227): CodeIgniter\View\View->CodeIgniter\View\{closure}()
 4 SYSTEMPATH/Common.php(1173): CodeIgniter\View\View->render('service_list', [], true)
 5 APPPATH/Controllers/Home.php(129): view('service_list', [...])
 6 SYSTEMPATH/CodeIgniter.php(933): App\Controllers\Home->fetch_services()
 7 SYSTEMPATH/CodeIgniter.php(507): CodeIgniter\CodeIgniter->runController(Object(App\Controllers\Home))
 8 SYSTEMPATH/CodeIgniter.php(354): CodeIgniter\CodeIgniter->handleRequest(null, Object(Config\Cache), false)
 9 SYSTEMPATH/Boot.php(334): CodeIgniter\CodeIgniter->run()
10 SYSTEMPATH/Boot.php(67): CodeIgniter\Boot::runCodeIgniter(Object(CodeIgniter\CodeIgniter))
11 FCPATH/index.php(27): CodeIgniter\Boot::bootWeb(Object(Config\Paths))
WARNING - 2025-10-14 14:15:15 --> [DEPRECATED] addslashes(): Passing null to parameter #1 ($string) of type string is deprecated in APPPATH/Views/service_list.php on line 10.
 1 APPPATH/Views/service_list.php(10): addslashes(null)
 2 SYSTEMPATH/View/View.php(224): include('/home/u810214334/domains/embellish-beauty.co.uk/public_html/app/Views/service_list.php')
 3 SYSTEMPATH/View/View.php(227): CodeIgniter\View\View->CodeIgniter\View\{closure}()
 4 SYSTEMPATH/Common.php(1173): CodeIgniter\View\View->render('service_list', [], true)
 5 APPPATH/Controllers/Home.php(129): view('service_list', [...])
 6 SYSTEMPATH/CodeIgniter.php(933): App\Controllers\Home->fetch_services()
 7 SYSTEMPATH/CodeIgniter.php(507): CodeIgniter\CodeIgniter->runController(Object(App\Controllers\Home))
 8 SYSTEMPATH/CodeIgniter.php(354): CodeIgniter\CodeIgniter->handleRequest(null, Object(Config\Cache), false)
 9 SYSTEMPATH/Boot.php(334): CodeIgniter\CodeIgniter->run()
10 SYSTEMPATH/Boot.php(67): CodeIgniter\Boot::runCodeIgniter(Object(CodeIgniter\CodeIgniter))
11 FCPATH/index.php(27): CodeIgniter\Boot::bootWeb(Object(Config\Paths))
WARNING - 2025-10-14 14:15:15 --> [DEPRECATED] addslashes(): Passing null to parameter #1 ($string) of type string is deprecated in APPPATH/Views/service_list.php on line 10.
 1 APPPATH/Views/service_list.php(10): addslashes(null)
 2 SYSTEMPATH/View/View.php(224): include('/home/u810214334/domains/embellish-beauty.co.uk/public_html/app/Views/service_list.php')
 3 SYSTEMPATH/View/View.php(227): CodeIgniter\View\View->CodeIgniter\View\{closure}()
 4 SYSTEMPATH/Common.php(1173): CodeIgniter\View\View->render('service_list', [], true)
 5 APPPATH/Controllers/Home.php(129): view('service_list', [...])
 6 SYSTEMPATH/CodeIgniter.php(933): App\Controllers\Home->fetch_services()
 7 SYSTEMPATH/CodeIgniter.php(507): CodeIgniter\CodeIgniter->runController(Object(App\Controllers\Home))
 8 SYSTEMPATH/CodeIgniter.php(354): CodeIgniter\CodeIgniter->handleRequest(null, Object(Config\Cache), false)
 9 SYSTEMPATH/Boot.php(334): CodeIgniter\CodeIgniter->run()
10 SYSTEMPATH/Boot.php(67): CodeIgniter\Boot::runCodeIgniter(Object(CodeIgniter\CodeIgniter))
11 FCPATH/index.php(27): CodeIgniter\Boot::bootWeb(Object(Config\Paths))
WARNING - 2025-10-14 14:15:15 --> [DEPRECATED] addslashes(): Passing null to parameter #1 ($string) of type string is deprecated in APPPATH/Views/service_list.php on line 10.
 1 APPPATH/Views/service_list.php(10): addslashes(null)
 2 SYSTEMPATH/View/View.php(224): include('/home/u810214334/domains/embellish-beauty.co.uk/public_html/app/Views/service_list.php')
 3 SYSTEMPATH/View/View.php(227): CodeIgniter\View\View->CodeIgniter\View\{closure}()
 4 SYSTEMPATH/Common.php(1173): CodeIgniter\View\View->render('service_list', [], true)
 5 APPPATH/Controllers/Home.php(129): view('service_list', [...])
 6 SYSTEMPATH/CodeIgniter.php(933): App\Controllers\Home->fetch_services()
 7 SYSTEMPATH/CodeIgniter.php(507): CodeIgniter\CodeIgniter->runController(Object(App\Controllers\Home))
 8 SYSTEMPATH/CodeIgniter.php(354): CodeIgniter\CodeIgniter->handleRequest(null, Object(Config\Cache), false)
 9 SYSTEMPATH/Boot.php(334): CodeIgniter\CodeIgniter->run()
10 SYSTEMPATH/Boot.php(67): CodeIgniter\Boot::runCodeIgniter(Object(CodeIgniter\CodeIgniter))
11 FCPATH/index.php(27): CodeIgniter\Boot::bootWeb(Object(Config\Paths))
WARNING - 2025-10-14 14:15:15 --> [DEPRECATED] addslashes(): Passing null to parameter #1 ($string) of type string is deprecated in APPPATH/Views/service_list.php on line 10.
 1 APPPATH/Views/service_list.php(10): addslashes(null)
 2 SYSTEMPATH/View/View.php(224): include('/home/u810214334/domains/embellish-beauty.co.uk/public_html/app/Views/service_list.php')
 3 SYSTEMPATH/View/View.php(227): CodeIgniter\View\View->CodeIgniter\View\{closure}()
 4 SYSTEMPATH/Common.php(1173): CodeIgniter\View\View->render('service_list', [], true)
 5 APPPATH/Controllers/Home.php(129): view('service_list', [...])
 6 SYSTEMPATH/CodeIgniter.php(933): App\Controllers\Home->fetch_services()
 7 SYSTEMPATH/CodeIgniter.php(507): CodeIgniter\CodeIgniter->runController(Object(App\Controllers\Home))
 8 SYSTEMPATH/CodeIgniter.php(354): CodeIgniter\CodeIgniter->handleRequest(null, Object(Config\Cache), false)
 9 SYSTEMPATH/Boot.php(334): CodeIgniter\CodeIgniter->run()
10 SYSTEMPATH/Boot.php(67): CodeIgniter\Boot::runCodeIgniter(Object(CodeIgniter\CodeIgniter))
11 FCPATH/index.php(27): CodeIgniter\Boot::bootWeb(Object(Config\Paths))
WARNING - 2025-10-14 14:15:15 --> [DEPRECATED] addslashes(): Passing null to parameter #1 ($string) of type string is deprecated in APPPATH/Views/service_list.php on line 10.
 1 APPPATH/Views/service_list.php(10): addslashes(null)
 2 SYSTEMPATH/View/View.php(224): include('/home/u810214334/domains/embellish-beauty.co.uk/public_html/app/Views/service_list.php')
 3 SYSTEMPATH/View/View.php(227): CodeIgniter\View\View->CodeIgniter\View\{closure}()
 4 SYSTEMPATH/Common.php(1173): CodeIgniter\View\View->render('service_list', [], true)
 5 APPPATH/Controllers/Home.php(129): view('service_list', [...])
 6 SYSTEMPATH/CodeIgniter.php(933): App\Controllers\Home->fetch_services()
 7 SYSTEMPATH/CodeIgniter.php(507): CodeIgniter\CodeIgniter->runController(Object(App\Controllers\Home))
 8 SYSTEMPATH/CodeIgniter.php(354): CodeIgniter\CodeIgniter->handleRequest(null, Object(Config\Cache), false)
 9 SYSTEMPATH/Boot.php(334): CodeIgniter\CodeIgniter->run()
10 SYSTEMPATH/Boot.php(67): CodeIgniter\Boot::runCodeIgniter(Object(CodeIgniter\CodeIgniter))
11 FCPATH/index.php(27): CodeIgniter\Boot::bootWeb(Object(Config\Paths))
WARNING - 2025-10-14 14:15:15 --> [DEPRECATED] addslashes(): Passing null to parameter #1 ($string) of type string is deprecated in APPPATH/Views/service_list.php on line 10.
 1 APPPATH/Views/service_list.php(10): addslashes(null)
 2 SYSTEMPATH/View/View.php(224): include('/home/u810214334/domains/embellish-beauty.co.uk/public_html/app/Views/service_list.php')
 3 SYSTEMPATH/View/View.php(227): CodeIgniter\View\View->CodeIgniter\View\{closure}()
 4 SYSTEMPATH/Common.php(1173): CodeIgniter\View\View->render('service_list', [], true)
 5 APPPATH/Controllers/Home.php(129): view('service_list', [...])
 6 SYSTEMPATH/CodeIgniter.php(933): App\Controllers\Home->fetch_services()
 7 SYSTEMPATH/CodeIgniter.php(507): CodeIgniter\CodeIgniter->runController(Object(App\Controllers\Home))
 8 SYSTEMPATH/CodeIgniter.php(354): CodeIgniter\CodeIgniter->handleRequest(null, Object(Config\Cache), false)
 9 SYSTEMPATH/Boot.php(334): CodeIgniter\CodeIgniter->run()
10 SYSTEMPATH/Boot.php(67): CodeIgniter\Boot::runCodeIgniter(Object(CodeIgniter\CodeIgniter))
11 FCPATH/index.php(27): CodeIgniter\Boot::bootWeb(Object(Config\Paths))
DEBUG - 2025-10-14 14:15:16 --> Session: Class initialized using 'CodeIgniter\Session\Handlers\FileHandler' driver.
WARNING - 2025-10-14 14:15:16 --> [DEPRECATED] addslashes(): Passing null to parameter #1 ($string) of type string is deprecated in APPPATH/Views/service_list.php on line 10.
 1 APPPATH/Views/service_list.php(10): addslashes(null)
 2 SYSTEMPATH/View/View.php(224): include('/home/u810214334/domains/embellish-beauty.co.uk/public_html/app/Views/service_list.php')
 3 SYSTEMPATH/View/View.php(227): CodeIgniter\View\View->CodeIgniter\View\{closure}()
 4 SYSTEMPATH/Common.php(1173): CodeIgniter\View\View->render('service_list', [], true)
 5 APPPATH/Controllers/Home.php(129): view('service_list', [...])
 6 SYSTEMPATH/CodeIgniter.php(933): App\Controllers\Home->fetch_services()
 7 SYSTEMPATH/CodeIgniter.php(507): CodeIgniter\CodeIgniter->runController(Object(App\Controllers\Home))
 8 SYSTEMPATH/CodeIgniter.php(354): CodeIgniter\CodeIgniter->handleRequest(null, Object(Config\Cache), false)
 9 SYSTEMPATH/Boot.php(334): CodeIgniter\CodeIgniter->run()
10 SYSTEMPATH/Boot.php(67): CodeIgniter\Boot::runCodeIgniter(Object(CodeIgniter\CodeIgniter))
11 FCPATH/index.php(27): CodeIgniter\Boot::bootWeb(Object(Config\Paths))
WARNING - 2025-10-14 14:15:16 --> [DEPRECATED] addslashes(): Passing null to parameter #1 ($string) of type string is deprecated in APPPATH/Views/service_list.php on line 10.
 1 APPPATH/Views/service_list.php(10): addslashes(null)
 2 SYSTEMPATH/View/View.php(224): include('/home/u810214334/domains/embellish-beauty.co.uk/public_html/app/Views/service_list.php')
 3 SYSTEMPATH/View/View.php(227): CodeIgniter\View\View->CodeIgniter\View\{closure}()
 4 SYSTEMPATH/Common.php(1173): CodeIgniter\View\View->render('service_list', [], true)
 5 APPPATH/Controllers/Home.php(129): view('service_list', [...])
 6 SYSTEMPATH/CodeIgniter.php(933): App\Controllers\Home->fetch_services()
 7 SYSTEMPATH/CodeIgniter.php(507): CodeIgniter\CodeIgniter->runController(Object(App\Controllers\Home))
 8 SYSTEMPATH/CodeIgniter.php(354): CodeIgniter\CodeIgniter->handleRequest(null, Object(Config\Cache), false)
 9 SYSTEMPATH/Boot.php(334): CodeIgniter\CodeIgniter->run()
10 SYSTEMPATH/Boot.php(67): CodeIgniter\Boot::runCodeIgniter(Object(CodeIgniter\CodeIgniter))
11 FCPATH/index.php(27): CodeIgniter\Boot::bootWeb(Object(Config\Paths))
WARNING - 2025-10-14 14:15:16 --> [DEPRECATED] addslashes(): Passing null to parameter #1 ($string) of type string is deprecated in APPPATH/Views/service_list.php on line 10.
 1 APPPATH/Views/service_list.php(10): addslashes(null)
 2 SYSTEMPATH/View/View.php(224): include('/home/u810214334/domains/embellish-beauty.co.uk/public_html/app/Views/service_list.php')
 3 SYSTEMPATH/View/View.php(227): CodeIgniter\View\View->CodeIgniter\View\{closure}()
 4 SYSTEMPATH/Common.php(1173): CodeIgniter\View\View->render('service_list', [], true)
 5 APPPATH/Controllers/Home.php(129): view('service_list', [...])
 6 SYSTEMPATH/CodeIgniter.php(933): App\Controllers\Home->fetch_services()
 7 SYSTEMPATH/CodeIgniter.php(507): CodeIgniter\CodeIgniter->runController(Object(App\Controllers\Home))
 8 SYSTEMPATH/CodeIgniter.php(354): CodeIgniter\CodeIgniter->handleRequest(null, Object(Config\Cache), false)
 9 SYSTEMPATH/Boot.php(334): CodeIgniter\CodeIgniter->run()
10 SYSTEMPATH/Boot.php(67): CodeIgniter\Boot::runCodeIgniter(Object(CodeIgniter\CodeIgniter))
11 FCPATH/index.php(27): CodeIgniter\Boot::bootWeb(Object(Config\Paths))
WARNING - 2025-10-14 14:15:16 --> [DEPRECATED] addslashes(): Passing null to parameter #1 ($string) of type string is deprecated in APPPATH/Views/service_list.php on line 10.
 1 APPPATH/Views/service_list.php(10): addslashes(null)
 2 SYSTEMPATH/View/View.php(224): include('/home/u810214334/domains/embellish-beauty.co.uk/public_html/app/Views/service_list.php')
 3 SYSTEMPATH/View/View.php(227): CodeIgniter\View\View->CodeIgniter\View\{closure}()
 4 SYSTEMPATH/Common.php(1173): CodeIgniter\View\View->render('service_list', [], true)
 5 APPPATH/Controllers/Home.php(129): view('service_list', [...])
 6 SYSTEMPATH/CodeIgniter.php(933): App\Controllers\Home->fetch_services()
 7 SYSTEMPATH/CodeIgniter.php(507): CodeIgniter\CodeIgniter->runController(Object(App\Controllers\Home))
 8 SYSTEMPATH/CodeIgniter.php(354): CodeIgniter\CodeIgniter->handleRequest(null, Object(Config\Cache), false)
 9 SYSTEMPATH/Boot.php(334): CodeIgniter\CodeIgniter->run()
10 SYSTEMPATH/Boot.php(67): CodeIgniter\Boot::runCodeIgniter(Object(CodeIgniter\CodeIgniter))
11 FCPATH/index.php(27): CodeIgniter\Boot::bootWeb(Object(Config\Paths))
WARNING - 2025-10-14 14:15:16 --> [DEPRECATED] addslashes(): Passing null to parameter #1 ($string) of type string is deprecated in APPPATH/Views/service_list.php on line 10.
 1 APPPATH/Views/service_list.php(10): addslashes(null)
 2 SYSTEMPATH/View/View.php(224): include('/home/u810214334/domains/embellish-beauty.co.uk/public_html/app/Views/service_list.php')
 3 SYSTEMPATH/View/View.php(227): CodeIgniter\View\View->CodeIgniter\View\{closure}()
 4 SYSTEMPATH/Common.php(1173): CodeIgniter\View\View->render('service_list', [], true)
 5 APPPATH/Controllers/Home.php(129): view('service_list', [...])
 6 SYSTEMPATH/CodeIgniter.php(933): App\Controllers\Home->fetch_services()
 7 SYSTEMPATH/CodeIgniter.php(507): CodeIgniter\CodeIgniter->runController(Object(App\Controllers\Home))
 8 SYSTEMPATH/CodeIgniter.php(354): CodeIgniter\CodeIgniter->handleRequest(null, Object(Config\Cache), false)
 9 SYSTEMPATH/Boot.php(334): CodeIgniter\CodeIgniter->run()
10 SYSTEMPATH/Boot.php(67): CodeIgniter\Boot::runCodeIgniter(Object(CodeIgniter\CodeIgniter))
11 FCPATH/index.php(27): CodeIgniter\Boot::bootWeb(Object(Config\Paths))
WARNING - 2025-10-14 14:15:16 --> [DEPRECATED] addslashes(): Passing null to parameter #1 ($string) of type string is deprecated in APPPATH/Views/service_list.php on line 10.
 1 APPPATH/Views/service_list.php(10): addslashes(null)
 2 SYSTEMPATH/View/View.php(224): include('/home/u810214334/domains/embellish-beauty.co.uk/public_html/app/Views/service_list.php')
 3 SYSTEMPATH/View/View.php(227): CodeIgniter\View\View->CodeIgniter\View\{closure}()
 4 SYSTEMPATH/Common.php(1173): CodeIgniter\View\View->render('service_list', [], true)
 5 APPPATH/Controllers/Home.php(129): view('service_list', [...])
 6 SYSTEMPATH/CodeIgniter.php(933): App\Controllers\Home->fetch_services()
 7 SYSTEMPATH/CodeIgniter.php(507): CodeIgniter\CodeIgniter->runController(Object(App\Controllers\Home))
 8 SYSTEMPATH/CodeIgniter.php(354): CodeIgniter\CodeIgniter->handleRequest(null, Object(Config\Cache), false)
 9 SYSTEMPATH/Boot.php(334): CodeIgniter\CodeIgniter->run()
10 SYSTEMPATH/Boot.php(67): CodeIgniter\Boot::runCodeIgniter(Object(CodeIgniter\CodeIgniter))
11 FCPATH/index.php(27): CodeIgniter\Boot::bootWeb(Object(Config\Paths))
WARNING - 2025-10-14 14:15:16 --> [DEPRECATED] addslashes(): Passing null to parameter #1 ($string) of type string is deprecated in APPPATH/Views/service_list.php on line 10.
 1 APPPATH/Views/service_list.php(10): addslashes(null)
 2 SYSTEMPATH/View/View.php(224): include('/home/u810214334/domains/embellish-beauty.co.uk/public_html/app/Views/service_list.php')
 3 SYSTEMPATH/View/View.php(227): CodeIgniter\View\View->CodeIgniter\View\{closure}()
 4 SYSTEMPATH/Common.php(1173): CodeIgniter\View\View->render('service_list', [], true)
 5 APPPATH/Controllers/Home.php(129): view('service_list', [...])
 6 SYSTEMPATH/CodeIgniter.php(933): App\Controllers\Home->fetch_services()
 7 SYSTEMPATH/CodeIgniter.php(507): CodeIgniter\CodeIgniter->runController(Object(App\Controllers\Home))
 8 SYSTEMPATH/CodeIgniter.php(354): CodeIgniter\CodeIgniter->handleRequest(null, Object(Config\Cache), false)
 9 SYSTEMPATH/Boot.php(334): CodeIgniter\CodeIgniter->run()
10 SYSTEMPATH/Boot.php(67): CodeIgniter\Boot::runCodeIgniter(Object(CodeIgniter\CodeIgniter))
11 FCPATH/index.php(27): CodeIgniter\Boot::bootWeb(Object(Config\Paths))
WARNING - 2025-10-14 14:15:16 --> [DEPRECATED] addslashes(): Passing null to parameter #1 ($string) of type string is deprecated in APPPATH/Views/service_list.php on line 10.
 1 APPPATH/Views/service_list.php(10): addslashes(null)
 2 SYSTEMPATH/View/View.php(224): include('/home/u810214334/domains/embellish-beauty.co.uk/public_html/app/Views/service_list.php')
 3 SYSTEMPATH/View/View.php(227): CodeIgniter\View\View->CodeIgniter\View\{closure}()
 4 SYSTEMPATH/Common.php(1173): CodeIgniter\View\View->render('service_list', [], true)
 5 APPPATH/Controllers/Home.php(129): view('service_list', [...])
 6 SYSTEMPATH/CodeIgniter.php(933): App\Controllers\Home->fetch_services()
 7 SYSTEMPATH/CodeIgniter.php(507): CodeIgniter\CodeIgniter->runController(Object(App\Controllers\Home))
 8 SYSTEMPATH/CodeIgniter.php(354): CodeIgniter\CodeIgniter->handleRequest(null, Object(Config\Cache), false)
 9 SYSTEMPATH/Boot.php(334): CodeIgniter\CodeIgniter->run()
10 SYSTEMPATH/Boot.php(67): CodeIgniter\Boot::runCodeIgniter(Object(CodeIgniter\CodeIgniter))
11 FCPATH/index.php(27): CodeIgniter\Boot::bootWeb(Object(Config\Paths))
WARNING - 2025-10-14 14:15:16 --> [DEPRECATED] addslashes(): Passing null to parameter #1 ($string) of type string is deprecated in APPPATH/Views/service_list.php on line 10.
 1 APPPATH/Views/service_list.php(10): addslashes(null)
 2 SYSTEMPATH/View/View.php(224): include('/home/u810214334/domains/embellish-beauty.co.uk/public_html/app/Views/service_list.php')
 3 SYSTEMPATH/View/View.php(227): CodeIgniter\View\View->CodeIgniter\View\{closure}()
 4 SYSTEMPATH/Common.php(1173): CodeIgniter\View\View->render('service_list', [], true)
 5 APPPATH/Controllers/Home.php(129): view('service_list', [...])
 6 SYSTEMPATH/CodeIgniter.php(933): App\Controllers\Home->fetch_services()
 7 SYSTEMPATH/CodeIgniter.php(507): CodeIgniter\CodeIgniter->runController(Object(App\Controllers\Home))
 8 SYSTEMPATH/CodeIgniter.php(354): CodeIgniter\CodeIgniter->handleRequest(null, Object(Config\Cache), false)
 9 SYSTEMPATH/Boot.php(334): CodeIgniter\CodeIgniter->run()
10 SYSTEMPATH/Boot.php(67): CodeIgniter\Boot::runCodeIgniter(Object(CodeIgniter\CodeIgniter))
11 FCPATH/index.php(27): CodeIgniter\Boot::bootWeb(Object(Config\Paths))
WARNING - 2025-10-14 14:15:16 --> [DEPRECATED] addslashes(): Passing null to parameter #1 ($string) of type string is deprecated in APPPATH/Views/service_list.php on line 10.
 1 APPPATH/Views/service_list.php(10): addslashes(null)
 2 SYSTEMPATH/View/View.php(224): include('/home/u810214334/domains/embellish-beauty.co.uk/public_html/app/Views/service_list.php')
 3 SYSTEMPATH/View/View.php(227): CodeIgniter\View\View->CodeIgniter\View\{closure}()
 4 SYSTEMPATH/Common.php(1173): CodeIgniter\View\View->render('service_list', [], true)
 5 APPPATH/Controllers/Home.php(129): view('service_list', [...])
 6 SYSTEMPATH/CodeIgniter.php(933): App\Controllers\Home->fetch_services()
 7 SYSTEMPATH/CodeIgniter.php(507): CodeIgniter\CodeIgniter->runController(Object(App\Controllers\Home))
 8 SYSTEMPATH/CodeIgniter.php(354): CodeIgniter\CodeIgniter->handleRequest(null, Object(Config\Cache), false)
 9 SYSTEMPATH/Boot.php(334): CodeIgniter\CodeIgniter->run()
10 SYSTEMPATH/Boot.php(67): CodeIgniter\Boot::runCodeIgniter(Object(CodeIgniter\CodeIgniter))
11 FCPATH/index.php(27): CodeIgniter\Boot::bootWeb(Object(Config\Paths))
WARNING - 2025-10-14 14:15:16 --> [DEPRECATED] addslashes(): Passing null to parameter #1 ($string) of type string is deprecated in APPPATH/Views/service_list.php on line 10.
 1 APPPATH/Views/service_list.php(10): addslashes(null)
 2 SYSTEMPATH/View/View.php(224): include('/home/u810214334/domains/embellish-beauty.co.uk/public_html/app/Views/service_list.php')
 3 SYSTEMPATH/View/View.php(227): CodeIgniter\View\View->CodeIgniter\View\{closure}()
 4 SYSTEMPATH/Common.php(1173): CodeIgniter\View\View->render('service_list', [], true)
 5 APPPATH/Controllers/Home.php(129): view('service_list', [...])
 6 SYSTEMPATH/CodeIgniter.php(933): App\Controllers\Home->fetch_services()
 7 SYSTEMPATH/CodeIgniter.php(507): CodeIgniter\CodeIgniter->runController(Object(App\Controllers\Home))
 8 SYSTEMPATH/CodeIgniter.php(354): CodeIgniter\CodeIgniter->handleRequest(null, Object(Config\Cache), false)
 9 SYSTEMPATH/Boot.php(334): CodeIgniter\CodeIgniter->run()
10 SYSTEMPATH/Boot.php(67): CodeIgniter\Boot::runCodeIgniter(Object(CodeIgniter\CodeIgniter))
11 FCPATH/index.php(27): CodeIgniter\Boot::bootWeb(Object(Config\Paths))
WARNING - 2025-10-14 14:15:16 --> [DEPRECATED] addslashes(): Passing null to parameter #1 ($string) of type string is deprecated in APPPATH/Views/service_list.php on line 10.
 1 APPPATH/Views/service_list.php(10): addslashes(null)
 2 SYSTEMPATH/View/View.php(224): include('/home/u810214334/domains/embellish-beauty.co.uk/public_html/app/Views/service_list.php')
 3 SYSTEMPATH/View/View.php(227): CodeIgniter\View\View->CodeIgniter\View\{closure}()
 4 SYSTEMPATH/Common.php(1173): CodeIgniter\View\View->render('service_list', [], true)
 5 APPPATH/Controllers/Home.php(129): view('service_list', [...])
 6 SYSTEMPATH/CodeIgniter.php(933): App\Controllers\Home->fetch_services()
 7 SYSTEMPATH/CodeIgniter.php(507): CodeIgniter\CodeIgniter->runController(Object(App\Controllers\Home))
 8 SYSTEMPATH/CodeIgniter.php(354): CodeIgniter\CodeIgniter->handleRequest(null, Object(Config\Cache), false)
 9 SYSTEMPATH/Boot.php(334): CodeIgniter\CodeIgniter->run()
10 SYSTEMPATH/Boot.php(67): CodeIgniter\Boot::runCodeIgniter(Object(CodeIgniter\CodeIgniter))
11 FCPATH/index.php(27): CodeIgniter\Boot::bootWeb(Object(Config\Paths))
WARNING - 2025-10-14 14:15:16 --> [DEPRECATED] addslashes(): Passing null to parameter #1 ($string) of type string is deprecated in APPPATH/Views/service_list.php on line 10.
 1 APPPATH/Views/service_list.php(10): addslashes(null)
 2 SYSTEMPATH/View/View.php(224): include('/home/u810214334/domains/embellish-beauty.co.uk/public_html/app/Views/service_list.php')
 3 SYSTEMPATH/View/View.php(227): CodeIgniter\View\View->CodeIgniter\View\{closure}()
 4 SYSTEMPATH/Common.php(1173): CodeIgniter\View\View->render('service_list', [], true)
 5 APPPATH/Controllers/Home.php(129): view('service_list', [...])
 6 SYSTEMPATH/CodeIgniter.php(933): App\Controllers\Home->fetch_services()
 7 SYSTEMPATH/CodeIgniter.php(507): CodeIgniter\CodeIgniter->runController(Object(App\Controllers\Home))
 8 SYSTEMPATH/CodeIgniter.php(354): CodeIgniter\CodeIgniter->handleRequest(null, Object(Config\Cache), false)
 9 SYSTEMPATH/Boot.php(334): CodeIgniter\CodeIgniter->run()
10 SYSTEMPATH/Boot.php(67): CodeIgniter\Boot::runCodeIgniter(Object(CodeIgniter\CodeIgniter))
11 FCPATH/index.php(27): CodeIgniter\Boot::bootWeb(Object(Config\Paths))
WARNING - 2025-10-14 14:15:16 --> [DEPRECATED] addslashes(): Passing null to parameter #1 ($string) of type string is deprecated in APPPATH/Views/service_list.php on line 10.
 1 APPPATH/Views/service_list.php(10): addslashes(null)
 2 SYSTEMPATH/View/View.php(224): include('/home/u810214334/domains/embellish-beauty.co.uk/public_html/app/Views/service_list.php')
 3 SYSTEMPATH/View/View.php(227): CodeIgniter\View\View->CodeIgniter\View\{closure}()
 4 SYSTEMPATH/Common.php(1173): CodeIgniter\View\View->render('service_list', [], true)
 5 APPPATH/Controllers/Home.php(129): view('service_list', [...])
 6 SYSTEMPATH/CodeIgniter.php(933): App\Controllers\Home->fetch_services()
 7 SYSTEMPATH/CodeIgniter.php(507): CodeIgniter\CodeIgniter->runController(Object(App\Controllers\Home))
 8 SYSTEMPATH/CodeIgniter.php(354): CodeIgniter\CodeIgniter->handleRequest(null, Object(Config\Cache), false)
 9 SYSTEMPATH/Boot.php(334): CodeIgniter\CodeIgniter->run()
10 SYSTEMPATH/Boot.php(67): CodeIgniter\Boot::runCodeIgniter(Object(CodeIgniter\CodeIgniter))
11 FCPATH/index.php(27): CodeIgniter\Boot::bootWeb(Object(Config\Paths))
WARNING - 2025-10-14 14:15:16 --> [DEPRECATED] addslashes(): Passing null to parameter #1 ($string) of type string is deprecated in APPPATH/Views/service_list.php on line 10.
 1 APPPATH/Views/service_list.php(10): addslashes(null)
 2 SYSTEMPATH/View/View.php(224): include('/home/u810214334/domains/embellish-beauty.co.uk/public_html/app/Views/service_list.php')
 3 SYSTEMPATH/View/View.php(227): CodeIgniter\View\View->CodeIgniter\View\{closure}()
 4 SYSTEMPATH/Common.php(1173): CodeIgniter\View\View->render('service_list', [], true)
 5 APPPATH/Controllers/Home.php(129): view('service_list', [...])
 6 SYSTEMPATH/CodeIgniter.php(933): App\Controllers\Home->fetch_services()
 7 SYSTEMPATH/CodeIgniter.php(507): CodeIgniter\CodeIgniter->runController(Object(App\Controllers\Home))
 8 SYSTEMPATH/CodeIgniter.php(354): CodeIgniter\CodeIgniter->handleRequest(null, Object(Config\Cache), false)
 9 SYSTEMPATH/Boot.php(334): CodeIgniter\CodeIgniter->run()
10 SYSTEMPATH/Boot.php(67): CodeIgniter\Boot::runCodeIgniter(Object(CodeIgniter\CodeIgniter))
11 FCPATH/index.php(27): CodeIgniter\Boot::bootWeb(Object(Config\Paths))
WARNING - 2025-10-14 14:15:16 --> [DEPRECATED] addslashes(): Passing null to parameter #1 ($string) of type string is deprecated in APPPATH/Views/service_list.php on line 10.
 1 APPPATH/Views/service_list.php(10): addslashes(null)
 2 SYSTEMPATH/View/View.php(224): include('/home/u810214334/domains/embellish-beauty.co.uk/public_html/app/Views/service_list.php')
 3 SYSTEMPATH/View/View.php(227): CodeIgniter\View\View->CodeIgniter\View\{closure}()
 4 SYSTEMPATH/Common.php(1173): CodeIgniter\View\View->render('service_list', [], true)
 5 APPPATH/Controllers/Home.php(129): view('service_list', [...])
 6 SYSTEMPATH/CodeIgniter.php(933): App\Controllers\Home->fetch_services()
 7 SYSTEMPATH/CodeIgniter.php(507): CodeIgniter\CodeIgniter->runController(Object(App\Controllers\Home))
 8 SYSTEMPATH/CodeIgniter.php(354): CodeIgniter\CodeIgniter->handleRequest(null, Object(Config\Cache), false)
 9 SYSTEMPATH/Boot.php(334): CodeIgniter\CodeIgniter->run()
10 SYSTEMPATH/Boot.php(67): CodeIgniter\Boot::runCodeIgniter(Object(CodeIgniter\CodeIgniter))
11 FCPATH/index.php(27): CodeIgniter\Boot::bootWeb(Object(Config\Paths))
DEBUG - 2025-10-14 14:15:16 --> Session: Class initialized using 'CodeIgniter\Session\Handlers\FileHandler' driver.
WARNING - 2025-10-14 14:15:16 --> [DEPRECATED] addslashes(): Passing null to parameter #1 ($string) of type string is deprecated in APPPATH/Views/service_list.php on line 10.
 1 APPPATH/Views/service_list.php(10): addslashes(null)
 2 SYSTEMPATH/View/View.php(224): include('/home/u810214334/domains/embellish-beauty.co.uk/public_html/app/Views/service_list.php')
 3 SYSTEMPATH/View/View.php(227): CodeIgniter\View\View->CodeIgniter\View\{closure}()
 4 SYSTEMPATH/Common.php(1173): CodeIgniter\View\View->render('service_list', [], true)
 5 APPPATH/Controllers/Home.php(129): view('service_list', [...])
 6 SYSTEMPATH/CodeIgniter.php(933): App\Controllers\Home->fetch_services()
 7 SYSTEMPATH/CodeIgniter.php(507): CodeIgniter\CodeIgniter->runController(Object(App\Controllers\Home))
 8 SYSTEMPATH/CodeIgniter.php(354): CodeIgniter\CodeIgniter->handleRequest(null, Object(Config\Cache), false)
 9 SYSTEMPATH/Boot.php(334): CodeIgniter\CodeIgniter->run()
10 SYSTEMPATH/Boot.php(67): CodeIgniter\Boot::runCodeIgniter(Object(CodeIgniter\CodeIgniter))
11 FCPATH/index.php(27): CodeIgniter\Boot::bootWeb(Object(Config\Paths))
WARNING - 2025-10-14 14:15:16 --> [DEPRECATED] addslashes(): Passing null to parameter #1 ($string) of type string is deprecated in APPPATH/Views/service_list.php on line 10.
 1 APPPATH/Views/service_list.php(10): addslashes(null)
 2 SYSTEMPATH/View/View.php(224): include('/home/u810214334/domains/embellish-beauty.co.uk/public_html/app/Views/service_list.php')
 3 SYSTEMPATH/View/View.php(227): CodeIgniter\View\View->CodeIgniter\View\{closure}()
 4 SYSTEMPATH/Common.php(1173): CodeIgniter\View\View->render('service_list', [], true)
 5 APPPATH/Controllers/Home.php(129): view('service_list', [...])
 6 SYSTEMPATH/CodeIgniter.php(933): App\Controllers\Home->fetch_services()
 7 SYSTEMPATH/CodeIgniter.php(507): CodeIgniter\CodeIgniter->runController(Object(App\Controllers\Home))
 8 SYSTEMPATH/CodeIgniter.php(354): CodeIgniter\CodeIgniter->handleRequest(null, Object(Config\Cache), false)
 9 SYSTEMPATH/Boot.php(334): CodeIgniter\CodeIgniter->run()
10 SYSTEMPATH/Boot.php(67): CodeIgniter\Boot::runCodeIgniter(Object(CodeIgniter\CodeIgniter))
11 FCPATH/index.php(27): CodeIgniter\Boot::bootWeb(Object(Config\Paths))
WARNING - 2025-10-14 14:15:16 --> [DEPRECATED] addslashes(): Passing null to parameter #1 ($string) of type string is deprecated in APPPATH/Views/service_list.php on line 10.
 1 APPPATH/Views/service_list.php(10): addslashes(null)
 2 SYSTEMPATH/View/View.php(224): include('/home/u810214334/domains/embellish-beauty.co.uk/public_html/app/Views/service_list.php')
 3 SYSTEMPATH/View/View.php(227): CodeIgniter\View\View->CodeIgniter\View\{closure}()
 4 SYSTEMPATH/Common.php(1173): CodeIgniter\View\View->render('service_list', [], true)
 5 APPPATH/Controllers/Home.php(129): view('service_list', [...])
 6 SYSTEMPATH/CodeIgniter.php(933): App\Controllers\Home->fetch_services()
 7 SYSTEMPATH/CodeIgniter.php(507): CodeIgniter\CodeIgniter->runController(Object(App\Controllers\Home))
 8 SYSTEMPATH/CodeIgniter.php(354): CodeIgniter\CodeIgniter->handleRequest(null, Object(Config\Cache), false)
 9 SYSTEMPATH/Boot.php(334): CodeIgniter\CodeIgniter->run()
10 SYSTEMPATH/Boot.php(67): CodeIgniter\Boot::runCodeIgniter(Object(CodeIgniter\CodeIgniter))
11 FCPATH/index.php(27): CodeIgniter\Boot::bootWeb(Object(Config\Paths))
WARNING - 2025-10-14 14:15:16 --> [DEPRECATED] addslashes(): Passing null to parameter #1 ($string) of type string is deprecated in APPPATH/Views/service_list.php on line 10.
 1 APPPATH/Views/service_list.php(10): addslashes(null)
 2 SYSTEMPATH/View/View.php(224): include('/home/u810214334/domains/embellish-beauty.co.uk/public_html/app/Views/service_list.php')
 3 SYSTEMPATH/View/View.php(227): CodeIgniter\View\View->CodeIgniter\View\{closure}()
 4 SYSTEMPATH/Common.php(1173): CodeIgniter\View\View->render('service_list', [], true)
 5 APPPATH/Controllers/Home.php(129): view('service_list', [...])
 6 SYSTEMPATH/CodeIgniter.php(933): App\Controllers\Home->fetch_services()
 7 SYSTEMPATH/CodeIgniter.php(507): CodeIgniter\CodeIgniter->runController(Object(App\Controllers\Home))
 8 SYSTEMPATH/CodeIgniter.php(354): CodeIgniter\CodeIgniter->handleRequest(null, Object(Config\Cache), false)
 9 SYSTEMPATH/Boot.php(334): CodeIgniter\CodeIgniter->run()
10 SYSTEMPATH/Boot.php(67): CodeIgniter\Boot::runCodeIgniter(Object(CodeIgniter\CodeIgniter))
11 FCPATH/index.php(27): CodeIgniter\Boot::bootWeb(Object(Config\Paths))
WARNING - 2025-10-14 14:15:16 --> [DEPRECATED] addslashes(): Passing null to parameter #1 ($string) of type string is deprecated in APPPATH/Views/service_list.php on line 10.
 1 APPPATH/Views/service_list.php(10): addslashes(null)
 2 SYSTEMPATH/View/View.php(224): include('/home/u810214334/domains/embellish-beauty.co.uk/public_html/app/Views/service_list.php')
 3 SYSTEMPATH/View/View.php(227): CodeIgniter\View\View->CodeIgniter\View\{closure}()
 4 SYSTEMPATH/Common.php(1173): CodeIgniter\View\View->render('service_list', [], true)
 5 APPPATH/Controllers/Home.php(129): view('service_list', [...])
 6 SYSTEMPATH/CodeIgniter.php(933): App\Controllers\Home->fetch_services()
 7 SYSTEMPATH/CodeIgniter.php(507): CodeIgniter\CodeIgniter->runController(Object(App\Controllers\Home))
 8 SYSTEMPATH/CodeIgniter.php(354): CodeIgniter\CodeIgniter->handleRequest(null, Object(Config\Cache), false)
 9 SYSTEMPATH/Boot.php(334): CodeIgniter\CodeIgniter->run()
10 SYSTEMPATH/Boot.php(67): CodeIgniter\Boot::runCodeIgniter(Object(CodeIgniter\CodeIgniter))
11 FCPATH/index.php(27): CodeIgniter\Boot::bootWeb(Object(Config\Paths))
WARNING - 2025-10-14 14:15:16 --> [DEPRECATED] addslashes(): Passing null to parameter #1 ($string) of type string is deprecated in APPPATH/Views/service_list.php on line 10.
 1 APPPATH/Views/service_list.php(10): addslashes(null)
 2 SYSTEMPATH/View/View.php(224): include('/home/u810214334/domains/embellish-beauty.co.uk/public_html/app/Views/service_list.php')
 3 SYSTEMPATH/View/View.php(227): CodeIgniter\View\View->CodeIgniter\View\{closure}()
 4 SYSTEMPATH/Common.php(1173): CodeIgniter\View\View->render('service_list', [], true)
 5 APPPATH/Controllers/Home.php(129): view('service_list', [...])
 6 SYSTEMPATH/CodeIgniter.php(933): App\Controllers\Home->fetch_services()
 7 SYSTEMPATH/CodeIgniter.php(507): CodeIgniter\CodeIgniter->runController(Object(App\Controllers\Home))
 8 SYSTEMPATH/CodeIgniter.php(354): CodeIgniter\CodeIgniter->handleRequest(null, Object(Config\Cache), false)
 9 SYSTEMPATH/Boot.php(334): CodeIgniter\CodeIgniter->run()
10 SYSTEMPATH/Boot.php(67): CodeIgniter\Boot::runCodeIgniter(Object(CodeIgniter\CodeIgniter))
11 FCPATH/index.php(27): CodeIgniter\Boot::bootWeb(Object(Config\Paths))
WARNING - 2025-10-14 14:15:16 --> [DEPRECATED] addslashes(): Passing null to parameter #1 ($string) of type string is deprecated in APPPATH/Views/service_list.php on line 10.
 1 APPPATH/Views/service_list.php(10): addslashes(null)
 2 SYSTEMPATH/View/View.php(224): include('/home/u810214334/domains/embellish-beauty.co.uk/public_html/app/Views/service_list.php')
 3 SYSTEMPATH/View/View.php(227): CodeIgniter\View\View->CodeIgniter\View\{closure}()
 4 SYSTEMPATH/Common.php(1173): CodeIgniter\View\View->render('service_list', [], true)
 5 APPPATH/Controllers/Home.php(129): view('service_list', [...])
 6 SYSTEMPATH/CodeIgniter.php(933): App\Controllers\Home->fetch_services()
 7 SYSTEMPATH/CodeIgniter.php(507): CodeIgniter\CodeIgniter->runController(Object(App\Controllers\Home))
 8 SYSTEMPATH/CodeIgniter.php(354): CodeIgniter\CodeIgniter->handleRequest(null, Object(Config\Cache), false)
 9 SYSTEMPATH/Boot.php(334): CodeIgniter\CodeIgniter->run()
10 SYSTEMPATH/Boot.php(67): CodeIgniter\Boot::runCodeIgniter(Object(CodeIgniter\CodeIgniter))
11 FCPATH/index.php(27): CodeIgniter\Boot::bootWeb(Object(Config\Paths))
WARNING - 2025-10-14 14:15:16 --> [DEPRECATED] addslashes(): Passing null to parameter #1 ($string) of type string is deprecated in APPPATH/Views/service_list.php on line 10.
 1 APPPATH/Views/service_list.php(10): addslashes(null)
 2 SYSTEMPATH/View/View.php(224): include('/home/u810214334/domains/embellish-beauty.co.uk/public_html/app/Views/service_list.php')
 3 SYSTEMPATH/View/View.php(227): CodeIgniter\View\View->CodeIgniter\View\{closure}()
 4 SYSTEMPATH/Common.php(1173): CodeIgniter\View\View->render('service_list', [], true)
 5 APPPATH/Controllers/Home.php(129): view('service_list', [...])
 6 SYSTEMPATH/CodeIgniter.php(933): App\Controllers\Home->fetch_services()
 7 SYSTEMPATH/CodeIgniter.php(507): CodeIgniter\CodeIgniter->runController(Object(App\Controllers\Home))
 8 SYSTEMPATH/CodeIgniter.php(354): CodeIgniter\CodeIgniter->handleRequest(null, Object(Config\Cache), false)
 9 SYSTEMPATH/Boot.php(334): CodeIgniter\CodeIgniter->run()
10 SYSTEMPATH/Boot.php(67): CodeIgniter\Boot::runCodeIgniter(Object(CodeIgniter\CodeIgniter))
11 FCPATH/index.php(27): CodeIgniter\Boot::bootWeb(Object(Config\Paths))
WARNING - 2025-10-14 14:15:16 --> [DEPRECATED] addslashes(): Passing null to parameter #1 ($string) of type string is deprecated in APPPATH/Views/service_list.php on line 10.
 1 APPPATH/Views/service_list.php(10): addslashes(null)
 2 SYSTEMPATH/View/View.php(224): include('/home/u810214334/domains/embellish-beauty.co.uk/public_html/app/Views/service_list.php')
 3 SYSTEMPATH/View/View.php(227): CodeIgniter\View\View->CodeIgniter\View\{closure}()
 4 SYSTEMPATH/Common.php(1173): CodeIgniter\View\View->render('service_list', [], true)
 5 APPPATH/Controllers/Home.php(129): view('service_list', [...])
 6 SYSTEMPATH/CodeIgniter.php(933): App\Controllers\Home->fetch_services()
 7 SYSTEMPATH/CodeIgniter.php(507): CodeIgniter\CodeIgniter->runController(Object(App\Controllers\Home))
 8 SYSTEMPATH/CodeIgniter.php(354): CodeIgniter\CodeIgniter->handleRequest(null, Object(Config\Cache), false)
 9 SYSTEMPATH/Boot.php(334): CodeIgniter\CodeIgniter->run()
10 SYSTEMPATH/Boot.php(67): CodeIgniter\Boot::runCodeIgniter(Object(CodeIgniter\CodeIgniter))
11 FCPATH/index.php(27): CodeIgniter\Boot::bootWeb(Object(Config\Paths))
WARNING - 2025-10-14 14:15:16 --> [DEPRECATED] addslashes(): Passing null to parameter #1 ($string) of type string is deprecated in APPPATH/Views/service_list.php on line 10.
 1 APPPATH/Views/service_list.php(10): addslashes(null)
 2 SYSTEMPATH/View/View.php(224): include('/home/u810214334/domains/embellish-beauty.co.uk/public_html/app/Views/service_list.php')
 3 SYSTEMPATH/View/View.php(227): CodeIgniter\View\View->CodeIgniter\View\{closure}()
 4 SYSTEMPATH/Common.php(1173): CodeIgniter\View\View->render('service_list', [], true)
 5 APPPATH/Controllers/Home.php(129): view('service_list', [...])
 6 SYSTEMPATH/CodeIgniter.php(933): App\Controllers\Home->fetch_services()
 7 SYSTEMPATH/CodeIgniter.php(507): CodeIgniter\CodeIgniter->runController(Object(App\Controllers\Home))
 8 SYSTEMPATH/CodeIgniter.php(354): CodeIgniter\CodeIgniter->handleRequest(null, Object(Config\Cache), false)
 9 SYSTEMPATH/Boot.php(334): CodeIgniter\CodeIgniter->run()
10 SYSTEMPATH/Boot.php(67): CodeIgniter\Boot::runCodeIgniter(Object(CodeIgniter\CodeIgniter))
11 FCPATH/index.php(27): CodeIgniter\Boot::bootWeb(Object(Config\Paths))
WARNING - 2025-10-14 14:15:16 --> [DEPRECATED] addslashes(): Passing null to parameter #1 ($string) of type string is deprecated in APPPATH/Views/service_list.php on line 10.
 1 APPPATH/Views/service_list.php(10): addslashes(null)
 2 SYSTEMPATH/View/View.php(224): include('/home/u810214334/domains/embellish-beauty.co.uk/public_html/app/Views/service_list.php')
 3 SYSTEMPATH/View/View.php(227): CodeIgniter\View\View->CodeIgniter\View\{closure}()
 4 SYSTEMPATH/Common.php(1173): CodeIgniter\View\View->render('service_list', [], true)
 5 APPPATH/Controllers/Home.php(129): view('service_list', [...])
 6 SYSTEMPATH/CodeIgniter.php(933): App\Controllers\Home->fetch_services()
 7 SYSTEMPATH/CodeIgniter.php(507): CodeIgniter\CodeIgniter->runController(Object(App\Controllers\Home))
 8 SYSTEMPATH/CodeIgniter.php(354): CodeIgniter\CodeIgniter->handleRequest(null, Object(Config\Cache), false)
 9 SYSTEMPATH/Boot.php(334): CodeIgniter\CodeIgniter->run()
10 SYSTEMPATH/Boot.php(67): CodeIgniter\Boot::runCodeIgniter(Object(CodeIgniter\CodeIgniter))
11 FCPATH/index.php(27): CodeIgniter\Boot::bootWeb(Object(Config\Paths))
WARNING - 2025-10-14 14:15:16 --> [DEPRECATED] addslashes(): Passing null to parameter #1 ($string) of type string is deprecated in APPPATH/Views/service_list.php on line 10.
 1 APPPATH/Views/service_list.php(10): addslashes(null)
 2 SYSTEMPATH/View/View.php(224): include('/home/u810214334/domains/embellish-beauty.co.uk/public_html/app/Views/service_list.php')
 3 SYSTEMPATH/View/View.php(227): CodeIgniter\View\View->CodeIgniter\View\{closure}()
 4 SYSTEMPATH/Common.php(1173): CodeIgniter\View\View->render('service_list', [], true)
 5 APPPATH/Controllers/Home.php(129): view('service_list', [...])
 6 SYSTEMPATH/CodeIgniter.php(933): App\Controllers\Home->fetch_services()
 7 SYSTEMPATH/CodeIgniter.php(507): CodeIgniter\CodeIgniter->runController(Object(App\Controllers\Home))
 8 SYSTEMPATH/CodeIgniter.php(354): CodeIgniter\CodeIgniter->handleRequest(null, Object(Config\Cache), false)
 9 SYSTEMPATH/Boot.php(334): CodeIgniter\CodeIgniter->run()
10 SYSTEMPATH/Boot.php(67): CodeIgniter\Boot::runCodeIgniter(Object(CodeIgniter\CodeIgniter))
11 FCPATH/index.php(27): CodeIgniter\Boot::bootWeb(Object(Config\Paths))
WARNING - 2025-10-14 14:15:16 --> [DEPRECATED] addslashes(): Passing null to parameter #1 ($string) of type string is deprecated in APPPATH/Views/service_list.php on line 10.
 1 APPPATH/Views/service_list.php(10): addslashes(null)
 2 SYSTEMPATH/View/View.php(224): include('/home/u810214334/domains/embellish-beauty.co.uk/public_html/app/Views/service_list.php')
 3 SYSTEMPATH/View/View.php(227): CodeIgniter\View\View->CodeIgniter\View\{closure}()
 4 SYSTEMPATH/Common.php(1173): CodeIgniter\View\View->render('service_list', [], true)
 5 APPPATH/Controllers/Home.php(129): view('service_list', [...])
 6 SYSTEMPATH/CodeIgniter.php(933): App\Controllers\Home->fetch_services()
 7 SYSTEMPATH/CodeIgniter.php(507): CodeIgniter\CodeIgniter->runController(Object(App\Controllers\Home))
 8 SYSTEMPATH/CodeIgniter.php(354): CodeIgniter\CodeIgniter->handleRequest(null, Object(Config\Cache), false)
 9 SYSTEMPATH/Boot.php(334): CodeIgniter\CodeIgniter->run()
10 SYSTEMPATH/Boot.php(67): CodeIgniter\Boot::runCodeIgniter(Object(CodeIgniter\CodeIgniter))
11 FCPATH/index.php(27): CodeIgniter\Boot::bootWeb(Object(Config\Paths))
WARNING - 2025-10-14 14:15:16 --> [DEPRECATED] addslashes(): Passing null to parameter #1 ($string) of type string is deprecated in APPPATH/Views/service_list.php on line 10.
 1 APPPATH/Views/service_list.php(10): addslashes(null)
 2 SYSTEMPATH/View/View.php(224): include('/home/u810214334/domains/embellish-beauty.co.uk/public_html/app/Views/service_list.php')
 3 SYSTEMPATH/View/View.php(227): CodeIgniter\View\View->CodeIgniter\View\{closure}()
 4 SYSTEMPATH/Common.php(1173): CodeIgniter\View\View->render('service_list', [], true)
 5 APPPATH/Controllers/Home.php(129): view('service_list', [...])
 6 SYSTEMPATH/CodeIgniter.php(933): App\Controllers\Home->fetch_services()
 7 SYSTEMPATH/CodeIgniter.php(507): CodeIgniter\CodeIgniter->runController(Object(App\Controllers\Home))
 8 SYSTEMPATH/CodeIgniter.php(354): CodeIgniter\CodeIgniter->handleRequest(null, Object(Config\Cache), false)
 9 SYSTEMPATH/Boot.php(334): CodeIgniter\CodeIgniter->run()
10 SYSTEMPATH/Boot.php(67): CodeIgniter\Boot::runCodeIgniter(Object(CodeIgniter\CodeIgniter))
11 FCPATH/index.php(27): CodeIgniter\Boot::bootWeb(Object(Config\Paths))
WARNING - 2025-10-14 14:15:16 --> [DEPRECATED] addslashes(): Passing null to parameter #1 ($string) of type string is deprecated in APPPATH/Views/service_list.php on line 10.
 1 APPPATH/Views/service_list.php(10): addslashes(null)
 2 SYSTEMPATH/View/View.php(224): include('/home/u810214334/domains/embellish-beauty.co.uk/public_html/app/Views/service_list.php')
 3 SYSTEMPATH/View/View.php(227): CodeIgniter\View\View->CodeIgniter\View\{closure}()
 4 SYSTEMPATH/Common.php(1173): CodeIgniter\View\View->render('service_list', [], true)
 5 APPPATH/Controllers/Home.php(129): view('service_list', [...])
 6 SYSTEMPATH/CodeIgniter.php(933): App\Controllers\Home->fetch_services()
 7 SYSTEMPATH/CodeIgniter.php(507): CodeIgniter\CodeIgniter->runController(Object(App\Controllers\Home))
 8 SYSTEMPATH/CodeIgniter.php(354): CodeIgniter\CodeIgniter->handleRequest(null, Object(Config\Cache), false)
 9 SYSTEMPATH/Boot.php(334): CodeIgniter\CodeIgniter->run()
10 SYSTEMPATH/Boot.php(67): CodeIgniter\Boot::runCodeIgniter(Object(CodeIgniter\CodeIgniter))
11 FCPATH/index.php(27): CodeIgniter\Boot::bootWeb(Object(Config\Paths))
WARNING - 2025-10-14 14:15:16 --> [DEPRECATED] addslashes(): Passing null to parameter #1 ($string) of type string is deprecated in APPPATH/Views/service_list.php on line 10.
 1 APPPATH/Views/service_list.php(10): addslashes(null)
 2 SYSTEMPATH/View/View.php(224): include('/home/u810214334/domains/embellish-beauty.co.uk/public_html/app/Views/service_list.php')
 3 SYSTEMPATH/View/View.php(227): CodeIgniter\View\View->CodeIgniter\View\{closure}()
 4 SYSTEMPATH/Common.php(1173): CodeIgniter\View\View->render('service_list', [], true)
 5 APPPATH/Controllers/Home.php(129): view('service_list', [...])
 6 SYSTEMPATH/CodeIgniter.php(933): App\Controllers\Home->fetch_services()
 7 SYSTEMPATH/CodeIgniter.php(507): CodeIgniter\CodeIgniter->runController(Object(App\Controllers\Home))
 8 SYSTEMPATH/CodeIgniter.php(354): CodeIgniter\CodeIgniter->handleRequest(null, Object(Config\Cache), false)
 9 SYSTEMPATH/Boot.php(334): CodeIgniter\CodeIgniter->run()
10 SYSTEMPATH/Boot.php(67): CodeIgniter\Boot::runCodeIgniter(Object(CodeIgniter\CodeIgniter))
11 FCPATH/index.php(27): CodeIgniter\Boot::bootWeb(Object(Config\Paths))
DEBUG - 2025-10-14 14:15:17 --> Session: Class initialized using 'CodeIgniter\Session\Handlers\FileHandler' driver.
WARNING - 2025-10-14 14:15:17 --> [DEPRECATED] addslashes(): Passing null to parameter #1 ($string) of type string is deprecated in APPPATH/Views/service_list.php on line 10.
 1 APPPATH/Views/service_list.php(10): addslashes(null)
 2 SYSTEMPATH/View/View.php(224): include('/home/u810214334/domains/embellish-beauty.co.uk/public_html/app/Views/service_list.php')
 3 SYSTEMPATH/View/View.php(227): CodeIgniter\View\View->CodeIgniter\View\{closure}()
 4 SYSTEMPATH/Common.php(1173): CodeIgniter\View\View->render('service_list', [], true)
 5 APPPATH/Controllers/Home.php(129): view('service_list', [...])
 6 SYSTEMPATH/CodeIgniter.php(933): App\Controllers\Home->fetch_services()
 7 SYSTEMPATH/CodeIgniter.php(507): CodeIgniter\CodeIgniter->runController(Object(App\Controllers\Home))
 8 SYSTEMPATH/CodeIgniter.php(354): CodeIgniter\CodeIgniter->handleRequest(null, Object(Config\Cache), false)
 9 SYSTEMPATH/Boot.php(334): CodeIgniter\CodeIgniter->run()
10 SYSTEMPATH/Boot.php(67): CodeIgniter\Boot::runCodeIgniter(Object(CodeIgniter\CodeIgniter))
11 FCPATH/index.php(27): CodeIgniter\Boot::bootWeb(Object(Config\Paths))
WARNING - 2025-10-14 14:15:17 --> [DEPRECATED] addslashes(): Passing null to parameter #1 ($string) of type string is deprecated in APPPATH/Views/service_list.php on line 10.
 1 APPPATH/Views/service_list.php(10): addslashes(null)
 2 SYSTEMPATH/View/View.php(224): include('/home/u810214334/domains/embellish-beauty.co.uk/public_html/app/Views/service_list.php')
 3 SYSTEMPATH/View/View.php(227): CodeIgniter\View\View->CodeIgniter\View\{closure}()
 4 SYSTEMPATH/Common.php(1173): CodeIgniter\View\View->render('service_list', [], true)
 5 APPPATH/Controllers/Home.php(129): view('service_list', [...])
 6 SYSTEMPATH/CodeIgniter.php(933): App\Controllers\Home->fetch_services()
 7 SYSTEMPATH/CodeIgniter.php(507): CodeIgniter\CodeIgniter->runController(Object(App\Controllers\Home))
 8 SYSTEMPATH/CodeIgniter.php(354): CodeIgniter\CodeIgniter->handleRequest(null, Object(Config\Cache), false)
 9 SYSTEMPATH/Boot.php(334): CodeIgniter\CodeIgniter->run()
10 SYSTEMPATH/Boot.php(67): CodeIgniter\Boot::runCodeIgniter(Object(CodeIgniter\CodeIgniter))
11 FCPATH/index.php(27): CodeIgniter\Boot::bootWeb(Object(Config\Paths))
WARNING - 2025-10-14 14:15:17 --> [DEPRECATED] addslashes(): Passing null to parameter #1 ($string) of type string is deprecated in APPPATH/Views/service_list.php on line 10.
 1 APPPATH/Views/service_list.php(10): addslashes(null)
 2 SYSTEMPATH/View/View.php(224): include('/home/u810214334/domains/embellish-beauty.co.uk/public_html/app/Views/service_list.php')
 3 SYSTEMPATH/View/View.php(227): CodeIgniter\View\View->CodeIgniter\View\{closure}()
 4 SYSTEMPATH/Common.php(1173): CodeIgniter\View\View->render('service_list', [], true)
 5 APPPATH/Controllers/Home.php(129): view('service_list', [...])
 6 SYSTEMPATH/CodeIgniter.php(933): App\Controllers\Home->fetch_services()
 7 SYSTEMPATH/CodeIgniter.php(507): CodeIgniter\CodeIgniter->runController(Object(App\Controllers\Home))
 8 SYSTEMPATH/CodeIgniter.php(354): CodeIgniter\CodeIgniter->handleRequest(null, Object(Config\Cache), false)
 9 SYSTEMPATH/Boot.php(334): CodeIgniter\CodeIgniter->run()
10 SYSTEMPATH/Boot.php(67): CodeIgniter\Boot::runCodeIgniter(Object(CodeIgniter\CodeIgniter))
11 FCPATH/index.php(27): CodeIgniter\Boot::bootWeb(Object(Config\Paths))
WARNING - 2025-10-14 14:15:17 --> [DEPRECATED] addslashes(): Passing null to parameter #1 ($string) of type string is deprecated in APPPATH/Views/service_list.php on line 10.
 1 APPPATH/Views/service_list.php(10): addslashes(null)
 2 SYSTEMPATH/View/View.php(224): include('/home/u810214334/domains/embellish-beauty.co.uk/public_html/app/Views/service_list.php')
 3 SYSTEMPATH/View/View.php(227): CodeIgniter\View\View->CodeIgniter\View\{closure}()
 4 SYSTEMPATH/Common.php(1173): CodeIgniter\View\View->render('service_list', [], true)
 5 APPPATH/Controllers/Home.php(129): view('service_list', [...])
 6 SYSTEMPATH/CodeIgniter.php(933): App\Controllers\Home->fetch_services()
 7 SYSTEMPATH/CodeIgniter.php(507): CodeIgniter\CodeIgniter->runController(Object(App\Controllers\Home))
 8 SYSTEMPATH/CodeIgniter.php(354): CodeIgniter\CodeIgniter->handleRequest(null, Object(Config\Cache), false)
 9 SYSTEMPATH/Boot.php(334): CodeIgniter\CodeIgniter->run()
10 SYSTEMPATH/Boot.php(67): CodeIgniter\Boot::runCodeIgniter(Object(CodeIgniter\CodeIgniter))
11 FCPATH/index.php(27): CodeIgniter\Boot::bootWeb(Object(Config\Paths))
WARNING - 2025-10-14 14:15:17 --> [DEPRECATED] addslashes(): Passing null to parameter #1 ($string) of type string is deprecated in APPPATH/Views/service_list.php on line 10.
 1 APPPATH/Views/service_list.php(10): addslashes(null)
 2 SYSTEMPATH/View/View.php(224): include('/home/u810214334/domains/embellish-beauty.co.uk/public_html/app/Views/service_list.php')
 3 SYSTEMPATH/View/View.php(227): CodeIgniter\View\View->CodeIgniter\View\{closure}()
 4 SYSTEMPATH/Common.php(1173): CodeIgniter\View\View->render('service_list', [], true)
 5 APPPATH/Controllers/Home.php(129): view('service_list', [...])
 6 SYSTEMPATH/CodeIgniter.php(933): App\Controllers\Home->fetch_services()
 7 SYSTEMPATH/CodeIgniter.php(507): CodeIgniter\CodeIgniter->runController(Object(App\Controllers\Home))
 8 SYSTEMPATH/CodeIgniter.php(354): CodeIgniter\CodeIgniter->handleRequest(null, Object(Config\Cache), false)
 9 SYSTEMPATH/Boot.php(334): CodeIgniter\CodeIgniter->run()
10 SYSTEMPATH/Boot.php(67): CodeIgniter\Boot::runCodeIgniter(Object(CodeIgniter\CodeIgniter))
11 FCPATH/index.php(27): CodeIgniter\Boot::bootWeb(Object(Config\Paths))
WARNING - 2025-10-14 14:15:17 --> [DEPRECATED] addslashes(): Passing null to parameter #1 ($string) of type string is deprecated in APPPATH/Views/service_list.php on line 10.
 1 APPPATH/Views/service_list.php(10): addslashes(null)
 2 SYSTEMPATH/View/View.php(224): include('/home/u810214334/domains/embellish-beauty.co.uk/public_html/app/Views/service_list.php')
 3 SYSTEMPATH/View/View.php(227): CodeIgniter\View\View->CodeIgniter\View\{closure}()
 4 SYSTEMPATH/Common.php(1173): CodeIgniter\View\View->render('service_list', [], true)
 5 APPPATH/Controllers/Home.php(129): view('service_list', [...])
 6 SYSTEMPATH/CodeIgniter.php(933): App\Controllers\Home->fetch_services()
 7 SYSTEMPATH/CodeIgniter.php(507): CodeIgniter\CodeIgniter->runController(Object(App\Controllers\Home))
 8 SYSTEMPATH/CodeIgniter.php(354): CodeIgniter\CodeIgniter->handleRequest(null, Object(Config\Cache), false)
 9 SYSTEMPATH/Boot.php(334): CodeIgniter\CodeIgniter->run()
10 SYSTEMPATH/Boot.php(67): CodeIgniter\Boot::runCodeIgniter(Object(CodeIgniter\CodeIgniter))
11 FCPATH/index.php(27): CodeIgniter\Boot::bootWeb(Object(Config\Paths))
WARNING - 2025-10-14 14:15:17 --> [DEPRECATED] addslashes(): Passing null to parameter #1 ($string) of type string is deprecated in APPPATH/Views/service_list.php on line 10.
 1 APPPATH/Views/service_list.php(10): addslashes(null)
 2 SYSTEMPATH/View/View.php(224): include('/home/u810214334/domains/embellish-beauty.co.uk/public_html/app/Views/service_list.php')
 3 SYSTEMPATH/View/View.php(227): CodeIgniter\View\View->CodeIgniter\View\{closure}()
 4 SYSTEMPATH/Common.php(1173): CodeIgniter\View\View->render('service_list', [], true)
 5 APPPATH/Controllers/Home.php(129): view('service_list', [...])
 6 SYSTEMPATH/CodeIgniter.php(933): App\Controllers\Home->fetch_services()
 7 SYSTEMPATH/CodeIgniter.php(507): CodeIgniter\CodeIgniter->runController(Object(App\Controllers\Home))
 8 SYSTEMPATH/CodeIgniter.php(354): CodeIgniter\CodeIgniter->handleRequest(null, Object(Config\Cache), false)
 9 SYSTEMPATH/Boot.php(334): CodeIgniter\CodeIgniter->run()
10 SYSTEMPATH/Boot.php(67): CodeIgniter\Boot::runCodeIgniter(Object(CodeIgniter\CodeIgniter))
11 FCPATH/index.php(27): CodeIgniter\Boot::bootWeb(Object(Config\Paths))
WARNING - 2025-10-14 14:15:17 --> [DEPRECATED] addslashes(): Passing null to parameter #1 ($string) of type string is deprecated in APPPATH/Views/service_list.php on line 10.
 1 APPPATH/Views/service_list.php(10): addslashes(null)
 2 SYSTEMPATH/View/View.php(224): include('/home/u810214334/domains/embellish-beauty.co.uk/public_html/app/Views/service_list.php')
 3 SYSTEMPATH/View/View.php(227): CodeIgniter\View\View->CodeIgniter\View\{closure}()
 4 SYSTEMPATH/Common.php(1173): CodeIgniter\View\View->render('service_list', [], true)
 5 APPPATH/Controllers/Home.php(129): view('service_list', [...])
 6 SYSTEMPATH/CodeIgniter.php(933): App\Controllers\Home->fetch_services()
 7 SYSTEMPATH/CodeIgniter.php(507): CodeIgniter\CodeIgniter->runController(Object(App\Controllers\Home))
 8 SYSTEMPATH/CodeIgniter.php(354): CodeIgniter\CodeIgniter->handleRequest(null, Object(Config\Cache), false)
 9 SYSTEMPATH/Boot.php(334): CodeIgniter\CodeIgniter->run()
10 SYSTEMPATH/Boot.php(67): CodeIgniter\Boot::runCodeIgniter(Object(CodeIgniter\CodeIgniter))
11 FCPATH/index.php(27): CodeIgniter\Boot::bootWeb(Object(Config\Paths))
WARNING - 2025-10-14 14:15:17 --> [DEPRECATED] addslashes(): Passing null to parameter #1 ($string) of type string is deprecated in APPPATH/Views/service_list.php on line 10.
 1 APPPATH/Views/service_list.php(10): addslashes(null)
 2 SYSTEMPATH/View/View.php(224): include('/home/u810214334/domains/embellish-beauty.co.uk/public_html/app/Views/service_list.php')
 3 SYSTEMPATH/View/View.php(227): CodeIgniter\View\View->CodeIgniter\View\{closure}()
 4 SYSTEMPATH/Common.php(1173): CodeIgniter\View\View->render('service_list', [], true)
 5 APPPATH/Controllers/Home.php(129): view('service_list', [...])
 6 SYSTEMPATH/CodeIgniter.php(933): App\Controllers\Home->fetch_services()
 7 SYSTEMPATH/CodeIgniter.php(507): CodeIgniter\CodeIgniter->runController(Object(App\Controllers\Home))
 8 SYSTEMPATH/CodeIgniter.php(354): CodeIgniter\CodeIgniter->handleRequest(null, Object(Config\Cache), false)
 9 SYSTEMPATH/Boot.php(334): CodeIgniter\CodeIgniter->run()
10 SYSTEMPATH/Boot.php(67): CodeIgniter\Boot::runCodeIgniter(Object(CodeIgniter\CodeIgniter))
11 FCPATH/index.php(27): CodeIgniter\Boot::bootWeb(Object(Config\Paths))
WARNING - 2025-10-14 14:15:17 --> [DEPRECATED] addslashes(): Passing null to parameter #1 ($string) of type string is deprecated in APPPATH/Views/service_list.php on line 10.
 1 APPPATH/Views/service_list.php(10): addslashes(null)
 2 SYSTEMPATH/View/View.php(224): include('/home/u810214334/domains/embellish-beauty.co.uk/public_html/app/Views/service_list.php')
 3 SYSTEMPATH/View/View.php(227): CodeIgniter\View\View->CodeIgniter\View\{closure}()
 4 SYSTEMPATH/Common.php(1173): CodeIgniter\View\View->render('service_list', [], true)
 5 APPPATH/Controllers/Home.php(129): view('service_list', [...])
 6 SYSTEMPATH/CodeIgniter.php(933): App\Controllers\Home->fetch_services()
 7 SYSTEMPATH/CodeIgniter.php(507): CodeIgniter\CodeIgniter->runController(Object(App\Controllers\Home))
 8 SYSTEMPATH/CodeIgniter.php(354): CodeIgniter\CodeIgniter->handleRequest(null, Object(Config\Cache), false)
 9 SYSTEMPATH/Boot.php(334): CodeIgniter\CodeIgniter->run()
10 SYSTEMPATH/Boot.php(67): CodeIgniter\Boot::runCodeIgniter(Object(CodeIgniter\CodeIgniter))
11 FCPATH/index.php(27): CodeIgniter\Boot::bootWeb(Object(Config\Paths))
WARNING - 2025-10-14 14:15:17 --> [DEPRECATED] addslashes(): Passing null to parameter #1 ($string) of type string is deprecated in APPPATH/Views/service_list.php on line 10.
 1 APPPATH/Views/service_list.php(10): addslashes(null)
 2 SYSTEMPATH/View/View.php(224): include('/home/u810214334/domains/embellish-beauty.co.uk/public_html/app/Views/service_list.php')
 3 SYSTEMPATH/View/View.php(227): CodeIgniter\View\View->CodeIgniter\View\{closure}()
 4 SYSTEMPATH/Common.php(1173): CodeIgniter\View\View->render('service_list', [], true)
 5 APPPATH/Controllers/Home.php(129): view('service_list', [...])
 6 SYSTEMPATH/CodeIgniter.php(933): App\Controllers\Home->fetch_services()
 7 SYSTEMPATH/CodeIgniter.php(507): CodeIgniter\CodeIgniter->runController(Object(App\Controllers\Home))
 8 SYSTEMPATH/CodeIgniter.php(354): CodeIgniter\CodeIgniter->handleRequest(null, Object(Config\Cache), false)
 9 SYSTEMPATH/Boot.php(334): CodeIgniter\CodeIgniter->run()
10 SYSTEMPATH/Boot.php(67): CodeIgniter\Boot::runCodeIgniter(Object(CodeIgniter\CodeIgniter))
11 FCPATH/index.php(27): CodeIgniter\Boot::bootWeb(Object(Config\Paths))
WARNING - 2025-10-14 14:15:17 --> [DEPRECATED] addslashes(): Passing null to parameter #1 ($string) of type string is deprecated in APPPATH/Views/service_list.php on line 10.
 1 APPPATH/Views/service_list.php(10): addslashes(null)
 2 SYSTEMPATH/View/View.php(224): include('/home/u810214334/domains/embellish-beauty.co.uk/public_html/app/Views/service_list.php')
 3 SYSTEMPATH/View/View.php(227): CodeIgniter\View\View->CodeIgniter\View\{closure}()
 4 SYSTEMPATH/Common.php(1173): CodeIgniter\View\View->render('service_list', [], true)
 5 APPPATH/Controllers/Home.php(129): view('service_list', [...])
 6 SYSTEMPATH/CodeIgniter.php(933): App\Controllers\Home->fetch_services()
 7 SYSTEMPATH/CodeIgniter.php(507): CodeIgniter\CodeIgniter->runController(Object(App\Controllers\Home))
 8 SYSTEMPATH/CodeIgniter.php(354): CodeIgniter\CodeIgniter->handleRequest(null, Object(Config\Cache), false)
 9 SYSTEMPATH/Boot.php(334): CodeIgniter\CodeIgniter->run()
10 SYSTEMPATH/Boot.php(67): CodeIgniter\Boot::runCodeIgniter(Object(CodeIgniter\CodeIgniter))
11 FCPATH/index.php(27): CodeIgniter\Boot::bootWeb(Object(Config\Paths))
WARNING - 2025-10-14 14:15:17 --> [DEPRECATED] addslashes(): Passing null to parameter #1 ($string) of type string is deprecated in APPPATH/Views/service_list.php on line 10.
 1 APPPATH/Views/service_list.php(10): addslashes(null)
 2 SYSTEMPATH/View/View.php(224): include('/home/u810214334/domains/embellish-beauty.co.uk/public_html/app/Views/service_list.php')
 3 SYSTEMPATH/View/View.php(227): CodeIgniter\View\View->CodeIgniter\View\{closure}()
 4 SYSTEMPATH/Common.php(1173): CodeIgniter\View\View->render('service_list', [], true)
 5 APPPATH/Controllers/Home.php(129): view('service_list', [...])
 6 SYSTEMPATH/CodeIgniter.php(933): App\Controllers\Home->fetch_services()
 7 SYSTEMPATH/CodeIgniter.php(507): CodeIgniter\CodeIgniter->runController(Object(App\Controllers\Home))
 8 SYSTEMPATH/CodeIgniter.php(354): CodeIgniter\CodeIgniter->handleRequest(null, Object(Config\Cache), false)
 9 SYSTEMPATH/Boot.php(334): CodeIgniter\CodeIgniter->run()
10 SYSTEMPATH/Boot.php(67): CodeIgniter\Boot::runCodeIgniter(Object(CodeIgniter\CodeIgniter))
11 FCPATH/index.php(27): CodeIgniter\Boot::bootWeb(Object(Config\Paths))
WARNING - 2025-10-14 14:15:17 --> [DEPRECATED] addslashes(): Passing null to parameter #1 ($string) of type string is deprecated in APPPATH/Views/service_list.php on line 10.
 1 APPPATH/Views/service_list.php(10): addslashes(null)
 2 SYSTEMPATH/View/View.php(224): include('/home/u810214334/domains/embellish-beauty.co.uk/public_html/app/Views/service_list.php')
 3 SYSTEMPATH/View/View.php(227): CodeIgniter\View\View->CodeIgniter\View\{closure}()
 4 SYSTEMPATH/Common.php(1173): CodeIgniter\View\View->render('service_list', [], true)
 5 APPPATH/Controllers/Home.php(129): view('service_list', [...])
 6 SYSTEMPATH/CodeIgniter.php(933): App\Controllers\Home->fetch_services()
 7 SYSTEMPATH/CodeIgniter.php(507): CodeIgniter\CodeIgniter->runController(Object(App\Controllers\Home))
 8 SYSTEMPATH/CodeIgniter.php(354): CodeIgniter\CodeIgniter->handleRequest(null, Object(Config\Cache), false)
 9 SYSTEMPATH/Boot.php(334): CodeIgniter\CodeIgniter->run()
10 SYSTEMPATH/Boot.php(67): CodeIgniter\Boot::runCodeIgniter(Object(CodeIgniter\CodeIgniter))
11 FCPATH/index.php(27): CodeIgniter\Boot::bootWeb(Object(Config\Paths))
WARNING - 2025-10-14 14:15:17 --> [DEPRECATED] addslashes(): Passing null to parameter #1 ($string) of type string is deprecated in APPPATH/Views/service_list.php on line 10.
 1 APPPATH/Views/service_list.php(10): addslashes(null)
 2 SYSTEMPATH/View/View.php(224): include('/home/u810214334/domains/embellish-beauty.co.uk/public_html/app/Views/service_list.php')
 3 SYSTEMPATH/View/View.php(227): CodeIgniter\View\View->CodeIgniter\View\{closure}()
 4 SYSTEMPATH/Common.php(1173): CodeIgniter\View\View->render('service_list', [], true)
 5 APPPATH/Controllers/Home.php(129): view('service_list', [...])
 6 SYSTEMPATH/CodeIgniter.php(933): App\Controllers\Home->fetch_services()
 7 SYSTEMPATH/CodeIgniter.php(507): CodeIgniter\CodeIgniter->runController(Object(App\Controllers\Home))
 8 SYSTEMPATH/CodeIgniter.php(354): CodeIgniter\CodeIgniter->handleRequest(null, Object(Config\Cache), false)
 9 SYSTEMPATH/Boot.php(334): CodeIgniter\CodeIgniter->run()
10 SYSTEMPATH/Boot.php(67): CodeIgniter\Boot::runCodeIgniter(Object(CodeIgniter\CodeIgniter))
11 FCPATH/index.php(27): CodeIgniter\Boot::bootWeb(Object(Config\Paths))
WARNING - 2025-10-14 14:15:17 --> [DEPRECATED] addslashes(): Passing null to parameter #1 ($string) of type string is deprecated in APPPATH/Views/service_list.php on line 10.
 1 APPPATH/Views/service_list.php(10): addslashes(null)
 2 SYSTEMPATH/View/View.php(224): include('/home/u810214334/domains/embellish-beauty.co.uk/public_html/app/Views/service_list.php')
 3 SYSTEMPATH/View/View.php(227): CodeIgniter\View\View->CodeIgniter\View\{closure}()
 4 SYSTEMPATH/Common.php(1173): CodeIgniter\View\View->render('service_list', [], true)
 5 APPPATH/Controllers/Home.php(129): view('service_list', [...])
 6 SYSTEMPATH/CodeIgniter.php(933): App\Controllers\Home->fetch_services()
 7 SYSTEMPATH/CodeIgniter.php(507): CodeIgniter\CodeIgniter->runController(Object(App\Controllers\Home))
 8 SYSTEMPATH/CodeIgniter.php(354): CodeIgniter\CodeIgniter->handleRequest(null, Object(Config\Cache), false)
 9 SYSTEMPATH/Boot.php(334): CodeIgniter\CodeIgniter->run()
10 SYSTEMPATH/Boot.php(67): CodeIgniter\Boot::runCodeIgniter(Object(CodeIgniter\CodeIgniter))
11 FCPATH/index.php(27): CodeIgniter\Boot::bootWeb(Object(Config\Paths))
DEBUG - 2025-10-14 14:15:17 --> Session: Class initialized using 'CodeIgniter\Session\Handlers\FileHandler' driver.
WARNING - 2025-10-14 14:15:17 --> [DEPRECATED] addslashes(): Passing null to parameter #1 ($string) of type string is deprecated in APPPATH/Views/service_list.php on line 10.
 1 APPPATH/Views/service_list.php(10): addslashes(null)
 2 SYSTEMPATH/View/View.php(224): include('/home/u810214334/domains/embellish-beauty.co.uk/public_html/app/Views/service_list.php')
 3 SYSTEMPATH/View/View.php(227): CodeIgniter\View\View->CodeIgniter\View\{closure}()
 4 SYSTEMPATH/Common.php(1173): CodeIgniter\View\View->render('service_list', [], true)
 5 APPPATH/Controllers/Home.php(129): view('service_list', [...])
 6 SYSTEMPATH/CodeIgniter.php(933): App\Controllers\Home->fetch_services()
 7 SYSTEMPATH/CodeIgniter.php(507): CodeIgniter\CodeIgniter->runController(Object(App\Controllers\Home))
 8 SYSTEMPATH/CodeIgniter.php(354): CodeIgniter\CodeIgniter->handleRequest(null, Object(Config\Cache), false)
 9 SYSTEMPATH/Boot.php(334): CodeIgniter\CodeIgniter->run()
10 SYSTEMPATH/Boot.php(67): CodeIgniter\Boot::runCodeIgniter(Object(CodeIgniter\CodeIgniter))
11 FCPATH/index.php(27): CodeIgniter\Boot::bootWeb(Object(Config\Paths))
WARNING - 2025-10-14 14:15:17 --> [DEPRECATED] addslashes(): Passing null to parameter #1 ($string) of type string is deprecated in APPPATH/Views/service_list.php on line 10.
 1 APPPATH/Views/service_list.php(10): addslashes(null)
 2 SYSTEMPATH/View/View.php(224): include('/home/u810214334/domains/embellish-beauty.co.uk/public_html/app/Views/service_list.php')
 3 SYSTEMPATH/View/View.php(227): CodeIgniter\View\View->CodeIgniter\View\{closure}()
 4 SYSTEMPATH/Common.php(1173): CodeIgniter\View\View->render('service_list', [], true)
 5 APPPATH/Controllers/Home.php(129): view('service_list', [...])
 6 SYSTEMPATH/CodeIgniter.php(933): App\Controllers\Home->fetch_services()
 7 SYSTEMPATH/CodeIgniter.php(507): CodeIgniter\CodeIgniter->runController(Object(App\Controllers\Home))
 8 SYSTEMPATH/CodeIgniter.php(354): CodeIgniter\CodeIgniter->handleRequest(null, Object(Config\Cache), false)
 9 SYSTEMPATH/Boot.php(334): CodeIgniter\CodeIgniter->run()
10 SYSTEMPATH/Boot.php(67): CodeIgniter\Boot::runCodeIgniter(Object(CodeIgniter\CodeIgniter))
11 FCPATH/index.php(27): CodeIgniter\Boot::bootWeb(Object(Config\Paths))
WARNING - 2025-10-14 14:15:17 --> [DEPRECATED] addslashes(): Passing null to parameter #1 ($string) of type string is deprecated in APPPATH/Views/service_list.php on line 10.
 1 APPPATH/Views/service_list.php(10): addslashes(null)
 2 SYSTEMPATH/View/View.php(224): include('/home/u810214334/domains/embellish-beauty.co.uk/public_html/app/Views/service_list.php')
 3 SYSTEMPATH/View/View.php(227): CodeIgniter\View\View->CodeIgniter\View\{closure}()
 4 SYSTEMPATH/Common.php(1173): CodeIgniter\View\View->render('service_list', [], true)
 5 APPPATH/Controllers/Home.php(129): view('service_list', [...])
 6 SYSTEMPATH/CodeIgniter.php(933): App\Controllers\Home->fetch_services()
 7 SYSTEMPATH/CodeIgniter.php(507): CodeIgniter\CodeIgniter->runController(Object(App\Controllers\Home))
 8 SYSTEMPATH/CodeIgniter.php(354): CodeIgniter\CodeIgniter->handleRequest(null, Object(Config\Cache), false)
 9 SYSTEMPATH/Boot.php(334): CodeIgniter\CodeIgniter->run()
10 SYSTEMPATH/Boot.php(67): CodeIgniter\Boot::runCodeIgniter(Object(CodeIgniter\CodeIgniter))
11 FCPATH/index.php(27): CodeIgniter\Boot::bootWeb(Object(Config\Paths))
WARNING - 2025-10-14 14:15:17 --> [DEPRECATED] addslashes(): Passing null to parameter #1 ($string) of type string is deprecated in APPPATH/Views/service_list.php on line 10.
 1 APPPATH/Views/service_list.php(10): addslashes(null)
 2 SYSTEMPATH/View/View.php(224): include('/home/u810214334/domains/embellish-beauty.co.uk/public_html/app/Views/service_list.php')
 3 SYSTEMPATH/View/View.php(227): CodeIgniter\View\View->CodeIgniter\View\{closure}()
 4 SYSTEMPATH/Common.php(1173): CodeIgniter\View\View->render('service_list', [], true)
 5 APPPATH/Controllers/Home.php(129): view('service_list', [...])
 6 SYSTEMPATH/CodeIgniter.php(933): App\Controllers\Home->fetch_services()
 7 SYSTEMPATH/CodeIgniter.php(507): CodeIgniter\CodeIgniter->runController(Object(App\Controllers\Home))
 8 SYSTEMPATH/CodeIgniter.php(354): CodeIgniter\CodeIgniter->handleRequest(null, Object(Config\Cache), false)
 9 SYSTEMPATH/Boot.php(334): CodeIgniter\CodeIgniter->run()
10 SYSTEMPATH/Boot.php(67): CodeIgniter\Boot::runCodeIgniter(Object(CodeIgniter\CodeIgniter))
11 FCPATH/index.php(27): CodeIgniter\Boot::bootWeb(Object(Config\Paths))
WARNING - 2025-10-14 14:15:17 --> [DEPRECATED] addslashes(): Passing null to parameter #1 ($string) of type string is deprecated in APPPATH/Views/service_list.php on line 10.
 1 APPPATH/Views/service_list.php(10): addslashes(null)
 2 SYSTEMPATH/View/View.php(224): include('/home/u810214334/domains/embellish-beauty.co.uk/public_html/app/Views/service_list.php')
 3 SYSTEMPATH/View/View.php(227): CodeIgniter\View\View->CodeIgniter\View\{closure}()
 4 SYSTEMPATH/Common.php(1173): CodeIgniter\View\View->render('service_list', [], true)
 5 APPPATH/Controllers/Home.php(129): view('service_list', [...])
 6 SYSTEMPATH/CodeIgniter.php(933): App\Controllers\Home->fetch_services()
 7 SYSTEMPATH/CodeIgniter.php(507): CodeIgniter\CodeIgniter->runController(Object(App\Controllers\Home))
 8 SYSTEMPATH/CodeIgniter.php(354): CodeIgniter\CodeIgniter->handleRequest(null, Object(Config\Cache), false)
 9 SYSTEMPATH/Boot.php(334): CodeIgniter\CodeIgniter->run()
10 SYSTEMPATH/Boot.php(67): CodeIgniter\Boot::runCodeIgniter(Object(CodeIgniter\CodeIgniter))
11 FCPATH/index.php(27): CodeIgniter\Boot::bootWeb(Object(Config\Paths))
WARNING - 2025-10-14 14:15:17 --> [DEPRECATED] addslashes(): Passing null to parameter #1 ($string) of type string is deprecated in APPPATH/Views/service_list.php on line 10.
 1 APPPATH/Views/service_list.php(10): addslashes(null)
 2 SYSTEMPATH/View/View.php(224): include('/home/u810214334/domains/embellish-beauty.co.uk/public_html/app/Views/service_list.php')
 3 SYSTEMPATH/View/View.php(227): CodeIgniter\View\View->CodeIgniter\View\{closure}()
 4 SYSTEMPATH/Common.php(1173): CodeIgniter\View\View->render('service_list', [], true)
 5 APPPATH/Controllers/Home.php(129): view('service_list', [...])
 6 SYSTEMPATH/CodeIgniter.php(933): App\Controllers\Home->fetch_services()
 7 SYSTEMPATH/CodeIgniter.php(507): CodeIgniter\CodeIgniter->runController(Object(App\Controllers\Home))
 8 SYSTEMPATH/CodeIgniter.php(354): CodeIgniter\CodeIgniter->handleRequest(null, Object(Config\Cache), false)
 9 SYSTEMPATH/Boot.php(334): CodeIgniter\CodeIgniter->run()
10 SYSTEMPATH/Boot.php(67): CodeIgniter\Boot::runCodeIgniter(Object(CodeIgniter\CodeIgniter))
11 FCPATH/index.php(27): CodeIgniter\Boot::bootWeb(Object(Config\Paths))
WARNING - 2025-10-14 14:15:17 --> [DEPRECATED] addslashes(): Passing null to parameter #1 ($string) of type string is deprecated in APPPATH/Views/service_list.php on line 10.
 1 APPPATH/Views/service_list.php(10): addslashes(null)
 2 SYSTEMPATH/View/View.php(224): include('/home/u810214334/domains/embellish-beauty.co.uk/public_html/app/Views/service_list.php')
 3 SYSTEMPATH/View/View.php(227): CodeIgniter\View\View->CodeIgniter\View\{closure}()
 4 SYSTEMPATH/Common.php(1173): CodeIgniter\View\View->render('service_list', [], true)
 5 APPPATH/Controllers/Home.php(129): view('service_list', [...])
 6 SYSTEMPATH/CodeIgniter.php(933): App\Controllers\Home->fetch_services()
 7 SYSTEMPATH/CodeIgniter.php(507): CodeIgniter\CodeIgniter->runController(Object(App\Controllers\Home))
 8 SYSTEMPATH/CodeIgniter.php(354): CodeIgniter\CodeIgniter->handleRequest(null, Object(Config\Cache), false)
 9 SYSTEMPATH/Boot.php(334): CodeIgniter\CodeIgniter->run()
10 SYSTEMPATH/Boot.php(67): CodeIgniter\Boot::runCodeIgniter(Object(CodeIgniter\CodeIgniter))
11 FCPATH/index.php(27): CodeIgniter\Boot::bootWeb(Object(Config\Paths))
WARNING - 2025-10-14 14:15:17 --> [DEPRECATED] addslashes(): Passing null to parameter #1 ($string) of type string is deprecated in APPPATH/Views/service_list.php on line 10.
 1 APPPATH/Views/service_list.php(10): addslashes(null)
 2 SYSTEMPATH/View/View.php(224): include('/home/u810214334/domains/embellish-beauty.co.uk/public_html/app/Views/service_list.php')
 3 SYSTEMPATH/View/View.php(227): CodeIgniter\View\View->CodeIgniter\View\{closure}()
 4 SYSTEMPATH/Common.php(1173): CodeIgniter\View\View->render('service_list', [], true)
 5 APPPATH/Controllers/Home.php(129): view('service_list', [...])
 6 SYSTEMPATH/CodeIgniter.php(933): App\Controllers\Home->fetch_services()
 7 SYSTEMPATH/CodeIgniter.php(507): CodeIgniter\CodeIgniter->runController(Object(App\Controllers\Home))
 8 SYSTEMPATH/CodeIgniter.php(354): CodeIgniter\CodeIgniter->handleRequest(null, Object(Config\Cache), false)
 9 SYSTEMPATH/Boot.php(334): CodeIgniter\CodeIgniter->run()
10 SYSTEMPATH/Boot.php(67): CodeIgniter\Boot::runCodeIgniter(Object(CodeIgniter\CodeIgniter))
11 FCPATH/index.php(27): CodeIgniter\Boot::bootWeb(Object(Config\Paths))
WARNING - 2025-10-14 14:15:17 --> [DEPRECATED] addslashes(): Passing null to parameter #1 ($string) of type string is deprecated in APPPATH/Views/service_list.php on line 10.
 1 APPPATH/Views/service_list.php(10): addslashes(null)
 2 SYSTEMPATH/View/View.php(224): include('/home/u810214334/domains/embellish-beauty.co.uk/public_html/app/Views/service_list.php')
 3 SYSTEMPATH/View/View.php(227): CodeIgniter\View\View->CodeIgniter\View\{closure}()
 4 SYSTEMPATH/Common.php(1173): CodeIgniter\View\View->render('service_list', [], true)
 5 APPPATH/Controllers/Home.php(129): view('service_list', [...])
 6 SYSTEMPATH/CodeIgniter.php(933): App\Controllers\Home->fetch_services()
 7 SYSTEMPATH/CodeIgniter.php(507): CodeIgniter\CodeIgniter->runController(Object(App\Controllers\Home))
 8 SYSTEMPATH/CodeIgniter.php(354): CodeIgniter\CodeIgniter->handleRequest(null, Object(Config\Cache), false)
 9 SYSTEMPATH/Boot.php(334): CodeIgniter\CodeIgniter->run()
10 SYSTEMPATH/Boot.php(67): CodeIgniter\Boot::runCodeIgniter(Object(CodeIgniter\CodeIgniter))
11 FCPATH/index.php(27): CodeIgniter\Boot::bootWeb(Object(Config\Paths))
WARNING - 2025-10-14 14:15:17 --> [DEPRECATED] addslashes(): Passing null to parameter #1 ($string) of type string is deprecated in APPPATH/Views/service_list.php on line 10.
 1 APPPATH/Views/service_list.php(10): addslashes(null)
 2 SYSTEMPATH/View/View.php(224): include('/home/u810214334/domains/embellish-beauty.co.uk/public_html/app/Views/service_list.php')
 3 SYSTEMPATH/View/View.php(227): CodeIgniter\View\View->CodeIgniter\View\{closure}()
 4 SYSTEMPATH/Common.php(1173): CodeIgniter\View\View->render('service_list', [], true)
 5 APPPATH/Controllers/Home.php(129): view('service_list', [...])
 6 SYSTEMPATH/CodeIgniter.php(933): App\Controllers\Home->fetch_services()
 7 SYSTEMPATH/CodeIgniter.php(507): CodeIgniter\CodeIgniter->runController(Object(App\Controllers\Home))
 8 SYSTEMPATH/CodeIgniter.php(354): CodeIgniter\CodeIgniter->handleRequest(null, Object(Config\Cache), false)
 9 SYSTEMPATH/Boot.php(334): CodeIgniter\CodeIgniter->run()
10 SYSTEMPATH/Boot.php(67): CodeIgniter\Boot::runCodeIgniter(Object(CodeIgniter\CodeIgniter))
11 FCPATH/index.php(27): CodeIgniter\Boot::bootWeb(Object(Config\Paths))
WARNING - 2025-10-14 14:15:17 --> [DEPRECATED] addslashes(): Passing null to parameter #1 ($string) of type string is deprecated in APPPATH/Views/service_list.php on line 10.
 1 APPPATH/Views/service_list.php(10): addslashes(null)
 2 SYSTEMPATH/View/View.php(224): include('/home/u810214334/domains/embellish-beauty.co.uk/public_html/app/Views/service_list.php')
 3 SYSTEMPATH/View/View.php(227): CodeIgniter\View\View->CodeIgniter\View\{closure}()
 4 SYSTEMPATH/Common.php(1173): CodeIgniter\View\View->render('service_list', [], true)
 5 APPPATH/Controllers/Home.php(129): view('service_list', [...])
 6 SYSTEMPATH/CodeIgniter.php(933): App\Controllers\Home->fetch_services()
 7 SYSTEMPATH/CodeIgniter.php(507): CodeIgniter\CodeIgniter->runController(Object(App\Controllers\Home))
 8 SYSTEMPATH/CodeIgniter.php(354): CodeIgniter\CodeIgniter->handleRequest(null, Object(Config\Cache), false)
 9 SYSTEMPATH/Boot.php(334): CodeIgniter\CodeIgniter->run()
10 SYSTEMPATH/Boot.php(67): CodeIgniter\Boot::runCodeIgniter(Object(CodeIgniter\CodeIgniter))
11 FCPATH/index.php(27): CodeIgniter\Boot::bootWeb(Object(Config\Paths))
WARNING - 2025-10-14 14:15:17 --> [DEPRECATED] addslashes(): Passing null to parameter #1 ($string) of type string is deprecated in APPPATH/Views/service_list.php on line 10.
 1 APPPATH/Views/service_list.php(10): addslashes(null)
 2 SYSTEMPATH/View/View.php(224): include('/home/u810214334/domains/embellish-beauty.co.uk/public_html/app/Views/service_list.php')
 3 SYSTEMPATH/View/View.php(227): CodeIgniter\View\View->CodeIgniter\View\{closure}()
 4 SYSTEMPATH/Common.php(1173): CodeIgniter\View\View->render('service_list', [], true)
 5 APPPATH/Controllers/Home.php(129): view('service_list', [...])
 6 SYSTEMPATH/CodeIgniter.php(933): App\Controllers\Home->fetch_services()
 7 SYSTEMPATH/CodeIgniter.php(507): CodeIgniter\CodeIgniter->runController(Object(App\Controllers\Home))
 8 SYSTEMPATH/CodeIgniter.php(354): CodeIgniter\CodeIgniter->handleRequest(null, Object(Config\Cache), false)
 9 SYSTEMPATH/Boot.php(334): CodeIgniter\CodeIgniter->run()
10 SYSTEMPATH/Boot.php(67): CodeIgniter\Boot::runCodeIgniter(Object(CodeIgniter\CodeIgniter))
11 FCPATH/index.php(27): CodeIgniter\Boot::bootWeb(Object(Config\Paths))
WARNING - 2025-10-14 14:15:17 --> [DEPRECATED] addslashes(): Passing null to parameter #1 ($string) of type string is deprecated in APPPATH/Views/service_list.php on line 10.
 1 APPPATH/Views/service_list.php(10): addslashes(null)
 2 SYSTEMPATH/View/View.php(224): include('/home/u810214334/domains/embellish-beauty.co.uk/public_html/app/Views/service_list.php')
 3 SYSTEMPATH/View/View.php(227): CodeIgniter\View\View->CodeIgniter\View\{closure}()
 4 SYSTEMPATH/Common.php(1173): CodeIgniter\View\View->render('service_list', [], true)
 5 APPPATH/Controllers/Home.php(129): view('service_list', [...])
 6 SYSTEMPATH/CodeIgniter.php(933): App\Controllers\Home->fetch_services()
 7 SYSTEMPATH/CodeIgniter.php(507): CodeIgniter\CodeIgniter->runController(Object(App\Controllers\Home))
 8 SYSTEMPATH/CodeIgniter.php(354): CodeIgniter\CodeIgniter->handleRequest(null, Object(Config\Cache), false)
 9 SYSTEMPATH/Boot.php(334): CodeIgniter\CodeIgniter->run()
10 SYSTEMPATH/Boot.php(67): CodeIgniter\Boot::runCodeIgniter(Object(CodeIgniter\CodeIgniter))
11 FCPATH/index.php(27): CodeIgniter\Boot::bootWeb(Object(Config\Paths))
WARNING - 2025-10-14 14:15:17 --> [DEPRECATED] addslashes(): Passing null to parameter #1 ($string) of type string is deprecated in APPPATH/Views/service_list.php on line 10.
 1 APPPATH/Views/service_list.php(10): addslashes(null)
 2 SYSTEMPATH/View/View.php(224): include('/home/u810214334/domains/embellish-beauty.co.uk/public_html/app/Views/service_list.php')
 3 SYSTEMPATH/View/View.php(227): CodeIgniter\View\View->CodeIgniter\View\{closure}()
 4 SYSTEMPATH/Common.php(1173): CodeIgniter\View\View->render('service_list', [], true)
 5 APPPATH/Controllers/Home.php(129): view('service_list', [...])
 6 SYSTEMPATH/CodeIgniter.php(933): App\Controllers\Home->fetch_services()
 7 SYSTEMPATH/CodeIgniter.php(507): CodeIgniter\CodeIgniter->runController(Object(App\Controllers\Home))
 8 SYSTEMPATH/CodeIgniter.php(354): CodeIgniter\CodeIgniter->handleRequest(null, Object(Config\Cache), false)
 9 SYSTEMPATH/Boot.php(334): CodeIgniter\CodeIgniter->run()
10 SYSTEMPATH/Boot.php(67): CodeIgniter\Boot::runCodeIgniter(Object(CodeIgniter\CodeIgniter))
11 FCPATH/index.php(27): CodeIgniter\Boot::bootWeb(Object(Config\Paths))
WARNING - 2025-10-14 14:15:17 --> [DEPRECATED] addslashes(): Passing null to parameter #1 ($string) of type string is deprecated in APPPATH/Views/service_list.php on line 10.
 1 APPPATH/Views/service_list.php(10): addslashes(null)
 2 SYSTEMPATH/View/View.php(224): include('/home/u810214334/domains/embellish-beauty.co.uk/public_html/app/Views/service_list.php')
 3 SYSTEMPATH/View/View.php(227): CodeIgniter\View\View->CodeIgniter\View\{closure}()
 4 SYSTEMPATH/Common.php(1173): CodeIgniter\View\View->render('service_list', [], true)
 5 APPPATH/Controllers/Home.php(129): view('service_list', [...])
 6 SYSTEMPATH/CodeIgniter.php(933): App\Controllers\Home->fetch_services()
 7 SYSTEMPATH/CodeIgniter.php(507): CodeIgniter\CodeIgniter->runController(Object(App\Controllers\Home))
 8 SYSTEMPATH/CodeIgniter.php(354): CodeIgniter\CodeIgniter->handleRequest(null, Object(Config\Cache), false)
 9 SYSTEMPATH/Boot.php(334): CodeIgniter\CodeIgniter->run()
10 SYSTEMPATH/Boot.php(67): CodeIgniter\Boot::runCodeIgniter(Object(CodeIgniter\CodeIgniter))
11 FCPATH/index.php(27): CodeIgniter\Boot::bootWeb(Object(Config\Paths))
WARNING - 2025-10-14 14:15:17 --> [DEPRECATED] addslashes(): Passing null to parameter #1 ($string) of type string is deprecated in APPPATH/Views/service_list.php on line 10.
 1 APPPATH/Views/service_list.php(10): addslashes(null)
 2 SYSTEMPATH/View/View.php(224): include('/home/u810214334/domains/embellish-beauty.co.uk/public_html/app/Views/service_list.php')
 3 SYSTEMPATH/View/View.php(227): CodeIgniter\View\View->CodeIgniter\View\{closure}()
 4 SYSTEMPATH/Common.php(1173): CodeIgniter\View\View->render('service_list', [], true)
 5 APPPATH/Controllers/Home.php(129): view('service_list', [...])
 6 SYSTEMPATH/CodeIgniter.php(933): App\Controllers\Home->fetch_services()
 7 SYSTEMPATH/CodeIgniter.php(507): CodeIgniter\CodeIgniter->runController(Object(App\Controllers\Home))
 8 SYSTEMPATH/CodeIgniter.php(354): CodeIgniter\CodeIgniter->handleRequest(null, Object(Config\Cache), false)
 9 SYSTEMPATH/Boot.php(334): CodeIgniter\CodeIgniter->run()
10 SYSTEMPATH/Boot.php(67): CodeIgniter\Boot::runCodeIgniter(Object(CodeIgniter\CodeIgniter))
11 FCPATH/index.php(27): CodeIgniter\Boot::bootWeb(Object(Config\Paths))
DEBUG - 2025-10-14 14:15:28 --> Session: Class initialized using 'CodeIgniter\Session\Handlers\FileHandler' driver.
DEBUG - 2025-10-14 14:15:36 --> Session: Class initialized using 'CodeIgniter\Session\Handlers\FileHandler' driver.
DEBUG - 2025-10-14 14:17:22 --> Session: Class initialized using 'CodeIgniter\Session\Handlers\FileHandler' driver.
DEBUG - 2025-10-14 14:17:31 --> Session: Class initialized using 'CodeIgniter\Session\Handlers\FileHandler' driver.
DEBUG - 2025-10-14 14:17:37 --> Session: Class initialized using 'CodeIgniter\Session\Handlers\FileHandler' driver.
DEBUG - 2025-10-14 14:17:37 --> Session: Class initialized using 'CodeIgniter\Session\Handlers\FileHandler' driver.
DEBUG - 2025-10-14 14:17:37 --> Session: Class initialized using 'CodeIgniter\Session\Handlers\FileHandler' driver.
DEBUG - 2025-10-14 14:17:37 --> Session: Class initialized using 'CodeIgniter\Session\Handlers\FileHandler' driver.
WARNING - 2025-10-14 14:17:38 --> [DEPRECATED] addslashes(): Passing null to parameter #1 ($string) of type string is deprecated in APPPATH/Views/service_list.php on line 10.
 1 APPPATH/Views/service_list.php(10): addslashes(null)
 2 SYSTEMPATH/View/View.php(224): include('/home/u810214334/domains/embellish-beauty.co.uk/public_html/app/Views/service_list.php')
 3 SYSTEMPATH/View/View.php(227): CodeIgniter\View\View->CodeIgniter\View\{closure}()
 4 SYSTEMPATH/Common.php(1173): CodeIgniter\View\View->render('service_list', [], true)
 5 APPPATH/Controllers/Home.php(129): view('service_list', [...])
 6 SYSTEMPATH/CodeIgniter.php(933): App\Controllers\Home->fetch_services()
 7 SYSTEMPATH/CodeIgniter.php(507): CodeIgniter\CodeIgniter->runController(Object(App\Controllers\Home))
 8 SYSTEMPATH/CodeIgniter.php(354): CodeIgniter\CodeIgniter->handleRequest(null, Object(Config\Cache), false)
 9 SYSTEMPATH/Boot.php(334): CodeIgniter\CodeIgniter->run()
10 SYSTEMPATH/Boot.php(67): CodeIgniter\Boot::runCodeIgniter(Object(CodeIgniter\CodeIgniter))
11 FCPATH/index.php(27): CodeIgniter\Boot::bootWeb(Object(Config\Paths))
WARNING - 2025-10-14 14:17:38 --> [DEPRECATED] addslashes(): Passing null to parameter #1 ($string) of type string is deprecated in APPPATH/Views/service_list.php on line 10.
 1 APPPATH/Views/service_list.php(10): addslashes(null)
 2 SYSTEMPATH/View/View.php(224): include('/home/u810214334/domains/embellish-beauty.co.uk/public_html/app/Views/service_list.php')
 3 SYSTEMPATH/View/View.php(227): CodeIgniter\View\View->CodeIgniter\View\{closure}()
 4 SYSTEMPATH/Common.php(1173): CodeIgniter\View\View->render('service_list', [], true)
 5 APPPATH/Controllers/Home.php(129): view('service_list', [...])
 6 SYSTEMPATH/CodeIgniter.php(933): App\Controllers\Home->fetch_services()
 7 SYSTEMPATH/CodeIgniter.php(507): CodeIgniter\CodeIgniter->runController(Object(App\Controllers\Home))
 8 SYSTEMPATH/CodeIgniter.php(354): CodeIgniter\CodeIgniter->handleRequest(null, Object(Config\Cache), false)
 9 SYSTEMPATH/Boot.php(334): CodeIgniter\CodeIgniter->run()
10 SYSTEMPATH/Boot.php(67): CodeIgniter\Boot::runCodeIgniter(Object(CodeIgniter\CodeIgniter))
11 FCPATH/index.php(27): CodeIgniter\Boot::bootWeb(Object(Config\Paths))
WARNING - 2025-10-14 14:17:38 --> [DEPRECATED] addslashes(): Passing null to parameter #1 ($string) of type string is deprecated in APPPATH/Views/service_list.php on line 10.
 1 APPPATH/Views/service_list.php(10): addslashes(null)
 2 SYSTEMPATH/View/View.php(224): include('/home/u810214334/domains/embellish-beauty.co.uk/public_html/app/Views/service_list.php')
 3 SYSTEMPATH/View/View.php(227): CodeIgniter\View\View->CodeIgniter\View\{closure}()
 4 SYSTEMPATH/Common.php(1173): CodeIgniter\View\View->render('service_list', [], true)
 5 APPPATH/Controllers/Home.php(129): view('service_list', [...])
 6 SYSTEMPATH/CodeIgniter.php(933): App\Controllers\Home->fetch_services()
 7 SYSTEMPATH/CodeIgniter.php(507): CodeIgniter\CodeIgniter->runController(Object(App\Controllers\Home))
 8 SYSTEMPATH/CodeIgniter.php(354): CodeIgniter\CodeIgniter->handleRequest(null, Object(Config\Cache), false)
 9 SYSTEMPATH/Boot.php(334): CodeIgniter\CodeIgniter->run()
10 SYSTEMPATH/Boot.php(67): CodeIgniter\Boot::runCodeIgniter(Object(CodeIgniter\CodeIgniter))
11 FCPATH/index.php(27): CodeIgniter\Boot::bootWeb(Object(Config\Paths))
WARNING - 2025-10-14 14:17:38 --> [DEPRECATED] addslashes(): Passing null to parameter #1 ($string) of type string is deprecated in APPPATH/Views/service_list.php on line 10.
 1 APPPATH/Views/service_list.php(10): addslashes(null)
 2 SYSTEMPATH/View/View.php(224): include('/home/u810214334/domains/embellish-beauty.co.uk/public_html/app/Views/service_list.php')
 3 SYSTEMPATH/View/View.php(227): CodeIgniter\View\View->CodeIgniter\View\{closure}()
 4 SYSTEMPATH/Common.php(1173): CodeIgniter\View\View->render('service_list', [], true)
 5 APPPATH/Controllers/Home.php(129): view('service_list', [...])
 6 SYSTEMPATH/CodeIgniter.php(933): App\Controllers\Home->fetch_services()
 7 SYSTEMPATH/CodeIgniter.php(507): CodeIgniter\CodeIgniter->runController(Object(App\Controllers\Home))
 8 SYSTEMPATH/CodeIgniter.php(354): CodeIgniter\CodeIgniter->handleRequest(null, Object(Config\Cache), false)
 9 SYSTEMPATH/Boot.php(334): CodeIgniter\CodeIgniter->run()
10 SYSTEMPATH/Boot.php(67): CodeIgniter\Boot::runCodeIgniter(Object(CodeIgniter\CodeIgniter))
11 FCPATH/index.php(27): CodeIgniter\Boot::bootWeb(Object(Config\Paths))
WARNING - 2025-10-14 14:17:38 --> [DEPRECATED] addslashes(): Passing null to parameter #1 ($string) of type string is deprecated in APPPATH/Views/service_list.php on line 10.
 1 APPPATH/Views/service_list.php(10): addslashes(null)
 2 SYSTEMPATH/View/View.php(224): include('/home/u810214334/domains/embellish-beauty.co.uk/public_html/app/Views/service_list.php')
 3 SYSTEMPATH/View/View.php(227): CodeIgniter\View\View->CodeIgniter\View\{closure}()
 4 SYSTEMPATH/Common.php(1173): CodeIgniter\View\View->render('service_list', [], true)
 5 APPPATH/Controllers/Home.php(129): view('service_list', [...])
 6 SYSTEMPATH/CodeIgniter.php(933): App\Controllers\Home->fetch_services()
 7 SYSTEMPATH/CodeIgniter.php(507): CodeIgniter\CodeIgniter->runController(Object(App\Controllers\Home))
 8 SYSTEMPATH/CodeIgniter.php(354): CodeIgniter\CodeIgniter->handleRequest(null, Object(Config\Cache), false)
 9 SYSTEMPATH/Boot.php(334): CodeIgniter\CodeIgniter->run()
10 SYSTEMPATH/Boot.php(67): CodeIgniter\Boot::runCodeIgniter(Object(CodeIgniter\CodeIgniter))
11 FCPATH/index.php(27): CodeIgniter\Boot::bootWeb(Object(Config\Paths))
WARNING - 2025-10-14 14:17:38 --> [DEPRECATED] addslashes(): Passing null to parameter #1 ($string) of type string is deprecated in APPPATH/Views/service_list.php on line 10.
 1 APPPATH/Views/service_list.php(10): addslashes(null)
 2 SYSTEMPATH/View/View.php(224): include('/home/u810214334/domains/embellish-beauty.co.uk/public_html/app/Views/service_list.php')
 3 SYSTEMPATH/View/View.php(227): CodeIgniter\View\View->CodeIgniter\View\{closure}()
 4 SYSTEMPATH/Common.php(1173): CodeIgniter\View\View->render('service_list', [], true)
 5 APPPATH/Controllers/Home.php(129): view('service_list', [...])
 6 SYSTEMPATH/CodeIgniter.php(933): App\Controllers\Home->fetch_services()
 7 SYSTEMPATH/CodeIgniter.php(507): CodeIgniter\CodeIgniter->runController(Object(App\Controllers\Home))
 8 SYSTEMPATH/CodeIgniter.php(354): CodeIgniter\CodeIgniter->handleRequest(null, Object(Config\Cache), false)
 9 SYSTEMPATH/Boot.php(334): CodeIgniter\CodeIgniter->run()
10 SYSTEMPATH/Boot.php(67): CodeIgniter\Boot::runCodeIgniter(Object(CodeIgniter\CodeIgniter))
11 FCPATH/index.php(27): CodeIgniter\Boot::bootWeb(Object(Config\Paths))
WARNING - 2025-10-14 14:17:38 --> [DEPRECATED] addslashes(): Passing null to parameter #1 ($string) of type string is deprecated in APPPATH/Views/service_list.php on line 10.
 1 APPPATH/Views/service_list.php(10): addslashes(null)
 2 SYSTEMPATH/View/View.php(224): include('/home/u810214334/domains/embellish-beauty.co.uk/public_html/app/Views/service_list.php')
 3 SYSTEMPATH/View/View.php(227): CodeIgniter\View\View->CodeIgniter\View\{closure}()
 4 SYSTEMPATH/Common.php(1173): CodeIgniter\View\View->render('service_list', [], true)
 5 APPPATH/Controllers/Home.php(129): view('service_list', [...])
 6 SYSTEMPATH/CodeIgniter.php(933): App\Controllers\Home->fetch_services()
 7 SYSTEMPATH/CodeIgniter.php(507): CodeIgniter\CodeIgniter->runController(Object(App\Controllers\Home))
 8 SYSTEMPATH/CodeIgniter.php(354): CodeIgniter\CodeIgniter->handleRequest(null, Object(Config\Cache), false)
 9 SYSTEMPATH/Boot.php(334): CodeIgniter\CodeIgniter->run()
10 SYSTEMPATH/Boot.php(67): CodeIgniter\Boot::runCodeIgniter(Object(CodeIgniter\CodeIgniter))
11 FCPATH/index.php(27): CodeIgniter\Boot::bootWeb(Object(Config\Paths))
WARNING - 2025-10-14 14:17:38 --> [DEPRECATED] addslashes(): Passing null to parameter #1 ($string) of type string is deprecated in APPPATH/Views/service_list.php on line 10.
 1 APPPATH/Views/service_list.php(10): addslashes(null)
 2 SYSTEMPATH/View/View.php(224): include('/home/u810214334/domains/embellish-beauty.co.uk/public_html/app/Views/service_list.php')
 3 SYSTEMPATH/View/View.php(227): CodeIgniter\View\View->CodeIgniter\View\{closure}()
 4 SYSTEMPATH/Common.php(1173): CodeIgniter\View\View->render('service_list', [], true)
 5 APPPATH/Controllers/Home.php(129): view('service_list', [...])
 6 SYSTEMPATH/CodeIgniter.php(933): App\Controllers\Home->fetch_services()
 7 SYSTEMPATH/CodeIgniter.php(507): CodeIgniter\CodeIgniter->runController(Object(App\Controllers\Home))
 8 SYSTEMPATH/CodeIgniter.php(354): CodeIgniter\CodeIgniter->handleRequest(null, Object(Config\Cache), false)
 9 SYSTEMPATH/Boot.php(334): CodeIgniter\CodeIgniter->run()
10 SYSTEMPATH/Boot.php(67): CodeIgniter\Boot::runCodeIgniter(Object(CodeIgniter\CodeIgniter))
11 FCPATH/index.php(27): CodeIgniter\Boot::bootWeb(Object(Config\Paths))
WARNING - 2025-10-14 14:17:38 --> [DEPRECATED] addslashes(): Passing null to parameter #1 ($string) of type string is deprecated in APPPATH/Views/service_list.php on line 10.
 1 APPPATH/Views/service_list.php(10): addslashes(null)
 2 SYSTEMPATH/View/View.php(224): include('/home/u810214334/domains/embellish-beauty.co.uk/public_html/app/Views/service_list.php')
 3 SYSTEMPATH/View/View.php(227): CodeIgniter\View\View->CodeIgniter\View\{closure}()
 4 SYSTEMPATH/Common.php(1173): CodeIgniter\View\View->render('service_list', [], true)
 5 APPPATH/Controllers/Home.php(129): view('service_list', [...])
 6 SYSTEMPATH/CodeIgniter.php(933): App\Controllers\Home->fetch_services()
 7 SYSTEMPATH/CodeIgniter.php(507): CodeIgniter\CodeIgniter->runController(Object(App\Controllers\Home))
 8 SYSTEMPATH/CodeIgniter.php(354): CodeIgniter\CodeIgniter->handleRequest(null, Object(Config\Cache), false)
 9 SYSTEMPATH/Boot.php(334): CodeIgniter\CodeIgniter->run()
10 SYSTEMPATH/Boot.php(67): CodeIgniter\Boot::runCodeIgniter(Object(CodeIgniter\CodeIgniter))
11 FCPATH/index.php(27): CodeIgniter\Boot::bootWeb(Object(Config\Paths))
WARNING - 2025-10-14 14:17:38 --> [DEPRECATED] addslashes(): Passing null to parameter #1 ($string) of type string is deprecated in APPPATH/Views/service_list.php on line 10.
 1 APPPATH/Views/service_list.php(10): addslashes(null)
 2 SYSTEMPATH/View/View.php(224): include('/home/u810214334/domains/embellish-beauty.co.uk/public_html/app/Views/service_list.php')
 3 SYSTEMPATH/View/View.php(227): CodeIgniter\View\View->CodeIgniter\View\{closure}()
 4 SYSTEMPATH/Common.php(1173): CodeIgniter\View\View->render('service_list', [], true)
 5 APPPATH/Controllers/Home.php(129): view('service_list', [...])
 6 SYSTEMPATH/CodeIgniter.php(933): App\Controllers\Home->fetch_services()
 7 SYSTEMPATH/CodeIgniter.php(507): CodeIgniter\CodeIgniter->runController(Object(App\Controllers\Home))
 8 SYSTEMPATH/CodeIgniter.php(354): CodeIgniter\CodeIgniter->handleRequest(null, Object(Config\Cache), false)
 9 SYSTEMPATH/Boot.php(334): CodeIgniter\CodeIgniter->run()
10 SYSTEMPATH/Boot.php(67): CodeIgniter\Boot::runCodeIgniter(Object(CodeIgniter\CodeIgniter))
11 FCPATH/index.php(27): CodeIgniter\Boot::bootWeb(Object(Config\Paths))
WARNING - 2025-10-14 14:17:38 --> [DEPRECATED] addslashes(): Passing null to parameter #1 ($string) of type string is deprecated in APPPATH/Views/service_list.php on line 10.
 1 APPPATH/Views/service_list.php(10): addslashes(null)
 2 SYSTEMPATH/View/View.php(224): include('/home/u810214334/domains/embellish-beauty.co.uk/public_html/app/Views/service_list.php')
 3 SYSTEMPATH/View/View.php(227): CodeIgniter\View\View->CodeIgniter\View\{closure}()
 4 SYSTEMPATH/Common.php(1173): CodeIgniter\View\View->render('service_list', [], true)
 5 APPPATH/Controllers/Home.php(129): view('service_list', [...])
 6 SYSTEMPATH/CodeIgniter.php(933): App\Controllers\Home->fetch_services()
 7 SYSTEMPATH/CodeIgniter.php(507): CodeIgniter\CodeIgniter->runController(Object(App\Controllers\Home))
 8 SYSTEMPATH/CodeIgniter.php(354): CodeIgniter\CodeIgniter->handleRequest(null, Object(Config\Cache), false)
 9 SYSTEMPATH/Boot.php(334): CodeIgniter\CodeIgniter->run()
10 SYSTEMPATH/Boot.php(67): CodeIgniter\Boot::runCodeIgniter(Object(CodeIgniter\CodeIgniter))
11 FCPATH/index.php(27): CodeIgniter\Boot::bootWeb(Object(Config\Paths))
WARNING - 2025-10-14 14:17:38 --> [DEPRECATED] addslashes(): Passing null to parameter #1 ($string) of type string is deprecated in APPPATH/Views/service_list.php on line 10.
 1 APPPATH/Views/service_list.php(10): addslashes(null)
 2 SYSTEMPATH/View/View.php(224): include('/home/u810214334/domains/embellish-beauty.co.uk/public_html/app/Views/service_list.php')
 3 SYSTEMPATH/View/View.php(227): CodeIgniter\View\View->CodeIgniter\View\{closure}()
 4 SYSTEMPATH/Common.php(1173): CodeIgniter\View\View->render('service_list', [], true)
 5 APPPATH/Controllers/Home.php(129): view('service_list', [...])
 6 SYSTEMPATH/CodeIgniter.php(933): App\Controllers\Home->fetch_services()
 7 SYSTEMPATH/CodeIgniter.php(507): CodeIgniter\CodeIgniter->runController(Object(App\Controllers\Home))
 8 SYSTEMPATH/CodeIgniter.php(354): CodeIgniter\CodeIgniter->handleRequest(null, Object(Config\Cache), false)
 9 SYSTEMPATH/Boot.php(334): CodeIgniter\CodeIgniter->run()
10 SYSTEMPATH/Boot.php(67): CodeIgniter\Boot::runCodeIgniter(Object(CodeIgniter\CodeIgniter))
11 FCPATH/index.php(27): CodeIgniter\Boot::bootWeb(Object(Config\Paths))
WARNING - 2025-10-14 14:17:38 --> [DEPRECATED] addslashes(): Passing null to parameter #1 ($string) of type string is deprecated in APPPATH/Views/service_list.php on line 10.
 1 APPPATH/Views/service_list.php(10): addslashes(null)
 2 SYSTEMPATH/View/View.php(224): include('/home/u810214334/domains/embellish-beauty.co.uk/public_html/app/Views/service_list.php')
 3 SYSTEMPATH/View/View.php(227): CodeIgniter\View\View->CodeIgniter\View\{closure}()
 4 SYSTEMPATH/Common.php(1173): CodeIgniter\View\View->render('service_list', [], true)
 5 APPPATH/Controllers/Home.php(129): view('service_list', [...])
 6 SYSTEMPATH/CodeIgniter.php(933): App\Controllers\Home->fetch_services()
 7 SYSTEMPATH/CodeIgniter.php(507): CodeIgniter\CodeIgniter->runController(Object(App\Controllers\Home))
 8 SYSTEMPATH/CodeIgniter.php(354): CodeIgniter\CodeIgniter->handleRequest(null, Object(Config\Cache), false)
 9 SYSTEMPATH/Boot.php(334): CodeIgniter\CodeIgniter->run()
10 SYSTEMPATH/Boot.php(67): CodeIgniter\Boot::runCodeIgniter(Object(CodeIgniter\CodeIgniter))
11 FCPATH/index.php(27): CodeIgniter\Boot::bootWeb(Object(Config\Paths))
WARNING - 2025-10-14 14:17:38 --> [DEPRECATED] addslashes(): Passing null to parameter #1 ($string) of type string is deprecated in APPPATH/Views/service_list.php on line 10.
 1 APPPATH/Views/service_list.php(10): addslashes(null)
 2 SYSTEMPATH/View/View.php(224): include('/home/u810214334/domains/embellish-beauty.co.uk/public_html/app/Views/service_list.php')
 3 SYSTEMPATH/View/View.php(227): CodeIgniter\View\View->CodeIgniter\View\{closure}()
 4 SYSTEMPATH/Common.php(1173): CodeIgniter\View\View->render('service_list', [], true)
 5 APPPATH/Controllers/Home.php(129): view('service_list', [...])
 6 SYSTEMPATH/CodeIgniter.php(933): App\Controllers\Home->fetch_services()
 7 SYSTEMPATH/CodeIgniter.php(507): CodeIgniter\CodeIgniter->runController(Object(App\Controllers\Home))
 8 SYSTEMPATH/CodeIgniter.php(354): CodeIgniter\CodeIgniter->handleRequest(null, Object(Config\Cache), false)
 9 SYSTEMPATH/Boot.php(334): CodeIgniter\CodeIgniter->run()
10 SYSTEMPATH/Boot.php(67): CodeIgniter\Boot::runCodeIgniter(Object(CodeIgniter\CodeIgniter))
11 FCPATH/index.php(27): CodeIgniter\Boot::bootWeb(Object(Config\Paths))
WARNING - 2025-10-14 14:17:38 --> [DEPRECATED] addslashes(): Passing null to parameter #1 ($string) of type string is deprecated in APPPATH/Views/service_list.php on line 10.
 1 APPPATH/Views/service_list.php(10): addslashes(null)
 2 SYSTEMPATH/View/View.php(224): include('/home/u810214334/domains/embellish-beauty.co.uk/public_html/app/Views/service_list.php')
 3 SYSTEMPATH/View/View.php(227): CodeIgniter\View\View->CodeIgniter\View\{closure}()
 4 SYSTEMPATH/Common.php(1173): CodeIgniter\View\View->render('service_list', [], true)
 5 APPPATH/Controllers/Home.php(129): view('service_list', [...])
 6 SYSTEMPATH/CodeIgniter.php(933): App\Controllers\Home->fetch_services()
 7 SYSTEMPATH/CodeIgniter.php(507): CodeIgniter\CodeIgniter->runController(Object(App\Controllers\Home))
 8 SYSTEMPATH/CodeIgniter.php(354): CodeIgniter\CodeIgniter->handleRequest(null, Object(Config\Cache), false)
 9 SYSTEMPATH/Boot.php(334): CodeIgniter\CodeIgniter->run()
10 SYSTEMPATH/Boot.php(67): CodeIgniter\Boot::runCodeIgniter(Object(CodeIgniter\CodeIgniter))
11 FCPATH/index.php(27): CodeIgniter\Boot::bootWeb(Object(Config\Paths))
WARNING - 2025-10-14 14:17:38 --> [DEPRECATED] addslashes(): Passing null to parameter #1 ($string) of type string is deprecated in APPPATH/Views/service_list.php on line 10.
 1 APPPATH/Views/service_list.php(10): addslashes(null)
 2 SYSTEMPATH/View/View.php(224): include('/home/u810214334/domains/embellish-beauty.co.uk/public_html/app/Views/service_list.php')
 3 SYSTEMPATH/View/View.php(227): CodeIgniter\View\View->CodeIgniter\View\{closure}()
 4 SYSTEMPATH/Common.php(1173): CodeIgniter\View\View->render('service_list', [], true)
 5 APPPATH/Controllers/Home.php(129): view('service_list', [...])
 6 SYSTEMPATH/CodeIgniter.php(933): App\Controllers\Home->fetch_services()
 7 SYSTEMPATH/CodeIgniter.php(507): CodeIgniter\CodeIgniter->runController(Object(App\Controllers\Home))
 8 SYSTEMPATH/CodeIgniter.php(354): CodeIgniter\CodeIgniter->handleRequest(null, Object(Config\Cache), false)
 9 SYSTEMPATH/Boot.php(334): CodeIgniter\CodeIgniter->run()
10 SYSTEMPATH/Boot.php(67): CodeIgniter\Boot::runCodeIgniter(Object(CodeIgniter\CodeIgniter))
11 FCPATH/index.php(27): CodeIgniter\Boot::bootWeb(Object(Config\Paths))
WARNING - 2025-10-14 14:17:38 --> [DEPRECATED] addslashes(): Passing null to parameter #1 ($string) of type string is deprecated in APPPATH/Views/service_list.php on line 10.
 1 APPPATH/Views/service_list.php(10): addslashes(null)
 2 SYSTEMPATH/View/View.php(224): include('/home/u810214334/domains/embellish-beauty.co.uk/public_html/app/Views/service_list.php')
 3 SYSTEMPATH/View/View.php(227): CodeIgniter\View\View->CodeIgniter\View\{closure}()
 4 SYSTEMPATH/Common.php(1173): CodeIgniter\View\View->render('service_list', [], true)
 5 APPPATH/Controllers/Home.php(129): view('service_list', [...])
 6 SYSTEMPATH/CodeIgniter.php(933): App\Controllers\Home->fetch_services()
 7 SYSTEMPATH/CodeIgniter.php(507): CodeIgniter\CodeIgniter->runController(Object(App\Controllers\Home))
 8 SYSTEMPATH/CodeIgniter.php(354): CodeIgniter\CodeIgniter->handleRequest(null, Object(Config\Cache), false)
 9 SYSTEMPATH/Boot.php(334): CodeIgniter\CodeIgniter->run()
10 SYSTEMPATH/Boot.php(67): CodeIgniter\Boot::runCodeIgniter(Object(CodeIgniter\CodeIgniter))
11 FCPATH/index.php(27): CodeIgniter\Boot::bootWeb(Object(Config\Paths))
WARNING - 2025-10-14 14:17:38 --> [DEPRECATED] addslashes(): Passing null to parameter #1 ($string) of type string is deprecated in APPPATH/Views/service_list.php on line 10.
 1 APPPATH/Views/service_list.php(10): addslashes(null)
 2 SYSTEMPATH/View/View.php(224): include('/home/u810214334/domains/embellish-beauty.co.uk/public_html/app/Views/service_list.php')
 3 SYSTEMPATH/View/View.php(227): CodeIgniter\View\View->CodeIgniter\View\{closure}()
 4 SYSTEMPATH/Common.php(1173): CodeIgniter\View\View->render('service_list', [], true)
 5 APPPATH/Controllers/Home.php(129): view('service_list', [...])
 6 SYSTEMPATH/CodeIgniter.php(933): App\Controllers\Home->fetch_services()
 7 SYSTEMPATH/CodeIgniter.php(507): CodeIgniter\CodeIgniter->runController(Object(App\Controllers\Home))
 8 SYSTEMPATH/CodeIgniter.php(354): CodeIgniter\CodeIgniter->handleRequest(null, Object(Config\Cache), false)
 9 SYSTEMPATH/Boot.php(334): CodeIgniter\CodeIgniter->run()
10 SYSTEMPATH/Boot.php(67): CodeIgniter\Boot::runCodeIgniter(Object(CodeIgniter\CodeIgniter))
11 FCPATH/index.php(27): CodeIgniter\Boot::bootWeb(Object(Config\Paths))
DEBUG - 2025-10-14 14:17:46 --> Session: Class initialized using 'CodeIgniter\Session\Handlers\FileHandler' driver.
WARNING - 2025-10-14 14:17:46 --> [DEPRECATED] addslashes(): Passing null to parameter #1 ($string) of type string is deprecated in APPPATH/Views/service_list.php on line 10.
 1 APPPATH/Views/service_list.php(10): addslashes(null)
 2 SYSTEMPATH/View/View.php(224): include('/home/u810214334/domains/embellish-beauty.co.uk/public_html/app/Views/service_list.php')
 3 SYSTEMPATH/View/View.php(227): CodeIgniter\View\View->CodeIgniter\View\{closure}()
 4 SYSTEMPATH/Common.php(1173): CodeIgniter\View\View->render('service_list', [], true)
 5 APPPATH/Controllers/Home.php(129): view('service_list', [...])
 6 SYSTEMPATH/CodeIgniter.php(933): App\Controllers\Home->fetch_services()
 7 SYSTEMPATH/CodeIgniter.php(507): CodeIgniter\CodeIgniter->runController(Object(App\Controllers\Home))
 8 SYSTEMPATH/CodeIgniter.php(354): CodeIgniter\CodeIgniter->handleRequest(null, Object(Config\Cache), false)
 9 SYSTEMPATH/Boot.php(334): CodeIgniter\CodeIgniter->run()
10 SYSTEMPATH/Boot.php(67): CodeIgniter\Boot::runCodeIgniter(Object(CodeIgniter\CodeIgniter))
11 FCPATH/index.php(27): CodeIgniter\Boot::bootWeb(Object(Config\Paths))
WARNING - 2025-10-14 14:17:46 --> [DEPRECATED] addslashes(): Passing null to parameter #1 ($string) of type string is deprecated in APPPATH/Views/service_list.php on line 10.
 1 APPPATH/Views/service_list.php(10): addslashes(null)
 2 SYSTEMPATH/View/View.php(224): include('/home/u810214334/domains/embellish-beauty.co.uk/public_html/app/Views/service_list.php')
 3 SYSTEMPATH/View/View.php(227): CodeIgniter\View\View->CodeIgniter\View\{closure}()
 4 SYSTEMPATH/Common.php(1173): CodeIgniter\View\View->render('service_list', [], true)
 5 APPPATH/Controllers/Home.php(129): view('service_list', [...])
 6 SYSTEMPATH/CodeIgniter.php(933): App\Controllers\Home->fetch_services()
 7 SYSTEMPATH/CodeIgniter.php(507): CodeIgniter\CodeIgniter->runController(Object(App\Controllers\Home))
 8 SYSTEMPATH/CodeIgniter.php(354): CodeIgniter\CodeIgniter->handleRequest(null, Object(Config\Cache), false)
 9 SYSTEMPATH/Boot.php(334): CodeIgniter\CodeIgniter->run()
10 SYSTEMPATH/Boot.php(67): CodeIgniter\Boot::runCodeIgniter(Object(CodeIgniter\CodeIgniter))
11 FCPATH/index.php(27): CodeIgniter\Boot::bootWeb(Object(Config\Paths))
WARNING - 2025-10-14 14:17:46 --> [DEPRECATED] addslashes(): Passing null to parameter #1 ($string) of type string is deprecated in APPPATH/Views/service_list.php on line 10.
 1 APPPATH/Views/service_list.php(10): addslashes(null)
 2 SYSTEMPATH/View/View.php(224): include('/home/u810214334/domains/embellish-beauty.co.uk/public_html/app/Views/service_list.php')
 3 SYSTEMPATH/View/View.php(227): CodeIgniter\View\View->CodeIgniter\View\{closure}()
 4 SYSTEMPATH/Common.php(1173): CodeIgniter\View\View->render('service_list', [], true)
 5 APPPATH/Controllers/Home.php(129): view('service_list', [...])
 6 SYSTEMPATH/CodeIgniter.php(933): App\Controllers\Home->fetch_services()
 7 SYSTEMPATH/CodeIgniter.php(507): CodeIgniter\CodeIgniter->runController(Object(App\Controllers\Home))
 8 SYSTEMPATH/CodeIgniter.php(354): CodeIgniter\CodeIgniter->handleRequest(null, Object(Config\Cache), false)
 9 SYSTEMPATH/Boot.php(334): CodeIgniter\CodeIgniter->run()
10 SYSTEMPATH/Boot.php(67): CodeIgniter\Boot::runCodeIgniter(Object(CodeIgniter\CodeIgniter))
11 FCPATH/index.php(27): CodeIgniter\Boot::bootWeb(Object(Config\Paths))
WARNING - 2025-10-14 14:17:46 --> [DEPRECATED] addslashes(): Passing null to parameter #1 ($string) of type string is deprecated in APPPATH/Views/service_list.php on line 10.
 1 APPPATH/Views/service_list.php(10): addslashes(null)
 2 SYSTEMPATH/View/View.php(224): include('/home/u810214334/domains/embellish-beauty.co.uk/public_html/app/Views/service_list.php')
 3 SYSTEMPATH/View/View.php(227): CodeIgniter\View\View->CodeIgniter\View\{closure}()
 4 SYSTEMPATH/Common.php(1173): CodeIgniter\View\View->render('service_list', [], true)
 5 APPPATH/Controllers/Home.php(129): view('service_list', [...])
 6 SYSTEMPATH/CodeIgniter.php(933): App\Controllers\Home->fetch_services()
 7 SYSTEMPATH/CodeIgniter.php(507): CodeIgniter\CodeIgniter->runController(Object(App\Controllers\Home))
 8 SYSTEMPATH/CodeIgniter.php(354): CodeIgniter\CodeIgniter->handleRequest(null, Object(Config\Cache), false)
 9 SYSTEMPATH/Boot.php(334): CodeIgniter\CodeIgniter->run()
10 SYSTEMPATH/Boot.php(67): CodeIgniter\Boot::runCodeIgniter(Object(CodeIgniter\CodeIgniter))
11 FCPATH/index.php(27): CodeIgniter\Boot::bootWeb(Object(Config\Paths))
WARNING - 2025-10-14 14:17:46 --> [DEPRECATED] addslashes(): Passing null to parameter #1 ($string) of type string is deprecated in APPPATH/Views/service_list.php on line 10.
 1 APPPATH/Views/service_list.php(10): addslashes(null)
 2 SYSTEMPATH/View/View.php(224): include('/home/u810214334/domains/embellish-beauty.co.uk/public_html/app/Views/service_list.php')
 3 SYSTEMPATH/View/View.php(227): CodeIgniter\View\View->CodeIgniter\View\{closure}()
 4 SYSTEMPATH/Common.php(1173): CodeIgniter\View\View->render('service_list', [], true)
 5 APPPATH/Controllers/Home.php(129): view('service_list', [...])
 6 SYSTEMPATH/CodeIgniter.php(933): App\Controllers\Home->fetch_services()
 7 SYSTEMPATH/CodeIgniter.php(507): CodeIgniter\CodeIgniter->runController(Object(App\Controllers\Home))
 8 SYSTEMPATH/CodeIgniter.php(354): CodeIgniter\CodeIgniter->handleRequest(null, Object(Config\Cache), false)
 9 SYSTEMPATH/Boot.php(334): CodeIgniter\CodeIgniter->run()
10 SYSTEMPATH/Boot.php(67): CodeIgniter\Boot::runCodeIgniter(Object(CodeIgniter\CodeIgniter))
11 FCPATH/index.php(27): CodeIgniter\Boot::bootWeb(Object(Config\Paths))
WARNING - 2025-10-14 14:17:46 --> [DEPRECATED] addslashes(): Passing null to parameter #1 ($string) of type string is deprecated in APPPATH/Views/service_list.php on line 10.
 1 APPPATH/Views/service_list.php(10): addslashes(null)
 2 SYSTEMPATH/View/View.php(224): include('/home/u810214334/domains/embellish-beauty.co.uk/public_html/app/Views/service_list.php')
 3 SYSTEMPATH/View/View.php(227): CodeIgniter\View\View->CodeIgniter\View\{closure}()
 4 SYSTEMPATH/Common.php(1173): CodeIgniter\View\View->render('service_list', [], true)
 5 APPPATH/Controllers/Home.php(129): view('service_list', [...])
 6 SYSTEMPATH/CodeIgniter.php(933): App\Controllers\Home->fetch_services()
 7 SYSTEMPATH/CodeIgniter.php(507): CodeIgniter\CodeIgniter->runController(Object(App\Controllers\Home))
 8 SYSTEMPATH/CodeIgniter.php(354): CodeIgniter\CodeIgniter->handleRequest(null, Object(Config\Cache), false)
 9 SYSTEMPATH/Boot.php(334): CodeIgniter\CodeIgniter->run()
10 SYSTEMPATH/Boot.php(67): CodeIgniter\Boot::runCodeIgniter(Object(CodeIgniter\CodeIgniter))
11 FCPATH/index.php(27): CodeIgniter\Boot::bootWeb(Object(Config\Paths))
WARNING - 2025-10-14 14:17:46 --> [DEPRECATED] addslashes(): Passing null to parameter #1 ($string) of type string is deprecated in APPPATH/Views/service_list.php on line 10.
 1 APPPATH/Views/service_list.php(10): addslashes(null)
 2 SYSTEMPATH/View/View.php(224): include('/home/u810214334/domains/embellish-beauty.co.uk/public_html/app/Views/service_list.php')
 3 SYSTEMPATH/View/View.php(227): CodeIgniter\View\View->CodeIgniter\View\{closure}()
 4 SYSTEMPATH/Common.php(1173): CodeIgniter\View\View->render('service_list', [], true)
 5 APPPATH/Controllers/Home.php(129): view('service_list', [...])
 6 SYSTEMPATH/CodeIgniter.php(933): App\Controllers\Home->fetch_services()
 7 SYSTEMPATH/CodeIgniter.php(507): CodeIgniter\CodeIgniter->runController(Object(App\Controllers\Home))
 8 SYSTEMPATH/CodeIgniter.php(354): CodeIgniter\CodeIgniter->handleRequest(null, Object(Config\Cache), false)
 9 SYSTEMPATH/Boot.php(334): CodeIgniter\CodeIgniter->run()
10 SYSTEMPATH/Boot.php(67): CodeIgniter\Boot::runCodeIgniter(Object(CodeIgniter\CodeIgniter))
11 FCPATH/index.php(27): CodeIgniter\Boot::bootWeb(Object(Config\Paths))
WARNING - 2025-10-14 14:17:46 --> [DEPRECATED] addslashes(): Passing null to parameter #1 ($string) of type string is deprecated in APPPATH/Views/service_list.php on line 10.
 1 APPPATH/Views/service_list.php(10): addslashes(null)
 2 SYSTEMPATH/View/View.php(224): include('/home/u810214334/domains/embellish-beauty.co.uk/public_html/app/Views/service_list.php')
 3 SYSTEMPATH/View/View.php(227): CodeIgniter\View\View->CodeIgniter\View\{closure}()
 4 SYSTEMPATH/Common.php(1173): CodeIgniter\View\View->render('service_list', [], true)
 5 APPPATH/Controllers/Home.php(129): view('service_list', [...])
 6 SYSTEMPATH/CodeIgniter.php(933): App\Controllers\Home->fetch_services()
 7 SYSTEMPATH/CodeIgniter.php(507): CodeIgniter\CodeIgniter->runController(Object(App\Controllers\Home))
 8 SYSTEMPATH/CodeIgniter.php(354): CodeIgniter\CodeIgniter->handleRequest(null, Object(Config\Cache), false)
 9 SYSTEMPATH/Boot.php(334): CodeIgniter\CodeIgniter->run()
10 SYSTEMPATH/Boot.php(67): CodeIgniter\Boot::runCodeIgniter(Object(CodeIgniter\CodeIgniter))
11 FCPATH/index.php(27): CodeIgniter\Boot::bootWeb(Object(Config\Paths))
WARNING - 2025-10-14 14:17:46 --> [DEPRECATED] addslashes(): Passing null to parameter #1 ($string) of type string is deprecated in APPPATH/Views/service_list.php on line 10.
 1 APPPATH/Views/service_list.php(10): addslashes(null)
 2 SYSTEMPATH/View/View.php(224): include('/home/u810214334/domains/embellish-beauty.co.uk/public_html/app/Views/service_list.php')
 3 SYSTEMPATH/View/View.php(227): CodeIgniter\View\View->CodeIgniter\View\{closure}()
 4 SYSTEMPATH/Common.php(1173): CodeIgniter\View\View->render('service_list', [], true)
 5 APPPATH/Controllers/Home.php(129): view('service_list', [...])
 6 SYSTEMPATH/CodeIgniter.php(933): App\Controllers\Home->fetch_services()
 7 SYSTEMPATH/CodeIgniter.php(507): CodeIgniter\CodeIgniter->runController(Object(App\Controllers\Home))
 8 SYSTEMPATH/CodeIgniter.php(354): CodeIgniter\CodeIgniter->handleRequest(null, Object(Config\Cache), false)
 9 SYSTEMPATH/Boot.php(334): CodeIgniter\CodeIgniter->run()
10 SYSTEMPATH/Boot.php(67): CodeIgniter\Boot::runCodeIgniter(Object(CodeIgniter\CodeIgniter))
11 FCPATH/index.php(27): CodeIgniter\Boot::bootWeb(Object(Config\Paths))
WARNING - 2025-10-14 14:17:46 --> [DEPRECATED] addslashes(): Passing null to parameter #1 ($string) of type string is deprecated in APPPATH/Views/service_list.php on line 10.
 1 APPPATH/Views/service_list.php(10): addslashes(null)
 2 SYSTEMPATH/View/View.php(224): include('/home/u810214334/domains/embellish-beauty.co.uk/public_html/app/Views/service_list.php')
 3 SYSTEMPATH/View/View.php(227): CodeIgniter\View\View->CodeIgniter\View\{closure}()
 4 SYSTEMPATH/Common.php(1173): CodeIgniter\View\View->render('service_list', [], true)
 5 APPPATH/Controllers/Home.php(129): view('service_list', [...])
 6 SYSTEMPATH/CodeIgniter.php(933): App\Controllers\Home->fetch_services()
 7 SYSTEMPATH/CodeIgniter.php(507): CodeIgniter\CodeIgniter->runController(Object(App\Controllers\Home))
 8 SYSTEMPATH/CodeIgniter.php(354): CodeIgniter\CodeIgniter->handleRequest(null, Object(Config\Cache), false)
 9 SYSTEMPATH/Boot.php(334): CodeIgniter\CodeIgniter->run()
10 SYSTEMPATH/Boot.php(67): CodeIgniter\Boot::runCodeIgniter(Object(CodeIgniter\CodeIgniter))
11 FCPATH/index.php(27): CodeIgniter\Boot::bootWeb(Object(Config\Paths))
WARNING - 2025-10-14 14:17:46 --> [DEPRECATED] addslashes(): Passing null to parameter #1 ($string) of type string is deprecated in APPPATH/Views/service_list.php on line 10.
 1 APPPATH/Views/service_list.php(10): addslashes(null)
 2 SYSTEMPATH/View/View.php(224): include('/home/u810214334/domains/embellish-beauty.co.uk/public_html/app/Views/service_list.php')
 3 SYSTEMPATH/View/View.php(227): CodeIgniter\View\View->CodeIgniter\View\{closure}()
 4 SYSTEMPATH/Common.php(1173): CodeIgniter\View\View->render('service_list', [], true)
 5 APPPATH/Controllers/Home.php(129): view('service_list', [...])
 6 SYSTEMPATH/CodeIgniter.php(933): App\Controllers\Home->fetch_services()
 7 SYSTEMPATH/CodeIgniter.php(507): CodeIgniter\CodeIgniter->runController(Object(App\Controllers\Home))
 8 SYSTEMPATH/CodeIgniter.php(354): CodeIgniter\CodeIgniter->handleRequest(null, Object(Config\Cache), false)
 9 SYSTEMPATH/Boot.php(334): CodeIgniter\CodeIgniter->run()
10 SYSTEMPATH/Boot.php(67): CodeIgniter\Boot::runCodeIgniter(Object(CodeIgniter\CodeIgniter))
11 FCPATH/index.php(27): CodeIgniter\Boot::bootWeb(Object(Config\Paths))
WARNING - 2025-10-14 14:17:46 --> [DEPRECATED] addslashes(): Passing null to parameter #1 ($string) of type string is deprecated in APPPATH/Views/service_list.php on line 10.
 1 APPPATH/Views/service_list.php(10): addslashes(null)
 2 SYSTEMPATH/View/View.php(224): include('/home/u810214334/domains/embellish-beauty.co.uk/public_html/app/Views/service_list.php')
 3 SYSTEMPATH/View/View.php(227): CodeIgniter\View\View->CodeIgniter\View\{closure}()
 4 SYSTEMPATH/Common.php(1173): CodeIgniter\View\View->render('service_list', [], true)
 5 APPPATH/Controllers/Home.php(129): view('service_list', [...])
 6 SYSTEMPATH/CodeIgniter.php(933): App\Controllers\Home->fetch_services()
 7 SYSTEMPATH/CodeIgniter.php(507): CodeIgniter\CodeIgniter->runController(Object(App\Controllers\Home))
 8 SYSTEMPATH/CodeIgniter.php(354): CodeIgniter\CodeIgniter->handleRequest(null, Object(Config\Cache), false)
 9 SYSTEMPATH/Boot.php(334): CodeIgniter\CodeIgniter->run()
10 SYSTEMPATH/Boot.php(67): CodeIgniter\Boot::runCodeIgniter(Object(CodeIgniter\CodeIgniter))
11 FCPATH/index.php(27): CodeIgniter\Boot::bootWeb(Object(Config\Paths))
WARNING - 2025-10-14 14:17:46 --> [DEPRECATED] addslashes(): Passing null to parameter #1 ($string) of type string is deprecated in APPPATH/Views/service_list.php on line 10.
 1 APPPATH/Views/service_list.php(10): addslashes(null)
 2 SYSTEMPATH/View/View.php(224): include('/home/u810214334/domains/embellish-beauty.co.uk/public_html/app/Views/service_list.php')
 3 SYSTEMPATH/View/View.php(227): CodeIgniter\View\View->CodeIgniter\View\{closure}()
 4 SYSTEMPATH/Common.php(1173): CodeIgniter\View\View->render('service_list', [], true)
 5 APPPATH/Controllers/Home.php(129): view('service_list', [...])
 6 SYSTEMPATH/CodeIgniter.php(933): App\Controllers\Home->fetch_services()
 7 SYSTEMPATH/CodeIgniter.php(507): CodeIgniter\CodeIgniter->runController(Object(App\Controllers\Home))
 8 SYSTEMPATH/CodeIgniter.php(354): CodeIgniter\CodeIgniter->handleRequest(null, Object(Config\Cache), false)
 9 SYSTEMPATH/Boot.php(334): CodeIgniter\CodeIgniter->run()
10 SYSTEMPATH/Boot.php(67): CodeIgniter\Boot::runCodeIgniter(Object(CodeIgniter\CodeIgniter))
11 FCPATH/index.php(27): CodeIgniter\Boot::bootWeb(Object(Config\Paths))
WARNING - 2025-10-14 14:17:46 --> [DEPRECATED] addslashes(): Passing null to parameter #1 ($string) of type string is deprecated in APPPATH/Views/service_list.php on line 10.
 1 APPPATH/Views/service_list.php(10): addslashes(null)
 2 SYSTEMPATH/View/View.php(224): include('/home/u810214334/domains/embellish-beauty.co.uk/public_html/app/Views/service_list.php')
 3 SYSTEMPATH/View/View.php(227): CodeIgniter\View\View->CodeIgniter\View\{closure}()
 4 SYSTEMPATH/Common.php(1173): CodeIgniter\View\View->render('service_list', [], true)
 5 APPPATH/Controllers/Home.php(129): view('service_list', [...])
 6 SYSTEMPATH/CodeIgniter.php(933): App\Controllers\Home->fetch_services()
 7 SYSTEMPATH/CodeIgniter.php(507): CodeIgniter\CodeIgniter->runController(Object(App\Controllers\Home))
 8 SYSTEMPATH/CodeIgniter.php(354): CodeIgniter\CodeIgniter->handleRequest(null, Object(Config\Cache), false)
 9 SYSTEMPATH/Boot.php(334): CodeIgniter\CodeIgniter->run()
10 SYSTEMPATH/Boot.php(67): CodeIgniter\Boot::runCodeIgniter(Object(CodeIgniter\CodeIgniter))
11 FCPATH/index.php(27): CodeIgniter\Boot::bootWeb(Object(Config\Paths))
WARNING - 2025-10-14 14:17:46 --> [DEPRECATED] addslashes(): Passing null to parameter #1 ($string) of type string is deprecated in APPPATH/Views/service_list.php on line 10.
 1 APPPATH/Views/service_list.php(10): addslashes(null)
 2 SYSTEMPATH/View/View.php(224): include('/home/u810214334/domains/embellish-beauty.co.uk/public_html/app/Views/service_list.php')
 3 SYSTEMPATH/View/View.php(227): CodeIgniter\View\View->CodeIgniter\View\{closure}()
 4 SYSTEMPATH/Common.php(1173): CodeIgniter\View\View->render('service_list', [], true)
 5 APPPATH/Controllers/Home.php(129): view('service_list', [...])
 6 SYSTEMPATH/CodeIgniter.php(933): App\Controllers\Home->fetch_services()
 7 SYSTEMPATH/CodeIgniter.php(507): CodeIgniter\CodeIgniter->runController(Object(App\Controllers\Home))
 8 SYSTEMPATH/CodeIgniter.php(354): CodeIgniter\CodeIgniter->handleRequest(null, Object(Config\Cache), false)
 9 SYSTEMPATH/Boot.php(334): CodeIgniter\CodeIgniter->run()
10 SYSTEMPATH/Boot.php(67): CodeIgniter\Boot::runCodeIgniter(Object(CodeIgniter\CodeIgniter))
11 FCPATH/index.php(27): CodeIgniter\Boot::bootWeb(Object(Config\Paths))
WARNING - 2025-10-14 14:17:46 --> [DEPRECATED] addslashes(): Passing null to parameter #1 ($string) of type string is deprecated in APPPATH/Views/service_list.php on line 10.
 1 APPPATH/Views/service_list.php(10): addslashes(null)
 2 SYSTEMPATH/View/View.php(224): include('/home/u810214334/domains/embellish-beauty.co.uk/public_html/app/Views/service_list.php')
 3 SYSTEMPATH/View/View.php(227): CodeIgniter\View\View->CodeIgniter\View\{closure}()
 4 SYSTEMPATH/Common.php(1173): CodeIgniter\View\View->render('service_list', [], true)
 5 APPPATH/Controllers/Home.php(129): view('service_list', [...])
 6 SYSTEMPATH/CodeIgniter.php(933): App\Controllers\Home->fetch_services()
 7 SYSTEMPATH/CodeIgniter.php(507): CodeIgniter\CodeIgniter->runController(Object(App\Controllers\Home))
 8 SYSTEMPATH/CodeIgniter.php(354): CodeIgniter\CodeIgniter->handleRequest(null, Object(Config\Cache), false)
 9 SYSTEMPATH/Boot.php(334): CodeIgniter\CodeIgniter->run()
10 SYSTEMPATH/Boot.php(67): CodeIgniter\Boot::runCodeIgniter(Object(CodeIgniter\CodeIgniter))
11 FCPATH/index.php(27): CodeIgniter\Boot::bootWeb(Object(Config\Paths))
WARNING - 2025-10-14 14:17:46 --> [DEPRECATED] addslashes(): Passing null to parameter #1 ($string) of type string is deprecated in APPPATH/Views/service_list.php on line 10.
 1 APPPATH/Views/service_list.php(10): addslashes(null)
 2 SYSTEMPATH/View/View.php(224): include('/home/u810214334/domains/embellish-beauty.co.uk/public_html/app/Views/service_list.php')
 3 SYSTEMPATH/View/View.php(227): CodeIgniter\View\View->CodeIgniter\View\{closure}()
 4 SYSTEMPATH/Common.php(1173): CodeIgniter\View\View->render('service_list', [], true)
 5 APPPATH/Controllers/Home.php(129): view('service_list', [...])
 6 SYSTEMPATH/CodeIgniter.php(933): App\Controllers\Home->fetch_services()
 7 SYSTEMPATH/CodeIgniter.php(507): CodeIgniter\CodeIgniter->runController(Object(App\Controllers\Home))
 8 SYSTEMPATH/CodeIgniter.php(354): CodeIgniter\CodeIgniter->handleRequest(null, Object(Config\Cache), false)
 9 SYSTEMPATH/Boot.php(334): CodeIgniter\CodeIgniter->run()
10 SYSTEMPATH/Boot.php(67): CodeIgniter\Boot::runCodeIgniter(Object(CodeIgniter\CodeIgniter))
11 FCPATH/index.php(27): CodeIgniter\Boot::bootWeb(Object(Config\Paths))
WARNING - 2025-10-14 14:17:46 --> [DEPRECATED] addslashes(): Passing null to parameter #1 ($string) of type string is deprecated in APPPATH/Views/service_list.php on line 10.
 1 APPPATH/Views/service_list.php(10): addslashes(null)
 2 SYSTEMPATH/View/View.php(224): include('/home/u810214334/domains/embellish-beauty.co.uk/public_html/app/Views/service_list.php')
 3 SYSTEMPATH/View/View.php(227): CodeIgniter\View\View->CodeIgniter\View\{closure}()
 4 SYSTEMPATH/Common.php(1173): CodeIgniter\View\View->render('service_list', [], true)
 5 APPPATH/Controllers/Home.php(129): view('service_list', [...])
 6 SYSTEMPATH/CodeIgniter.php(933): App\Controllers\Home->fetch_services()
 7 SYSTEMPATH/CodeIgniter.php(507): CodeIgniter\CodeIgniter->runController(Object(App\Controllers\Home))
 8 SYSTEMPATH/CodeIgniter.php(354): CodeIgniter\CodeIgniter->handleRequest(null, Object(Config\Cache), false)
 9 SYSTEMPATH/Boot.php(334): CodeIgniter\CodeIgniter->run()
10 SYSTEMPATH/Boot.php(67): CodeIgniter\Boot::runCodeIgniter(Object(CodeIgniter\CodeIgniter))
11 FCPATH/index.php(27): CodeIgniter\Boot::bootWeb(Object(Config\Paths))
DEBUG - 2025-10-14 14:17:48 --> Session: Class initialized using 'CodeIgniter\Session\Handlers\FileHandler' driver.
WARNING - 2025-10-14 14:17:48 --> [DEPRECATED] addslashes(): Passing null to parameter #1 ($string) of type string is deprecated in APPPATH/Views/service_list.php on line 10.
 1 APPPATH/Views/service_list.php(10): addslashes(null)
 2 SYSTEMPATH/View/View.php(224): include('/home/u810214334/domains/embellish-beauty.co.uk/public_html/app/Views/service_list.php')
 3 SYSTEMPATH/View/View.php(227): CodeIgniter\View\View->CodeIgniter\View\{closure}()
 4 SYSTEMPATH/Common.php(1173): CodeIgniter\View\View->render('service_list', [], true)
 5 APPPATH/Controllers/Home.php(129): view('service_list', [...])
 6 SYSTEMPATH/CodeIgniter.php(933): App\Controllers\Home->fetch_services()
 7 SYSTEMPATH/CodeIgniter.php(507): CodeIgniter\CodeIgniter->runController(Object(App\Controllers\Home))
 8 SYSTEMPATH/CodeIgniter.php(354): CodeIgniter\CodeIgniter->handleRequest(null, Object(Config\Cache), false)
 9 SYSTEMPATH/Boot.php(334): CodeIgniter\CodeIgniter->run()
10 SYSTEMPATH/Boot.php(67): CodeIgniter\Boot::runCodeIgniter(Object(CodeIgniter\CodeIgniter))
11 FCPATH/index.php(27): CodeIgniter\Boot::bootWeb(Object(Config\Paths))
WARNING - 2025-10-14 14:17:48 --> [DEPRECATED] addslashes(): Passing null to parameter #1 ($string) of type string is deprecated in APPPATH/Views/service_list.php on line 10.
 1 APPPATH/Views/service_list.php(10): addslashes(null)
 2 SYSTEMPATH/View/View.php(224): include('/home/u810214334/domains/embellish-beauty.co.uk/public_html/app/Views/service_list.php')
 3 SYSTEMPATH/View/View.php(227): CodeIgniter\View\View->CodeIgniter\View\{closure}()
 4 SYSTEMPATH/Common.php(1173): CodeIgniter\View\View->render('service_list', [], true)
 5 APPPATH/Controllers/Home.php(129): view('service_list', [...])
 6 SYSTEMPATH/CodeIgniter.php(933): App\Controllers\Home->fetch_services()
 7 SYSTEMPATH/CodeIgniter.php(507): CodeIgniter\CodeIgniter->runController(Object(App\Controllers\Home))
 8 SYSTEMPATH/CodeIgniter.php(354): CodeIgniter\CodeIgniter->handleRequest(null, Object(Config\Cache), false)
 9 SYSTEMPATH/Boot.php(334): CodeIgniter\CodeIgniter->run()
10 SYSTEMPATH/Boot.php(67): CodeIgniter\Boot::runCodeIgniter(Object(CodeIgniter\CodeIgniter))
11 FCPATH/index.php(27): CodeIgniter\Boot::bootWeb(Object(Config\Paths))
WARNING - 2025-10-14 14:17:48 --> [DEPRECATED] addslashes(): Passing null to parameter #1 ($string) of type string is deprecated in APPPATH/Views/service_list.php on line 10.
 1 APPPATH/Views/service_list.php(10): addslashes(null)
 2 SYSTEMPATH/View/View.php(224): include('/home/u810214334/domains/embellish-beauty.co.uk/public_html/app/Views/service_list.php')
 3 SYSTEMPATH/View/View.php(227): CodeIgniter\View\View->CodeIgniter\View\{closure}()
 4 SYSTEMPATH/Common.php(1173): CodeIgniter\View\View->render('service_list', [], true)
 5 APPPATH/Controllers/Home.php(129): view('service_list', [...])
 6 SYSTEMPATH/CodeIgniter.php(933): App\Controllers\Home->fetch_services()
 7 SYSTEMPATH/CodeIgniter.php(507): CodeIgniter\CodeIgniter->runController(Object(App\Controllers\Home))
 8 SYSTEMPATH/CodeIgniter.php(354): CodeIgniter\CodeIgniter->handleRequest(null, Object(Config\Cache), false)
 9 SYSTEMPATH/Boot.php(334): CodeIgniter\CodeIgniter->run()
10 SYSTEMPATH/Boot.php(67): CodeIgniter\Boot::runCodeIgniter(Object(CodeIgniter\CodeIgniter))
11 FCPATH/index.php(27): CodeIgniter\Boot::bootWeb(Object(Config\Paths))
WARNING - 2025-10-14 14:17:48 --> [DEPRECATED] addslashes(): Passing null to parameter #1 ($string) of type string is deprecated in APPPATH/Views/service_list.php on line 10.
 1 APPPATH/Views/service_list.php(10): addslashes(null)
 2 SYSTEMPATH/View/View.php(224): include('/home/u810214334/domains/embellish-beauty.co.uk/public_html/app/Views/service_list.php')
 3 SYSTEMPATH/View/View.php(227): CodeIgniter\View\View->CodeIgniter\View\{closure}()
 4 SYSTEMPATH/Common.php(1173): CodeIgniter\View\View->render('service_list', [], true)
 5 APPPATH/Controllers/Home.php(129): view('service_list', [...])
 6 SYSTEMPATH/CodeIgniter.php(933): App\Controllers\Home->fetch_services()
 7 SYSTEMPATH/CodeIgniter.php(507): CodeIgniter\CodeIgniter->runController(Object(App\Controllers\Home))
 8 SYSTEMPATH/CodeIgniter.php(354): CodeIgniter\CodeIgniter->handleRequest(null, Object(Config\Cache), false)
 9 SYSTEMPATH/Boot.php(334): CodeIgniter\CodeIgniter->run()
10 SYSTEMPATH/Boot.php(67): CodeIgniter\Boot::runCodeIgniter(Object(CodeIgniter\CodeIgniter))
11 FCPATH/index.php(27): CodeIgniter\Boot::bootWeb(Object(Config\Paths))
WARNING - 2025-10-14 14:17:48 --> [DEPRECATED] addslashes(): Passing null to parameter #1 ($string) of type string is deprecated in APPPATH/Views/service_list.php on line 10.
 1 APPPATH/Views/service_list.php(10): addslashes(null)
 2 SYSTEMPATH/View/View.php(224): include('/home/u810214334/domains/embellish-beauty.co.uk/public_html/app/Views/service_list.php')
 3 SYSTEMPATH/View/View.php(227): CodeIgniter\View\View->CodeIgniter\View\{closure}()
 4 SYSTEMPATH/Common.php(1173): CodeIgniter\View\View->render('service_list', [], true)
 5 APPPATH/Controllers/Home.php(129): view('service_list', [...])
 6 SYSTEMPATH/CodeIgniter.php(933): App\Controllers\Home->fetch_services()
 7 SYSTEMPATH/CodeIgniter.php(507): CodeIgniter\CodeIgniter->runController(Object(App\Controllers\Home))
 8 SYSTEMPATH/CodeIgniter.php(354): CodeIgniter\CodeIgniter->handleRequest(null, Object(Config\Cache), false)
 9 SYSTEMPATH/Boot.php(334): CodeIgniter\CodeIgniter->run()
10 SYSTEMPATH/Boot.php(67): CodeIgniter\Boot::runCodeIgniter(Object(CodeIgniter\CodeIgniter))
11 FCPATH/index.php(27): CodeIgniter\Boot::bootWeb(Object(Config\Paths))
WARNING - 2025-10-14 14:17:48 --> [DEPRECATED] addslashes(): Passing null to parameter #1 ($string) of type string is deprecated in APPPATH/Views/service_list.php on line 10.
 1 APPPATH/Views/service_list.php(10): addslashes(null)
 2 SYSTEMPATH/View/View.php(224): include('/home/u810214334/domains/embellish-beauty.co.uk/public_html/app/Views/service_list.php')
 3 SYSTEMPATH/View/View.php(227): CodeIgniter\View\View->CodeIgniter\View\{closure}()
 4 SYSTEMPATH/Common.php(1173): CodeIgniter\View\View->render('service_list', [], true)
 5 APPPATH/Controllers/Home.php(129): view('service_list', [...])
 6 SYSTEMPATH/CodeIgniter.php(933): App\Controllers\Home->fetch_services()
 7 SYSTEMPATH/CodeIgniter.php(507): CodeIgniter\CodeIgniter->runController(Object(App\Controllers\Home))
 8 SYSTEMPATH/CodeIgniter.php(354): CodeIgniter\CodeIgniter->handleRequest(null, Object(Config\Cache), false)
 9 SYSTEMPATH/Boot.php(334): CodeIgniter\CodeIgniter->run()
10 SYSTEMPATH/Boot.php(67): CodeIgniter\Boot::runCodeIgniter(Object(CodeIgniter\CodeIgniter))
11 FCPATH/index.php(27): CodeIgniter\Boot::bootWeb(Object(Config\Paths))
WARNING - 2025-10-14 14:17:48 --> [DEPRECATED] addslashes(): Passing null to parameter #1 ($string) of type string is deprecated in APPPATH/Views/service_list.php on line 10.
 1 APPPATH/Views/service_list.php(10): addslashes(null)
 2 SYSTEMPATH/View/View.php(224): include('/home/u810214334/domains/embellish-beauty.co.uk/public_html/app/Views/service_list.php')
 3 SYSTEMPATH/View/View.php(227): CodeIgniter\View\View->CodeIgniter\View\{closure}()
 4 SYSTEMPATH/Common.php(1173): CodeIgniter\View\View->render('service_list', [], true)
 5 APPPATH/Controllers/Home.php(129): view('service_list', [...])
 6 SYSTEMPATH/CodeIgniter.php(933): App\Controllers\Home->fetch_services()
 7 SYSTEMPATH/CodeIgniter.php(507): CodeIgniter\CodeIgniter->runController(Object(App\Controllers\Home))
 8 SYSTEMPATH/CodeIgniter.php(354): CodeIgniter\CodeIgniter->handleRequest(null, Object(Config\Cache), false)
 9 SYSTEMPATH/Boot.php(334): CodeIgniter\CodeIgniter->run()
10 SYSTEMPATH/Boot.php(67): CodeIgniter\Boot::runCodeIgniter(Object(CodeIgniter\CodeIgniter))
11 FCPATH/index.php(27): CodeIgniter\Boot::bootWeb(Object(Config\Paths))
WARNING - 2025-10-14 14:17:48 --> [DEPRECATED] addslashes(): Passing null to parameter #1 ($string) of type string is deprecated in APPPATH/Views/service_list.php on line 10.
 1 APPPATH/Views/service_list.php(10): addslashes(null)
 2 SYSTEMPATH/View/View.php(224): include('/home/u810214334/domains/embellish-beauty.co.uk/public_html/app/Views/service_list.php')
 3 SYSTEMPATH/View/View.php(227): CodeIgniter\View\View->CodeIgniter\View\{closure}()
 4 SYSTEMPATH/Common.php(1173): CodeIgniter\View\View->render('service_list', [], true)
 5 APPPATH/Controllers/Home.php(129): view('service_list', [...])
 6 SYSTEMPATH/CodeIgniter.php(933): App\Controllers\Home->fetch_services()
 7 SYSTEMPATH/CodeIgniter.php(507): CodeIgniter\CodeIgniter->runController(Object(App\Controllers\Home))
 8 SYSTEMPATH/CodeIgniter.php(354): CodeIgniter\CodeIgniter->handleRequest(null, Object(Config\Cache), false)
 9 SYSTEMPATH/Boot.php(334): CodeIgniter\CodeIgniter->run()
10 SYSTEMPATH/Boot.php(67): CodeIgniter\Boot::runCodeIgniter(Object(CodeIgniter\CodeIgniter))
11 FCPATH/index.php(27): CodeIgniter\Boot::bootWeb(Object(Config\Paths))
WARNING - 2025-10-14 14:17:48 --> [DEPRECATED] addslashes(): Passing null to parameter #1 ($string) of type string is deprecated in APPPATH/Views/service_list.php on line 10.
 1 APPPATH/Views/service_list.php(10): addslashes(null)
 2 SYSTEMPATH/View/View.php(224): include('/home/u810214334/domains/embellish-beauty.co.uk/public_html/app/Views/service_list.php')
 3 SYSTEMPATH/View/View.php(227): CodeIgniter\View\View->CodeIgniter\View\{closure}()
 4 SYSTEMPATH/Common.php(1173): CodeIgniter\View\View->render('service_list', [], true)
 5 APPPATH/Controllers/Home.php(129): view('service_list', [...])
 6 SYSTEMPATH/CodeIgniter.php(933): App\Controllers\Home->fetch_services()
 7 SYSTEMPATH/CodeIgniter.php(507): CodeIgniter\CodeIgniter->runController(Object(App\Controllers\Home))
 8 SYSTEMPATH/CodeIgniter.php(354): CodeIgniter\CodeIgniter->handleRequest(null, Object(Config\Cache), false)
 9 SYSTEMPATH/Boot.php(334): CodeIgniter\CodeIgniter->run()
10 SYSTEMPATH/Boot.php(67): CodeIgniter\Boot::runCodeIgniter(Object(CodeIgniter\CodeIgniter))
11 FCPATH/index.php(27): CodeIgniter\Boot::bootWeb(Object(Config\Paths))
WARNING - 2025-10-14 14:17:48 --> [DEPRECATED] addslashes(): Passing null to parameter #1 ($string) of type string is deprecated in APPPATH/Views/service_list.php on line 10.
 1 APPPATH/Views/service_list.php(10): addslashes(null)
 2 SYSTEMPATH/View/View.php(224): include('/home/u810214334/domains/embellish-beauty.co.uk/public_html/app/Views/service_list.php')
 3 SYSTEMPATH/View/View.php(227): CodeIgniter\View\View->CodeIgniter\View\{closure}()
 4 SYSTEMPATH/Common.php(1173): CodeIgniter\View\View->render('service_list', [], true)
 5 APPPATH/Controllers/Home.php(129): view('service_list', [...])
 6 SYSTEMPATH/CodeIgniter.php(933): App\Controllers\Home->fetch_services()
 7 SYSTEMPATH/CodeIgniter.php(507): CodeIgniter\CodeIgniter->runController(Object(App\Controllers\Home))
 8 SYSTEMPATH/CodeIgniter.php(354): CodeIgniter\CodeIgniter->handleRequest(null, Object(Config\Cache), false)
 9 SYSTEMPATH/Boot.php(334): CodeIgniter\CodeIgniter->run()
10 SYSTEMPATH/Boot.php(67): CodeIgniter\Boot::runCodeIgniter(Object(CodeIgniter\CodeIgniter))
11 FCPATH/index.php(27): CodeIgniter\Boot::bootWeb(Object(Config\Paths))
WARNING - 2025-10-14 14:17:48 --> [DEPRECATED] addslashes(): Passing null to parameter #1 ($string) of type string is deprecated in APPPATH/Views/service_list.php on line 10.
 1 APPPATH/Views/service_list.php(10): addslashes(null)
 2 SYSTEMPATH/View/View.php(224): include('/home/u810214334/domains/embellish-beauty.co.uk/public_html/app/Views/service_list.php')
 3 SYSTEMPATH/View/View.php(227): CodeIgniter\View\View->CodeIgniter\View\{closure}()
 4 SYSTEMPATH/Common.php(1173): CodeIgniter\View\View->render('service_list', [], true)
 5 APPPATH/Controllers/Home.php(129): view('service_list', [...])
 6 SYSTEMPATH/CodeIgniter.php(933): App\Controllers\Home->fetch_services()
 7 SYSTEMPATH/CodeIgniter.php(507): CodeIgniter\CodeIgniter->runController(Object(App\Controllers\Home))
 8 SYSTEMPATH/CodeIgniter.php(354): CodeIgniter\CodeIgniter->handleRequest(null, Object(Config\Cache), false)
 9 SYSTEMPATH/Boot.php(334): CodeIgniter\CodeIgniter->run()
10 SYSTEMPATH/Boot.php(67): CodeIgniter\Boot::runCodeIgniter(Object(CodeIgniter\CodeIgniter))
11 FCPATH/index.php(27): CodeIgniter\Boot::bootWeb(Object(Config\Paths))
WARNING - 2025-10-14 14:17:48 --> [DEPRECATED] addslashes(): Passing null to parameter #1 ($string) of type string is deprecated in APPPATH/Views/service_list.php on line 10.
 1 APPPATH/Views/service_list.php(10): addslashes(null)
 2 SYSTEMPATH/View/View.php(224): include('/home/u810214334/domains/embellish-beauty.co.uk/public_html/app/Views/service_list.php')
 3 SYSTEMPATH/View/View.php(227): CodeIgniter\View\View->CodeIgniter\View\{closure}()
 4 SYSTEMPATH/Common.php(1173): CodeIgniter\View\View->render('service_list', [], true)
 5 APPPATH/Controllers/Home.php(129): view('service_list', [...])
 6 SYSTEMPATH/CodeIgniter.php(933): App\Controllers\Home->fetch_services()
 7 SYSTEMPATH/CodeIgniter.php(507): CodeIgniter\CodeIgniter->runController(Object(App\Controllers\Home))
 8 SYSTEMPATH/CodeIgniter.php(354): CodeIgniter\CodeIgniter->handleRequest(null, Object(Config\Cache), false)
 9 SYSTEMPATH/Boot.php(334): CodeIgniter\CodeIgniter->run()
10 SYSTEMPATH/Boot.php(67): CodeIgniter\Boot::runCodeIgniter(Object(CodeIgniter\CodeIgniter))
11 FCPATH/index.php(27): CodeIgniter\Boot::bootWeb(Object(Config\Paths))
WARNING - 2025-10-14 14:17:48 --> [DEPRECATED] addslashes(): Passing null to parameter #1 ($string) of type string is deprecated in APPPATH/Views/service_list.php on line 10.
 1 APPPATH/Views/service_list.php(10): addslashes(null)
 2 SYSTEMPATH/View/View.php(224): include('/home/u810214334/domains/embellish-beauty.co.uk/public_html/app/Views/service_list.php')
 3 SYSTEMPATH/View/View.php(227): CodeIgniter\View\View->CodeIgniter\View\{closure}()
 4 SYSTEMPATH/Common.php(1173): CodeIgniter\View\View->render('service_list', [], true)
 5 APPPATH/Controllers/Home.php(129): view('service_list', [...])
 6 SYSTEMPATH/CodeIgniter.php(933): App\Controllers\Home->fetch_services()
 7 SYSTEMPATH/CodeIgniter.php(507): CodeIgniter\CodeIgniter->runController(Object(App\Controllers\Home))
 8 SYSTEMPATH/CodeIgniter.php(354): CodeIgniter\CodeIgniter->handleRequest(null, Object(Config\Cache), false)
 9 SYSTEMPATH/Boot.php(334): CodeIgniter\CodeIgniter->run()
10 SYSTEMPATH/Boot.php(67): CodeIgniter\Boot::runCodeIgniter(Object(CodeIgniter\CodeIgniter))
11 FCPATH/index.php(27): CodeIgniter\Boot::bootWeb(Object(Config\Paths))
WARNING - 2025-10-14 14:17:48 --> [DEPRECATED] addslashes(): Passing null to parameter #1 ($string) of type string is deprecated in APPPATH/Views/service_list.php on line 10.
 1 APPPATH/Views/service_list.php(10): addslashes(null)
 2 SYSTEMPATH/View/View.php(224): include('/home/u810214334/domains/embellish-beauty.co.uk/public_html/app/Views/service_list.php')
 3 SYSTEMPATH/View/View.php(227): CodeIgniter\View\View->CodeIgniter\View\{closure}()
 4 SYSTEMPATH/Common.php(1173): CodeIgniter\View\View->render('service_list', [], true)
 5 APPPATH/Controllers/Home.php(129): view('service_list', [...])
 6 SYSTEMPATH/CodeIgniter.php(933): App\Controllers\Home->fetch_services()
 7 SYSTEMPATH/CodeIgniter.php(507): CodeIgniter\CodeIgniter->runController(Object(App\Controllers\Home))
 8 SYSTEMPATH/CodeIgniter.php(354): CodeIgniter\CodeIgniter->handleRequest(null, Object(Config\Cache), false)
 9 SYSTEMPATH/Boot.php(334): CodeIgniter\CodeIgniter->run()
10 SYSTEMPATH/Boot.php(67): CodeIgniter\Boot::runCodeIgniter(Object(CodeIgniter\CodeIgniter))
11 FCPATH/index.php(27): CodeIgniter\Boot::bootWeb(Object(Config\Paths))
WARNING - 2025-10-14 14:17:48 --> [DEPRECATED] addslashes(): Passing null to parameter #1 ($string) of type string is deprecated in APPPATH/Views/service_list.php on line 10.
 1 APPPATH/Views/service_list.php(10): addslashes(null)
 2 SYSTEMPATH/View/View.php(224): include('/home/u810214334/domains/embellish-beauty.co.uk/public_html/app/Views/service_list.php')
 3 SYSTEMPATH/View/View.php(227): CodeIgniter\View\View->CodeIgniter\View\{closure}()
 4 SYSTEMPATH/Common.php(1173): CodeIgniter\View\View->render('service_list', [], true)
 5 APPPATH/Controllers/Home.php(129): view('service_list', [...])
 6 SYSTEMPATH/CodeIgniter.php(933): App\Controllers\Home->fetch_services()
 7 SYSTEMPATH/CodeIgniter.php(507): CodeIgniter\CodeIgniter->runController(Object(App\Controllers\Home))
 8 SYSTEMPATH/CodeIgniter.php(354): CodeIgniter\CodeIgniter->handleRequest(null, Object(Config\Cache), false)
 9 SYSTEMPATH/Boot.php(334): CodeIgniter\CodeIgniter->run()
10 SYSTEMPATH/Boot.php(67): CodeIgniter\Boot::runCodeIgniter(Object(CodeIgniter\CodeIgniter))
11 FCPATH/index.php(27): CodeIgniter\Boot::bootWeb(Object(Config\Paths))
WARNING - 2025-10-14 14:17:48 --> [DEPRECATED] addslashes(): Passing null to parameter #1 ($string) of type string is deprecated in APPPATH/Views/service_list.php on line 10.
 1 APPPATH/Views/service_list.php(10): addslashes(null)
 2 SYSTEMPATH/View/View.php(224): include('/home/u810214334/domains/embellish-beauty.co.uk/public_html/app/Views/service_list.php')
 3 SYSTEMPATH/View/View.php(227): CodeIgniter\View\View->CodeIgniter\View\{closure}()
 4 SYSTEMPATH/Common.php(1173): CodeIgniter\View\View->render('service_list', [], true)
 5 APPPATH/Controllers/Home.php(129): view('service_list', [...])
 6 SYSTEMPATH/CodeIgniter.php(933): App\Controllers\Home->fetch_services()
 7 SYSTEMPATH/CodeIgniter.php(507): CodeIgniter\CodeIgniter->runController(Object(App\Controllers\Home))
 8 SYSTEMPATH/CodeIgniter.php(354): CodeIgniter\CodeIgniter->handleRequest(null, Object(Config\Cache), false)
 9 SYSTEMPATH/Boot.php(334): CodeIgniter\CodeIgniter->run()
10 SYSTEMPATH/Boot.php(67): CodeIgniter\Boot::runCodeIgniter(Object(CodeIgniter\CodeIgniter))
11 FCPATH/index.php(27): CodeIgniter\Boot::bootWeb(Object(Config\Paths))
WARNING - 2025-10-14 14:17:48 --> [DEPRECATED] addslashes(): Passing null to parameter #1 ($string) of type string is deprecated in APPPATH/Views/service_list.php on line 10.
 1 APPPATH/Views/service_list.php(10): addslashes(null)
 2 SYSTEMPATH/View/View.php(224): include('/home/u810214334/domains/embellish-beauty.co.uk/public_html/app/Views/service_list.php')
 3 SYSTEMPATH/View/View.php(227): CodeIgniter\View\View->CodeIgniter\View\{closure}()
 4 SYSTEMPATH/Common.php(1173): CodeIgniter\View\View->render('service_list', [], true)
 5 APPPATH/Controllers/Home.php(129): view('service_list', [...])
 6 SYSTEMPATH/CodeIgniter.php(933): App\Controllers\Home->fetch_services()
 7 SYSTEMPATH/CodeIgniter.php(507): CodeIgniter\CodeIgniter->runController(Object(App\Controllers\Home))
 8 SYSTEMPATH/CodeIgniter.php(354): CodeIgniter\CodeIgniter->handleRequest(null, Object(Config\Cache), false)
 9 SYSTEMPATH/Boot.php(334): CodeIgniter\CodeIgniter->run()
10 SYSTEMPATH/Boot.php(67): CodeIgniter\Boot::runCodeIgniter(Object(CodeIgniter\CodeIgniter))
11 FCPATH/index.php(27): CodeIgniter\Boot::bootWeb(Object(Config\Paths))
WARNING - 2025-10-14 14:17:48 --> [DEPRECATED] addslashes(): Passing null to parameter #1 ($string) of type string is deprecated in APPPATH/Views/service_list.php on line 10.
 1 APPPATH/Views/service_list.php(10): addslashes(null)
 2 SYSTEMPATH/View/View.php(224): include('/home/u810214334/domains/embellish-beauty.co.uk/public_html/app/Views/service_list.php')
 3 SYSTEMPATH/View/View.php(227): CodeIgniter\View\View->CodeIgniter\View\{closure}()
 4 SYSTEMPATH/Common.php(1173): CodeIgniter\View\View->render('service_list', [], true)
 5 APPPATH/Controllers/Home.php(129): view('service_list', [...])
 6 SYSTEMPATH/CodeIgniter.php(933): App\Controllers\Home->fetch_services()
 7 SYSTEMPATH/CodeIgniter.php(507): CodeIgniter\CodeIgniter->runController(Object(App\Controllers\Home))
 8 SYSTEMPATH/CodeIgniter.php(354): CodeIgniter\CodeIgniter->handleRequest(null, Object(Config\Cache), false)
 9 SYSTEMPATH/Boot.php(334): CodeIgniter\CodeIgniter->run()
10 SYSTEMPATH/Boot.php(67): CodeIgniter\Boot::runCodeIgniter(Object(CodeIgniter\CodeIgniter))
11 FCPATH/index.php(27): CodeIgniter\Boot::bootWeb(Object(Config\Paths))
DEBUG - 2025-10-14 14:17:49 --> Session: Class initialized using 'CodeIgniter\Session\Handlers\FileHandler' driver.
WARNING - 2025-10-14 14:17:49 --> [DEPRECATED] addslashes(): Passing null to parameter #1 ($string) of type string is deprecated in APPPATH/Views/service_list.php on line 10.
 1 APPPATH/Views/service_list.php(10): addslashes(null)
 2 SYSTEMPATH/View/View.php(224): include('/home/u810214334/domains/embellish-beauty.co.uk/public_html/app/Views/service_list.php')
 3 SYSTEMPATH/View/View.php(227): CodeIgniter\View\View->CodeIgniter\View\{closure}()
 4 SYSTEMPATH/Common.php(1173): CodeIgniter\View\View->render('service_list', [], true)
 5 APPPATH/Controllers/Home.php(129): view('service_list', [...])
 6 SYSTEMPATH/CodeIgniter.php(933): App\Controllers\Home->fetch_services()
 7 SYSTEMPATH/CodeIgniter.php(507): CodeIgniter\CodeIgniter->runController(Object(App\Controllers\Home))
 8 SYSTEMPATH/CodeIgniter.php(354): CodeIgniter\CodeIgniter->handleRequest(null, Object(Config\Cache), false)
 9 SYSTEMPATH/Boot.php(334): CodeIgniter\CodeIgniter->run()
10 SYSTEMPATH/Boot.php(67): CodeIgniter\Boot::runCodeIgniter(Object(CodeIgniter\CodeIgniter))
11 FCPATH/index.php(27): CodeIgniter\Boot::bootWeb(Object(Config\Paths))
WARNING - 2025-10-14 14:17:49 --> [DEPRECATED] addslashes(): Passing null to parameter #1 ($string) of type string is deprecated in APPPATH/Views/service_list.php on line 10.
 1 APPPATH/Views/service_list.php(10): addslashes(null)
 2 SYSTEMPATH/View/View.php(224): include('/home/u810214334/domains/embellish-beauty.co.uk/public_html/app/Views/service_list.php')
 3 SYSTEMPATH/View/View.php(227): CodeIgniter\View\View->CodeIgniter\View\{closure}()
 4 SYSTEMPATH/Common.php(1173): CodeIgniter\View\View->render('service_list', [], true)
 5 APPPATH/Controllers/Home.php(129): view('service_list', [...])
 6 SYSTEMPATH/CodeIgniter.php(933): App\Controllers\Home->fetch_services()
 7 SYSTEMPATH/CodeIgniter.php(507): CodeIgniter\CodeIgniter->runController(Object(App\Controllers\Home))
 8 SYSTEMPATH/CodeIgniter.php(354): CodeIgniter\CodeIgniter->handleRequest(null, Object(Config\Cache), false)
 9 SYSTEMPATH/Boot.php(334): CodeIgniter\CodeIgniter->run()
10 SYSTEMPATH/Boot.php(67): CodeIgniter\Boot::runCodeIgniter(Object(CodeIgniter\CodeIgniter))
11 FCPATH/index.php(27): CodeIgniter\Boot::bootWeb(Object(Config\Paths))
WARNING - 2025-10-14 14:17:49 --> [DEPRECATED] addslashes(): Passing null to parameter #1 ($string) of type string is deprecated in APPPATH/Views/service_list.php on line 10.
 1 APPPATH/Views/service_list.php(10): addslashes(null)
 2 SYSTEMPATH/View/View.php(224): include('/home/u810214334/domains/embellish-beauty.co.uk/public_html/app/Views/service_list.php')
 3 SYSTEMPATH/View/View.php(227): CodeIgniter\View\View->CodeIgniter\View\{closure}()
 4 SYSTEMPATH/Common.php(1173): CodeIgniter\View\View->render('service_list', [], true)
 5 APPPATH/Controllers/Home.php(129): view('service_list', [...])
 6 SYSTEMPATH/CodeIgniter.php(933): App\Controllers\Home->fetch_services()
 7 SYSTEMPATH/CodeIgniter.php(507): CodeIgniter\CodeIgniter->runController(Object(App\Controllers\Home))
 8 SYSTEMPATH/CodeIgniter.php(354): CodeIgniter\CodeIgniter->handleRequest(null, Object(Config\Cache), false)
 9 SYSTEMPATH/Boot.php(334): CodeIgniter\CodeIgniter->run()
10 SYSTEMPATH/Boot.php(67): CodeIgniter\Boot::runCodeIgniter(Object(CodeIgniter\CodeIgniter))
11 FCPATH/index.php(27): CodeIgniter\Boot::bootWeb(Object(Config\Paths))
WARNING - 2025-10-14 14:17:49 --> [DEPRECATED] addslashes(): Passing null to parameter #1 ($string) of type string is deprecated in APPPATH/Views/service_list.php on line 10.
 1 APPPATH/Views/service_list.php(10): addslashes(null)
 2 SYSTEMPATH/View/View.php(224): include('/home/u810214334/domains/embellish-beauty.co.uk/public_html/app/Views/service_list.php')
 3 SYSTEMPATH/View/View.php(227): CodeIgniter\View\View->CodeIgniter\View\{closure}()
 4 SYSTEMPATH/Common.php(1173): CodeIgniter\View\View->render('service_list', [], true)
 5 APPPATH/Controllers/Home.php(129): view('service_list', [...])
 6 SYSTEMPATH/CodeIgniter.php(933): App\Controllers\Home->fetch_services()
 7 SYSTEMPATH/CodeIgniter.php(507): CodeIgniter\CodeIgniter->runController(Object(App\Controllers\Home))
 8 SYSTEMPATH/CodeIgniter.php(354): CodeIgniter\CodeIgniter->handleRequest(null, Object(Config\Cache), false)
 9 SYSTEMPATH/Boot.php(334): CodeIgniter\CodeIgniter->run()
10 SYSTEMPATH/Boot.php(67): CodeIgniter\Boot::runCodeIgniter(Object(CodeIgniter\CodeIgniter))
11 FCPATH/index.php(27): CodeIgniter\Boot::bootWeb(Object(Config\Paths))
WARNING - 2025-10-14 14:17:49 --> [DEPRECATED] addslashes(): Passing null to parameter #1 ($string) of type string is deprecated in APPPATH/Views/service_list.php on line 10.
 1 APPPATH/Views/service_list.php(10): addslashes(null)
 2 SYSTEMPATH/View/View.php(224): include('/home/u810214334/domains/embellish-beauty.co.uk/public_html/app/Views/service_list.php')
 3 SYSTEMPATH/View/View.php(227): CodeIgniter\View\View->CodeIgniter\View\{closure}()
 4 SYSTEMPATH/Common.php(1173): CodeIgniter\View\View->render('service_list', [], true)
 5 APPPATH/Controllers/Home.php(129): view('service_list', [...])
 6 SYSTEMPATH/CodeIgniter.php(933): App\Controllers\Home->fetch_services()
 7 SYSTEMPATH/CodeIgniter.php(507): CodeIgniter\CodeIgniter->runController(Object(App\Controllers\Home))
 8 SYSTEMPATH/CodeIgniter.php(354): CodeIgniter\CodeIgniter->handleRequest(null, Object(Config\Cache), false)
 9 SYSTEMPATH/Boot.php(334): CodeIgniter\CodeIgniter->run()
10 SYSTEMPATH/Boot.php(67): CodeIgniter\Boot::runCodeIgniter(Object(CodeIgniter\CodeIgniter))
11 FCPATH/index.php(27): CodeIgniter\Boot::bootWeb(Object(Config\Paths))
WARNING - 2025-10-14 14:17:49 --> [DEPRECATED] addslashes(): Passing null to parameter #1 ($string) of type string is deprecated in APPPATH/Views/service_list.php on line 10.
 1 APPPATH/Views/service_list.php(10): addslashes(null)
 2 SYSTEMPATH/View/View.php(224): include('/home/u810214334/domains/embellish-beauty.co.uk/public_html/app/Views/service_list.php')
 3 SYSTEMPATH/View/View.php(227): CodeIgniter\View\View->CodeIgniter\View\{closure}()
 4 SYSTEMPATH/Common.php(1173): CodeIgniter\View\View->render('service_list', [], true)
 5 APPPATH/Controllers/Home.php(129): view('service_list', [...])
 6 SYSTEMPATH/CodeIgniter.php(933): App\Controllers\Home->fetch_services()
 7 SYSTEMPATH/CodeIgniter.php(507): CodeIgniter\CodeIgniter->runController(Object(App\Controllers\Home))
 8 SYSTEMPATH/CodeIgniter.php(354): CodeIgniter\CodeIgniter->handleRequest(null, Object(Config\Cache), false)
 9 SYSTEMPATH/Boot.php(334): CodeIgniter\CodeIgniter->run()
10 SYSTEMPATH/Boot.php(67): CodeIgniter\Boot::runCodeIgniter(Object(CodeIgniter\CodeIgniter))
11 FCPATH/index.php(27): CodeIgniter\Boot::bootWeb(Object(Config\Paths))
WARNING - 2025-10-14 14:17:49 --> [DEPRECATED] addslashes(): Passing null to parameter #1 ($string) of type string is deprecated in APPPATH/Views/service_list.php on line 10.
 1 APPPATH/Views/service_list.php(10): addslashes(null)
 2 SYSTEMPATH/View/View.php(224): include('/home/u810214334/domains/embellish-beauty.co.uk/public_html/app/Views/service_list.php')
 3 SYSTEMPATH/View/View.php(227): CodeIgniter\View\View->CodeIgniter\View\{closure}()
 4 SYSTEMPATH/Common.php(1173): CodeIgniter\View\View->render('service_list', [], true)
 5 APPPATH/Controllers/Home.php(129): view('service_list', [...])
 6 SYSTEMPATH/CodeIgniter.php(933): App\Controllers\Home->fetch_services()
 7 SYSTEMPATH/CodeIgniter.php(507): CodeIgniter\CodeIgniter->runController(Object(App\Controllers\Home))
 8 SYSTEMPATH/CodeIgniter.php(354): CodeIgniter\CodeIgniter->handleRequest(null, Object(Config\Cache), false)
 9 SYSTEMPATH/Boot.php(334): CodeIgniter\CodeIgniter->run()
10 SYSTEMPATH/Boot.php(67): CodeIgniter\Boot::runCodeIgniter(Object(CodeIgniter\CodeIgniter))
11 FCPATH/index.php(27): CodeIgniter\Boot::bootWeb(Object(Config\Paths))
WARNING - 2025-10-14 14:17:49 --> [DEPRECATED] addslashes(): Passing null to parameter #1 ($string) of type string is deprecated in APPPATH/Views/service_list.php on line 10.
 1 APPPATH/Views/service_list.php(10): addslashes(null)
 2 SYSTEMPATH/View/View.php(224): include('/home/u810214334/domains/embellish-beauty.co.uk/public_html/app/Views/service_list.php')
 3 SYSTEMPATH/View/View.php(227): CodeIgniter\View\View->CodeIgniter\View\{closure}()
 4 SYSTEMPATH/Common.php(1173): CodeIgniter\View\View->render('service_list', [], true)
 5 APPPATH/Controllers/Home.php(129): view('service_list', [...])
 6 SYSTEMPATH/CodeIgniter.php(933): App\Controllers\Home->fetch_services()
 7 SYSTEMPATH/CodeIgniter.php(507): CodeIgniter\CodeIgniter->runController(Object(App\Controllers\Home))
 8 SYSTEMPATH/CodeIgniter.php(354): CodeIgniter\CodeIgniter->handleRequest(null, Object(Config\Cache), false)
 9 SYSTEMPATH/Boot.php(334): CodeIgniter\CodeIgniter->run()
10 SYSTEMPATH/Boot.php(67): CodeIgniter\Boot::runCodeIgniter(Object(CodeIgniter\CodeIgniter))
11 FCPATH/index.php(27): CodeIgniter\Boot::bootWeb(Object(Config\Paths))
WARNING - 2025-10-14 14:17:49 --> [DEPRECATED] addslashes(): Passing null to parameter #1 ($string) of type string is deprecated in APPPATH/Views/service_list.php on line 10.
 1 APPPATH/Views/service_list.php(10): addslashes(null)
 2 SYSTEMPATH/View/View.php(224): include('/home/u810214334/domains/embellish-beauty.co.uk/public_html/app/Views/service_list.php')
 3 SYSTEMPATH/View/View.php(227): CodeIgniter\View\View->CodeIgniter\View\{closure}()
 4 SYSTEMPATH/Common.php(1173): CodeIgniter\View\View->render('service_list', [], true)
 5 APPPATH/Controllers/Home.php(129): view('service_list', [...])
 6 SYSTEMPATH/CodeIgniter.php(933): App\Controllers\Home->fetch_services()
 7 SYSTEMPATH/CodeIgniter.php(507): CodeIgniter\CodeIgniter->runController(Object(App\Controllers\Home))
 8 SYSTEMPATH/CodeIgniter.php(354): CodeIgniter\CodeIgniter->handleRequest(null, Object(Config\Cache), false)
 9 SYSTEMPATH/Boot.php(334): CodeIgniter\CodeIgniter->run()
10 SYSTEMPATH/Boot.php(67): CodeIgniter\Boot::runCodeIgniter(Object(CodeIgniter\CodeIgniter))
11 FCPATH/index.php(27): CodeIgniter\Boot::bootWeb(Object(Config\Paths))
WARNING - 2025-10-14 14:17:49 --> [DEPRECATED] addslashes(): Passing null to parameter #1 ($string) of type string is deprecated in APPPATH/Views/service_list.php on line 10.
 1 APPPATH/Views/service_list.php(10): addslashes(null)
 2 SYSTEMPATH/View/View.php(224): include('/home/u810214334/domains/embellish-beauty.co.uk/public_html/app/Views/service_list.php')
 3 SYSTEMPATH/View/View.php(227): CodeIgniter\View\View->CodeIgniter\View\{closure}()
 4 SYSTEMPATH/Common.php(1173): CodeIgniter\View\View->render('service_list', [], true)
 5 APPPATH/Controllers/Home.php(129): view('service_list', [...])
 6 SYSTEMPATH/CodeIgniter.php(933): App\Controllers\Home->fetch_services()
 7 SYSTEMPATH/CodeIgniter.php(507): CodeIgniter\CodeIgniter->runController(Object(App\Controllers\Home))
 8 SYSTEMPATH/CodeIgniter.php(354): CodeIgniter\CodeIgniter->handleRequest(null, Object(Config\Cache), false)
 9 SYSTEMPATH/Boot.php(334): CodeIgniter\CodeIgniter->run()
10 SYSTEMPATH/Boot.php(67): CodeIgniter\Boot::runCodeIgniter(Object(CodeIgniter\CodeIgniter))
11 FCPATH/index.php(27): CodeIgniter\Boot::bootWeb(Object(Config\Paths))
DEBUG - 2025-10-14 14:18:02 --> Session: Class initialized using 'CodeIgniter\Session\Handlers\FileHandler' driver.
DEBUG - 2025-10-14 14:18:30 --> Session: Class initialized using 'CodeIgniter\Session\Handlers\FileHandler' driver.
WARNING - 2025-10-14 14:18:30 --> [DEPRECATED] addslashes(): Passing null to parameter #1 ($string) of type string is deprecated in APPPATH/Views/service_list.php on line 10.
 1 APPPATH/Views/service_list.php(10): addslashes(null)
 2 SYSTEMPATH/View/View.php(224): include('/home/u810214334/domains/embellish-beauty.co.uk/public_html/app/Views/service_list.php')
 3 SYSTEMPATH/View/View.php(227): CodeIgniter\View\View->CodeIgniter\View\{closure}()
 4 SYSTEMPATH/Common.php(1173): CodeIgniter\View\View->render('service_list', [], true)
 5 APPPATH/Controllers/Home.php(129): view('service_list', [...])
 6 SYSTEMPATH/CodeIgniter.php(933): App\Controllers\Home->fetch_services()
 7 SYSTEMPATH/CodeIgniter.php(507): CodeIgniter\CodeIgniter->runController(Object(App\Controllers\Home))
 8 SYSTEMPATH/CodeIgniter.php(354): CodeIgniter\CodeIgniter->handleRequest(null, Object(Config\Cache), false)
 9 SYSTEMPATH/Boot.php(334): CodeIgniter\CodeIgniter->run()
10 SYSTEMPATH/Boot.php(67): CodeIgniter\Boot::runCodeIgniter(Object(CodeIgniter\CodeIgniter))
11 FCPATH/index.php(27): CodeIgniter\Boot::bootWeb(Object(Config\Paths))
WARNING - 2025-10-14 14:18:30 --> [DEPRECATED] addslashes(): Passing null to parameter #1 ($string) of type string is deprecated in APPPATH/Views/service_list.php on line 10.
 1 APPPATH/Views/service_list.php(10): addslashes(null)
 2 SYSTEMPATH/View/View.php(224): include('/home/u810214334/domains/embellish-beauty.co.uk/public_html/app/Views/service_list.php')
 3 SYSTEMPATH/View/View.php(227): CodeIgniter\View\View->CodeIgniter\View\{closure}()
 4 SYSTEMPATH/Common.php(1173): CodeIgniter\View\View->render('service_list', [], true)
 5 APPPATH/Controllers/Home.php(129): view('service_list', [...])
 6 SYSTEMPATH/CodeIgniter.php(933): App\Controllers\Home->fetch_services()
 7 SYSTEMPATH/CodeIgniter.php(507): CodeIgniter\CodeIgniter->runController(Object(App\Controllers\Home))
 8 SYSTEMPATH/CodeIgniter.php(354): CodeIgniter\CodeIgniter->handleRequest(null, Object(Config\Cache), false)
 9 SYSTEMPATH/Boot.php(334): CodeIgniter\CodeIgniter->run()
10 SYSTEMPATH/Boot.php(67): CodeIgniter\Boot::runCodeIgniter(Object(CodeIgniter\CodeIgniter))
11 FCPATH/index.php(27): CodeIgniter\Boot::bootWeb(Object(Config\Paths))
WARNING - 2025-10-14 14:18:30 --> [DEPRECATED] addslashes(): Passing null to parameter #1 ($string) of type string is deprecated in APPPATH/Views/service_list.php on line 10.
 1 APPPATH/Views/service_list.php(10): addslashes(null)
 2 SYSTEMPATH/View/View.php(224): include('/home/u810214334/domains/embellish-beauty.co.uk/public_html/app/Views/service_list.php')
 3 SYSTEMPATH/View/View.php(227): CodeIgniter\View\View->CodeIgniter\View\{closure}()
 4 SYSTEMPATH/Common.php(1173): CodeIgniter\View\View->render('service_list', [], true)
 5 APPPATH/Controllers/Home.php(129): view('service_list', [...])
 6 SYSTEMPATH/CodeIgniter.php(933): App\Controllers\Home->fetch_services()
 7 SYSTEMPATH/CodeIgniter.php(507): CodeIgniter\CodeIgniter->runController(Object(App\Controllers\Home))
 8 SYSTEMPATH/CodeIgniter.php(354): CodeIgniter\CodeIgniter->handleRequest(null, Object(Config\Cache), false)
 9 SYSTEMPATH/Boot.php(334): CodeIgniter\CodeIgniter->run()
10 SYSTEMPATH/Boot.php(67): CodeIgniter\Boot::runCodeIgniter(Object(CodeIgniter\CodeIgniter))
11 FCPATH/index.php(27): CodeIgniter\Boot::bootWeb(Object(Config\Paths))
WARNING - 2025-10-14 14:18:30 --> [DEPRECATED] addslashes(): Passing null to parameter #1 ($string) of type string is deprecated in APPPATH/Views/service_list.php on line 10.
 1 APPPATH/Views/service_list.php(10): addslashes(null)
 2 SYSTEMPATH/View/View.php(224): include('/home/u810214334/domains/embellish-beauty.co.uk/public_html/app/Views/service_list.php')
 3 SYSTEMPATH/View/View.php(227): CodeIgniter\View\View->CodeIgniter\View\{closure}()
 4 SYSTEMPATH/Common.php(1173): CodeIgniter\View\View->render('service_list', [], true)
 5 APPPATH/Controllers/Home.php(129): view('service_list', [...])
 6 SYSTEMPATH/CodeIgniter.php(933): App\Controllers\Home->fetch_services()
 7 SYSTEMPATH/CodeIgniter.php(507): CodeIgniter\CodeIgniter->runController(Object(App\Controllers\Home))
 8 SYSTEMPATH/CodeIgniter.php(354): CodeIgniter\CodeIgniter->handleRequest(null, Object(Config\Cache), false)
 9 SYSTEMPATH/Boot.php(334): CodeIgniter\CodeIgniter->run()
10 SYSTEMPATH/Boot.php(67): CodeIgniter\Boot::runCodeIgniter(Object(CodeIgniter\CodeIgniter))
11 FCPATH/index.php(27): CodeIgniter\Boot::bootWeb(Object(Config\Paths))
WARNING - 2025-10-14 14:18:30 --> [DEPRECATED] addslashes(): Passing null to parameter #1 ($string) of type string is deprecated in APPPATH/Views/service_list.php on line 10.
 1 APPPATH/Views/service_list.php(10): addslashes(null)
 2 SYSTEMPATH/View/View.php(224): include('/home/u810214334/domains/embellish-beauty.co.uk/public_html/app/Views/service_list.php')
 3 SYSTEMPATH/View/View.php(227): CodeIgniter\View\View->CodeIgniter\View\{closure}()
 4 SYSTEMPATH/Common.php(1173): CodeIgniter\View\View->render('service_list', [], true)
 5 APPPATH/Controllers/Home.php(129): view('service_list', [...])
 6 SYSTEMPATH/CodeIgniter.php(933): App\Controllers\Home->fetch_services()
 7 SYSTEMPATH/CodeIgniter.php(507): CodeIgniter\CodeIgniter->runController(Object(App\Controllers\Home))
 8 SYSTEMPATH/CodeIgniter.php(354): CodeIgniter\CodeIgniter->handleRequest(null, Object(Config\Cache), false)
 9 SYSTEMPATH/Boot.php(334): CodeIgniter\CodeIgniter->run()
10 SYSTEMPATH/Boot.php(67): CodeIgniter\Boot::runCodeIgniter(Object(CodeIgniter\CodeIgniter))
11 FCPATH/index.php(27): CodeIgniter\Boot::bootWeb(Object(Config\Paths))
WARNING - 2025-10-14 14:18:30 --> [DEPRECATED] addslashes(): Passing null to parameter #1 ($string) of type string is deprecated in APPPATH/Views/service_list.php on line 10.
 1 APPPATH/Views/service_list.php(10): addslashes(null)
 2 SYSTEMPATH/View/View.php(224): include('/home/u810214334/domains/embellish-beauty.co.uk/public_html/app/Views/service_list.php')
 3 SYSTEMPATH/View/View.php(227): CodeIgniter\View\View->CodeIgniter\View\{closure}()
 4 SYSTEMPATH/Common.php(1173): CodeIgniter\View\View->render('service_list', [], true)
 5 APPPATH/Controllers/Home.php(129): view('service_list', [...])
 6 SYSTEMPATH/CodeIgniter.php(933): App\Controllers\Home->fetch_services()
 7 SYSTEMPATH/CodeIgniter.php(507): CodeIgniter\CodeIgniter->runController(Object(App\Controllers\Home))
 8 SYSTEMPATH/CodeIgniter.php(354): CodeIgniter\CodeIgniter->handleRequest(null, Object(Config\Cache), false)
 9 SYSTEMPATH/Boot.php(334): CodeIgniter\CodeIgniter->run()
10 SYSTEMPATH/Boot.php(67): CodeIgniter\Boot::runCodeIgniter(Object(CodeIgniter\CodeIgniter))
11 FCPATH/index.php(27): CodeIgniter\Boot::bootWeb(Object(Config\Paths))
WARNING - 2025-10-14 14:18:30 --> [DEPRECATED] addslashes(): Passing null to parameter #1 ($string) of type string is deprecated in APPPATH/Views/service_list.php on line 10.
 1 APPPATH/Views/service_list.php(10): addslashes(null)
 2 SYSTEMPATH/View/View.php(224): include('/home/u810214334/domains/embellish-beauty.co.uk/public_html/app/Views/service_list.php')
 3 SYSTEMPATH/View/View.php(227): CodeIgniter\View\View->CodeIgniter\View\{closure}()
 4 SYSTEMPATH/Common.php(1173): CodeIgniter\View\View->render('service_list', [], true)
 5 APPPATH/Controllers/Home.php(129): view('service_list', [...])
 6 SYSTEMPATH/CodeIgniter.php(933): App\Controllers\Home->fetch_services()
 7 SYSTEMPATH/CodeIgniter.php(507): CodeIgniter\CodeIgniter->runController(Object(App\Controllers\Home))
 8 SYSTEMPATH/CodeIgniter.php(354): CodeIgniter\CodeIgniter->handleRequest(null, Object(Config\Cache), false)
 9 SYSTEMPATH/Boot.php(334): CodeIgniter\CodeIgniter->run()
10 SYSTEMPATH/Boot.php(67): CodeIgniter\Boot::runCodeIgniter(Object(CodeIgniter\CodeIgniter))
11 FCPATH/index.php(27): CodeIgniter\Boot::bootWeb(Object(Config\Paths))
WARNING - 2025-10-14 14:18:30 --> [DEPRECATED] addslashes(): Passing null to parameter #1 ($string) of type string is deprecated in APPPATH/Views/service_list.php on line 10.
 1 APPPATH/Views/service_list.php(10): addslashes(null)
 2 SYSTEMPATH/View/View.php(224): include('/home/u810214334/domains/embellish-beauty.co.uk/public_html/app/Views/service_list.php')
 3 SYSTEMPATH/View/View.php(227): CodeIgniter\View\View->CodeIgniter\View\{closure}()
 4 SYSTEMPATH/Common.php(1173): CodeIgniter\View\View->render('service_list', [], true)
 5 APPPATH/Controllers/Home.php(129): view('service_list', [...])
 6 SYSTEMPATH/CodeIgniter.php(933): App\Controllers\Home->fetch_services()
 7 SYSTEMPATH/CodeIgniter.php(507): CodeIgniter\CodeIgniter->runController(Object(App\Controllers\Home))
 8 SYSTEMPATH/CodeIgniter.php(354): CodeIgniter\CodeIgniter->handleRequest(null, Object(Config\Cache), false)
 9 SYSTEMPATH/Boot.php(334): CodeIgniter\CodeIgniter->run()
10 SYSTEMPATH/Boot.php(67): CodeIgniter\Boot::runCodeIgniter(Object(CodeIgniter\CodeIgniter))
11 FCPATH/index.php(27): CodeIgniter\Boot::bootWeb(Object(Config\Paths))
WARNING - 2025-10-14 14:18:30 --> [DEPRECATED] addslashes(): Passing null to parameter #1 ($string) of type string is deprecated in APPPATH/Views/service_list.php on line 10.
 1 APPPATH/Views/service_list.php(10): addslashes(null)
 2 SYSTEMPATH/View/View.php(224): include('/home/u810214334/domains/embellish-beauty.co.uk/public_html/app/Views/service_list.php')
 3 SYSTEMPATH/View/View.php(227): CodeIgniter\View\View->CodeIgniter\View\{closure}()
 4 SYSTEMPATH/Common.php(1173): CodeIgniter\View\View->render('service_list', [], true)
 5 APPPATH/Controllers/Home.php(129): view('service_list', [...])
 6 SYSTEMPATH/CodeIgniter.php(933): App\Controllers\Home->fetch_services()
 7 SYSTEMPATH/CodeIgniter.php(507): CodeIgniter\CodeIgniter->runController(Object(App\Controllers\Home))
 8 SYSTEMPATH/CodeIgniter.php(354): CodeIgniter\CodeIgniter->handleRequest(null, Object(Config\Cache), false)
 9 SYSTEMPATH/Boot.php(334): CodeIgniter\CodeIgniter->run()
10 SYSTEMPATH/Boot.php(67): CodeIgniter\Boot::runCodeIgniter(Object(CodeIgniter\CodeIgniter))
11 FCPATH/index.php(27): CodeIgniter\Boot::bootWeb(Object(Config\Paths))
WARNING - 2025-10-14 14:18:30 --> [DEPRECATED] addslashes(): Passing null to parameter #1 ($string) of type string is deprecated in APPPATH/Views/service_list.php on line 10.
 1 APPPATH/Views/service_list.php(10): addslashes(null)
 2 SYSTEMPATH/View/View.php(224): include('/home/u810214334/domains/embellish-beauty.co.uk/public_html/app/Views/service_list.php')
 3 SYSTEMPATH/View/View.php(227): CodeIgniter\View\View->CodeIgniter\View\{closure}()
 4 SYSTEMPATH/Common.php(1173): CodeIgniter\View\View->render('service_list', [], true)
 5 APPPATH/Controllers/Home.php(129): view('service_list', [...])
 6 SYSTEMPATH/CodeIgniter.php(933): App\Controllers\Home->fetch_services()
 7 SYSTEMPATH/CodeIgniter.php(507): CodeIgniter\CodeIgniter->runController(Object(App\Controllers\Home))
 8 SYSTEMPATH/CodeIgniter.php(354): CodeIgniter\CodeIgniter->handleRequest(null, Object(Config\Cache), false)
 9 SYSTEMPATH/Boot.php(334): CodeIgniter\CodeIgniter->run()
10 SYSTEMPATH/Boot.php(67): CodeIgniter\Boot::runCodeIgniter(Object(CodeIgniter\CodeIgniter))
11 FCPATH/index.php(27): CodeIgniter\Boot::bootWeb(Object(Config\Paths))
WARNING - 2025-10-14 14:18:30 --> [DEPRECATED] addslashes(): Passing null to parameter #1 ($string) of type string is deprecated in APPPATH/Views/service_list.php on line 10.
 1 APPPATH/Views/service_list.php(10): addslashes(null)
 2 SYSTEMPATH/View/View.php(224): include('/home/u810214334/domains/embellish-beauty.co.uk/public_html/app/Views/service_list.php')
 3 SYSTEMPATH/View/View.php(227): CodeIgniter\View\View->CodeIgniter\View\{closure}()
 4 SYSTEMPATH/Common.php(1173): CodeIgniter\View\View->render('service_list', [], true)
 5 APPPATH/Controllers/Home.php(129): view('service_list', [...])
 6 SYSTEMPATH/CodeIgniter.php(933): App\Controllers\Home->fetch_services()
 7 SYSTEMPATH/CodeIgniter.php(507): CodeIgniter\CodeIgniter->runController(Object(App\Controllers\Home))
 8 SYSTEMPATH/CodeIgniter.php(354): CodeIgniter\CodeIgniter->handleRequest(null, Object(Config\Cache), false)
 9 SYSTEMPATH/Boot.php(334): CodeIgniter\CodeIgniter->run()
10 SYSTEMPATH/Boot.php(67): CodeIgniter\Boot::runCodeIgniter(Object(CodeIgniter\CodeIgniter))
11 FCPATH/index.php(27): CodeIgniter\Boot::bootWeb(Object(Config\Paths))
WARNING - 2025-10-14 14:18:30 --> [DEPRECATED] addslashes(): Passing null to parameter #1 ($string) of type string is deprecated in APPPATH/Views/service_list.php on line 10.
 1 APPPATH/Views/service_list.php(10): addslashes(null)
 2 SYSTEMPATH/View/View.php(224): include('/home/u810214334/domains/embellish-beauty.co.uk/public_html/app/Views/service_list.php')
 3 SYSTEMPATH/View/View.php(227): CodeIgniter\View\View->CodeIgniter\View\{closure}()
 4 SYSTEMPATH/Common.php(1173): CodeIgniter\View\View->render('service_list', [], true)
 5 APPPATH/Controllers/Home.php(129): view('service_list', [...])
 6 SYSTEMPATH/CodeIgniter.php(933): App\Controllers\Home->fetch_services()
 7 SYSTEMPATH/CodeIgniter.php(507): CodeIgniter\CodeIgniter->runController(Object(App\Controllers\Home))
 8 SYSTEMPATH/CodeIgniter.php(354): CodeIgniter\CodeIgniter->handleRequest(null, Object(Config\Cache), false)
 9 SYSTEMPATH/Boot.php(334): CodeIgniter\CodeIgniter->run()
10 SYSTEMPATH/Boot.php(67): CodeIgniter\Boot::runCodeIgniter(Object(CodeIgniter\CodeIgniter))
11 FCPATH/index.php(27): CodeIgniter\Boot::bootWeb(Object(Config\Paths))
WARNING - 2025-10-14 14:18:30 --> [DEPRECATED] addslashes(): Passing null to parameter #1 ($string) of type string is deprecated in APPPATH/Views/service_list.php on line 10.
 1 APPPATH/Views/service_list.php(10): addslashes(null)
 2 SYSTEMPATH/View/View.php(224): include('/home/u810214334/domains/embellish-beauty.co.uk/public_html/app/Views/service_list.php')
 3 SYSTEMPATH/View/View.php(227): CodeIgniter\View\View->CodeIgniter\View\{closure}()
 4 SYSTEMPATH/Common.php(1173): CodeIgniter\View\View->render('service_list', [], true)
 5 APPPATH/Controllers/Home.php(129): view('service_list', [...])
 6 SYSTEMPATH/CodeIgniter.php(933): App\Controllers\Home->fetch_services()
 7 SYSTEMPATH/CodeIgniter.php(507): CodeIgniter\CodeIgniter->runController(Object(App\Controllers\Home))
 8 SYSTEMPATH/CodeIgniter.php(354): CodeIgniter\CodeIgniter->handleRequest(null, Object(Config\Cache), false)
 9 SYSTEMPATH/Boot.php(334): CodeIgniter\CodeIgniter->run()
10 SYSTEMPATH/Boot.php(67): CodeIgniter\Boot::runCodeIgniter(Object(CodeIgniter\CodeIgniter))
11 FCPATH/index.php(27): CodeIgniter\Boot::bootWeb(Object(Config\Paths))
WARNING - 2025-10-14 14:18:30 --> [DEPRECATED] addslashes(): Passing null to parameter #1 ($string) of type string is deprecated in APPPATH/Views/service_list.php on line 10.
 1 APPPATH/Views/service_list.php(10): addslashes(null)
 2 SYSTEMPATH/View/View.php(224): include('/home/u810214334/domains/embellish-beauty.co.uk/public_html/app/Views/service_list.php')
 3 SYSTEMPATH/View/View.php(227): CodeIgniter\View\View->CodeIgniter\View\{closure}()
 4 SYSTEMPATH/Common.php(1173): CodeIgniter\View\View->render('service_list', [], true)
 5 APPPATH/Controllers/Home.php(129): view('service_list', [...])
 6 SYSTEMPATH/CodeIgniter.php(933): App\Controllers\Home->fetch_services()
 7 SYSTEMPATH/CodeIgniter.php(507): CodeIgniter\CodeIgniter->runController(Object(App\Controllers\Home))
 8 SYSTEMPATH/CodeIgniter.php(354): CodeIgniter\CodeIgniter->handleRequest(null, Object(Config\Cache), false)
 9 SYSTEMPATH/Boot.php(334): CodeIgniter\CodeIgniter->run()
10 SYSTEMPATH/Boot.php(67): CodeIgniter\Boot::runCodeIgniter(Object(CodeIgniter\CodeIgniter))
11 FCPATH/index.php(27): CodeIgniter\Boot::bootWeb(Object(Config\Paths))
WARNING - 2025-10-14 14:18:30 --> [DEPRECATED] addslashes(): Passing null to parameter #1 ($string) of type string is deprecated in APPPATH/Views/service_list.php on line 10.
 1 APPPATH/Views/service_list.php(10): addslashes(null)
 2 SYSTEMPATH/View/View.php(224): include('/home/u810214334/domains/embellish-beauty.co.uk/public_html/app/Views/service_list.php')
 3 SYSTEMPATH/View/View.php(227): CodeIgniter\View\View->CodeIgniter\View\{closure}()
 4 SYSTEMPATH/Common.php(1173): CodeIgniter\View\View->render('service_list', [], true)
 5 APPPATH/Controllers/Home.php(129): view('service_list', [...])
 6 SYSTEMPATH/CodeIgniter.php(933): App\Controllers\Home->fetch_services()
 7 SYSTEMPATH/CodeIgniter.php(507): CodeIgniter\CodeIgniter->runController(Object(App\Controllers\Home))
 8 SYSTEMPATH/CodeIgniter.php(354): CodeIgniter\CodeIgniter->handleRequest(null, Object(Config\Cache), false)
 9 SYSTEMPATH/Boot.php(334): CodeIgniter\CodeIgniter->run()
10 SYSTEMPATH/Boot.php(67): CodeIgniter\Boot::runCodeIgniter(Object(CodeIgniter\CodeIgniter))
11 FCPATH/index.php(27): CodeIgniter\Boot::bootWeb(Object(Config\Paths))
WARNING - 2025-10-14 14:18:30 --> [DEPRECATED] addslashes(): Passing null to parameter #1 ($string) of type string is deprecated in APPPATH/Views/service_list.php on line 10.
 1 APPPATH/Views/service_list.php(10): addslashes(null)
 2 SYSTEMPATH/View/View.php(224): include('/home/u810214334/domains/embellish-beauty.co.uk/public_html/app/Views/service_list.php')
 3 SYSTEMPATH/View/View.php(227): CodeIgniter\View\View->CodeIgniter\View\{closure}()
 4 SYSTEMPATH/Common.php(1173): CodeIgniter\View\View->render('service_list', [], true)
 5 APPPATH/Controllers/Home.php(129): view('service_list', [...])
 6 SYSTEMPATH/CodeIgniter.php(933): App\Controllers\Home->fetch_services()
 7 SYSTEMPATH/CodeIgniter.php(507): CodeIgniter\CodeIgniter->runController(Object(App\Controllers\Home))
 8 SYSTEMPATH/CodeIgniter.php(354): CodeIgniter\CodeIgniter->handleRequest(null, Object(Config\Cache), false)
 9 SYSTEMPATH/Boot.php(334): CodeIgniter\CodeIgniter->run()
10 SYSTEMPATH/Boot.php(67): CodeIgniter\Boot::runCodeIgniter(Object(CodeIgniter\CodeIgniter))
11 FCPATH/index.php(27): CodeIgniter\Boot::bootWeb(Object(Config\Paths))
WARNING - 2025-10-14 14:18:30 --> [DEPRECATED] addslashes(): Passing null to parameter #1 ($string) of type string is deprecated in APPPATH/Views/service_list.php on line 10.
 1 APPPATH/Views/service_list.php(10): addslashes(null)
 2 SYSTEMPATH/View/View.php(224): include('/home/u810214334/domains/embellish-beauty.co.uk/public_html/app/Views/service_list.php')
 3 SYSTEMPATH/View/View.php(227): CodeIgniter\View\View->CodeIgniter\View\{closure}()
 4 SYSTEMPATH/Common.php(1173): CodeIgniter\View\View->render('service_list', [], true)
 5 APPPATH/Controllers/Home.php(129): view('service_list', [...])
 6 SYSTEMPATH/CodeIgniter.php(933): App\Controllers\Home->fetch_services()
 7 SYSTEMPATH/CodeIgniter.php(507): CodeIgniter\CodeIgniter->runController(Object(App\Controllers\Home))
 8 SYSTEMPATH/CodeIgniter.php(354): CodeIgniter\CodeIgniter->handleRequest(null, Object(Config\Cache), false)
 9 SYSTEMPATH/Boot.php(334): CodeIgniter\CodeIgniter->run()
10 SYSTEMPATH/Boot.php(67): CodeIgniter\Boot::runCodeIgniter(Object(CodeIgniter\CodeIgniter))
11 FCPATH/index.php(27): CodeIgniter\Boot::bootWeb(Object(Config\Paths))
WARNING - 2025-10-14 14:18:30 --> [DEPRECATED] addslashes(): Passing null to parameter #1 ($string) of type string is deprecated in APPPATH/Views/service_list.php on line 10.
 1 APPPATH/Views/service_list.php(10): addslashes(null)
 2 SYSTEMPATH/View/View.php(224): include('/home/u810214334/domains/embellish-beauty.co.uk/public_html/app/Views/service_list.php')
 3 SYSTEMPATH/View/View.php(227): CodeIgniter\View\View->CodeIgniter\View\{closure}()
 4 SYSTEMPATH/Common.php(1173): CodeIgniter\View\View->render('service_list', [], true)
 5 APPPATH/Controllers/Home.php(129): view('service_list', [...])
 6 SYSTEMPATH/CodeIgniter.php(933): App\Controllers\Home->fetch_services()
 7 SYSTEMPATH/CodeIgniter.php(507): CodeIgniter\CodeIgniter->runController(Object(App\Controllers\Home))
 8 SYSTEMPATH/CodeIgniter.php(354): CodeIgniter\CodeIgniter->handleRequest(null, Object(Config\Cache), false)
 9 SYSTEMPATH/Boot.php(334): CodeIgniter\CodeIgniter->run()
10 SYSTEMPATH/Boot.php(67): CodeIgniter\Boot::runCodeIgniter(Object(CodeIgniter\CodeIgniter))
11 FCPATH/index.php(27): CodeIgniter\Boot::bootWeb(Object(Config\Paths))
DEBUG - 2025-10-14 14:18:47 --> Session: Class initialized using 'CodeIgniter\Session\Handlers\FileHandler' driver.
DEBUG - 2025-10-14 14:19:05 --> Session: Class initialized using 'CodeIgniter\Session\Handlers\FileHandler' driver.
DEBUG - 2025-10-14 14:19:08 --> Session: Class initialized using 'CodeIgniter\Session\Handlers\FileHandler' driver.
DEBUG - 2025-10-14 14:20:06 --> Session: Class initialized using 'CodeIgniter\Session\Handlers\FileHandler' driver.
DEBUG - 2025-10-14 14:20:06 --> Session: Class initialized using 'CodeIgniter\Session\Handlers\FileHandler' driver.
DEBUG - 2025-10-14 14:20:07 --> Session: Class initialized using 'CodeIgniter\Session\Handlers\FileHandler' driver.
DEBUG - 2025-10-14 14:20:07 --> Session: Class initialized using 'CodeIgniter\Session\Handlers\FileHandler' driver.
DEBUG - 2025-10-14 14:20:16 --> Session: Class initialized using 'CodeIgniter\Session\Handlers\FileHandler' driver.
DEBUG - 2025-10-14 14:20:16 --> Session: Class initialized using 'CodeIgniter\Session\Handlers\FileHandler' driver.
DEBUG - 2025-10-14 14:20:16 --> Session: Class initialized using 'CodeIgniter\Session\Handlers\FileHandler' driver.
DEBUG - 2025-10-14 14:20:16 --> Session: Class initialized using 'CodeIgniter\Session\Handlers\FileHandler' driver.
DEBUG - 2025-10-14 14:20:31 --> Session: Class initialized using 'CodeIgniter\Session\Handlers\FileHandler' driver.
DEBUG - 2025-10-14 14:20:31 --> Session: Class initialized using 'CodeIgniter\Session\Handlers\FileHandler' driver.
DEBUG - 2025-10-14 14:20:31 --> Session: Class initialized using 'CodeIgniter\Session\Handlers\FileHandler' driver.
DEBUG - 2025-10-14 14:20:31 --> Session: Class initialized using 'CodeIgniter\Session\Handlers\FileHandler' driver.
DEBUG - 2025-10-14 14:21:05 --> Session: Class initialized using 'CodeIgniter\Session\Handlers\FileHandler' driver.
DEBUG - 2025-10-14 14:21:05 --> Session: Class initialized using 'CodeIgniter\Session\Handlers\FileHandler' driver.
DEBUG - 2025-10-14 14:21:06 --> Session: Class initialized using 'CodeIgniter\Session\Handlers\FileHandler' driver.
DEBUG - 2025-10-14 14:21:06 --> Session: Class initialized using 'CodeIgniter\Session\Handlers\FileHandler' driver.
DEBUG - 2025-10-14 14:21:13 --> Session: Class initialized using 'CodeIgniter\Session\Handlers\FileHandler' driver.
DEBUG - 2025-10-14 14:21:14 --> Session: Class initialized using 'CodeIgniter\Session\Handlers\FileHandler' driver.
DEBUG - 2025-10-14 14:21:14 --> Session: Class initialized using 'CodeIgniter\Session\Handlers\FileHandler' driver.
DEBUG - 2025-10-14 14:21:14 --> Session: Class initialized using 'CodeIgniter\Session\Handlers\FileHandler' driver.
WARNING - 2025-10-14 14:21:14 --> [DEPRECATED] addslashes(): Passing null to parameter #1 ($string) of type string is deprecated in APPPATH/Views/service_list.php on line 10.
 1 APPPATH/Views/service_list.php(10): addslashes(null)
 2 SYSTEMPATH/View/View.php(224): include('/home/u810214334/domains/embellish-beauty.co.uk/public_html/app/Views/service_list.php')
 3 SYSTEMPATH/View/View.php(227): CodeIgniter\View\View->CodeIgniter\View\{closure}()
 4 SYSTEMPATH/Common.php(1173): CodeIgniter\View\View->render('service_list', [], true)
 5 APPPATH/Controllers/Home.php(129): view('service_list', [...])
 6 SYSTEMPATH/CodeIgniter.php(933): App\Controllers\Home->fetch_services()
 7 SYSTEMPATH/CodeIgniter.php(507): CodeIgniter\CodeIgniter->runController(Object(App\Controllers\Home))
 8 SYSTEMPATH/CodeIgniter.php(354): CodeIgniter\CodeIgniter->handleRequest(null, Object(Config\Cache), false)
 9 SYSTEMPATH/Boot.php(334): CodeIgniter\CodeIgniter->run()
10 SYSTEMPATH/Boot.php(67): CodeIgniter\Boot::runCodeIgniter(Object(CodeIgniter\CodeIgniter))
11 FCPATH/index.php(27): CodeIgniter\Boot::bootWeb(Object(Config\Paths))
WARNING - 2025-10-14 14:21:14 --> [DEPRECATED] addslashes(): Passing null to parameter #1 ($string) of type string is deprecated in APPPATH/Views/service_list.php on line 10.
 1 APPPATH/Views/service_list.php(10): addslashes(null)
 2 SYSTEMPATH/View/View.php(224): include('/home/u810214334/domains/embellish-beauty.co.uk/public_html/app/Views/service_list.php')
 3 SYSTEMPATH/View/View.php(227): CodeIgniter\View\View->CodeIgniter\View\{closure}()
 4 SYSTEMPATH/Common.php(1173): CodeIgniter\View\View->render('service_list', [], true)
 5 APPPATH/Controllers/Home.php(129): view('service_list', [...])
 6 SYSTEMPATH/CodeIgniter.php(933): App\Controllers\Home->fetch_services()
 7 SYSTEMPATH/CodeIgniter.php(507): CodeIgniter\CodeIgniter->runController(Object(App\Controllers\Home))
 8 SYSTEMPATH/CodeIgniter.php(354): CodeIgniter\CodeIgniter->handleRequest(null, Object(Config\Cache), false)
 9 SYSTEMPATH/Boot.php(334): CodeIgniter\CodeIgniter->run()
10 SYSTEMPATH/Boot.php(67): CodeIgniter\Boot::runCodeIgniter(Object(CodeIgniter\CodeIgniter))
11 FCPATH/index.php(27): CodeIgniter\Boot::bootWeb(Object(Config\Paths))
WARNING - 2025-10-14 14:21:14 --> [DEPRECATED] addslashes(): Passing null to parameter #1 ($string) of type string is deprecated in APPPATH/Views/service_list.php on line 10.
 1 APPPATH/Views/service_list.php(10): addslashes(null)
 2 SYSTEMPATH/View/View.php(224): include('/home/u810214334/domains/embellish-beauty.co.uk/public_html/app/Views/service_list.php')
 3 SYSTEMPATH/View/View.php(227): CodeIgniter\View\View->CodeIgniter\View\{closure}()
 4 SYSTEMPATH/Common.php(1173): CodeIgniter\View\View->render('service_list', [], true)
 5 APPPATH/Controllers/Home.php(129): view('service_list', [...])
 6 SYSTEMPATH/CodeIgniter.php(933): App\Controllers\Home->fetch_services()
 7 SYSTEMPATH/CodeIgniter.php(507): CodeIgniter\CodeIgniter->runController(Object(App\Controllers\Home))
 8 SYSTEMPATH/CodeIgniter.php(354): CodeIgniter\CodeIgniter->handleRequest(null, Object(Config\Cache), false)
 9 SYSTEMPATH/Boot.php(334): CodeIgniter\CodeIgniter->run()
10 SYSTEMPATH/Boot.php(67): CodeIgniter\Boot::runCodeIgniter(Object(CodeIgniter\CodeIgniter))
11 FCPATH/index.php(27): CodeIgniter\Boot::bootWeb(Object(Config\Paths))
WARNING - 2025-10-14 14:21:14 --> [DEPRECATED] addslashes(): Passing null to parameter #1 ($string) of type string is deprecated in APPPATH/Views/service_list.php on line 10.
 1 APPPATH/Views/service_list.php(10): addslashes(null)
 2 SYSTEMPATH/View/View.php(224): include('/home/u810214334/domains/embellish-beauty.co.uk/public_html/app/Views/service_list.php')
 3 SYSTEMPATH/View/View.php(227): CodeIgniter\View\View->CodeIgniter\View\{closure}()
 4 SYSTEMPATH/Common.php(1173): CodeIgniter\View\View->render('service_list', [], true)
 5 APPPATH/Controllers/Home.php(129): view('service_list', [...])
 6 SYSTEMPATH/CodeIgniter.php(933): App\Controllers\Home->fetch_services()
 7 SYSTEMPATH/CodeIgniter.php(507): CodeIgniter\CodeIgniter->runController(Object(App\Controllers\Home))
 8 SYSTEMPATH/CodeIgniter.php(354): CodeIgniter\CodeIgniter->handleRequest(null, Object(Config\Cache), false)
 9 SYSTEMPATH/Boot.php(334): CodeIgniter\CodeIgniter->run()
10 SYSTEMPATH/Boot.php(67): CodeIgniter\Boot::runCodeIgniter(Object(CodeIgniter\CodeIgniter))
11 FCPATH/index.php(27): CodeIgniter\Boot::bootWeb(Object(Config\Paths))
WARNING - 2025-10-14 14:21:14 --> [DEPRECATED] addslashes(): Passing null to parameter #1 ($string) of type string is deprecated in APPPATH/Views/service_list.php on line 10.
 1 APPPATH/Views/service_list.php(10): addslashes(null)
 2 SYSTEMPATH/View/View.php(224): include('/home/u810214334/domains/embellish-beauty.co.uk/public_html/app/Views/service_list.php')
 3 SYSTEMPATH/View/View.php(227): CodeIgniter\View\View->CodeIgniter\View\{closure}()
 4 SYSTEMPATH/Common.php(1173): CodeIgniter\View\View->render('service_list', [], true)
 5 APPPATH/Controllers/Home.php(129): view('service_list', [...])
 6 SYSTEMPATH/CodeIgniter.php(933): App\Controllers\Home->fetch_services()
 7 SYSTEMPATH/CodeIgniter.php(507): CodeIgniter\CodeIgniter->runController(Object(App\Controllers\Home))
 8 SYSTEMPATH/CodeIgniter.php(354): CodeIgniter\CodeIgniter->handleRequest(null, Object(Config\Cache), false)
 9 SYSTEMPATH/Boot.php(334): CodeIgniter\CodeIgniter->run()
10 SYSTEMPATH/Boot.php(67): CodeIgniter\Boot::runCodeIgniter(Object(CodeIgniter\CodeIgniter))
11 FCPATH/index.php(27): CodeIgniter\Boot::bootWeb(Object(Config\Paths))
WARNING - 2025-10-14 14:21:14 --> [DEPRECATED] addslashes(): Passing null to parameter #1 ($string) of type string is deprecated in APPPATH/Views/service_list.php on line 10.
 1 APPPATH/Views/service_list.php(10): addslashes(null)
 2 SYSTEMPATH/View/View.php(224): include('/home/u810214334/domains/embellish-beauty.co.uk/public_html/app/Views/service_list.php')
 3 SYSTEMPATH/View/View.php(227): CodeIgniter\View\View->CodeIgniter\View\{closure}()
 4 SYSTEMPATH/Common.php(1173): CodeIgniter\View\View->render('service_list', [], true)
 5 APPPATH/Controllers/Home.php(129): view('service_list', [...])
 6 SYSTEMPATH/CodeIgniter.php(933): App\Controllers\Home->fetch_services()
 7 SYSTEMPATH/CodeIgniter.php(507): CodeIgniter\CodeIgniter->runController(Object(App\Controllers\Home))
 8 SYSTEMPATH/CodeIgniter.php(354): CodeIgniter\CodeIgniter->handleRequest(null, Object(Config\Cache), false)
 9 SYSTEMPATH/Boot.php(334): CodeIgniter\CodeIgniter->run()
10 SYSTEMPATH/Boot.php(67): CodeIgniter\Boot::runCodeIgniter(Object(CodeIgniter\CodeIgniter))
11 FCPATH/index.php(27): CodeIgniter\Boot::bootWeb(Object(Config\Paths))
WARNING - 2025-10-14 14:21:14 --> [DEPRECATED] addslashes(): Passing null to parameter #1 ($string) of type string is deprecated in APPPATH/Views/service_list.php on line 10.
 1 APPPATH/Views/service_list.php(10): addslashes(null)
 2 SYSTEMPATH/View/View.php(224): include('/home/u810214334/domains/embellish-beauty.co.uk/public_html/app/Views/service_list.php')
 3 SYSTEMPATH/View/View.php(227): CodeIgniter\View\View->CodeIgniter\View\{closure}()
 4 SYSTEMPATH/Common.php(1173): CodeIgniter\View\View->render('service_list', [], true)
 5 APPPATH/Controllers/Home.php(129): view('service_list', [...])
 6 SYSTEMPATH/CodeIgniter.php(933): App\Controllers\Home->fetch_services()
 7 SYSTEMPATH/CodeIgniter.php(507): CodeIgniter\CodeIgniter->runController(Object(App\Controllers\Home))
 8 SYSTEMPATH/CodeIgniter.php(354): CodeIgniter\CodeIgniter->handleRequest(null, Object(Config\Cache), false)
 9 SYSTEMPATH/Boot.php(334): CodeIgniter\CodeIgniter->run()
10 SYSTEMPATH/Boot.php(67): CodeIgniter\Boot::runCodeIgniter(Object(CodeIgniter\CodeIgniter))
11 FCPATH/index.php(27): CodeIgniter\Boot::bootWeb(Object(Config\Paths))
WARNING - 2025-10-14 14:21:14 --> [DEPRECATED] addslashes(): Passing null to parameter #1 ($string) of type string is deprecated in APPPATH/Views/service_list.php on line 10.
 1 APPPATH/Views/service_list.php(10): addslashes(null)
 2 SYSTEMPATH/View/View.php(224): include('/home/u810214334/domains/embellish-beauty.co.uk/public_html/app/Views/service_list.php')
 3 SYSTEMPATH/View/View.php(227): CodeIgniter\View\View->CodeIgniter\View\{closure}()
 4 SYSTEMPATH/Common.php(1173): CodeIgniter\View\View->render('service_list', [], true)
 5 APPPATH/Controllers/Home.php(129): view('service_list', [...])
 6 SYSTEMPATH/CodeIgniter.php(933): App\Controllers\Home->fetch_services()
 7 SYSTEMPATH/CodeIgniter.php(507): CodeIgniter\CodeIgniter->runController(Object(App\Controllers\Home))
 8 SYSTEMPATH/CodeIgniter.php(354): CodeIgniter\CodeIgniter->handleRequest(null, Object(Config\Cache), false)
 9 SYSTEMPATH/Boot.php(334): CodeIgniter\CodeIgniter->run()
10 SYSTEMPATH/Boot.php(67): CodeIgniter\Boot::runCodeIgniter(Object(CodeIgniter\CodeIgniter))
11 FCPATH/index.php(27): CodeIgniter\Boot::bootWeb(Object(Config\Paths))
WARNING - 2025-10-14 14:21:14 --> [DEPRECATED] addslashes(): Passing null to parameter #1 ($string) of type string is deprecated in APPPATH/Views/service_list.php on line 10.
 1 APPPATH/Views/service_list.php(10): addslashes(null)
 2 SYSTEMPATH/View/View.php(224): include('/home/u810214334/domains/embellish-beauty.co.uk/public_html/app/Views/service_list.php')
 3 SYSTEMPATH/View/View.php(227): CodeIgniter\View\View->CodeIgniter\View\{closure}()
 4 SYSTEMPATH/Common.php(1173): CodeIgniter\View\View->render('service_list', [], true)
 5 APPPATH/Controllers/Home.php(129): view('service_list', [...])
 6 SYSTEMPATH/CodeIgniter.php(933): App\Controllers\Home->fetch_services()
 7 SYSTEMPATH/CodeIgniter.php(507): CodeIgniter\CodeIgniter->runController(Object(App\Controllers\Home))
 8 SYSTEMPATH/CodeIgniter.php(354): CodeIgniter\CodeIgniter->handleRequest(null, Object(Config\Cache), false)
 9 SYSTEMPATH/Boot.php(334): CodeIgniter\CodeIgniter->run()
10 SYSTEMPATH/Boot.php(67): CodeIgniter\Boot::runCodeIgniter(Object(CodeIgniter\CodeIgniter))
11 FCPATH/index.php(27): CodeIgniter\Boot::bootWeb(Object(Config\Paths))
WARNING - 2025-10-14 14:21:14 --> [DEPRECATED] addslashes(): Passing null to parameter #1 ($string) of type string is deprecated in APPPATH/Views/service_list.php on line 10.
 1 APPPATH/Views/service_list.php(10): addslashes(null)
 2 SYSTEMPATH/View/View.php(224): include('/home/u810214334/domains/embellish-beauty.co.uk/public_html/app/Views/service_list.php')
 3 SYSTEMPATH/View/View.php(227): CodeIgniter\View\View->CodeIgniter\View\{closure}()
 4 SYSTEMPATH/Common.php(1173): CodeIgniter\View\View->render('service_list', [], true)
 5 APPPATH/Controllers/Home.php(129): view('service_list', [...])
 6 SYSTEMPATH/CodeIgniter.php(933): App\Controllers\Home->fetch_services()
 7 SYSTEMPATH/CodeIgniter.php(507): CodeIgniter\CodeIgniter->runController(Object(App\Controllers\Home))
 8 SYSTEMPATH/CodeIgniter.php(354): CodeIgniter\CodeIgniter->handleRequest(null, Object(Config\Cache), false)
 9 SYSTEMPATH/Boot.php(334): CodeIgniter\CodeIgniter->run()
10 SYSTEMPATH/Boot.php(67): CodeIgniter\Boot::runCodeIgniter(Object(CodeIgniter\CodeIgniter))
11 FCPATH/index.php(27): CodeIgniter\Boot::bootWeb(Object(Config\Paths))
WARNING - 2025-10-14 14:21:14 --> [DEPRECATED] addslashes(): Passing null to parameter #1 ($string) of type string is deprecated in APPPATH/Views/service_list.php on line 10.
 1 APPPATH/Views/service_list.php(10): addslashes(null)
 2 SYSTEMPATH/View/View.php(224): include('/home/u810214334/domains/embellish-beauty.co.uk/public_html/app/Views/service_list.php')
 3 SYSTEMPATH/View/View.php(227): CodeIgniter\View\View->CodeIgniter\View\{closure}()
 4 SYSTEMPATH/Common.php(1173): CodeIgniter\View\View->render('service_list', [], true)
 5 APPPATH/Controllers/Home.php(129): view('service_list', [...])
 6 SYSTEMPATH/CodeIgniter.php(933): App\Controllers\Home->fetch_services()
 7 SYSTEMPATH/CodeIgniter.php(507): CodeIgniter\CodeIgniter->runController(Object(App\Controllers\Home))
 8 SYSTEMPATH/CodeIgniter.php(354): CodeIgniter\CodeIgniter->handleRequest(null, Object(Config\Cache), false)
 9 SYSTEMPATH/Boot.php(334): CodeIgniter\CodeIgniter->run()
10 SYSTEMPATH/Boot.php(67): CodeIgniter\Boot::runCodeIgniter(Object(CodeIgniter\CodeIgniter))
11 FCPATH/index.php(27): CodeIgniter\Boot::bootWeb(Object(Config\Paths))
WARNING - 2025-10-14 14:21:14 --> [DEPRECATED] addslashes(): Passing null to parameter #1 ($string) of type string is deprecated in APPPATH/Views/service_list.php on line 10.
 1 APPPATH/Views/service_list.php(10): addslashes(null)
 2 SYSTEMPATH/View/View.php(224): include('/home/u810214334/domains/embellish-beauty.co.uk/public_html/app/Views/service_list.php')
 3 SYSTEMPATH/View/View.php(227): CodeIgniter\View\View->CodeIgniter\View\{closure}()
 4 SYSTEMPATH/Common.php(1173): CodeIgniter\View\View->render('service_list', [], true)
 5 APPPATH/Controllers/Home.php(129): view('service_list', [...])
 6 SYSTEMPATH/CodeIgniter.php(933): App\Controllers\Home->fetch_services()
 7 SYSTEMPATH/CodeIgniter.php(507): CodeIgniter\CodeIgniter->runController(Object(App\Controllers\Home))
 8 SYSTEMPATH/CodeIgniter.php(354): CodeIgniter\CodeIgniter->handleRequest(null, Object(Config\Cache), false)
 9 SYSTEMPATH/Boot.php(334): CodeIgniter\CodeIgniter->run()
10 SYSTEMPATH/Boot.php(67): CodeIgniter\Boot::runCodeIgniter(Object(CodeIgniter\CodeIgniter))
11 FCPATH/index.php(27): CodeIgniter\Boot::bootWeb(Object(Config\Paths))
WARNING - 2025-10-14 14:21:14 --> [DEPRECATED] addslashes(): Passing null to parameter #1 ($string) of type string is deprecated in APPPATH/Views/service_list.php on line 10.
 1 APPPATH/Views/service_list.php(10): addslashes(null)
 2 SYSTEMPATH/View/View.php(224): include('/home/u810214334/domains/embellish-beauty.co.uk/public_html/app/Views/service_list.php')
 3 SYSTEMPATH/View/View.php(227): CodeIgniter\View\View->CodeIgniter\View\{closure}()
 4 SYSTEMPATH/Common.php(1173): CodeIgniter\View\View->render('service_list', [], true)
 5 APPPATH/Controllers/Home.php(129): view('service_list', [...])
 6 SYSTEMPATH/CodeIgniter.php(933): App\Controllers\Home->fetch_services()
 7 SYSTEMPATH/CodeIgniter.php(507): CodeIgniter\CodeIgniter->runController(Object(App\Controllers\Home))
 8 SYSTEMPATH/CodeIgniter.php(354): CodeIgniter\CodeIgniter->handleRequest(null, Object(Config\Cache), false)
 9 SYSTEMPATH/Boot.php(334): CodeIgniter\CodeIgniter->run()
10 SYSTEMPATH/Boot.php(67): CodeIgniter\Boot::runCodeIgniter(Object(CodeIgniter\CodeIgniter))
11 FCPATH/index.php(27): CodeIgniter\Boot::bootWeb(Object(Config\Paths))
WARNING - 2025-10-14 14:21:14 --> [DEPRECATED] addslashes(): Passing null to parameter #1 ($string) of type string is deprecated in APPPATH/Views/service_list.php on line 10.
 1 APPPATH/Views/service_list.php(10): addslashes(null)
 2 SYSTEMPATH/View/View.php(224): include('/home/u810214334/domains/embellish-beauty.co.uk/public_html/app/Views/service_list.php')
 3 SYSTEMPATH/View/View.php(227): CodeIgniter\View\View->CodeIgniter\View\{closure}()
 4 SYSTEMPATH/Common.php(1173): CodeIgniter\View\View->render('service_list', [], true)
 5 APPPATH/Controllers/Home.php(129): view('service_list', [...])
 6 SYSTEMPATH/CodeIgniter.php(933): App\Controllers\Home->fetch_services()
 7 SYSTEMPATH/CodeIgniter.php(507): CodeIgniter\CodeIgniter->runController(Object(App\Controllers\Home))
 8 SYSTEMPATH/CodeIgniter.php(354): CodeIgniter\CodeIgniter->handleRequest(null, Object(Config\Cache), false)
 9 SYSTEMPATH/Boot.php(334): CodeIgniter\CodeIgniter->run()
10 SYSTEMPATH/Boot.php(67): CodeIgniter\Boot::runCodeIgniter(Object(CodeIgniter\CodeIgniter))
11 FCPATH/index.php(27): CodeIgniter\Boot::bootWeb(Object(Config\Paths))
WARNING - 2025-10-14 14:21:14 --> [DEPRECATED] addslashes(): Passing null to parameter #1 ($string) of type string is deprecated in APPPATH/Views/service_list.php on line 10.
 1 APPPATH/Views/service_list.php(10): addslashes(null)
 2 SYSTEMPATH/View/View.php(224): include('/home/u810214334/domains/embellish-beauty.co.uk/public_html/app/Views/service_list.php')
 3 SYSTEMPATH/View/View.php(227): CodeIgniter\View\View->CodeIgniter\View\{closure}()
 4 SYSTEMPATH/Common.php(1173): CodeIgniter\View\View->render('service_list', [], true)
 5 APPPATH/Controllers/Home.php(129): view('service_list', [...])
 6 SYSTEMPATH/CodeIgniter.php(933): App\Controllers\Home->fetch_services()
 7 SYSTEMPATH/CodeIgniter.php(507): CodeIgniter\CodeIgniter->runController(Object(App\Controllers\Home))
 8 SYSTEMPATH/CodeIgniter.php(354): CodeIgniter\CodeIgniter->handleRequest(null, Object(Config\Cache), false)
 9 SYSTEMPATH/Boot.php(334): CodeIgniter\CodeIgniter->run()
10 SYSTEMPATH/Boot.php(67): CodeIgniter\Boot::runCodeIgniter(Object(CodeIgniter\CodeIgniter))
11 FCPATH/index.php(27): CodeIgniter\Boot::bootWeb(Object(Config\Paths))
WARNING - 2025-10-14 14:21:14 --> [DEPRECATED] addslashes(): Passing null to parameter #1 ($string) of type string is deprecated in APPPATH/Views/service_list.php on line 10.
 1 APPPATH/Views/service_list.php(10): addslashes(null)
 2 SYSTEMPATH/View/View.php(224): include('/home/u810214334/domains/embellish-beauty.co.uk/public_html/app/Views/service_list.php')
 3 SYSTEMPATH/View/View.php(227): CodeIgniter\View\View->CodeIgniter\View\{closure}()
 4 SYSTEMPATH/Common.php(1173): CodeIgniter\View\View->render('service_list', [], true)
 5 APPPATH/Controllers/Home.php(129): view('service_list', [...])
 6 SYSTEMPATH/CodeIgniter.php(933): App\Controllers\Home->fetch_services()
 7 SYSTEMPATH/CodeIgniter.php(507): CodeIgniter\CodeIgniter->runController(Object(App\Controllers\Home))
 8 SYSTEMPATH/CodeIgniter.php(354): CodeIgniter\CodeIgniter->handleRequest(null, Object(Config\Cache), false)
 9 SYSTEMPATH/Boot.php(334): CodeIgniter\CodeIgniter->run()
10 SYSTEMPATH/Boot.php(67): CodeIgniter\Boot::runCodeIgniter(Object(CodeIgniter\CodeIgniter))
11 FCPATH/index.php(27): CodeIgniter\Boot::bootWeb(Object(Config\Paths))
WARNING - 2025-10-14 14:21:14 --> [DEPRECATED] addslashes(): Passing null to parameter #1 ($string) of type string is deprecated in APPPATH/Views/service_list.php on line 10.
 1 APPPATH/Views/service_list.php(10): addslashes(null)
 2 SYSTEMPATH/View/View.php(224): include('/home/u810214334/domains/embellish-beauty.co.uk/public_html/app/Views/service_list.php')
 3 SYSTEMPATH/View/View.php(227): CodeIgniter\View\View->CodeIgniter\View\{closure}()
 4 SYSTEMPATH/Common.php(1173): CodeIgniter\View\View->render('service_list', [], true)
 5 APPPATH/Controllers/Home.php(129): view('service_list', [...])
 6 SYSTEMPATH/CodeIgniter.php(933): App\Controllers\Home->fetch_services()
 7 SYSTEMPATH/CodeIgniter.php(507): CodeIgniter\CodeIgniter->runController(Object(App\Controllers\Home))
 8 SYSTEMPATH/CodeIgniter.php(354): CodeIgniter\CodeIgniter->handleRequest(null, Object(Config\Cache), false)
 9 SYSTEMPATH/Boot.php(334): CodeIgniter\CodeIgniter->run()
10 SYSTEMPATH/Boot.php(67): CodeIgniter\Boot::runCodeIgniter(Object(CodeIgniter\CodeIgniter))
11 FCPATH/index.php(27): CodeIgniter\Boot::bootWeb(Object(Config\Paths))
WARNING - 2025-10-14 14:21:14 --> [DEPRECATED] addslashes(): Passing null to parameter #1 ($string) of type string is deprecated in APPPATH/Views/service_list.php on line 10.
 1 APPPATH/Views/service_list.php(10): addslashes(null)
 2 SYSTEMPATH/View/View.php(224): include('/home/u810214334/domains/embellish-beauty.co.uk/public_html/app/Views/service_list.php')
 3 SYSTEMPATH/View/View.php(227): CodeIgniter\View\View->CodeIgniter\View\{closure}()
 4 SYSTEMPATH/Common.php(1173): CodeIgniter\View\View->render('service_list', [], true)
 5 APPPATH/Controllers/Home.php(129): view('service_list', [...])
 6 SYSTEMPATH/CodeIgniter.php(933): App\Controllers\Home->fetch_services()
 7 SYSTEMPATH/CodeIgniter.php(507): CodeIgniter\CodeIgniter->runController(Object(App\Controllers\Home))
 8 SYSTEMPATH/CodeIgniter.php(354): CodeIgniter\CodeIgniter->handleRequest(null, Object(Config\Cache), false)
 9 SYSTEMPATH/Boot.php(334): CodeIgniter\CodeIgniter->run()
10 SYSTEMPATH/Boot.php(67): CodeIgniter\Boot::runCodeIgniter(Object(CodeIgniter\CodeIgniter))
11 FCPATH/index.php(27): CodeIgniter\Boot::bootWeb(Object(Config\Paths))
DEBUG - 2025-10-14 14:21:26 --> Session: Class initialized using 'CodeIgniter\Session\Handlers\FileHandler' driver.
WARNING - 2025-10-14 14:21:26 --> [DEPRECATED] addslashes(): Passing null to parameter #1 ($string) of type string is deprecated in APPPATH/Views/service_list.php on line 10.
 1 APPPATH/Views/service_list.php(10): addslashes(null)
 2 SYSTEMPATH/View/View.php(224): include('/home/u810214334/domains/embellish-beauty.co.uk/public_html/app/Views/service_list.php')
 3 SYSTEMPATH/View/View.php(227): CodeIgniter\View\View->CodeIgniter\View\{closure}()
 4 SYSTEMPATH/Common.php(1173): CodeIgniter\View\View->render('service_list', [], true)
 5 APPPATH/Controllers/Home.php(129): view('service_list', [...])
 6 SYSTEMPATH/CodeIgniter.php(933): App\Controllers\Home->fetch_services()
 7 SYSTEMPATH/CodeIgniter.php(507): CodeIgniter\CodeIgniter->runController(Object(App\Controllers\Home))
 8 SYSTEMPATH/CodeIgniter.php(354): CodeIgniter\CodeIgniter->handleRequest(null, Object(Config\Cache), false)
 9 SYSTEMPATH/Boot.php(334): CodeIgniter\CodeIgniter->run()
10 SYSTEMPATH/Boot.php(67): CodeIgniter\Boot::runCodeIgniter(Object(CodeIgniter\CodeIgniter))
11 FCPATH/index.php(27): CodeIgniter\Boot::bootWeb(Object(Config\Paths))
WARNING - 2025-10-14 14:21:26 --> [DEPRECATED] addslashes(): Passing null to parameter #1 ($string) of type string is deprecated in APPPATH/Views/service_list.php on line 10.
 1 APPPATH/Views/service_list.php(10): addslashes(null)
 2 SYSTEMPATH/View/View.php(224): include('/home/u810214334/domains/embellish-beauty.co.uk/public_html/app/Views/service_list.php')
 3 SYSTEMPATH/View/View.php(227): CodeIgniter\View\View->CodeIgniter\View\{closure}()
 4 SYSTEMPATH/Common.php(1173): CodeIgniter\View\View->render('service_list', [], true)
 5 APPPATH/Controllers/Home.php(129): view('service_list', [...])
 6 SYSTEMPATH/CodeIgniter.php(933): App\Controllers\Home->fetch_services()
 7 SYSTEMPATH/CodeIgniter.php(507): CodeIgniter\CodeIgniter->runController(Object(App\Controllers\Home))
 8 SYSTEMPATH/CodeIgniter.php(354): CodeIgniter\CodeIgniter->handleRequest(null, Object(Config\Cache), false)
 9 SYSTEMPATH/Boot.php(334): CodeIgniter\CodeIgniter->run()
10 SYSTEMPATH/Boot.php(67): CodeIgniter\Boot::runCodeIgniter(Object(CodeIgniter\CodeIgniter))
11 FCPATH/index.php(27): CodeIgniter\Boot::bootWeb(Object(Config\Paths))
WARNING - 2025-10-14 14:21:26 --> [DEPRECATED] addslashes(): Passing null to parameter #1 ($string) of type string is deprecated in APPPATH/Views/service_list.php on line 10.
 1 APPPATH/Views/service_list.php(10): addslashes(null)
 2 SYSTEMPATH/View/View.php(224): include('/home/u810214334/domains/embellish-beauty.co.uk/public_html/app/Views/service_list.php')
 3 SYSTEMPATH/View/View.php(227): CodeIgniter\View\View->CodeIgniter\View\{closure}()
 4 SYSTEMPATH/Common.php(1173): CodeIgniter\View\View->render('service_list', [], true)
 5 APPPATH/Controllers/Home.php(129): view('service_list', [...])
 6 SYSTEMPATH/CodeIgniter.php(933): App\Controllers\Home->fetch_services()
 7 SYSTEMPATH/CodeIgniter.php(507): CodeIgniter\CodeIgniter->runController(Object(App\Controllers\Home))
 8 SYSTEMPATH/CodeIgniter.php(354): CodeIgniter\CodeIgniter->handleRequest(null, Object(Config\Cache), false)
 9 SYSTEMPATH/Boot.php(334): CodeIgniter\CodeIgniter->run()
10 SYSTEMPATH/Boot.php(67): CodeIgniter\Boot::runCodeIgniter(Object(CodeIgniter\CodeIgniter))
11 FCPATH/index.php(27): CodeIgniter\Boot::bootWeb(Object(Config\Paths))
WARNING - 2025-10-14 14:21:26 --> [DEPRECATED] addslashes(): Passing null to parameter #1 ($string) of type string is deprecated in APPPATH/Views/service_list.php on line 10.
 1 APPPATH/Views/service_list.php(10): addslashes(null)
 2 SYSTEMPATH/View/View.php(224): include('/home/u810214334/domains/embellish-beauty.co.uk/public_html/app/Views/service_list.php')
 3 SYSTEMPATH/View/View.php(227): CodeIgniter\View\View->CodeIgniter\View\{closure}()
 4 SYSTEMPATH/Common.php(1173): CodeIgniter\View\View->render('service_list', [], true)
 5 APPPATH/Controllers/Home.php(129): view('service_list', [...])
 6 SYSTEMPATH/CodeIgniter.php(933): App\Controllers\Home->fetch_services()
 7 SYSTEMPATH/CodeIgniter.php(507): CodeIgniter\CodeIgniter->runController(Object(App\Controllers\Home))
 8 SYSTEMPATH/CodeIgniter.php(354): CodeIgniter\CodeIgniter->handleRequest(null, Object(Config\Cache), false)
 9 SYSTEMPATH/Boot.php(334): CodeIgniter\CodeIgniter->run()
10 SYSTEMPATH/Boot.php(67): CodeIgniter\Boot::runCodeIgniter(Object(CodeIgniter\CodeIgniter))
11 FCPATH/index.php(27): CodeIgniter\Boot::bootWeb(Object(Config\Paths))
WARNING - 2025-10-14 14:21:26 --> [DEPRECATED] addslashes(): Passing null to parameter #1 ($string) of type string is deprecated in APPPATH/Views/service_list.php on line 10.
 1 APPPATH/Views/service_list.php(10): addslashes(null)
 2 SYSTEMPATH/View/View.php(224): include('/home/u810214334/domains/embellish-beauty.co.uk/public_html/app/Views/service_list.php')
 3 SYSTEMPATH/View/View.php(227): CodeIgniter\View\View->CodeIgniter\View\{closure}()
 4 SYSTEMPATH/Common.php(1173): CodeIgniter\View\View->render('service_list', [], true)
 5 APPPATH/Controllers/Home.php(129): view('service_list', [...])
 6 SYSTEMPATH/CodeIgniter.php(933): App\Controllers\Home->fetch_services()
 7 SYSTEMPATH/CodeIgniter.php(507): CodeIgniter\CodeIgniter->runController(Object(App\Controllers\Home))
 8 SYSTEMPATH/CodeIgniter.php(354): CodeIgniter\CodeIgniter->handleRequest(null, Object(Config\Cache), false)
 9 SYSTEMPATH/Boot.php(334): CodeIgniter\CodeIgniter->run()
10 SYSTEMPATH/Boot.php(67): CodeIgniter\Boot::runCodeIgniter(Object(CodeIgniter\CodeIgniter))
11 FCPATH/index.php(27): CodeIgniter\Boot::bootWeb(Object(Config\Paths))
WARNING - 2025-10-14 14:21:26 --> [DEPRECATED] addslashes(): Passing null to parameter #1 ($string) of type string is deprecated in APPPATH/Views/service_list.php on line 10.
 1 APPPATH/Views/service_list.php(10): addslashes(null)
 2 SYSTEMPATH/View/View.php(224): include('/home/u810214334/domains/embellish-beauty.co.uk/public_html/app/Views/service_list.php')
 3 SYSTEMPATH/View/View.php(227): CodeIgniter\View\View->CodeIgniter\View\{closure}()
 4 SYSTEMPATH/Common.php(1173): CodeIgniter\View\View->render('service_list', [], true)
 5 APPPATH/Controllers/Home.php(129): view('service_list', [...])
 6 SYSTEMPATH/CodeIgniter.php(933): App\Controllers\Home->fetch_services()
 7 SYSTEMPATH/CodeIgniter.php(507): CodeIgniter\CodeIgniter->runController(Object(App\Controllers\Home))
 8 SYSTEMPATH/CodeIgniter.php(354): CodeIgniter\CodeIgniter->handleRequest(null, Object(Config\Cache), false)
 9 SYSTEMPATH/Boot.php(334): CodeIgniter\CodeIgniter->run()
10 SYSTEMPATH/Boot.php(67): CodeIgniter\Boot::runCodeIgniter(Object(CodeIgniter\CodeIgniter))
11 FCPATH/index.php(27): CodeIgniter\Boot::bootWeb(Object(Config\Paths))
WARNING - 2025-10-14 14:21:26 --> [DEPRECATED] addslashes(): Passing null to parameter #1 ($string) of type string is deprecated in APPPATH/Views/service_list.php on line 10.
 1 APPPATH/Views/service_list.php(10): addslashes(null)
 2 SYSTEMPATH/View/View.php(224): include('/home/u810214334/domains/embellish-beauty.co.uk/public_html/app/Views/service_list.php')
 3 SYSTEMPATH/View/View.php(227): CodeIgniter\View\View->CodeIgniter\View\{closure}()
 4 SYSTEMPATH/Common.php(1173): CodeIgniter\View\View->render('service_list', [], true)
 5 APPPATH/Controllers/Home.php(129): view('service_list', [...])
 6 SYSTEMPATH/CodeIgniter.php(933): App\Controllers\Home->fetch_services()
 7 SYSTEMPATH/CodeIgniter.php(507): CodeIgniter\CodeIgniter->runController(Object(App\Controllers\Home))
 8 SYSTEMPATH/CodeIgniter.php(354): CodeIgniter\CodeIgniter->handleRequest(null, Object(Config\Cache), false)
 9 SYSTEMPATH/Boot.php(334): CodeIgniter\CodeIgniter->run()
10 SYSTEMPATH/Boot.php(67): CodeIgniter\Boot::runCodeIgniter(Object(CodeIgniter\CodeIgniter))
11 FCPATH/index.php(27): CodeIgniter\Boot::bootWeb(Object(Config\Paths))
WARNING - 2025-10-14 14:21:26 --> [DEPRECATED] addslashes(): Passing null to parameter #1 ($string) of type string is deprecated in APPPATH/Views/service_list.php on line 10.
 1 APPPATH/Views/service_list.php(10): addslashes(null)
 2 SYSTEMPATH/View/View.php(224): include('/home/u810214334/domains/embellish-beauty.co.uk/public_html/app/Views/service_list.php')
 3 SYSTEMPATH/View/View.php(227): CodeIgniter\View\View->CodeIgniter\View\{closure}()
 4 SYSTEMPATH/Common.php(1173): CodeIgniter\View\View->render('service_list', [], true)
 5 APPPATH/Controllers/Home.php(129): view('service_list', [...])
 6 SYSTEMPATH/CodeIgniter.php(933): App\Controllers\Home->fetch_services()
 7 SYSTEMPATH/CodeIgniter.php(507): CodeIgniter\CodeIgniter->runController(Object(App\Controllers\Home))
 8 SYSTEMPATH/CodeIgniter.php(354): CodeIgniter\CodeIgniter->handleRequest(null, Object(Config\Cache), false)
 9 SYSTEMPATH/Boot.php(334): CodeIgniter\CodeIgniter->run()
10 SYSTEMPATH/Boot.php(67): CodeIgniter\Boot::runCodeIgniter(Object(CodeIgniter\CodeIgniter))
11 FCPATH/index.php(27): CodeIgniter\Boot::bootWeb(Object(Config\Paths))
WARNING - 2025-10-14 14:21:26 --> [DEPRECATED] addslashes(): Passing null to parameter #1 ($string) of type string is deprecated in APPPATH/Views/service_list.php on line 10.
 1 APPPATH/Views/service_list.php(10): addslashes(null)
 2 SYSTEMPATH/View/View.php(224): include('/home/u810214334/domains/embellish-beauty.co.uk/public_html/app/Views/service_list.php')
 3 SYSTEMPATH/View/View.php(227): CodeIgniter\View\View->CodeIgniter\View\{closure}()
 4 SYSTEMPATH/Common.php(1173): CodeIgniter\View\View->render('service_list', [], true)
 5 APPPATH/Controllers/Home.php(129): view('service_list', [...])
 6 SYSTEMPATH/CodeIgniter.php(933): App\Controllers\Home->fetch_services()
 7 SYSTEMPATH/CodeIgniter.php(507): CodeIgniter\CodeIgniter->runController(Object(App\Controllers\Home))
 8 SYSTEMPATH/CodeIgniter.php(354): CodeIgniter\CodeIgniter->handleRequest(null, Object(Config\Cache), false)
 9 SYSTEMPATH/Boot.php(334): CodeIgniter\CodeIgniter->run()
10 SYSTEMPATH/Boot.php(67): CodeIgniter\Boot::runCodeIgniter(Object(CodeIgniter\CodeIgniter))
11 FCPATH/index.php(27): CodeIgniter\Boot::bootWeb(Object(Config\Paths))
WARNING - 2025-10-14 14:21:26 --> [DEPRECATED] addslashes(): Passing null to parameter #1 ($string) of type string is deprecated in APPPATH/Views/service_list.php on line 10.
 1 APPPATH/Views/service_list.php(10): addslashes(null)
 2 SYSTEMPATH/View/View.php(224): include('/home/u810214334/domains/embellish-beauty.co.uk/public_html/app/Views/service_list.php')
 3 SYSTEMPATH/View/View.php(227): CodeIgniter\View\View->CodeIgniter\View\{closure}()
 4 SYSTEMPATH/Common.php(1173): CodeIgniter\View\View->render('service_list', [], true)
 5 APPPATH/Controllers/Home.php(129): view('service_list', [...])
 6 SYSTEMPATH/CodeIgniter.php(933): App\Controllers\Home->fetch_services()
 7 SYSTEMPATH/CodeIgniter.php(507): CodeIgniter\CodeIgniter->runController(Object(App\Controllers\Home))
 8 SYSTEMPATH/CodeIgniter.php(354): CodeIgniter\CodeIgniter->handleRequest(null, Object(Config\Cache), false)
 9 SYSTEMPATH/Boot.php(334): CodeIgniter\CodeIgniter->run()
10 SYSTEMPATH/Boot.php(67): CodeIgniter\Boot::runCodeIgniter(Object(CodeIgniter\CodeIgniter))
11 FCPATH/index.php(27): CodeIgniter\Boot::bootWeb(Object(Config\Paths))
WARNING - 2025-10-14 14:21:26 --> [DEPRECATED] addslashes(): Passing null to parameter #1 ($string) of type string is deprecated in APPPATH/Views/service_list.php on line 10.
 1 APPPATH/Views/service_list.php(10): addslashes(null)
 2 SYSTEMPATH/View/View.php(224): include('/home/u810214334/domains/embellish-beauty.co.uk/public_html/app/Views/service_list.php')
 3 SYSTEMPATH/View/View.php(227): CodeIgniter\View\View->CodeIgniter\View\{closure}()
 4 SYSTEMPATH/Common.php(1173): CodeIgniter\View\View->render('service_list', [], true)
 5 APPPATH/Controllers/Home.php(129): view('service_list', [...])
 6 SYSTEMPATH/CodeIgniter.php(933): App\Controllers\Home->fetch_services()
 7 SYSTEMPATH/CodeIgniter.php(507): CodeIgniter\CodeIgniter->runController(Object(App\Controllers\Home))
 8 SYSTEMPATH/CodeIgniter.php(354): CodeIgniter\CodeIgniter->handleRequest(null, Object(Config\Cache), false)
 9 SYSTEMPATH/Boot.php(334): CodeIgniter\CodeIgniter->run()
10 SYSTEMPATH/Boot.php(67): CodeIgniter\Boot::runCodeIgniter(Object(CodeIgniter\CodeIgniter))
11 FCPATH/index.php(27): CodeIgniter\Boot::bootWeb(Object(Config\Paths))
WARNING - 2025-10-14 14:21:26 --> [DEPRECATED] addslashes(): Passing null to parameter #1 ($string) of type string is deprecated in APPPATH/Views/service_list.php on line 10.
 1 APPPATH/Views/service_list.php(10): addslashes(null)
 2 SYSTEMPATH/View/View.php(224): include('/home/u810214334/domains/embellish-beauty.co.uk/public_html/app/Views/service_list.php')
 3 SYSTEMPATH/View/View.php(227): CodeIgniter\View\View->CodeIgniter\View\{closure}()
 4 SYSTEMPATH/Common.php(1173): CodeIgniter\View\View->render('service_list', [], true)
 5 APPPATH/Controllers/Home.php(129): view('service_list', [...])
 6 SYSTEMPATH/CodeIgniter.php(933): App\Controllers\Home->fetch_services()
 7 SYSTEMPATH/CodeIgniter.php(507): CodeIgniter\CodeIgniter->runController(Object(App\Controllers\Home))
 8 SYSTEMPATH/CodeIgniter.php(354): CodeIgniter\CodeIgniter->handleRequest(null, Object(Config\Cache), false)
 9 SYSTEMPATH/Boot.php(334): CodeIgniter\CodeIgniter->run()
10 SYSTEMPATH/Boot.php(67): CodeIgniter\Boot::runCodeIgniter(Object(CodeIgniter\CodeIgniter))
11 FCPATH/index.php(27): CodeIgniter\Boot::bootWeb(Object(Config\Paths))
WARNING - 2025-10-14 14:21:26 --> [DEPRECATED] addslashes(): Passing null to parameter #1 ($string) of type string is deprecated in APPPATH/Views/service_list.php on line 10.
 1 APPPATH/Views/service_list.php(10): addslashes(null)
 2 SYSTEMPATH/View/View.php(224): include('/home/u810214334/domains/embellish-beauty.co.uk/public_html/app/Views/service_list.php')
 3 SYSTEMPATH/View/View.php(227): CodeIgniter\View\View->CodeIgniter\View\{closure}()
 4 SYSTEMPATH/Common.php(1173): CodeIgniter\View\View->render('service_list', [], true)
 5 APPPATH/Controllers/Home.php(129): view('service_list', [...])
 6 SYSTEMPATH/CodeIgniter.php(933): App\Controllers\Home->fetch_services()
 7 SYSTEMPATH/CodeIgniter.php(507): CodeIgniter\CodeIgniter->runController(Object(App\Controllers\Home))
 8 SYSTEMPATH/CodeIgniter.php(354): CodeIgniter\CodeIgniter->handleRequest(null, Object(Config\Cache), false)
 9 SYSTEMPATH/Boot.php(334): CodeIgniter\CodeIgniter->run()
10 SYSTEMPATH/Boot.php(67): CodeIgniter\Boot::runCodeIgniter(Object(CodeIgniter\CodeIgniter))
11 FCPATH/index.php(27): CodeIgniter\Boot::bootWeb(Object(Config\Paths))
WARNING - 2025-10-14 14:21:26 --> [DEPRECATED] addslashes(): Passing null to parameter #1 ($string) of type string is deprecated in APPPATH/Views/service_list.php on line 10.
 1 APPPATH/Views/service_list.php(10): addslashes(null)
 2 SYSTEMPATH/View/View.php(224): include('/home/u810214334/domains/embellish-beauty.co.uk/public_html/app/Views/service_list.php')
 3 SYSTEMPATH/View/View.php(227): CodeIgniter\View\View->CodeIgniter\View\{closure}()
 4 SYSTEMPATH/Common.php(1173): CodeIgniter\View\View->render('service_list', [], true)
 5 APPPATH/Controllers/Home.php(129): view('service_list', [...])
 6 SYSTEMPATH/CodeIgniter.php(933): App\Controllers\Home->fetch_services()
 7 SYSTEMPATH/CodeIgniter.php(507): CodeIgniter\CodeIgniter->runController(Object(App\Controllers\Home))
 8 SYSTEMPATH/CodeIgniter.php(354): CodeIgniter\CodeIgniter->handleRequest(null, Object(Config\Cache), false)
 9 SYSTEMPATH/Boot.php(334): CodeIgniter\CodeIgniter->run()
10 SYSTEMPATH/Boot.php(67): CodeIgniter\Boot::runCodeIgniter(Object(CodeIgniter\CodeIgniter))
11 FCPATH/index.php(27): CodeIgniter\Boot::bootWeb(Object(Config\Paths))
WARNING - 2025-10-14 14:21:26 --> [DEPRECATED] addslashes(): Passing null to parameter #1 ($string) of type string is deprecated in APPPATH/Views/service_list.php on line 10.
 1 APPPATH/Views/service_list.php(10): addslashes(null)
 2 SYSTEMPATH/View/View.php(224): include('/home/u810214334/domains/embellish-beauty.co.uk/public_html/app/Views/service_list.php')
 3 SYSTEMPATH/View/View.php(227): CodeIgniter\View\View->CodeIgniter\View\{closure}()
 4 SYSTEMPATH/Common.php(1173): CodeIgniter\View\View->render('service_list', [], true)
 5 APPPATH/Controllers/Home.php(129): view('service_list', [...])
 6 SYSTEMPATH/CodeIgniter.php(933): App\Controllers\Home->fetch_services()
 7 SYSTEMPATH/CodeIgniter.php(507): CodeIgniter\CodeIgniter->runController(Object(App\Controllers\Home))
 8 SYSTEMPATH/CodeIgniter.php(354): CodeIgniter\CodeIgniter->handleRequest(null, Object(Config\Cache), false)
 9 SYSTEMPATH/Boot.php(334): CodeIgniter\CodeIgniter->run()
10 SYSTEMPATH/Boot.php(67): CodeIgniter\Boot::runCodeIgniter(Object(CodeIgniter\CodeIgniter))
11 FCPATH/index.php(27): CodeIgniter\Boot::bootWeb(Object(Config\Paths))
WARNING - 2025-10-14 14:21:26 --> [DEPRECATED] addslashes(): Passing null to parameter #1 ($string) of type string is deprecated in APPPATH/Views/service_list.php on line 10.
 1 APPPATH/Views/service_list.php(10): addslashes(null)
 2 SYSTEMPATH/View/View.php(224): include('/home/u810214334/domains/embellish-beauty.co.uk/public_html/app/Views/service_list.php')
 3 SYSTEMPATH/View/View.php(227): CodeIgniter\View\View->CodeIgniter\View\{closure}()
 4 SYSTEMPATH/Common.php(1173): CodeIgniter\View\View->render('service_list', [], true)
 5 APPPATH/Controllers/Home.php(129): view('service_list', [...])
 6 SYSTEMPATH/CodeIgniter.php(933): App\Controllers\Home->fetch_services()
 7 SYSTEMPATH/CodeIgniter.php(507): CodeIgniter\CodeIgniter->runController(Object(App\Controllers\Home))
 8 SYSTEMPATH/CodeIgniter.php(354): CodeIgniter\CodeIgniter->handleRequest(null, Object(Config\Cache), false)
 9 SYSTEMPATH/Boot.php(334): CodeIgniter\CodeIgniter->run()
10 SYSTEMPATH/Boot.php(67): CodeIgniter\Boot::runCodeIgniter(Object(CodeIgniter\CodeIgniter))
11 FCPATH/index.php(27): CodeIgniter\Boot::bootWeb(Object(Config\Paths))
DEBUG - 2025-10-14 14:21:42 --> Session: Class initialized using 'CodeIgniter\Session\Handlers\FileHandler' driver.
DEBUG - 2025-10-14 14:21:47 --> Session: Class initialized using 'CodeIgniter\Session\Handlers\FileHandler' driver.
DEBUG - 2025-10-14 14:22:17 --> Session: Class initialized using 'CodeIgniter\Session\Handlers\FileHandler' driver.
DEBUG - 2025-10-14 14:22:18 --> Session: Class initialized using 'CodeIgniter\Session\Handlers\FileHandler' driver.
DEBUG - 2025-10-14 14:22:33 --> Session: Class initialized using 'CodeIgniter\Session\Handlers\FileHandler' driver.
DEBUG - 2025-10-14 14:22:48 --> Session: Class initialized using 'CodeIgniter\Session\Handlers\FileHandler' driver.
DEBUG - 2025-10-14 14:22:56 --> Session: Class initialized using 'CodeIgniter\Session\Handlers\FileHandler' driver.
DEBUG - 2025-10-14 14:23:24 --> Session: Class initialized using 'CodeIgniter\Session\Handlers\FileHandler' driver.
DEBUG - 2025-10-14 14:23:24 --> Session: Class initialized using 'CodeIgniter\Session\Handlers\FileHandler' driver.
DEBUG - 2025-10-14 14:23:24 --> Session: Class initialized using 'CodeIgniter\Session\Handlers\FileHandler' driver.
DEBUG - 2025-10-14 14:23:24 --> Session: Class initialized using 'CodeIgniter\Session\Handlers\FileHandler' driver.
WARNING - 2025-10-14 14:23:24 --> [DEPRECATED] addslashes(): Passing null to parameter #1 ($string) of type string is deprecated in APPPATH/Views/service_list.php on line 10.
 1 APPPATH/Views/service_list.php(10): addslashes(null)
 2 SYSTEMPATH/View/View.php(224): include('/home/u810214334/domains/embellish-beauty.co.uk/public_html/app/Views/service_list.php')
 3 SYSTEMPATH/View/View.php(227): CodeIgniter\View\View->CodeIgniter\View\{closure}()
 4 SYSTEMPATH/Common.php(1173): CodeIgniter\View\View->render('service_list', [], true)
 5 APPPATH/Controllers/Home.php(129): view('service_list', [...])
 6 SYSTEMPATH/CodeIgniter.php(933): App\Controllers\Home->fetch_services()
 7 SYSTEMPATH/CodeIgniter.php(507): CodeIgniter\CodeIgniter->runController(Object(App\Controllers\Home))
 8 SYSTEMPATH/CodeIgniter.php(354): CodeIgniter\CodeIgniter->handleRequest(null, Object(Config\Cache), false)
 9 SYSTEMPATH/Boot.php(334): CodeIgniter\CodeIgniter->run()
10 SYSTEMPATH/Boot.php(67): CodeIgniter\Boot::runCodeIgniter(Object(CodeIgniter\CodeIgniter))
11 FCPATH/index.php(27): CodeIgniter\Boot::bootWeb(Object(Config\Paths))
WARNING - 2025-10-14 14:23:24 --> [DEPRECATED] addslashes(): Passing null to parameter #1 ($string) of type string is deprecated in APPPATH/Views/service_list.php on line 10.
 1 APPPATH/Views/service_list.php(10): addslashes(null)
 2 SYSTEMPATH/View/View.php(224): include('/home/u810214334/domains/embellish-beauty.co.uk/public_html/app/Views/service_list.php')
 3 SYSTEMPATH/View/View.php(227): CodeIgniter\View\View->CodeIgniter\View\{closure}()
 4 SYSTEMPATH/Common.php(1173): CodeIgniter\View\View->render('service_list', [], true)
 5 APPPATH/Controllers/Home.php(129): view('service_list', [...])
 6 SYSTEMPATH/CodeIgniter.php(933): App\Controllers\Home->fetch_services()
 7 SYSTEMPATH/CodeIgniter.php(507): CodeIgniter\CodeIgniter->runController(Object(App\Controllers\Home))
 8 SYSTEMPATH/CodeIgniter.php(354): CodeIgniter\CodeIgniter->handleRequest(null, Object(Config\Cache), false)
 9 SYSTEMPATH/Boot.php(334): CodeIgniter\CodeIgniter->run()
10 SYSTEMPATH/Boot.php(67): CodeIgniter\Boot::runCodeIgniter(Object(CodeIgniter\CodeIgniter))
11 FCPATH/index.php(27): CodeIgniter\Boot::bootWeb(Object(Config\Paths))
WARNING - 2025-10-14 14:23:24 --> [DEPRECATED] addslashes(): Passing null to parameter #1 ($string) of type string is deprecated in APPPATH/Views/service_list.php on line 10.
 1 APPPATH/Views/service_list.php(10): addslashes(null)
 2 SYSTEMPATH/View/View.php(224): include('/home/u810214334/domains/embellish-beauty.co.uk/public_html/app/Views/service_list.php')
 3 SYSTEMPATH/View/View.php(227): CodeIgniter\View\View->CodeIgniter\View\{closure}()
 4 SYSTEMPATH/Common.php(1173): CodeIgniter\View\View->render('service_list', [], true)
 5 APPPATH/Controllers/Home.php(129): view('service_list', [...])
 6 SYSTEMPATH/CodeIgniter.php(933): App\Controllers\Home->fetch_services()
 7 SYSTEMPATH/CodeIgniter.php(507): CodeIgniter\CodeIgniter->runController(Object(App\Controllers\Home))
 8 SYSTEMPATH/CodeIgniter.php(354): CodeIgniter\CodeIgniter->handleRequest(null, Object(Config\Cache), false)
 9 SYSTEMPATH/Boot.php(334): CodeIgniter\CodeIgniter->run()
10 SYSTEMPATH/Boot.php(67): CodeIgniter\Boot::runCodeIgniter(Object(CodeIgniter\CodeIgniter))
11 FCPATH/index.php(27): CodeIgniter\Boot::bootWeb(Object(Config\Paths))
WARNING - 2025-10-14 14:23:24 --> [DEPRECATED] addslashes(): Passing null to parameter #1 ($string) of type string is deprecated in APPPATH/Views/service_list.php on line 10.
 1 APPPATH/Views/service_list.php(10): addslashes(null)
 2 SYSTEMPATH/View/View.php(224): include('/home/u810214334/domains/embellish-beauty.co.uk/public_html/app/Views/service_list.php')
 3 SYSTEMPATH/View/View.php(227): CodeIgniter\View\View->CodeIgniter\View\{closure}()
 4 SYSTEMPATH/Common.php(1173): CodeIgniter\View\View->render('service_list', [], true)
 5 APPPATH/Controllers/Home.php(129): view('service_list', [...])
 6 SYSTEMPATH/CodeIgniter.php(933): App\Controllers\Home->fetch_services()
 7 SYSTEMPATH/CodeIgniter.php(507): CodeIgniter\CodeIgniter->runController(Object(App\Controllers\Home))
 8 SYSTEMPATH/CodeIgniter.php(354): CodeIgniter\CodeIgniter->handleRequest(null, Object(Config\Cache), false)
 9 SYSTEMPATH/Boot.php(334): CodeIgniter\CodeIgniter->run()
10 SYSTEMPATH/Boot.php(67): CodeIgniter\Boot::runCodeIgniter(Object(CodeIgniter\CodeIgniter))
11 FCPATH/index.php(27): CodeIgniter\Boot::bootWeb(Object(Config\Paths))
WARNING - 2025-10-14 14:23:24 --> [DEPRECATED] addslashes(): Passing null to parameter #1 ($string) of type string is deprecated in APPPATH/Views/service_list.php on line 10.
 1 APPPATH/Views/service_list.php(10): addslashes(null)
 2 SYSTEMPATH/View/View.php(224): include('/home/u810214334/domains/embellish-beauty.co.uk/public_html/app/Views/service_list.php')
 3 SYSTEMPATH/View/View.php(227): CodeIgniter\View\View->CodeIgniter\View\{closure}()
 4 SYSTEMPATH/Common.php(1173): CodeIgniter\View\View->render('service_list', [], true)
 5 APPPATH/Controllers/Home.php(129): view('service_list', [...])
 6 SYSTEMPATH/CodeIgniter.php(933): App\Controllers\Home->fetch_services()
 7 SYSTEMPATH/CodeIgniter.php(507): CodeIgniter\CodeIgniter->runController(Object(App\Controllers\Home))
 8 SYSTEMPATH/CodeIgniter.php(354): CodeIgniter\CodeIgniter->handleRequest(null, Object(Config\Cache), false)
 9 SYSTEMPATH/Boot.php(334): CodeIgniter\CodeIgniter->run()
10 SYSTEMPATH/Boot.php(67): CodeIgniter\Boot::runCodeIgniter(Object(CodeIgniter\CodeIgniter))
11 FCPATH/index.php(27): CodeIgniter\Boot::bootWeb(Object(Config\Paths))
WARNING - 2025-10-14 14:23:24 --> [DEPRECATED] addslashes(): Passing null to parameter #1 ($string) of type string is deprecated in APPPATH/Views/service_list.php on line 10.
 1 APPPATH/Views/service_list.php(10): addslashes(null)
 2 SYSTEMPATH/View/View.php(224): include('/home/u810214334/domains/embellish-beauty.co.uk/public_html/app/Views/service_list.php')
 3 SYSTEMPATH/View/View.php(227): CodeIgniter\View\View->CodeIgniter\View\{closure}()
 4 SYSTEMPATH/Common.php(1173): CodeIgniter\View\View->render('service_list', [], true)
 5 APPPATH/Controllers/Home.php(129): view('service_list', [...])
 6 SYSTEMPATH/CodeIgniter.php(933): App\Controllers\Home->fetch_services()
 7 SYSTEMPATH/CodeIgniter.php(507): CodeIgniter\CodeIgniter->runController(Object(App\Controllers\Home))
 8 SYSTEMPATH/CodeIgniter.php(354): CodeIgniter\CodeIgniter->handleRequest(null, Object(Config\Cache), false)
 9 SYSTEMPATH/Boot.php(334): CodeIgniter\CodeIgniter->run()
10 SYSTEMPATH/Boot.php(67): CodeIgniter\Boot::runCodeIgniter(Object(CodeIgniter\CodeIgniter))
11 FCPATH/index.php(27): CodeIgniter\Boot::bootWeb(Object(Config\Paths))
WARNING - 2025-10-14 14:23:25 --> [DEPRECATED] addslashes(): Passing null to parameter #1 ($string) of type string is deprecated in APPPATH/Views/service_list.php on line 10.
 1 APPPATH/Views/service_list.php(10): addslashes(null)
 2 SYSTEMPATH/View/View.php(224): include('/home/u810214334/domains/embellish-beauty.co.uk/public_html/app/Views/service_list.php')
 3 SYSTEMPATH/View/View.php(227): CodeIgniter\View\View->CodeIgniter\View\{closure}()
 4 SYSTEMPATH/Common.php(1173): CodeIgniter\View\View->render('service_list', [], true)
 5 APPPATH/Controllers/Home.php(129): view('service_list', [...])
 6 SYSTEMPATH/CodeIgniter.php(933): App\Controllers\Home->fetch_services()
 7 SYSTEMPATH/CodeIgniter.php(507): CodeIgniter\CodeIgniter->runController(Object(App\Controllers\Home))
 8 SYSTEMPATH/CodeIgniter.php(354): CodeIgniter\CodeIgniter->handleRequest(null, Object(Config\Cache), false)
 9 SYSTEMPATH/Boot.php(334): CodeIgniter\CodeIgniter->run()
10 SYSTEMPATH/Boot.php(67): CodeIgniter\Boot::runCodeIgniter(Object(CodeIgniter\CodeIgniter))
11 FCPATH/index.php(27): CodeIgniter\Boot::bootWeb(Object(Config\Paths))
WARNING - 2025-10-14 14:23:25 --> [DEPRECATED] addslashes(): Passing null to parameter #1 ($string) of type string is deprecated in APPPATH/Views/service_list.php on line 10.
 1 APPPATH/Views/service_list.php(10): addslashes(null)
 2 SYSTEMPATH/View/View.php(224): include('/home/u810214334/domains/embellish-beauty.co.uk/public_html/app/Views/service_list.php')
 3 SYSTEMPATH/View/View.php(227): CodeIgniter\View\View->CodeIgniter\View\{closure}()
 4 SYSTEMPATH/Common.php(1173): CodeIgniter\View\View->render('service_list', [], true)
 5 APPPATH/Controllers/Home.php(129): view('service_list', [...])
 6 SYSTEMPATH/CodeIgniter.php(933): App\Controllers\Home->fetch_services()
 7 SYSTEMPATH/CodeIgniter.php(507): CodeIgniter\CodeIgniter->runController(Object(App\Controllers\Home))
 8 SYSTEMPATH/CodeIgniter.php(354): CodeIgniter\CodeIgniter->handleRequest(null, Object(Config\Cache), false)
 9 SYSTEMPATH/Boot.php(334): CodeIgniter\CodeIgniter->run()
10 SYSTEMPATH/Boot.php(67): CodeIgniter\Boot::runCodeIgniter(Object(CodeIgniter\CodeIgniter))
11 FCPATH/index.php(27): CodeIgniter\Boot::bootWeb(Object(Config\Paths))
WARNING - 2025-10-14 14:23:25 --> [DEPRECATED] addslashes(): Passing null to parameter #1 ($string) of type string is deprecated in APPPATH/Views/service_list.php on line 10.
 1 APPPATH/Views/service_list.php(10): addslashes(null)
 2 SYSTEMPATH/View/View.php(224): include('/home/u810214334/domains/embellish-beauty.co.uk/public_html/app/Views/service_list.php')
 3 SYSTEMPATH/View/View.php(227): CodeIgniter\View\View->CodeIgniter\View\{closure}()
 4 SYSTEMPATH/Common.php(1173): CodeIgniter\View\View->render('service_list', [], true)
 5 APPPATH/Controllers/Home.php(129): view('service_list', [...])
 6 SYSTEMPATH/CodeIgniter.php(933): App\Controllers\Home->fetch_services()
 7 SYSTEMPATH/CodeIgniter.php(507): CodeIgniter\CodeIgniter->runController(Object(App\Controllers\Home))
 8 SYSTEMPATH/CodeIgniter.php(354): CodeIgniter\CodeIgniter->handleRequest(null, Object(Config\Cache), false)
 9 SYSTEMPATH/Boot.php(334): CodeIgniter\CodeIgniter->run()
10 SYSTEMPATH/Boot.php(67): CodeIgniter\Boot::runCodeIgniter(Object(CodeIgniter\CodeIgniter))
11 FCPATH/index.php(27): CodeIgniter\Boot::bootWeb(Object(Config\Paths))
WARNING - 2025-10-14 14:23:25 --> [DEPRECATED] addslashes(): Passing null to parameter #1 ($string) of type string is deprecated in APPPATH/Views/service_list.php on line 10.
 1 APPPATH/Views/service_list.php(10): addslashes(null)
 2 SYSTEMPATH/View/View.php(224): include('/home/u810214334/domains/embellish-beauty.co.uk/public_html/app/Views/service_list.php')
 3 SYSTEMPATH/View/View.php(227): CodeIgniter\View\View->CodeIgniter\View\{closure}()
 4 SYSTEMPATH/Common.php(1173): CodeIgniter\View\View->render('service_list', [], true)
 5 APPPATH/Controllers/Home.php(129): view('service_list', [...])
 6 SYSTEMPATH/CodeIgniter.php(933): App\Controllers\Home->fetch_services()
 7 SYSTEMPATH/CodeIgniter.php(507): CodeIgniter\CodeIgniter->runController(Object(App\Controllers\Home))
 8 SYSTEMPATH/CodeIgniter.php(354): CodeIgniter\CodeIgniter->handleRequest(null, Object(Config\Cache), false)
 9 SYSTEMPATH/Boot.php(334): CodeIgniter\CodeIgniter->run()
10 SYSTEMPATH/Boot.php(67): CodeIgniter\Boot::runCodeIgniter(Object(CodeIgniter\CodeIgniter))
11 FCPATH/index.php(27): CodeIgniter\Boot::bootWeb(Object(Config\Paths))
WARNING - 2025-10-14 14:23:25 --> [DEPRECATED] addslashes(): Passing null to parameter #1 ($string) of type string is deprecated in APPPATH/Views/service_list.php on line 10.
 1 APPPATH/Views/service_list.php(10): addslashes(null)
 2 SYSTEMPATH/View/View.php(224): include('/home/u810214334/domains/embellish-beauty.co.uk/public_html/app/Views/service_list.php')
 3 SYSTEMPATH/View/View.php(227): CodeIgniter\View\View->CodeIgniter\View\{closure}()
 4 SYSTEMPATH/Common.php(1173): CodeIgniter\View\View->render('service_list', [], true)
 5 APPPATH/Controllers/Home.php(129): view('service_list', [...])
 6 SYSTEMPATH/CodeIgniter.php(933): App\Controllers\Home->fetch_services()
 7 SYSTEMPATH/CodeIgniter.php(507): CodeIgniter\CodeIgniter->runController(Object(App\Controllers\Home))
 8 SYSTEMPATH/CodeIgniter.php(354): CodeIgniter\CodeIgniter->handleRequest(null, Object(Config\Cache), false)
 9 SYSTEMPATH/Boot.php(334): CodeIgniter\CodeIgniter->run()
10 SYSTEMPATH/Boot.php(67): CodeIgniter\Boot::runCodeIgniter(Object(CodeIgniter\CodeIgniter))
11 FCPATH/index.php(27): CodeIgniter\Boot::bootWeb(Object(Config\Paths))
WARNING - 2025-10-14 14:23:25 --> [DEPRECATED] addslashes(): Passing null to parameter #1 ($string) of type string is deprecated in APPPATH/Views/service_list.php on line 10.
 1 APPPATH/Views/service_list.php(10): addslashes(null)
 2 SYSTEMPATH/View/View.php(224): include('/home/u810214334/domains/embellish-beauty.co.uk/public_html/app/Views/service_list.php')
 3 SYSTEMPATH/View/View.php(227): CodeIgniter\View\View->CodeIgniter\View\{closure}()
 4 SYSTEMPATH/Common.php(1173): CodeIgniter\View\View->render('service_list', [], true)
 5 APPPATH/Controllers/Home.php(129): view('service_list', [...])
 6 SYSTEMPATH/CodeIgniter.php(933): App\Controllers\Home->fetch_services()
 7 SYSTEMPATH/CodeIgniter.php(507): CodeIgniter\CodeIgniter->runController(Object(App\Controllers\Home))
 8 SYSTEMPATH/CodeIgniter.php(354): CodeIgniter\CodeIgniter->handleRequest(null, Object(Config\Cache), false)
 9 SYSTEMPATH/Boot.php(334): CodeIgniter\CodeIgniter->run()
10 SYSTEMPATH/Boot.php(67): CodeIgniter\Boot::runCodeIgniter(Object(CodeIgniter\CodeIgniter))
11 FCPATH/index.php(27): CodeIgniter\Boot::bootWeb(Object(Config\Paths))
WARNING - 2025-10-14 14:23:25 --> [DEPRECATED] addslashes(): Passing null to parameter #1 ($string) of type string is deprecated in APPPATH/Views/service_list.php on line 10.
 1 APPPATH/Views/service_list.php(10): addslashes(null)
 2 SYSTEMPATH/View/View.php(224): include('/home/u810214334/domains/embellish-beauty.co.uk/public_html/app/Views/service_list.php')
 3 SYSTEMPATH/View/View.php(227): CodeIgniter\View\View->CodeIgniter\View\{closure}()
 4 SYSTEMPATH/Common.php(1173): CodeIgniter\View\View->render('service_list', [], true)
 5 APPPATH/Controllers/Home.php(129): view('service_list', [...])
 6 SYSTEMPATH/CodeIgniter.php(933): App\Controllers\Home->fetch_services()
 7 SYSTEMPATH/CodeIgniter.php(507): CodeIgniter\CodeIgniter->runController(Object(App\Controllers\Home))
 8 SYSTEMPATH/CodeIgniter.php(354): CodeIgniter\CodeIgniter->handleRequest(null, Object(Config\Cache), false)
 9 SYSTEMPATH/Boot.php(334): CodeIgniter\CodeIgniter->run()
10 SYSTEMPATH/Boot.php(67): CodeIgniter\Boot::runCodeIgniter(Object(CodeIgniter\CodeIgniter))
11 FCPATH/index.php(27): CodeIgniter\Boot::bootWeb(Object(Config\Paths))
WARNING - 2025-10-14 14:23:25 --> [DEPRECATED] addslashes(): Passing null to parameter #1 ($string) of type string is deprecated in APPPATH/Views/service_list.php on line 10.
 1 APPPATH/Views/service_list.php(10): addslashes(null)
 2 SYSTEMPATH/View/View.php(224): include('/home/u810214334/domains/embellish-beauty.co.uk/public_html/app/Views/service_list.php')
 3 SYSTEMPATH/View/View.php(227): CodeIgniter\View\View->CodeIgniter\View\{closure}()
 4 SYSTEMPATH/Common.php(1173): CodeIgniter\View\View->render('service_list', [], true)
 5 APPPATH/Controllers/Home.php(129): view('service_list', [...])
 6 SYSTEMPATH/CodeIgniter.php(933): App\Controllers\Home->fetch_services()
 7 SYSTEMPATH/CodeIgniter.php(507): CodeIgniter\CodeIgniter->runController(Object(App\Controllers\Home))
 8 SYSTEMPATH/CodeIgniter.php(354): CodeIgniter\CodeIgniter->handleRequest(null, Object(Config\Cache), false)
 9 SYSTEMPATH/Boot.php(334): CodeIgniter\CodeIgniter->run()
10 SYSTEMPATH/Boot.php(67): CodeIgniter\Boot::runCodeIgniter(Object(CodeIgniter\CodeIgniter))
11 FCPATH/index.php(27): CodeIgniter\Boot::bootWeb(Object(Config\Paths))
WARNING - 2025-10-14 14:23:25 --> [DEPRECATED] addslashes(): Passing null to parameter #1 ($string) of type string is deprecated in APPPATH/Views/service_list.php on line 10.
 1 APPPATH/Views/service_list.php(10): addslashes(null)
 2 SYSTEMPATH/View/View.php(224): include('/home/u810214334/domains/embellish-beauty.co.uk/public_html/app/Views/service_list.php')
 3 SYSTEMPATH/View/View.php(227): CodeIgniter\View\View->CodeIgniter\View\{closure}()
 4 SYSTEMPATH/Common.php(1173): CodeIgniter\View\View->render('service_list', [], true)
 5 APPPATH/Controllers/Home.php(129): view('service_list', [...])
 6 SYSTEMPATH/CodeIgniter.php(933): App\Controllers\Home->fetch_services()
 7 SYSTEMPATH/CodeIgniter.php(507): CodeIgniter\CodeIgniter->runController(Object(App\Controllers\Home))
 8 SYSTEMPATH/CodeIgniter.php(354): CodeIgniter\CodeIgniter->handleRequest(null, Object(Config\Cache), false)
 9 SYSTEMPATH/Boot.php(334): CodeIgniter\CodeIgniter->run()
10 SYSTEMPATH/Boot.php(67): CodeIgniter\Boot::runCodeIgniter(Object(CodeIgniter\CodeIgniter))
11 FCPATH/index.php(27): CodeIgniter\Boot::bootWeb(Object(Config\Paths))
WARNING - 2025-10-14 14:23:25 --> [DEPRECATED] addslashes(): Passing null to parameter #1 ($string) of type string is deprecated in APPPATH/Views/service_list.php on line 10.
 1 APPPATH/Views/service_list.php(10): addslashes(null)
 2 SYSTEMPATH/View/View.php(224): include('/home/u810214334/domains/embellish-beauty.co.uk/public_html/app/Views/service_list.php')
 3 SYSTEMPATH/View/View.php(227): CodeIgniter\View\View->CodeIgniter\View\{closure}()
 4 SYSTEMPATH/Common.php(1173): CodeIgniter\View\View->render('service_list', [], true)
 5 APPPATH/Controllers/Home.php(129): view('service_list', [...])
 6 SYSTEMPATH/CodeIgniter.php(933): App\Controllers\Home->fetch_services()
 7 SYSTEMPATH/CodeIgniter.php(507): CodeIgniter\CodeIgniter->runController(Object(App\Controllers\Home))
 8 SYSTEMPATH/CodeIgniter.php(354): CodeIgniter\CodeIgniter->handleRequest(null, Object(Config\Cache), false)
 9 SYSTEMPATH/Boot.php(334): CodeIgniter\CodeIgniter->run()
10 SYSTEMPATH/Boot.php(67): CodeIgniter\Boot::runCodeIgniter(Object(CodeIgniter\CodeIgniter))
11 FCPATH/index.php(27): CodeIgniter\Boot::bootWeb(Object(Config\Paths))
WARNING - 2025-10-14 14:23:25 --> [DEPRECATED] addslashes(): Passing null to parameter #1 ($string) of type string is deprecated in APPPATH/Views/service_list.php on line 10.
 1 APPPATH/Views/service_list.php(10): addslashes(null)
 2 SYSTEMPATH/View/View.php(224): include('/home/u810214334/domains/embellish-beauty.co.uk/public_html/app/Views/service_list.php')
 3 SYSTEMPATH/View/View.php(227): CodeIgniter\View\View->CodeIgniter\View\{closure}()
 4 SYSTEMPATH/Common.php(1173): CodeIgniter\View\View->render('service_list', [], true)
 5 APPPATH/Controllers/Home.php(129): view('service_list', [...])
 6 SYSTEMPATH/CodeIgniter.php(933): App\Controllers\Home->fetch_services()
 7 SYSTEMPATH/CodeIgniter.php(507): CodeIgniter\CodeIgniter->runController(Object(App\Controllers\Home))
 8 SYSTEMPATH/CodeIgniter.php(354): CodeIgniter\CodeIgniter->handleRequest(null, Object(Config\Cache), false)
 9 SYSTEMPATH/Boot.php(334): CodeIgniter\CodeIgniter->run()
10 SYSTEMPATH/Boot.php(67): CodeIgniter\Boot::runCodeIgniter(Object(CodeIgniter\CodeIgniter))
11 FCPATH/index.php(27): CodeIgniter\Boot::bootWeb(Object(Config\Paths))
WARNING - 2025-10-14 14:23:25 --> [DEPRECATED] addslashes(): Passing null to parameter #1 ($string) of type string is deprecated in APPPATH/Views/service_list.php on line 10.
 1 APPPATH/Views/service_list.php(10): addslashes(null)
 2 SYSTEMPATH/View/View.php(224): include('/home/u810214334/domains/embellish-beauty.co.uk/public_html/app/Views/service_list.php')
 3 SYSTEMPATH/View/View.php(227): CodeIgniter\View\View->CodeIgniter\View\{closure}()
 4 SYSTEMPATH/Common.php(1173): CodeIgniter\View\View->render('service_list', [], true)
 5 APPPATH/Controllers/Home.php(129): view('service_list', [...])
 6 SYSTEMPATH/CodeIgniter.php(933): App\Controllers\Home->fetch_services()
 7 SYSTEMPATH/CodeIgniter.php(507): CodeIgniter\CodeIgniter->runController(Object(App\Controllers\Home))
 8 SYSTEMPATH/CodeIgniter.php(354): CodeIgniter\CodeIgniter->handleRequest(null, Object(Config\Cache), false)
 9 SYSTEMPATH/Boot.php(334): CodeIgniter\CodeIgniter->run()
10 SYSTEMPATH/Boot.php(67): CodeIgniter\Boot::runCodeIgniter(Object(CodeIgniter\CodeIgniter))
11 FCPATH/index.php(27): CodeIgniter\Boot::bootWeb(Object(Config\Paths))
DEBUG - 2025-10-14 14:23:26 --> Session: Class initialized using 'CodeIgniter\Session\Handlers\FileHandler' driver.
DEBUG - 2025-10-14 15:23:26 --> Session: Class initialized using 'CodeIgniter\Session\Handlers\FileHandler' driver.
DEBUG - 2025-10-14 16:47:35 --> Session: Class initialized using 'CodeIgniter\Session\Handlers\FileHandler' driver.
DEBUG - 2025-10-14 17:14:27 --> Session: Class initialized using 'CodeIgniter\Session\Handlers\FileHandler' driver.
DEBUG - 2025-10-14 17:24:29 --> Session: Class initialized using 'CodeIgniter\Session\Handlers\FileHandler' driver.
DEBUG - 2025-10-14 17:24:30 --> Session: Class initialized using 'CodeIgniter\Session\Handlers\FileHandler' driver.
DEBUG - 2025-10-14 17:24:30 --> Session: Class initialized using 'CodeIgniter\Session\Handlers\FileHandler' driver.
DEBUG - 2025-10-14 18:20:10 --> Session: Class initialized using 'CodeIgniter\Session\Handlers\FileHandler' driver.
DEBUG - 2025-10-14 18:28:27 --> Session: Class initialized using 'CodeIgniter\Session\Handlers\FileHandler' driver.
DEBUG - 2025-10-14 18:28:39 --> Session: Class initialized using 'CodeIgniter\Session\Handlers\FileHandler' driver.
DEBUG - 2025-10-14 18:28:39 --> Session: Class initialized using 'CodeIgniter\Session\Handlers\FileHandler' driver.
DEBUG - 2025-10-14 18:28:40 --> Session: Class initialized using 'CodeIgniter\Session\Handlers\FileHandler' driver.
DEBUG - 2025-10-14 18:28:56 --> Session: Class initialized using 'CodeIgniter\Session\Handlers\FileHandler' driver.
DEBUG - 2025-10-14 19:18:21 --> Session: Class initialized using 'CodeIgniter\Session\Handlers\FileHandler' driver.
DEBUG - 2025-10-14 19:55:20 --> Session: Class initialized using 'CodeIgniter\Session\Handlers\FileHandler' driver.
DEBUG - 2025-10-14 19:55:24 --> Session: Class initialized using 'CodeIgniter\Session\Handlers\FileHandler' driver.
DEBUG - 2025-10-14 19:55:27 --> Session: Class initialized using 'CodeIgniter\Session\Handlers\FileHandler' driver.
DEBUG - 2025-10-14 19:55:30 --> Session: Class initialized using 'CodeIgniter\Session\Handlers\FileHandler' driver.
DEBUG - 2025-10-14 19:55:35 --> Session: Class initialized using 'CodeIgniter\Session\Handlers\FileHandler' driver.
DEBUG - 2025-10-14 19:55:37 --> Session: Class initialized using 'CodeIgniter\Session\Handlers\FileHandler' driver.
DEBUG - 2025-10-14 19:55:40 --> Session: Class initialized using 'CodeIgniter\Session\Handlers\FileHandler' driver.
DEBUG - 2025-10-14 19:55:45 --> Session: Class initialized using 'CodeIgniter\Session\Handlers\FileHandler' driver.
DEBUG - 2025-10-14 19:55:49 --> Session: Class initialized using 'CodeIgniter\Session\Handlers\FileHandler' driver.
DEBUG - 2025-10-14 19:55:51 --> Session: Class initialized using 'CodeIgniter\Session\Handlers\FileHandler' driver.
DEBUG - 2025-10-14 19:55:54 --> Session: Class initialized using 'CodeIgniter\Session\Handlers\FileHandler' driver.
DEBUG - 2025-10-14 20:44:44 --> Session: Class initialized using 'CodeIgniter\Session\Handlers\FileHandler' driver.
DEBUG - 2025-10-14 20:44:46 --> Session: Class initialized using 'CodeIgniter\Session\Handlers\FileHandler' driver.
DEBUG - 2025-10-14 20:51:07 --> Session: Class initialized using 'CodeIgniter\Session\Handlers\FileHandler' driver.
DEBUG - 2025-10-14 21:52:35 --> Session: Class initialized using 'CodeIgniter\Session\Handlers\FileHandler' driver.
DEBUG - 2025-10-14 21:52:35 --> Session: Class initialized using 'CodeIgniter\Session\Handlers\FileHandler' driver.
DEBUG - 2025-10-14 21:52:36 --> Session: Class initialized using 'CodeIgniter\Session\Handlers\FileHandler' driver.
DEBUG - 2025-10-14 21:52:37 --> Session: Class initialized using 'CodeIgniter\Session\Handlers\FileHandler' driver.
DEBUG - 2025-10-14 21:52:37 --> Session: Class initialized using 'CodeIgniter\Session\Handlers\FileHandler' driver.
DEBUG - 2025-10-14 21:53:16 --> Session: Class initialized using 'CodeIgniter\Session\Handlers\FileHandler' driver.
DEBUG - 2025-10-14 22:52:51 --> Session: Class initialized using 'CodeIgniter\Session\Handlers\FileHandler' driver.
DEBUG - 2025-10-14 23:05:29 --> Session: Class initialized using 'CodeIgniter\Session\Handlers\FileHandler' driver.
DEBUG - 2025-10-14 23:05:33 --> Session: Class initialized using 'CodeIgniter\Session\Handlers\FileHandler' driver.
DEBUG - 2025-10-14 23:05:34 --> Session: Class initialized using 'CodeIgniter\Session\Handlers\FileHandler' driver.
DEBUG - 2025-10-14 23:05:34 --> Session: Class initialized using 'CodeIgniter\Session\Handlers\FileHandler' driver.
DEBUG - 2025-10-14 23:05:47 --> Session: Class initialized using 'CodeIgniter\Session\Handlers\FileHandler' driver.
DEBUG - 2025-10-14 23:27:57 --> Session: Class initialized using 'CodeIgniter\Session\Handlers\FileHandler' driver.
