DEBUG - 2025-08-19 00:35:21 --> Session: Class initialized using 'CodeIgniter\Session\Handlers\FileHandler' driver.
DEBUG - 2025-08-19 00:40:00 --> Session: Class initialized using 'CodeIgniter\Session\Handlers\FileHandler' driver.
DEBUG - 2025-08-19 00:40:00 --> Session: Class initialized using 'CodeIgniter\Session\Handlers\FileHandler' driver.
DEBUG - 2025-08-19 00:40:07 --> Session: Class initialized using 'CodeIgniter\Session\Handlers\FileHandler' driver.
DEBUG - 2025-08-19 00:40:07 --> Session: Class initialized using 'CodeIgniter\Session\Handlers\FileHandler' driver.
DEBUG - 2025-08-19 00:40:07 --> Session: Class initialized using 'CodeIgniter\Session\Handlers\FileHandler' driver.
DEBUG - 2025-08-19 00:40:19 --> Session: Class initialized using 'CodeIgniter\Session\Handlers\FileHandler' driver.
DEBUG - 2025-08-19 00:43:11 --> Session: Class initialized using 'CodeIgniter\Session\Handlers\FileHandler' driver.
DEBUG - 2025-08-19 00:43:11 --> Session: Class initialized using 'CodeIgniter\Session\Handlers\FileHandler' driver.
DEBUG - 2025-08-19 00:43:22 --> Session: Class initialized using 'CodeIgniter\Session\Handlers\FileHandler' driver.
DEBUG - 2025-08-19 00:43:23 --> Session: Class initialized using 'CodeIgniter\Session\Handlers\FileHandler' driver.
DEBUG - 2025-08-19 00:43:23 --> Session: Class initialized using 'CodeIgniter\Session\Handlers\FileHandler' driver.
DEBUG - 2025-08-19 01:20:06 --> Session: Class initialized using 'CodeIgniter\Session\Handlers\FileHandler' driver.
DEBUG - 2025-08-19 01:36:12 --> Session: Class initialized using 'CodeIgniter\Session\Handlers\FileHandler' driver.
DEBUG - 2025-08-19 02:12:29 --> Session: Class initialized using 'CodeIgniter\Session\Handlers\FileHandler' driver.
DEBUG - 2025-08-19 02:17:02 --> Session: Class initialized using 'CodeIgniter\Session\Handlers\FileHandler' driver.
DEBUG - 2025-08-19 02:17:03 --> Session: Class initialized using 'CodeIgniter\Session\Handlers\FileHandler' driver.
DEBUG - 2025-08-19 02:38:01 --> Session: Class initialized using 'CodeIgniter\Session\Handlers\FileHandler' driver.
DEBUG - 2025-08-19 02:38:12 --> Session: Class initialized using 'CodeIgniter\Session\Handlers\FileHandler' driver.
DEBUG - 2025-08-19 02:38:13 --> Session: Class initialized using 'CodeIgniter\Session\Handlers\FileHandler' driver.
DEBUG - 2025-08-19 02:38:13 --> Session: Class initialized using 'CodeIgniter\Session\Handlers\FileHandler' driver.
DEBUG - 2025-08-19 02:38:37 --> Session: Class initialized using 'CodeIgniter\Session\Handlers\FileHandler' driver.
DEBUG - 2025-08-19 02:38:43 --> Session: Class initialized using 'CodeIgniter\Session\Handlers\FileHandler' driver.
DEBUG - 2025-08-19 03:15:06 --> Session: Class initialized using 'CodeIgniter\Session\Handlers\FileHandler' driver.
DEBUG - 2025-08-19 03:28:53 --> Session: Class initialized using 'CodeIgniter\Session\Handlers\FileHandler' driver.
DEBUG - 2025-08-19 03:28:56 --> Session: Class initialized using 'CodeIgniter\Session\Handlers\FileHandler' driver.
DEBUG - 2025-08-19 03:30:09 --> Session: Class initialized using 'CodeIgniter\Session\Handlers\FileHandler' driver.
DEBUG - 2025-08-19 03:47:56 --> Session: Class initialized using 'CodeIgniter\Session\Handlers\FileHandler' driver.
DEBUG - 2025-08-19 03:50:07 --> Session: Class initialized using 'CodeIgniter\Session\Handlers\FileHandler' driver.
DEBUG - 2025-08-19 03:53:47 --> Session: Class initialized using 'CodeIgniter\Session\Handlers\FileHandler' driver.
DEBUG - 2025-08-19 03:53:51 --> Session: Class initialized using 'CodeIgniter\Session\Handlers\FileHandler' driver.
DEBUG - 2025-08-19 03:53:58 --> Session: Class initialized using 'CodeIgniter\Session\Handlers\FileHandler' driver.
DEBUG - 2025-08-19 03:53:59 --> Session: Class initialized using 'CodeIgniter\Session\Handlers\FileHandler' driver.
DEBUG - 2025-08-19 03:53:59 --> Session: Class initialized using 'CodeIgniter\Session\Handlers\FileHandler' driver.
DEBUG - 2025-08-19 03:54:10 --> Session: Class initialized using 'CodeIgniter\Session\Handlers\FileHandler' driver.
DEBUG - 2025-08-19 03:54:11 --> Session: Class initialized using 'CodeIgniter\Session\Handlers\FileHandler' driver.
DEBUG - 2025-08-19 03:54:11 --> Session: Class initialized using 'CodeIgniter\Session\Handlers\FileHandler' driver.
DEBUG - 2025-08-19 03:54:11 --> Session: Class initialized using 'CodeIgniter\Session\Handlers\FileHandler' driver.
WARNING - 2025-08-19 03:54:11 --> [DEPRECATED] addslashes(): Passing null to parameter #1 ($string) of type string is deprecated in APPPATH/Views/service_list.php on line 10.
 1 APPPATH/Views/service_list.php(10): addslashes(null)
 2 SYSTEMPATH/View/View.php(224): include('/home/u810214334/domains/embellish-beauty.co.uk/public_html/app/Views/service_list.php')
 3 SYSTEMPATH/View/View.php(227): CodeIgniter\View\View->CodeIgniter\View\{closure}()
 4 SYSTEMPATH/Common.php(1173): CodeIgniter\View\View->render('service_list', [], true)
 5 APPPATH/Controllers/Home.php(129): view('service_list', [...])
 6 SYSTEMPATH/CodeIgniter.php(933): App\Controllers\Home->fetch_services()
 7 SYSTEMPATH/CodeIgniter.php(507): CodeIgniter\CodeIgniter->runController(Object(App\Controllers\Home))
 8 SYSTEMPATH/CodeIgniter.php(354): CodeIgniter\CodeIgniter->handleRequest(null, Object(Config\Cache), false)
 9 SYSTEMPATH/Boot.php(334): CodeIgniter\CodeIgniter->run()
10 SYSTEMPATH/Boot.php(67): CodeIgniter\Boot::runCodeIgniter(Object(CodeIgniter\CodeIgniter))
11 FCPATH/index.php(57): CodeIgniter\Boot::bootWeb(Object(Config\Paths))
WARNING - 2025-08-19 03:54:11 --> [DEPRECATED] addslashes(): Passing null to parameter #1 ($string) of type string is deprecated in APPPATH/Views/service_list.php on line 10.
 1 APPPATH/Views/service_list.php(10): addslashes(null)
 2 SYSTEMPATH/View/View.php(224): include('/home/u810214334/domains/embellish-beauty.co.uk/public_html/app/Views/service_list.php')
 3 SYSTEMPATH/View/View.php(227): CodeIgniter\View\View->CodeIgniter\View\{closure}()
 4 SYSTEMPATH/Common.php(1173): CodeIgniter\View\View->render('service_list', [], true)
 5 APPPATH/Controllers/Home.php(129): view('service_list', [...])
 6 SYSTEMPATH/CodeIgniter.php(933): App\Controllers\Home->fetch_services()
 7 SYSTEMPATH/CodeIgniter.php(507): CodeIgniter\CodeIgniter->runController(Object(App\Controllers\Home))
 8 SYSTEMPATH/CodeIgniter.php(354): CodeIgniter\CodeIgniter->handleRequest(null, Object(Config\Cache), false)
 9 SYSTEMPATH/Boot.php(334): CodeIgniter\CodeIgniter->run()
10 SYSTEMPATH/Boot.php(67): CodeIgniter\Boot::runCodeIgniter(Object(CodeIgniter\CodeIgniter))
11 FCPATH/index.php(57): CodeIgniter\Boot::bootWeb(Object(Config\Paths))
WARNING - 2025-08-19 03:54:11 --> [DEPRECATED] addslashes(): Passing null to parameter #1 ($string) of type string is deprecated in APPPATH/Views/service_list.php on line 10.
 1 APPPATH/Views/service_list.php(10): addslashes(null)
 2 SYSTEMPATH/View/View.php(224): include('/home/u810214334/domains/embellish-beauty.co.uk/public_html/app/Views/service_list.php')
 3 SYSTEMPATH/View/View.php(227): CodeIgniter\View\View->CodeIgniter\View\{closure}()
 4 SYSTEMPATH/Common.php(1173): CodeIgniter\View\View->render('service_list', [], true)
 5 APPPATH/Controllers/Home.php(129): view('service_list', [...])
 6 SYSTEMPATH/CodeIgniter.php(933): App\Controllers\Home->fetch_services()
 7 SYSTEMPATH/CodeIgniter.php(507): CodeIgniter\CodeIgniter->runController(Object(App\Controllers\Home))
 8 SYSTEMPATH/CodeIgniter.php(354): CodeIgniter\CodeIgniter->handleRequest(null, Object(Config\Cache), false)
 9 SYSTEMPATH/Boot.php(334): CodeIgniter\CodeIgniter->run()
10 SYSTEMPATH/Boot.php(67): CodeIgniter\Boot::runCodeIgniter(Object(CodeIgniter\CodeIgniter))
11 FCPATH/index.php(57): CodeIgniter\Boot::bootWeb(Object(Config\Paths))
WARNING - 2025-08-19 03:54:11 --> [DEPRECATED] addslashes(): Passing null to parameter #1 ($string) of type string is deprecated in APPPATH/Views/service_list.php on line 10.
 1 APPPATH/Views/service_list.php(10): addslashes(null)
 2 SYSTEMPATH/View/View.php(224): include('/home/u810214334/domains/embellish-beauty.co.uk/public_html/app/Views/service_list.php')
 3 SYSTEMPATH/View/View.php(227): CodeIgniter\View\View->CodeIgniter\View\{closure}()
 4 SYSTEMPATH/Common.php(1173): CodeIgniter\View\View->render('service_list', [], true)
 5 APPPATH/Controllers/Home.php(129): view('service_list', [...])
 6 SYSTEMPATH/CodeIgniter.php(933): App\Controllers\Home->fetch_services()
 7 SYSTEMPATH/CodeIgniter.php(507): CodeIgniter\CodeIgniter->runController(Object(App\Controllers\Home))
 8 SYSTEMPATH/CodeIgniter.php(354): CodeIgniter\CodeIgniter->handleRequest(null, Object(Config\Cache), false)
 9 SYSTEMPATH/Boot.php(334): CodeIgniter\CodeIgniter->run()
10 SYSTEMPATH/Boot.php(67): CodeIgniter\Boot::runCodeIgniter(Object(CodeIgniter\CodeIgniter))
11 FCPATH/index.php(57): CodeIgniter\Boot::bootWeb(Object(Config\Paths))
WARNING - 2025-08-19 03:54:11 --> [DEPRECATED] addslashes(): Passing null to parameter #1 ($string) of type string is deprecated in APPPATH/Views/service_list.php on line 10.
 1 APPPATH/Views/service_list.php(10): addslashes(null)
 2 SYSTEMPATH/View/View.php(224): include('/home/u810214334/domains/embellish-beauty.co.uk/public_html/app/Views/service_list.php')
 3 SYSTEMPATH/View/View.php(227): CodeIgniter\View\View->CodeIgniter\View\{closure}()
 4 SYSTEMPATH/Common.php(1173): CodeIgniter\View\View->render('service_list', [], true)
 5 APPPATH/Controllers/Home.php(129): view('service_list', [...])
 6 SYSTEMPATH/CodeIgniter.php(933): App\Controllers\Home->fetch_services()
 7 SYSTEMPATH/CodeIgniter.php(507): CodeIgniter\CodeIgniter->runController(Object(App\Controllers\Home))
 8 SYSTEMPATH/CodeIgniter.php(354): CodeIgniter\CodeIgniter->handleRequest(null, Object(Config\Cache), false)
 9 SYSTEMPATH/Boot.php(334): CodeIgniter\CodeIgniter->run()
10 SYSTEMPATH/Boot.php(67): CodeIgniter\Boot::runCodeIgniter(Object(CodeIgniter\CodeIgniter))
11 FCPATH/index.php(57): CodeIgniter\Boot::bootWeb(Object(Config\Paths))
WARNING - 2025-08-19 03:54:11 --> [DEPRECATED] addslashes(): Passing null to parameter #1 ($string) of type string is deprecated in APPPATH/Views/service_list.php on line 10.
 1 APPPATH/Views/service_list.php(10): addslashes(null)
 2 SYSTEMPATH/View/View.php(224): include('/home/u810214334/domains/embellish-beauty.co.uk/public_html/app/Views/service_list.php')
 3 SYSTEMPATH/View/View.php(227): CodeIgniter\View\View->CodeIgniter\View\{closure}()
 4 SYSTEMPATH/Common.php(1173): CodeIgniter\View\View->render('service_list', [], true)
 5 APPPATH/Controllers/Home.php(129): view('service_list', [...])
 6 SYSTEMPATH/CodeIgniter.php(933): App\Controllers\Home->fetch_services()
 7 SYSTEMPATH/CodeIgniter.php(507): CodeIgniter\CodeIgniter->runController(Object(App\Controllers\Home))
 8 SYSTEMPATH/CodeIgniter.php(354): CodeIgniter\CodeIgniter->handleRequest(null, Object(Config\Cache), false)
 9 SYSTEMPATH/Boot.php(334): CodeIgniter\CodeIgniter->run()
10 SYSTEMPATH/Boot.php(67): CodeIgniter\Boot::runCodeIgniter(Object(CodeIgniter\CodeIgniter))
11 FCPATH/index.php(57): CodeIgniter\Boot::bootWeb(Object(Config\Paths))
WARNING - 2025-08-19 03:54:11 --> [DEPRECATED] addslashes(): Passing null to parameter #1 ($string) of type string is deprecated in APPPATH/Views/service_list.php on line 10.
 1 APPPATH/Views/service_list.php(10): addslashes(null)
 2 SYSTEMPATH/View/View.php(224): include('/home/u810214334/domains/embellish-beauty.co.uk/public_html/app/Views/service_list.php')
 3 SYSTEMPATH/View/View.php(227): CodeIgniter\View\View->CodeIgniter\View\{closure}()
 4 SYSTEMPATH/Common.php(1173): CodeIgniter\View\View->render('service_list', [], true)
 5 APPPATH/Controllers/Home.php(129): view('service_list', [...])
 6 SYSTEMPATH/CodeIgniter.php(933): App\Controllers\Home->fetch_services()
 7 SYSTEMPATH/CodeIgniter.php(507): CodeIgniter\CodeIgniter->runController(Object(App\Controllers\Home))
 8 SYSTEMPATH/CodeIgniter.php(354): CodeIgniter\CodeIgniter->handleRequest(null, Object(Config\Cache), false)
 9 SYSTEMPATH/Boot.php(334): CodeIgniter\CodeIgniter->run()
10 SYSTEMPATH/Boot.php(67): CodeIgniter\Boot::runCodeIgniter(Object(CodeIgniter\CodeIgniter))
11 FCPATH/index.php(57): CodeIgniter\Boot::bootWeb(Object(Config\Paths))
WARNING - 2025-08-19 03:54:11 --> [DEPRECATED] addslashes(): Passing null to parameter #1 ($string) of type string is deprecated in APPPATH/Views/service_list.php on line 10.
 1 APPPATH/Views/service_list.php(10): addslashes(null)
 2 SYSTEMPATH/View/View.php(224): include('/home/u810214334/domains/embellish-beauty.co.uk/public_html/app/Views/service_list.php')
 3 SYSTEMPATH/View/View.php(227): CodeIgniter\View\View->CodeIgniter\View\{closure}()
 4 SYSTEMPATH/Common.php(1173): CodeIgniter\View\View->render('service_list', [], true)
 5 APPPATH/Controllers/Home.php(129): view('service_list', [...])
 6 SYSTEMPATH/CodeIgniter.php(933): App\Controllers\Home->fetch_services()
 7 SYSTEMPATH/CodeIgniter.php(507): CodeIgniter\CodeIgniter->runController(Object(App\Controllers\Home))
 8 SYSTEMPATH/CodeIgniter.php(354): CodeIgniter\CodeIgniter->handleRequest(null, Object(Config\Cache), false)
 9 SYSTEMPATH/Boot.php(334): CodeIgniter\CodeIgniter->run()
10 SYSTEMPATH/Boot.php(67): CodeIgniter\Boot::runCodeIgniter(Object(CodeIgniter\CodeIgniter))
11 FCPATH/index.php(57): CodeIgniter\Boot::bootWeb(Object(Config\Paths))
WARNING - 2025-08-19 03:54:11 --> [DEPRECATED] addslashes(): Passing null to parameter #1 ($string) of type string is deprecated in APPPATH/Views/service_list.php on line 10.
 1 APPPATH/Views/service_list.php(10): addslashes(null)
 2 SYSTEMPATH/View/View.php(224): include('/home/u810214334/domains/embellish-beauty.co.uk/public_html/app/Views/service_list.php')
 3 SYSTEMPATH/View/View.php(227): CodeIgniter\View\View->CodeIgniter\View\{closure}()
 4 SYSTEMPATH/Common.php(1173): CodeIgniter\View\View->render('service_list', [], true)
 5 APPPATH/Controllers/Home.php(129): view('service_list', [...])
 6 SYSTEMPATH/CodeIgniter.php(933): App\Controllers\Home->fetch_services()
 7 SYSTEMPATH/CodeIgniter.php(507): CodeIgniter\CodeIgniter->runController(Object(App\Controllers\Home))
 8 SYSTEMPATH/CodeIgniter.php(354): CodeIgniter\CodeIgniter->handleRequest(null, Object(Config\Cache), false)
 9 SYSTEMPATH/Boot.php(334): CodeIgniter\CodeIgniter->run()
10 SYSTEMPATH/Boot.php(67): CodeIgniter\Boot::runCodeIgniter(Object(CodeIgniter\CodeIgniter))
11 FCPATH/index.php(57): CodeIgniter\Boot::bootWeb(Object(Config\Paths))
WARNING - 2025-08-19 03:54:11 --> [DEPRECATED] addslashes(): Passing null to parameter #1 ($string) of type string is deprecated in APPPATH/Views/service_list.php on line 10.
 1 APPPATH/Views/service_list.php(10): addslashes(null)
 2 SYSTEMPATH/View/View.php(224): include('/home/u810214334/domains/embellish-beauty.co.uk/public_html/app/Views/service_list.php')
 3 SYSTEMPATH/View/View.php(227): CodeIgniter\View\View->CodeIgniter\View\{closure}()
 4 SYSTEMPATH/Common.php(1173): CodeIgniter\View\View->render('service_list', [], true)
 5 APPPATH/Controllers/Home.php(129): view('service_list', [...])
 6 SYSTEMPATH/CodeIgniter.php(933): App\Controllers\Home->fetch_services()
 7 SYSTEMPATH/CodeIgniter.php(507): CodeIgniter\CodeIgniter->runController(Object(App\Controllers\Home))
 8 SYSTEMPATH/CodeIgniter.php(354): CodeIgniter\CodeIgniter->handleRequest(null, Object(Config\Cache), false)
 9 SYSTEMPATH/Boot.php(334): CodeIgniter\CodeIgniter->run()
10 SYSTEMPATH/Boot.php(67): CodeIgniter\Boot::runCodeIgniter(Object(CodeIgniter\CodeIgniter))
11 FCPATH/index.php(57): CodeIgniter\Boot::bootWeb(Object(Config\Paths))
WARNING - 2025-08-19 03:54:11 --> [DEPRECATED] addslashes(): Passing null to parameter #1 ($string) of type string is deprecated in APPPATH/Views/service_list.php on line 10.
 1 APPPATH/Views/service_list.php(10): addslashes(null)
 2 SYSTEMPATH/View/View.php(224): include('/home/u810214334/domains/embellish-beauty.co.uk/public_html/app/Views/service_list.php')
 3 SYSTEMPATH/View/View.php(227): CodeIgniter\View\View->CodeIgniter\View\{closure}()
 4 SYSTEMPATH/Common.php(1173): CodeIgniter\View\View->render('service_list', [], true)
 5 APPPATH/Controllers/Home.php(129): view('service_list', [...])
 6 SYSTEMPATH/CodeIgniter.php(933): App\Controllers\Home->fetch_services()
 7 SYSTEMPATH/CodeIgniter.php(507): CodeIgniter\CodeIgniter->runController(Object(App\Controllers\Home))
 8 SYSTEMPATH/CodeIgniter.php(354): CodeIgniter\CodeIgniter->handleRequest(null, Object(Config\Cache), false)
 9 SYSTEMPATH/Boot.php(334): CodeIgniter\CodeIgniter->run()
10 SYSTEMPATH/Boot.php(67): CodeIgniter\Boot::runCodeIgniter(Object(CodeIgniter\CodeIgniter))
11 FCPATH/index.php(57): CodeIgniter\Boot::bootWeb(Object(Config\Paths))
WARNING - 2025-08-19 03:54:11 --> [DEPRECATED] addslashes(): Passing null to parameter #1 ($string) of type string is deprecated in APPPATH/Views/service_list.php on line 10.
 1 APPPATH/Views/service_list.php(10): addslashes(null)
 2 SYSTEMPATH/View/View.php(224): include('/home/u810214334/domains/embellish-beauty.co.uk/public_html/app/Views/service_list.php')
 3 SYSTEMPATH/View/View.php(227): CodeIgniter\View\View->CodeIgniter\View\{closure}()
 4 SYSTEMPATH/Common.php(1173): CodeIgniter\View\View->render('service_list', [], true)
 5 APPPATH/Controllers/Home.php(129): view('service_list', [...])
 6 SYSTEMPATH/CodeIgniter.php(933): App\Controllers\Home->fetch_services()
 7 SYSTEMPATH/CodeIgniter.php(507): CodeIgniter\CodeIgniter->runController(Object(App\Controllers\Home))
 8 SYSTEMPATH/CodeIgniter.php(354): CodeIgniter\CodeIgniter->handleRequest(null, Object(Config\Cache), false)
 9 SYSTEMPATH/Boot.php(334): CodeIgniter\CodeIgniter->run()
10 SYSTEMPATH/Boot.php(67): CodeIgniter\Boot::runCodeIgniter(Object(CodeIgniter\CodeIgniter))
11 FCPATH/index.php(57): CodeIgniter\Boot::bootWeb(Object(Config\Paths))
WARNING - 2025-08-19 03:54:11 --> [DEPRECATED] addslashes(): Passing null to parameter #1 ($string) of type string is deprecated in APPPATH/Views/service_list.php on line 10.
 1 APPPATH/Views/service_list.php(10): addslashes(null)
 2 SYSTEMPATH/View/View.php(224): include('/home/u810214334/domains/embellish-beauty.co.uk/public_html/app/Views/service_list.php')
 3 SYSTEMPATH/View/View.php(227): CodeIgniter\View\View->CodeIgniter\View\{closure}()
 4 SYSTEMPATH/Common.php(1173): CodeIgniter\View\View->render('service_list', [], true)
 5 APPPATH/Controllers/Home.php(129): view('service_list', [...])
 6 SYSTEMPATH/CodeIgniter.php(933): App\Controllers\Home->fetch_services()
 7 SYSTEMPATH/CodeIgniter.php(507): CodeIgniter\CodeIgniter->runController(Object(App\Controllers\Home))
 8 SYSTEMPATH/CodeIgniter.php(354): CodeIgniter\CodeIgniter->handleRequest(null, Object(Config\Cache), false)
 9 SYSTEMPATH/Boot.php(334): CodeIgniter\CodeIgniter->run()
10 SYSTEMPATH/Boot.php(67): CodeIgniter\Boot::runCodeIgniter(Object(CodeIgniter\CodeIgniter))
11 FCPATH/index.php(57): CodeIgniter\Boot::bootWeb(Object(Config\Paths))
WARNING - 2025-08-19 03:54:11 --> [DEPRECATED] addslashes(): Passing null to parameter #1 ($string) of type string is deprecated in APPPATH/Views/service_list.php on line 10.
 1 APPPATH/Views/service_list.php(10): addslashes(null)
 2 SYSTEMPATH/View/View.php(224): include('/home/u810214334/domains/embellish-beauty.co.uk/public_html/app/Views/service_list.php')
 3 SYSTEMPATH/View/View.php(227): CodeIgniter\View\View->CodeIgniter\View\{closure}()
 4 SYSTEMPATH/Common.php(1173): CodeIgniter\View\View->render('service_list', [], true)
 5 APPPATH/Controllers/Home.php(129): view('service_list', [...])
 6 SYSTEMPATH/CodeIgniter.php(933): App\Controllers\Home->fetch_services()
 7 SYSTEMPATH/CodeIgniter.php(507): CodeIgniter\CodeIgniter->runController(Object(App\Controllers\Home))
 8 SYSTEMPATH/CodeIgniter.php(354): CodeIgniter\CodeIgniter->handleRequest(null, Object(Config\Cache), false)
 9 SYSTEMPATH/Boot.php(334): CodeIgniter\CodeIgniter->run()
10 SYSTEMPATH/Boot.php(67): CodeIgniter\Boot::runCodeIgniter(Object(CodeIgniter\CodeIgniter))
11 FCPATH/index.php(57): CodeIgniter\Boot::bootWeb(Object(Config\Paths))
WARNING - 2025-08-19 03:54:11 --> [DEPRECATED] addslashes(): Passing null to parameter #1 ($string) of type string is deprecated in APPPATH/Views/service_list.php on line 10.
 1 APPPATH/Views/service_list.php(10): addslashes(null)
 2 SYSTEMPATH/View/View.php(224): include('/home/u810214334/domains/embellish-beauty.co.uk/public_html/app/Views/service_list.php')
 3 SYSTEMPATH/View/View.php(227): CodeIgniter\View\View->CodeIgniter\View\{closure}()
 4 SYSTEMPATH/Common.php(1173): CodeIgniter\View\View->render('service_list', [], true)
 5 APPPATH/Controllers/Home.php(129): view('service_list', [...])
 6 SYSTEMPATH/CodeIgniter.php(933): App\Controllers\Home->fetch_services()
 7 SYSTEMPATH/CodeIgniter.php(507): CodeIgniter\CodeIgniter->runController(Object(App\Controllers\Home))
 8 SYSTEMPATH/CodeIgniter.php(354): CodeIgniter\CodeIgniter->handleRequest(null, Object(Config\Cache), false)
 9 SYSTEMPATH/Boot.php(334): CodeIgniter\CodeIgniter->run()
10 SYSTEMPATH/Boot.php(67): CodeIgniter\Boot::runCodeIgniter(Object(CodeIgniter\CodeIgniter))
11 FCPATH/index.php(57): CodeIgniter\Boot::bootWeb(Object(Config\Paths))
WARNING - 2025-08-19 03:54:11 --> [DEPRECATED] addslashes(): Passing null to parameter #1 ($string) of type string is deprecated in APPPATH/Views/service_list.php on line 10.
 1 APPPATH/Views/service_list.php(10): addslashes(null)
 2 SYSTEMPATH/View/View.php(224): include('/home/u810214334/domains/embellish-beauty.co.uk/public_html/app/Views/service_list.php')
 3 SYSTEMPATH/View/View.php(227): CodeIgniter\View\View->CodeIgniter\View\{closure}()
 4 SYSTEMPATH/Common.php(1173): CodeIgniter\View\View->render('service_list', [], true)
 5 APPPATH/Controllers/Home.php(129): view('service_list', [...])
 6 SYSTEMPATH/CodeIgniter.php(933): App\Controllers\Home->fetch_services()
 7 SYSTEMPATH/CodeIgniter.php(507): CodeIgniter\CodeIgniter->runController(Object(App\Controllers\Home))
 8 SYSTEMPATH/CodeIgniter.php(354): CodeIgniter\CodeIgniter->handleRequest(null, Object(Config\Cache), false)
 9 SYSTEMPATH/Boot.php(334): CodeIgniter\CodeIgniter->run()
10 SYSTEMPATH/Boot.php(67): CodeIgniter\Boot::runCodeIgniter(Object(CodeIgniter\CodeIgniter))
11 FCPATH/index.php(57): CodeIgniter\Boot::bootWeb(Object(Config\Paths))
WARNING - 2025-08-19 03:54:11 --> [DEPRECATED] addslashes(): Passing null to parameter #1 ($string) of type string is deprecated in APPPATH/Views/service_list.php on line 10.
 1 APPPATH/Views/service_list.php(10): addslashes(null)
 2 SYSTEMPATH/View/View.php(224): include('/home/u810214334/domains/embellish-beauty.co.uk/public_html/app/Views/service_list.php')
 3 SYSTEMPATH/View/View.php(227): CodeIgniter\View\View->CodeIgniter\View\{closure}()
 4 SYSTEMPATH/Common.php(1173): CodeIgniter\View\View->render('service_list', [], true)
 5 APPPATH/Controllers/Home.php(129): view('service_list', [...])
 6 SYSTEMPATH/CodeIgniter.php(933): App\Controllers\Home->fetch_services()
 7 SYSTEMPATH/CodeIgniter.php(507): CodeIgniter\CodeIgniter->runController(Object(App\Controllers\Home))
 8 SYSTEMPATH/CodeIgniter.php(354): CodeIgniter\CodeIgniter->handleRequest(null, Object(Config\Cache), false)
 9 SYSTEMPATH/Boot.php(334): CodeIgniter\CodeIgniter->run()
10 SYSTEMPATH/Boot.php(67): CodeIgniter\Boot::runCodeIgniter(Object(CodeIgniter\CodeIgniter))
11 FCPATH/index.php(57): CodeIgniter\Boot::bootWeb(Object(Config\Paths))
DEBUG - 2025-08-19 03:54:11 --> Session: Class initialized using 'CodeIgniter\Session\Handlers\FileHandler' driver.
DEBUG - 2025-08-19 03:54:18 --> Session: Class initialized using 'CodeIgniter\Session\Handlers\FileHandler' driver.
WARNING - 2025-08-19 03:54:18 --> [DEPRECATED] addslashes(): Passing null to parameter #1 ($string) of type string is deprecated in APPPATH/Views/service_list.php on line 10.
 1 APPPATH/Views/service_list.php(10): addslashes(null)
 2 SYSTEMPATH/View/View.php(224): include('/home/u810214334/domains/embellish-beauty.co.uk/public_html/app/Views/service_list.php')
 3 SYSTEMPATH/View/View.php(227): CodeIgniter\View\View->CodeIgniter\View\{closure}()
 4 SYSTEMPATH/Common.php(1173): CodeIgniter\View\View->render('service_list', [], true)
 5 APPPATH/Controllers/Home.php(129): view('service_list', [...])
 6 SYSTEMPATH/CodeIgniter.php(933): App\Controllers\Home->fetch_services()
 7 SYSTEMPATH/CodeIgniter.php(507): CodeIgniter\CodeIgniter->runController(Object(App\Controllers\Home))
 8 SYSTEMPATH/CodeIgniter.php(354): CodeIgniter\CodeIgniter->handleRequest(null, Object(Config\Cache), false)
 9 SYSTEMPATH/Boot.php(334): CodeIgniter\CodeIgniter->run()
10 SYSTEMPATH/Boot.php(67): CodeIgniter\Boot::runCodeIgniter(Object(CodeIgniter\CodeIgniter))
11 FCPATH/index.php(57): CodeIgniter\Boot::bootWeb(Object(Config\Paths))
WARNING - 2025-08-19 03:54:18 --> [DEPRECATED] addslashes(): Passing null to parameter #1 ($string) of type string is deprecated in APPPATH/Views/service_list.php on line 10.
 1 APPPATH/Views/service_list.php(10): addslashes(null)
 2 SYSTEMPATH/View/View.php(224): include('/home/u810214334/domains/embellish-beauty.co.uk/public_html/app/Views/service_list.php')
 3 SYSTEMPATH/View/View.php(227): CodeIgniter\View\View->CodeIgniter\View\{closure}()
 4 SYSTEMPATH/Common.php(1173): CodeIgniter\View\View->render('service_list', [], true)
 5 APPPATH/Controllers/Home.php(129): view('service_list', [...])
 6 SYSTEMPATH/CodeIgniter.php(933): App\Controllers\Home->fetch_services()
 7 SYSTEMPATH/CodeIgniter.php(507): CodeIgniter\CodeIgniter->runController(Object(App\Controllers\Home))
 8 SYSTEMPATH/CodeIgniter.php(354): CodeIgniter\CodeIgniter->handleRequest(null, Object(Config\Cache), false)
 9 SYSTEMPATH/Boot.php(334): CodeIgniter\CodeIgniter->run()
10 SYSTEMPATH/Boot.php(67): CodeIgniter\Boot::runCodeIgniter(Object(CodeIgniter\CodeIgniter))
11 FCPATH/index.php(57): CodeIgniter\Boot::bootWeb(Object(Config\Paths))
WARNING - 2025-08-19 03:54:18 --> [DEPRECATED] addslashes(): Passing null to parameter #1 ($string) of type string is deprecated in APPPATH/Views/service_list.php on line 10.
 1 APPPATH/Views/service_list.php(10): addslashes(null)
 2 SYSTEMPATH/View/View.php(224): include('/home/u810214334/domains/embellish-beauty.co.uk/public_html/app/Views/service_list.php')
 3 SYSTEMPATH/View/View.php(227): CodeIgniter\View\View->CodeIgniter\View\{closure}()
 4 SYSTEMPATH/Common.php(1173): CodeIgniter\View\View->render('service_list', [], true)
 5 APPPATH/Controllers/Home.php(129): view('service_list', [...])
 6 SYSTEMPATH/CodeIgniter.php(933): App\Controllers\Home->fetch_services()
 7 SYSTEMPATH/CodeIgniter.php(507): CodeIgniter\CodeIgniter->runController(Object(App\Controllers\Home))
 8 SYSTEMPATH/CodeIgniter.php(354): CodeIgniter\CodeIgniter->handleRequest(null, Object(Config\Cache), false)
 9 SYSTEMPATH/Boot.php(334): CodeIgniter\CodeIgniter->run()
10 SYSTEMPATH/Boot.php(67): CodeIgniter\Boot::runCodeIgniter(Object(CodeIgniter\CodeIgniter))
11 FCPATH/index.php(57): CodeIgniter\Boot::bootWeb(Object(Config\Paths))
WARNING - 2025-08-19 03:54:18 --> [DEPRECATED] addslashes(): Passing null to parameter #1 ($string) of type string is deprecated in APPPATH/Views/service_list.php on line 10.
 1 APPPATH/Views/service_list.php(10): addslashes(null)
 2 SYSTEMPATH/View/View.php(224): include('/home/u810214334/domains/embellish-beauty.co.uk/public_html/app/Views/service_list.php')
 3 SYSTEMPATH/View/View.php(227): CodeIgniter\View\View->CodeIgniter\View\{closure}()
 4 SYSTEMPATH/Common.php(1173): CodeIgniter\View\View->render('service_list', [], true)
 5 APPPATH/Controllers/Home.php(129): view('service_list', [...])
 6 SYSTEMPATH/CodeIgniter.php(933): App\Controllers\Home->fetch_services()
 7 SYSTEMPATH/CodeIgniter.php(507): CodeIgniter\CodeIgniter->runController(Object(App\Controllers\Home))
 8 SYSTEMPATH/CodeIgniter.php(354): CodeIgniter\CodeIgniter->handleRequest(null, Object(Config\Cache), false)
 9 SYSTEMPATH/Boot.php(334): CodeIgniter\CodeIgniter->run()
10 SYSTEMPATH/Boot.php(67): CodeIgniter\Boot::runCodeIgniter(Object(CodeIgniter\CodeIgniter))
11 FCPATH/index.php(57): CodeIgniter\Boot::bootWeb(Object(Config\Paths))
WARNING - 2025-08-19 03:54:18 --> [DEPRECATED] addslashes(): Passing null to parameter #1 ($string) of type string is deprecated in APPPATH/Views/service_list.php on line 10.
 1 APPPATH/Views/service_list.php(10): addslashes(null)
 2 SYSTEMPATH/View/View.php(224): include('/home/u810214334/domains/embellish-beauty.co.uk/public_html/app/Views/service_list.php')
 3 SYSTEMPATH/View/View.php(227): CodeIgniter\View\View->CodeIgniter\View\{closure}()
 4 SYSTEMPATH/Common.php(1173): CodeIgniter\View\View->render('service_list', [], true)
 5 APPPATH/Controllers/Home.php(129): view('service_list', [...])
 6 SYSTEMPATH/CodeIgniter.php(933): App\Controllers\Home->fetch_services()
 7 SYSTEMPATH/CodeIgniter.php(507): CodeIgniter\CodeIgniter->runController(Object(App\Controllers\Home))
 8 SYSTEMPATH/CodeIgniter.php(354): CodeIgniter\CodeIgniter->handleRequest(null, Object(Config\Cache), false)
 9 SYSTEMPATH/Boot.php(334): CodeIgniter\CodeIgniter->run()
10 SYSTEMPATH/Boot.php(67): CodeIgniter\Boot::runCodeIgniter(Object(CodeIgniter\CodeIgniter))
11 FCPATH/index.php(57): CodeIgniter\Boot::bootWeb(Object(Config\Paths))
WARNING - 2025-08-19 03:54:18 --> [DEPRECATED] addslashes(): Passing null to parameter #1 ($string) of type string is deprecated in APPPATH/Views/service_list.php on line 10.
 1 APPPATH/Views/service_list.php(10): addslashes(null)
 2 SYSTEMPATH/View/View.php(224): include('/home/u810214334/domains/embellish-beauty.co.uk/public_html/app/Views/service_list.php')
 3 SYSTEMPATH/View/View.php(227): CodeIgniter\View\View->CodeIgniter\View\{closure}()
 4 SYSTEMPATH/Common.php(1173): CodeIgniter\View\View->render('service_list', [], true)
 5 APPPATH/Controllers/Home.php(129): view('service_list', [...])
 6 SYSTEMPATH/CodeIgniter.php(933): App\Controllers\Home->fetch_services()
 7 SYSTEMPATH/CodeIgniter.php(507): CodeIgniter\CodeIgniter->runController(Object(App\Controllers\Home))
 8 SYSTEMPATH/CodeIgniter.php(354): CodeIgniter\CodeIgniter->handleRequest(null, Object(Config\Cache), false)
 9 SYSTEMPATH/Boot.php(334): CodeIgniter\CodeIgniter->run()
10 SYSTEMPATH/Boot.php(67): CodeIgniter\Boot::runCodeIgniter(Object(CodeIgniter\CodeIgniter))
11 FCPATH/index.php(57): CodeIgniter\Boot::bootWeb(Object(Config\Paths))
WARNING - 2025-08-19 03:54:18 --> [DEPRECATED] addslashes(): Passing null to parameter #1 ($string) of type string is deprecated in APPPATH/Views/service_list.php on line 10.
 1 APPPATH/Views/service_list.php(10): addslashes(null)
 2 SYSTEMPATH/View/View.php(224): include('/home/u810214334/domains/embellish-beauty.co.uk/public_html/app/Views/service_list.php')
 3 SYSTEMPATH/View/View.php(227): CodeIgniter\View\View->CodeIgniter\View\{closure}()
 4 SYSTEMPATH/Common.php(1173): CodeIgniter\View\View->render('service_list', [], true)
 5 APPPATH/Controllers/Home.php(129): view('service_list', [...])
 6 SYSTEMPATH/CodeIgniter.php(933): App\Controllers\Home->fetch_services()
 7 SYSTEMPATH/CodeIgniter.php(507): CodeIgniter\CodeIgniter->runController(Object(App\Controllers\Home))
 8 SYSTEMPATH/CodeIgniter.php(354): CodeIgniter\CodeIgniter->handleRequest(null, Object(Config\Cache), false)
 9 SYSTEMPATH/Boot.php(334): CodeIgniter\CodeIgniter->run()
10 SYSTEMPATH/Boot.php(67): CodeIgniter\Boot::runCodeIgniter(Object(CodeIgniter\CodeIgniter))
11 FCPATH/index.php(57): CodeIgniter\Boot::bootWeb(Object(Config\Paths))
WARNING - 2025-08-19 03:54:18 --> [DEPRECATED] addslashes(): Passing null to parameter #1 ($string) of type string is deprecated in APPPATH/Views/service_list.php on line 10.
 1 APPPATH/Views/service_list.php(10): addslashes(null)
 2 SYSTEMPATH/View/View.php(224): include('/home/u810214334/domains/embellish-beauty.co.uk/public_html/app/Views/service_list.php')
 3 SYSTEMPATH/View/View.php(227): CodeIgniter\View\View->CodeIgniter\View\{closure}()
 4 SYSTEMPATH/Common.php(1173): CodeIgniter\View\View->render('service_list', [], true)
 5 APPPATH/Controllers/Home.php(129): view('service_list', [...])
 6 SYSTEMPATH/CodeIgniter.php(933): App\Controllers\Home->fetch_services()
 7 SYSTEMPATH/CodeIgniter.php(507): CodeIgniter\CodeIgniter->runController(Object(App\Controllers\Home))
 8 SYSTEMPATH/CodeIgniter.php(354): CodeIgniter\CodeIgniter->handleRequest(null, Object(Config\Cache), false)
 9 SYSTEMPATH/Boot.php(334): CodeIgniter\CodeIgniter->run()
10 SYSTEMPATH/Boot.php(67): CodeIgniter\Boot::runCodeIgniter(Object(CodeIgniter\CodeIgniter))
11 FCPATH/index.php(57): CodeIgniter\Boot::bootWeb(Object(Config\Paths))
WARNING - 2025-08-19 03:54:18 --> [DEPRECATED] addslashes(): Passing null to parameter #1 ($string) of type string is deprecated in APPPATH/Views/service_list.php on line 10.
 1 APPPATH/Views/service_list.php(10): addslashes(null)
 2 SYSTEMPATH/View/View.php(224): include('/home/u810214334/domains/embellish-beauty.co.uk/public_html/app/Views/service_list.php')
 3 SYSTEMPATH/View/View.php(227): CodeIgniter\View\View->CodeIgniter\View\{closure}()
 4 SYSTEMPATH/Common.php(1173): CodeIgniter\View\View->render('service_list', [], true)
 5 APPPATH/Controllers/Home.php(129): view('service_list', [...])
 6 SYSTEMPATH/CodeIgniter.php(933): App\Controllers\Home->fetch_services()
 7 SYSTEMPATH/CodeIgniter.php(507): CodeIgniter\CodeIgniter->runController(Object(App\Controllers\Home))
 8 SYSTEMPATH/CodeIgniter.php(354): CodeIgniter\CodeIgniter->handleRequest(null, Object(Config\Cache), false)
 9 SYSTEMPATH/Boot.php(334): CodeIgniter\CodeIgniter->run()
10 SYSTEMPATH/Boot.php(67): CodeIgniter\Boot::runCodeIgniter(Object(CodeIgniter\CodeIgniter))
11 FCPATH/index.php(57): CodeIgniter\Boot::bootWeb(Object(Config\Paths))
WARNING - 2025-08-19 03:54:18 --> [DEPRECATED] addslashes(): Passing null to parameter #1 ($string) of type string is deprecated in APPPATH/Views/service_list.php on line 10.
 1 APPPATH/Views/service_list.php(10): addslashes(null)
 2 SYSTEMPATH/View/View.php(224): include('/home/u810214334/domains/embellish-beauty.co.uk/public_html/app/Views/service_list.php')
 3 SYSTEMPATH/View/View.php(227): CodeIgniter\View\View->CodeIgniter\View\{closure}()
 4 SYSTEMPATH/Common.php(1173): CodeIgniter\View\View->render('service_list', [], true)
 5 APPPATH/Controllers/Home.php(129): view('service_list', [...])
 6 SYSTEMPATH/CodeIgniter.php(933): App\Controllers\Home->fetch_services()
 7 SYSTEMPATH/CodeIgniter.php(507): CodeIgniter\CodeIgniter->runController(Object(App\Controllers\Home))
 8 SYSTEMPATH/CodeIgniter.php(354): CodeIgniter\CodeIgniter->handleRequest(null, Object(Config\Cache), false)
 9 SYSTEMPATH/Boot.php(334): CodeIgniter\CodeIgniter->run()
10 SYSTEMPATH/Boot.php(67): CodeIgniter\Boot::runCodeIgniter(Object(CodeIgniter\CodeIgniter))
11 FCPATH/index.php(57): CodeIgniter\Boot::bootWeb(Object(Config\Paths))
WARNING - 2025-08-19 03:54:18 --> [DEPRECATED] addslashes(): Passing null to parameter #1 ($string) of type string is deprecated in APPPATH/Views/service_list.php on line 10.
 1 APPPATH/Views/service_list.php(10): addslashes(null)
 2 SYSTEMPATH/View/View.php(224): include('/home/u810214334/domains/embellish-beauty.co.uk/public_html/app/Views/service_list.php')
 3 SYSTEMPATH/View/View.php(227): CodeIgniter\View\View->CodeIgniter\View\{closure}()
 4 SYSTEMPATH/Common.php(1173): CodeIgniter\View\View->render('service_list', [], true)
 5 APPPATH/Controllers/Home.php(129): view('service_list', [...])
 6 SYSTEMPATH/CodeIgniter.php(933): App\Controllers\Home->fetch_services()
 7 SYSTEMPATH/CodeIgniter.php(507): CodeIgniter\CodeIgniter->runController(Object(App\Controllers\Home))
 8 SYSTEMPATH/CodeIgniter.php(354): CodeIgniter\CodeIgniter->handleRequest(null, Object(Config\Cache), false)
 9 SYSTEMPATH/Boot.php(334): CodeIgniter\CodeIgniter->run()
10 SYSTEMPATH/Boot.php(67): CodeIgniter\Boot::runCodeIgniter(Object(CodeIgniter\CodeIgniter))
11 FCPATH/index.php(57): CodeIgniter\Boot::bootWeb(Object(Config\Paths))
WARNING - 2025-08-19 03:54:18 --> [DEPRECATED] addslashes(): Passing null to parameter #1 ($string) of type string is deprecated in APPPATH/Views/service_list.php on line 10.
 1 APPPATH/Views/service_list.php(10): addslashes(null)
 2 SYSTEMPATH/View/View.php(224): include('/home/u810214334/domains/embellish-beauty.co.uk/public_html/app/Views/service_list.php')
 3 SYSTEMPATH/View/View.php(227): CodeIgniter\View\View->CodeIgniter\View\{closure}()
 4 SYSTEMPATH/Common.php(1173): CodeIgniter\View\View->render('service_list', [], true)
 5 APPPATH/Controllers/Home.php(129): view('service_list', [...])
 6 SYSTEMPATH/CodeIgniter.php(933): App\Controllers\Home->fetch_services()
 7 SYSTEMPATH/CodeIgniter.php(507): CodeIgniter\CodeIgniter->runController(Object(App\Controllers\Home))
 8 SYSTEMPATH/CodeIgniter.php(354): CodeIgniter\CodeIgniter->handleRequest(null, Object(Config\Cache), false)
 9 SYSTEMPATH/Boot.php(334): CodeIgniter\CodeIgniter->run()
10 SYSTEMPATH/Boot.php(67): CodeIgniter\Boot::runCodeIgniter(Object(CodeIgniter\CodeIgniter))
11 FCPATH/index.php(57): CodeIgniter\Boot::bootWeb(Object(Config\Paths))
WARNING - 2025-08-19 03:54:18 --> [DEPRECATED] addslashes(): Passing null to parameter #1 ($string) of type string is deprecated in APPPATH/Views/service_list.php on line 10.
 1 APPPATH/Views/service_list.php(10): addslashes(null)
 2 SYSTEMPATH/View/View.php(224): include('/home/u810214334/domains/embellish-beauty.co.uk/public_html/app/Views/service_list.php')
 3 SYSTEMPATH/View/View.php(227): CodeIgniter\View\View->CodeIgniter\View\{closure}()
 4 SYSTEMPATH/Common.php(1173): CodeIgniter\View\View->render('service_list', [], true)
 5 APPPATH/Controllers/Home.php(129): view('service_list', [...])
 6 SYSTEMPATH/CodeIgniter.php(933): App\Controllers\Home->fetch_services()
 7 SYSTEMPATH/CodeIgniter.php(507): CodeIgniter\CodeIgniter->runController(Object(App\Controllers\Home))
 8 SYSTEMPATH/CodeIgniter.php(354): CodeIgniter\CodeIgniter->handleRequest(null, Object(Config\Cache), false)
 9 SYSTEMPATH/Boot.php(334): CodeIgniter\CodeIgniter->run()
10 SYSTEMPATH/Boot.php(67): CodeIgniter\Boot::runCodeIgniter(Object(CodeIgniter\CodeIgniter))
11 FCPATH/index.php(57): CodeIgniter\Boot::bootWeb(Object(Config\Paths))
WARNING - 2025-08-19 03:54:18 --> [DEPRECATED] addslashes(): Passing null to parameter #1 ($string) of type string is deprecated in APPPATH/Views/service_list.php on line 10.
 1 APPPATH/Views/service_list.php(10): addslashes(null)
 2 SYSTEMPATH/View/View.php(224): include('/home/u810214334/domains/embellish-beauty.co.uk/public_html/app/Views/service_list.php')
 3 SYSTEMPATH/View/View.php(227): CodeIgniter\View\View->CodeIgniter\View\{closure}()
 4 SYSTEMPATH/Common.php(1173): CodeIgniter\View\View->render('service_list', [], true)
 5 APPPATH/Controllers/Home.php(129): view('service_list', [...])
 6 SYSTEMPATH/CodeIgniter.php(933): App\Controllers\Home->fetch_services()
 7 SYSTEMPATH/CodeIgniter.php(507): CodeIgniter\CodeIgniter->runController(Object(App\Controllers\Home))
 8 SYSTEMPATH/CodeIgniter.php(354): CodeIgniter\CodeIgniter->handleRequest(null, Object(Config\Cache), false)
 9 SYSTEMPATH/Boot.php(334): CodeIgniter\CodeIgniter->run()
10 SYSTEMPATH/Boot.php(67): CodeIgniter\Boot::runCodeIgniter(Object(CodeIgniter\CodeIgniter))
11 FCPATH/index.php(57): CodeIgniter\Boot::bootWeb(Object(Config\Paths))
WARNING - 2025-08-19 03:54:18 --> [DEPRECATED] addslashes(): Passing null to parameter #1 ($string) of type string is deprecated in APPPATH/Views/service_list.php on line 10.
 1 APPPATH/Views/service_list.php(10): addslashes(null)
 2 SYSTEMPATH/View/View.php(224): include('/home/u810214334/domains/embellish-beauty.co.uk/public_html/app/Views/service_list.php')
 3 SYSTEMPATH/View/View.php(227): CodeIgniter\View\View->CodeIgniter\View\{closure}()
 4 SYSTEMPATH/Common.php(1173): CodeIgniter\View\View->render('service_list', [], true)
 5 APPPATH/Controllers/Home.php(129): view('service_list', [...])
 6 SYSTEMPATH/CodeIgniter.php(933): App\Controllers\Home->fetch_services()
 7 SYSTEMPATH/CodeIgniter.php(507): CodeIgniter\CodeIgniter->runController(Object(App\Controllers\Home))
 8 SYSTEMPATH/CodeIgniter.php(354): CodeIgniter\CodeIgniter->handleRequest(null, Object(Config\Cache), false)
 9 SYSTEMPATH/Boot.php(334): CodeIgniter\CodeIgniter->run()
10 SYSTEMPATH/Boot.php(67): CodeIgniter\Boot::runCodeIgniter(Object(CodeIgniter\CodeIgniter))
11 FCPATH/index.php(57): CodeIgniter\Boot::bootWeb(Object(Config\Paths))
WARNING - 2025-08-19 03:54:18 --> [DEPRECATED] addslashes(): Passing null to parameter #1 ($string) of type string is deprecated in APPPATH/Views/service_list.php on line 10.
 1 APPPATH/Views/service_list.php(10): addslashes(null)
 2 SYSTEMPATH/View/View.php(224): include('/home/u810214334/domains/embellish-beauty.co.uk/public_html/app/Views/service_list.php')
 3 SYSTEMPATH/View/View.php(227): CodeIgniter\View\View->CodeIgniter\View\{closure}()
 4 SYSTEMPATH/Common.php(1173): CodeIgniter\View\View->render('service_list', [], true)
 5 APPPATH/Controllers/Home.php(129): view('service_list', [...])
 6 SYSTEMPATH/CodeIgniter.php(933): App\Controllers\Home->fetch_services()
 7 SYSTEMPATH/CodeIgniter.php(507): CodeIgniter\CodeIgniter->runController(Object(App\Controllers\Home))
 8 SYSTEMPATH/CodeIgniter.php(354): CodeIgniter\CodeIgniter->handleRequest(null, Object(Config\Cache), false)
 9 SYSTEMPATH/Boot.php(334): CodeIgniter\CodeIgniter->run()
10 SYSTEMPATH/Boot.php(67): CodeIgniter\Boot::runCodeIgniter(Object(CodeIgniter\CodeIgniter))
11 FCPATH/index.php(57): CodeIgniter\Boot::bootWeb(Object(Config\Paths))
WARNING - 2025-08-19 03:54:18 --> [DEPRECATED] addslashes(): Passing null to parameter #1 ($string) of type string is deprecated in APPPATH/Views/service_list.php on line 10.
 1 APPPATH/Views/service_list.php(10): addslashes(null)
 2 SYSTEMPATH/View/View.php(224): include('/home/u810214334/domains/embellish-beauty.co.uk/public_html/app/Views/service_list.php')
 3 SYSTEMPATH/View/View.php(227): CodeIgniter\View\View->CodeIgniter\View\{closure}()
 4 SYSTEMPATH/Common.php(1173): CodeIgniter\View\View->render('service_list', [], true)
 5 APPPATH/Controllers/Home.php(129): view('service_list', [...])
 6 SYSTEMPATH/CodeIgniter.php(933): App\Controllers\Home->fetch_services()
 7 SYSTEMPATH/CodeIgniter.php(507): CodeIgniter\CodeIgniter->runController(Object(App\Controllers\Home))
 8 SYSTEMPATH/CodeIgniter.php(354): CodeIgniter\CodeIgniter->handleRequest(null, Object(Config\Cache), false)
 9 SYSTEMPATH/Boot.php(334): CodeIgniter\CodeIgniter->run()
10 SYSTEMPATH/Boot.php(67): CodeIgniter\Boot::runCodeIgniter(Object(CodeIgniter\CodeIgniter))
11 FCPATH/index.php(57): CodeIgniter\Boot::bootWeb(Object(Config\Paths))
DEBUG - 2025-08-19 03:54:21 --> Session: Class initialized using 'CodeIgniter\Session\Handlers\FileHandler' driver.
WARNING - 2025-08-19 03:54:21 --> [DEPRECATED] addslashes(): Passing null to parameter #1 ($string) of type string is deprecated in APPPATH/Views/service_list.php on line 10.
 1 APPPATH/Views/service_list.php(10): addslashes(null)
 2 SYSTEMPATH/View/View.php(224): include('/home/u810214334/domains/embellish-beauty.co.uk/public_html/app/Views/service_list.php')
 3 SYSTEMPATH/View/View.php(227): CodeIgniter\View\View->CodeIgniter\View\{closure}()
 4 SYSTEMPATH/Common.php(1173): CodeIgniter\View\View->render('service_list', [], true)
 5 APPPATH/Controllers/Home.php(129): view('service_list', [...])
 6 SYSTEMPATH/CodeIgniter.php(933): App\Controllers\Home->fetch_services()
 7 SYSTEMPATH/CodeIgniter.php(507): CodeIgniter\CodeIgniter->runController(Object(App\Controllers\Home))
 8 SYSTEMPATH/CodeIgniter.php(354): CodeIgniter\CodeIgniter->handleRequest(null, Object(Config\Cache), false)
 9 SYSTEMPATH/Boot.php(334): CodeIgniter\CodeIgniter->run()
10 SYSTEMPATH/Boot.php(67): CodeIgniter\Boot::runCodeIgniter(Object(CodeIgniter\CodeIgniter))
11 FCPATH/index.php(57): CodeIgniter\Boot::bootWeb(Object(Config\Paths))
WARNING - 2025-08-19 03:54:21 --> [DEPRECATED] addslashes(): Passing null to parameter #1 ($string) of type string is deprecated in APPPATH/Views/service_list.php on line 10.
 1 APPPATH/Views/service_list.php(10): addslashes(null)
 2 SYSTEMPATH/View/View.php(224): include('/home/u810214334/domains/embellish-beauty.co.uk/public_html/app/Views/service_list.php')
 3 SYSTEMPATH/View/View.php(227): CodeIgniter\View\View->CodeIgniter\View\{closure}()
 4 SYSTEMPATH/Common.php(1173): CodeIgniter\View\View->render('service_list', [], true)
 5 APPPATH/Controllers/Home.php(129): view('service_list', [...])
 6 SYSTEMPATH/CodeIgniter.php(933): App\Controllers\Home->fetch_services()
 7 SYSTEMPATH/CodeIgniter.php(507): CodeIgniter\CodeIgniter->runController(Object(App\Controllers\Home))
 8 SYSTEMPATH/CodeIgniter.php(354): CodeIgniter\CodeIgniter->handleRequest(null, Object(Config\Cache), false)
 9 SYSTEMPATH/Boot.php(334): CodeIgniter\CodeIgniter->run()
10 SYSTEMPATH/Boot.php(67): CodeIgniter\Boot::runCodeIgniter(Object(CodeIgniter\CodeIgniter))
11 FCPATH/index.php(57): CodeIgniter\Boot::bootWeb(Object(Config\Paths))
WARNING - 2025-08-19 03:54:21 --> [DEPRECATED] addslashes(): Passing null to parameter #1 ($string) of type string is deprecated in APPPATH/Views/service_list.php on line 10.
 1 APPPATH/Views/service_list.php(10): addslashes(null)
 2 SYSTEMPATH/View/View.php(224): include('/home/u810214334/domains/embellish-beauty.co.uk/public_html/app/Views/service_list.php')
 3 SYSTEMPATH/View/View.php(227): CodeIgniter\View\View->CodeIgniter\View\{closure}()
 4 SYSTEMPATH/Common.php(1173): CodeIgniter\View\View->render('service_list', [], true)
 5 APPPATH/Controllers/Home.php(129): view('service_list', [...])
 6 SYSTEMPATH/CodeIgniter.php(933): App\Controllers\Home->fetch_services()
 7 SYSTEMPATH/CodeIgniter.php(507): CodeIgniter\CodeIgniter->runController(Object(App\Controllers\Home))
 8 SYSTEMPATH/CodeIgniter.php(354): CodeIgniter\CodeIgniter->handleRequest(null, Object(Config\Cache), false)
 9 SYSTEMPATH/Boot.php(334): CodeIgniter\CodeIgniter->run()
10 SYSTEMPATH/Boot.php(67): CodeIgniter\Boot::runCodeIgniter(Object(CodeIgniter\CodeIgniter))
11 FCPATH/index.php(57): CodeIgniter\Boot::bootWeb(Object(Config\Paths))
WARNING - 2025-08-19 03:54:21 --> [DEPRECATED] addslashes(): Passing null to parameter #1 ($string) of type string is deprecated in APPPATH/Views/service_list.php on line 10.
 1 APPPATH/Views/service_list.php(10): addslashes(null)
 2 SYSTEMPATH/View/View.php(224): include('/home/u810214334/domains/embellish-beauty.co.uk/public_html/app/Views/service_list.php')
 3 SYSTEMPATH/View/View.php(227): CodeIgniter\View\View->CodeIgniter\View\{closure}()
 4 SYSTEMPATH/Common.php(1173): CodeIgniter\View\View->render('service_list', [], true)
 5 APPPATH/Controllers/Home.php(129): view('service_list', [...])
 6 SYSTEMPATH/CodeIgniter.php(933): App\Controllers\Home->fetch_services()
 7 SYSTEMPATH/CodeIgniter.php(507): CodeIgniter\CodeIgniter->runController(Object(App\Controllers\Home))
 8 SYSTEMPATH/CodeIgniter.php(354): CodeIgniter\CodeIgniter->handleRequest(null, Object(Config\Cache), false)
 9 SYSTEMPATH/Boot.php(334): CodeIgniter\CodeIgniter->run()
10 SYSTEMPATH/Boot.php(67): CodeIgniter\Boot::runCodeIgniter(Object(CodeIgniter\CodeIgniter))
11 FCPATH/index.php(57): CodeIgniter\Boot::bootWeb(Object(Config\Paths))
WARNING - 2025-08-19 03:54:21 --> [DEPRECATED] addslashes(): Passing null to parameter #1 ($string) of type string is deprecated in APPPATH/Views/service_list.php on line 10.
 1 APPPATH/Views/service_list.php(10): addslashes(null)
 2 SYSTEMPATH/View/View.php(224): include('/home/u810214334/domains/embellish-beauty.co.uk/public_html/app/Views/service_list.php')
 3 SYSTEMPATH/View/View.php(227): CodeIgniter\View\View->CodeIgniter\View\{closure}()
 4 SYSTEMPATH/Common.php(1173): CodeIgniter\View\View->render('service_list', [], true)
 5 APPPATH/Controllers/Home.php(129): view('service_list', [...])
 6 SYSTEMPATH/CodeIgniter.php(933): App\Controllers\Home->fetch_services()
 7 SYSTEMPATH/CodeIgniter.php(507): CodeIgniter\CodeIgniter->runController(Object(App\Controllers\Home))
 8 SYSTEMPATH/CodeIgniter.php(354): CodeIgniter\CodeIgniter->handleRequest(null, Object(Config\Cache), false)
 9 SYSTEMPATH/Boot.php(334): CodeIgniter\CodeIgniter->run()
10 SYSTEMPATH/Boot.php(67): CodeIgniter\Boot::runCodeIgniter(Object(CodeIgniter\CodeIgniter))
11 FCPATH/index.php(57): CodeIgniter\Boot::bootWeb(Object(Config\Paths))
WARNING - 2025-08-19 03:54:21 --> [DEPRECATED] addslashes(): Passing null to parameter #1 ($string) of type string is deprecated in APPPATH/Views/service_list.php on line 10.
 1 APPPATH/Views/service_list.php(10): addslashes(null)
 2 SYSTEMPATH/View/View.php(224): include('/home/u810214334/domains/embellish-beauty.co.uk/public_html/app/Views/service_list.php')
 3 SYSTEMPATH/View/View.php(227): CodeIgniter\View\View->CodeIgniter\View\{closure}()
 4 SYSTEMPATH/Common.php(1173): CodeIgniter\View\View->render('service_list', [], true)
 5 APPPATH/Controllers/Home.php(129): view('service_list', [...])
 6 SYSTEMPATH/CodeIgniter.php(933): App\Controllers\Home->fetch_services()
 7 SYSTEMPATH/CodeIgniter.php(507): CodeIgniter\CodeIgniter->runController(Object(App\Controllers\Home))
 8 SYSTEMPATH/CodeIgniter.php(354): CodeIgniter\CodeIgniter->handleRequest(null, Object(Config\Cache), false)
 9 SYSTEMPATH/Boot.php(334): CodeIgniter\CodeIgniter->run()
10 SYSTEMPATH/Boot.php(67): CodeIgniter\Boot::runCodeIgniter(Object(CodeIgniter\CodeIgniter))
11 FCPATH/index.php(57): CodeIgniter\Boot::bootWeb(Object(Config\Paths))
WARNING - 2025-08-19 03:54:21 --> [DEPRECATED] addslashes(): Passing null to parameter #1 ($string) of type string is deprecated in APPPATH/Views/service_list.php on line 10.
 1 APPPATH/Views/service_list.php(10): addslashes(null)
 2 SYSTEMPATH/View/View.php(224): include('/home/u810214334/domains/embellish-beauty.co.uk/public_html/app/Views/service_list.php')
 3 SYSTEMPATH/View/View.php(227): CodeIgniter\View\View->CodeIgniter\View\{closure}()
 4 SYSTEMPATH/Common.php(1173): CodeIgniter\View\View->render('service_list', [], true)
 5 APPPATH/Controllers/Home.php(129): view('service_list', [...])
 6 SYSTEMPATH/CodeIgniter.php(933): App\Controllers\Home->fetch_services()
 7 SYSTEMPATH/CodeIgniter.php(507): CodeIgniter\CodeIgniter->runController(Object(App\Controllers\Home))
 8 SYSTEMPATH/CodeIgniter.php(354): CodeIgniter\CodeIgniter->handleRequest(null, Object(Config\Cache), false)
 9 SYSTEMPATH/Boot.php(334): CodeIgniter\CodeIgniter->run()
10 SYSTEMPATH/Boot.php(67): CodeIgniter\Boot::runCodeIgniter(Object(CodeIgniter\CodeIgniter))
11 FCPATH/index.php(57): CodeIgniter\Boot::bootWeb(Object(Config\Paths))
WARNING - 2025-08-19 03:54:21 --> [DEPRECATED] addslashes(): Passing null to parameter #1 ($string) of type string is deprecated in APPPATH/Views/service_list.php on line 10.
 1 APPPATH/Views/service_list.php(10): addslashes(null)
 2 SYSTEMPATH/View/View.php(224): include('/home/u810214334/domains/embellish-beauty.co.uk/public_html/app/Views/service_list.php')
 3 SYSTEMPATH/View/View.php(227): CodeIgniter\View\View->CodeIgniter\View\{closure}()
 4 SYSTEMPATH/Common.php(1173): CodeIgniter\View\View->render('service_list', [], true)
 5 APPPATH/Controllers/Home.php(129): view('service_list', [...])
 6 SYSTEMPATH/CodeIgniter.php(933): App\Controllers\Home->fetch_services()
 7 SYSTEMPATH/CodeIgniter.php(507): CodeIgniter\CodeIgniter->runController(Object(App\Controllers\Home))
 8 SYSTEMPATH/CodeIgniter.php(354): CodeIgniter\CodeIgniter->handleRequest(null, Object(Config\Cache), false)
 9 SYSTEMPATH/Boot.php(334): CodeIgniter\CodeIgniter->run()
10 SYSTEMPATH/Boot.php(67): CodeIgniter\Boot::runCodeIgniter(Object(CodeIgniter\CodeIgniter))
11 FCPATH/index.php(57): CodeIgniter\Boot::bootWeb(Object(Config\Paths))
WARNING - 2025-08-19 03:54:21 --> [DEPRECATED] addslashes(): Passing null to parameter #1 ($string) of type string is deprecated in APPPATH/Views/service_list.php on line 10.
 1 APPPATH/Views/service_list.php(10): addslashes(null)
 2 SYSTEMPATH/View/View.php(224): include('/home/u810214334/domains/embellish-beauty.co.uk/public_html/app/Views/service_list.php')
 3 SYSTEMPATH/View/View.php(227): CodeIgniter\View\View->CodeIgniter\View\{closure}()
 4 SYSTEMPATH/Common.php(1173): CodeIgniter\View\View->render('service_list', [], true)
 5 APPPATH/Controllers/Home.php(129): view('service_list', [...])
 6 SYSTEMPATH/CodeIgniter.php(933): App\Controllers\Home->fetch_services()
 7 SYSTEMPATH/CodeIgniter.php(507): CodeIgniter\CodeIgniter->runController(Object(App\Controllers\Home))
 8 SYSTEMPATH/CodeIgniter.php(354): CodeIgniter\CodeIgniter->handleRequest(null, Object(Config\Cache), false)
 9 SYSTEMPATH/Boot.php(334): CodeIgniter\CodeIgniter->run()
10 SYSTEMPATH/Boot.php(67): CodeIgniter\Boot::runCodeIgniter(Object(CodeIgniter\CodeIgniter))
11 FCPATH/index.php(57): CodeIgniter\Boot::bootWeb(Object(Config\Paths))
WARNING - 2025-08-19 03:54:21 --> [DEPRECATED] addslashes(): Passing null to parameter #1 ($string) of type string is deprecated in APPPATH/Views/service_list.php on line 10.
 1 APPPATH/Views/service_list.php(10): addslashes(null)
 2 SYSTEMPATH/View/View.php(224): include('/home/u810214334/domains/embellish-beauty.co.uk/public_html/app/Views/service_list.php')
 3 SYSTEMPATH/View/View.php(227): CodeIgniter\View\View->CodeIgniter\View\{closure}()
 4 SYSTEMPATH/Common.php(1173): CodeIgniter\View\View->render('service_list', [], true)
 5 APPPATH/Controllers/Home.php(129): view('service_list', [...])
 6 SYSTEMPATH/CodeIgniter.php(933): App\Controllers\Home->fetch_services()
 7 SYSTEMPATH/CodeIgniter.php(507): CodeIgniter\CodeIgniter->runController(Object(App\Controllers\Home))
 8 SYSTEMPATH/CodeIgniter.php(354): CodeIgniter\CodeIgniter->handleRequest(null, Object(Config\Cache), false)
 9 SYSTEMPATH/Boot.php(334): CodeIgniter\CodeIgniter->run()
10 SYSTEMPATH/Boot.php(67): CodeIgniter\Boot::runCodeIgniter(Object(CodeIgniter\CodeIgniter))
11 FCPATH/index.php(57): CodeIgniter\Boot::bootWeb(Object(Config\Paths))
WARNING - 2025-08-19 03:54:21 --> [DEPRECATED] addslashes(): Passing null to parameter #1 ($string) of type string is deprecated in APPPATH/Views/service_list.php on line 10.
 1 APPPATH/Views/service_list.php(10): addslashes(null)
 2 SYSTEMPATH/View/View.php(224): include('/home/u810214334/domains/embellish-beauty.co.uk/public_html/app/Views/service_list.php')
 3 SYSTEMPATH/View/View.php(227): CodeIgniter\View\View->CodeIgniter\View\{closure}()
 4 SYSTEMPATH/Common.php(1173): CodeIgniter\View\View->render('service_list', [], true)
 5 APPPATH/Controllers/Home.php(129): view('service_list', [...])
 6 SYSTEMPATH/CodeIgniter.php(933): App\Controllers\Home->fetch_services()
 7 SYSTEMPATH/CodeIgniter.php(507): CodeIgniter\CodeIgniter->runController(Object(App\Controllers\Home))
 8 SYSTEMPATH/CodeIgniter.php(354): CodeIgniter\CodeIgniter->handleRequest(null, Object(Config\Cache), false)
 9 SYSTEMPATH/Boot.php(334): CodeIgniter\CodeIgniter->run()
10 SYSTEMPATH/Boot.php(67): CodeIgniter\Boot::runCodeIgniter(Object(CodeIgniter\CodeIgniter))
11 FCPATH/index.php(57): CodeIgniter\Boot::bootWeb(Object(Config\Paths))
WARNING - 2025-08-19 03:54:21 --> [DEPRECATED] addslashes(): Passing null to parameter #1 ($string) of type string is deprecated in APPPATH/Views/service_list.php on line 10.
 1 APPPATH/Views/service_list.php(10): addslashes(null)
 2 SYSTEMPATH/View/View.php(224): include('/home/u810214334/domains/embellish-beauty.co.uk/public_html/app/Views/service_list.php')
 3 SYSTEMPATH/View/View.php(227): CodeIgniter\View\View->CodeIgniter\View\{closure}()
 4 SYSTEMPATH/Common.php(1173): CodeIgniter\View\View->render('service_list', [], true)
 5 APPPATH/Controllers/Home.php(129): view('service_list', [...])
 6 SYSTEMPATH/CodeIgniter.php(933): App\Controllers\Home->fetch_services()
 7 SYSTEMPATH/CodeIgniter.php(507): CodeIgniter\CodeIgniter->runController(Object(App\Controllers\Home))
 8 SYSTEMPATH/CodeIgniter.php(354): CodeIgniter\CodeIgniter->handleRequest(null, Object(Config\Cache), false)
 9 SYSTEMPATH/Boot.php(334): CodeIgniter\CodeIgniter->run()
10 SYSTEMPATH/Boot.php(67): CodeIgniter\Boot::runCodeIgniter(Object(CodeIgniter\CodeIgniter))
11 FCPATH/index.php(57): CodeIgniter\Boot::bootWeb(Object(Config\Paths))
WARNING - 2025-08-19 03:54:21 --> [DEPRECATED] addslashes(): Passing null to parameter #1 ($string) of type string is deprecated in APPPATH/Views/service_list.php on line 10.
 1 APPPATH/Views/service_list.php(10): addslashes(null)
 2 SYSTEMPATH/View/View.php(224): include('/home/u810214334/domains/embellish-beauty.co.uk/public_html/app/Views/service_list.php')
 3 SYSTEMPATH/View/View.php(227): CodeIgniter\View\View->CodeIgniter\View\{closure}()
 4 SYSTEMPATH/Common.php(1173): CodeIgniter\View\View->render('service_list', [], true)
 5 APPPATH/Controllers/Home.php(129): view('service_list', [...])
 6 SYSTEMPATH/CodeIgniter.php(933): App\Controllers\Home->fetch_services()
 7 SYSTEMPATH/CodeIgniter.php(507): CodeIgniter\CodeIgniter->runController(Object(App\Controllers\Home))
 8 SYSTEMPATH/CodeIgniter.php(354): CodeIgniter\CodeIgniter->handleRequest(null, Object(Config\Cache), false)
 9 SYSTEMPATH/Boot.php(334): CodeIgniter\CodeIgniter->run()
10 SYSTEMPATH/Boot.php(67): CodeIgniter\Boot::runCodeIgniter(Object(CodeIgniter\CodeIgniter))
11 FCPATH/index.php(57): CodeIgniter\Boot::bootWeb(Object(Config\Paths))
WARNING - 2025-08-19 03:54:21 --> [DEPRECATED] addslashes(): Passing null to parameter #1 ($string) of type string is deprecated in APPPATH/Views/service_list.php on line 10.
 1 APPPATH/Views/service_list.php(10): addslashes(null)
 2 SYSTEMPATH/View/View.php(224): include('/home/u810214334/domains/embellish-beauty.co.uk/public_html/app/Views/service_list.php')
 3 SYSTEMPATH/View/View.php(227): CodeIgniter\View\View->CodeIgniter\View\{closure}()
 4 SYSTEMPATH/Common.php(1173): CodeIgniter\View\View->render('service_list', [], true)
 5 APPPATH/Controllers/Home.php(129): view('service_list', [...])
 6 SYSTEMPATH/CodeIgniter.php(933): App\Controllers\Home->fetch_services()
 7 SYSTEMPATH/CodeIgniter.php(507): CodeIgniter\CodeIgniter->runController(Object(App\Controllers\Home))
 8 SYSTEMPATH/CodeIgniter.php(354): CodeIgniter\CodeIgniter->handleRequest(null, Object(Config\Cache), false)
 9 SYSTEMPATH/Boot.php(334): CodeIgniter\CodeIgniter->run()
10 SYSTEMPATH/Boot.php(67): CodeIgniter\Boot::runCodeIgniter(Object(CodeIgniter\CodeIgniter))
11 FCPATH/index.php(57): CodeIgniter\Boot::bootWeb(Object(Config\Paths))
WARNING - 2025-08-19 03:54:21 --> [DEPRECATED] addslashes(): Passing null to parameter #1 ($string) of type string is deprecated in APPPATH/Views/service_list.php on line 10.
 1 APPPATH/Views/service_list.php(10): addslashes(null)
 2 SYSTEMPATH/View/View.php(224): include('/home/u810214334/domains/embellish-beauty.co.uk/public_html/app/Views/service_list.php')
 3 SYSTEMPATH/View/View.php(227): CodeIgniter\View\View->CodeIgniter\View\{closure}()
 4 SYSTEMPATH/Common.php(1173): CodeIgniter\View\View->render('service_list', [], true)
 5 APPPATH/Controllers/Home.php(129): view('service_list', [...])
 6 SYSTEMPATH/CodeIgniter.php(933): App\Controllers\Home->fetch_services()
 7 SYSTEMPATH/CodeIgniter.php(507): CodeIgniter\CodeIgniter->runController(Object(App\Controllers\Home))
 8 SYSTEMPATH/CodeIgniter.php(354): CodeIgniter\CodeIgniter->handleRequest(null, Object(Config\Cache), false)
 9 SYSTEMPATH/Boot.php(334): CodeIgniter\CodeIgniter->run()
10 SYSTEMPATH/Boot.php(67): CodeIgniter\Boot::runCodeIgniter(Object(CodeIgniter\CodeIgniter))
11 FCPATH/index.php(57): CodeIgniter\Boot::bootWeb(Object(Config\Paths))
WARNING - 2025-08-19 03:54:21 --> [DEPRECATED] addslashes(): Passing null to parameter #1 ($string) of type string is deprecated in APPPATH/Views/service_list.php on line 10.
 1 APPPATH/Views/service_list.php(10): addslashes(null)
 2 SYSTEMPATH/View/View.php(224): include('/home/u810214334/domains/embellish-beauty.co.uk/public_html/app/Views/service_list.php')
 3 SYSTEMPATH/View/View.php(227): CodeIgniter\View\View->CodeIgniter\View\{closure}()
 4 SYSTEMPATH/Common.php(1173): CodeIgniter\View\View->render('service_list', [], true)
 5 APPPATH/Controllers/Home.php(129): view('service_list', [...])
 6 SYSTEMPATH/CodeIgniter.php(933): App\Controllers\Home->fetch_services()
 7 SYSTEMPATH/CodeIgniter.php(507): CodeIgniter\CodeIgniter->runController(Object(App\Controllers\Home))
 8 SYSTEMPATH/CodeIgniter.php(354): CodeIgniter\CodeIgniter->handleRequest(null, Object(Config\Cache), false)
 9 SYSTEMPATH/Boot.php(334): CodeIgniter\CodeIgniter->run()
10 SYSTEMPATH/Boot.php(67): CodeIgniter\Boot::runCodeIgniter(Object(CodeIgniter\CodeIgniter))
11 FCPATH/index.php(57): CodeIgniter\Boot::bootWeb(Object(Config\Paths))
WARNING - 2025-08-19 03:54:21 --> [DEPRECATED] addslashes(): Passing null to parameter #1 ($string) of type string is deprecated in APPPATH/Views/service_list.php on line 10.
 1 APPPATH/Views/service_list.php(10): addslashes(null)
 2 SYSTEMPATH/View/View.php(224): include('/home/u810214334/domains/embellish-beauty.co.uk/public_html/app/Views/service_list.php')
 3 SYSTEMPATH/View/View.php(227): CodeIgniter\View\View->CodeIgniter\View\{closure}()
 4 SYSTEMPATH/Common.php(1173): CodeIgniter\View\View->render('service_list', [], true)
 5 APPPATH/Controllers/Home.php(129): view('service_list', [...])
 6 SYSTEMPATH/CodeIgniter.php(933): App\Controllers\Home->fetch_services()
 7 SYSTEMPATH/CodeIgniter.php(507): CodeIgniter\CodeIgniter->runController(Object(App\Controllers\Home))
 8 SYSTEMPATH/CodeIgniter.php(354): CodeIgniter\CodeIgniter->handleRequest(null, Object(Config\Cache), false)
 9 SYSTEMPATH/Boot.php(334): CodeIgniter\CodeIgniter->run()
10 SYSTEMPATH/Boot.php(67): CodeIgniter\Boot::runCodeIgniter(Object(CodeIgniter\CodeIgniter))
11 FCPATH/index.php(57): CodeIgniter\Boot::bootWeb(Object(Config\Paths))
DEBUG - 2025-08-19 04:29:32 --> Session: Class initialized using 'CodeIgniter\Session\Handlers\FileHandler' driver.
DEBUG - 2025-08-19 04:37:21 --> Session: Class initialized using 'CodeIgniter\Session\Handlers\FileHandler' driver.
DEBUG - 2025-08-19 04:38:08 --> Session: Class initialized using 'CodeIgniter\Session\Handlers\FileHandler' driver.
DEBUG - 2025-08-19 04:38:09 --> Session: Class initialized using 'CodeIgniter\Session\Handlers\FileHandler' driver.
DEBUG - 2025-08-19 04:47:53 --> Session: Class initialized using 'CodeIgniter\Session\Handlers\FileHandler' driver.
DEBUG - 2025-08-19 05:07:08 --> Session: Class initialized using 'CodeIgniter\Session\Handlers\FileHandler' driver.
DEBUG - 2025-08-19 05:07:18 --> Session: Class initialized using 'CodeIgniter\Session\Handlers\FileHandler' driver.
DEBUG - 2025-08-19 06:51:47 --> Session: Class initialized using 'CodeIgniter\Session\Handlers\FileHandler' driver.
DEBUG - 2025-08-19 06:51:48 --> Session: Class initialized using 'CodeIgniter\Session\Handlers\FileHandler' driver.
DEBUG - 2025-08-19 06:52:20 --> Session: Class initialized using 'CodeIgniter\Session\Handlers\FileHandler' driver.
DEBUG - 2025-08-19 06:52:21 --> Session: Class initialized using 'CodeIgniter\Session\Handlers\FileHandler' driver.
DEBUG - 2025-08-19 06:52:32 --> Session: Class initialized using 'CodeIgniter\Session\Handlers\FileHandler' driver.
DEBUG - 2025-08-19 06:52:36 --> Session: Class initialized using 'CodeIgniter\Session\Handlers\FileHandler' driver.
DEBUG - 2025-08-19 06:58:10 --> Session: Class initialized using 'CodeIgniter\Session\Handlers\FileHandler' driver.
DEBUG - 2025-08-19 06:58:11 --> Session: Class initialized using 'CodeIgniter\Session\Handlers\FileHandler' driver.
DEBUG - 2025-08-19 07:19:25 --> Session: Class initialized using 'CodeIgniter\Session\Handlers\FileHandler' driver.
DEBUG - 2025-08-19 07:53:42 --> Session: Class initialized using 'CodeIgniter\Session\Handlers\FileHandler' driver.
DEBUG - 2025-08-19 07:53:43 --> Session: Class initialized using 'CodeIgniter\Session\Handlers\FileHandler' driver.
DEBUG - 2025-08-19 08:05:52 --> Session: Class initialized using 'CodeIgniter\Session\Handlers\FileHandler' driver.
DEBUG - 2025-08-19 08:11:52 --> Session: Class initialized using 'CodeIgniter\Session\Handlers\FileHandler' driver.
DEBUG - 2025-08-19 08:17:56 --> Session: Class initialized using 'CodeIgniter\Session\Handlers\FileHandler' driver.
DEBUG - 2025-08-19 08:23:57 --> Session: Class initialized using 'CodeIgniter\Session\Handlers\FileHandler' driver.
DEBUG - 2025-08-19 08:43:09 --> Session: Class initialized using 'CodeIgniter\Session\Handlers\FileHandler' driver.
DEBUG - 2025-08-19 08:43:22 --> Session: Class initialized using 'CodeIgniter\Session\Handlers\FileHandler' driver.
DEBUG - 2025-08-19 08:43:23 --> Session: Class initialized using 'CodeIgniter\Session\Handlers\FileHandler' driver.
DEBUG - 2025-08-19 08:43:23 --> Session: Class initialized using 'CodeIgniter\Session\Handlers\FileHandler' driver.
DEBUG - 2025-08-19 08:43:49 --> Session: Class initialized using 'CodeIgniter\Session\Handlers\FileHandler' driver.
DEBUG - 2025-08-19 08:44:15 --> Session: Class initialized using 'CodeIgniter\Session\Handlers\FileHandler' driver.
DEBUG - 2025-08-19 08:46:36 --> Session: Class initialized using 'CodeIgniter\Session\Handlers\FileHandler' driver.
DEBUG - 2025-08-19 08:53:56 --> Session: Class initialized using 'CodeIgniter\Session\Handlers\FileHandler' driver.
DEBUG - 2025-08-19 08:54:00 --> Session: Class initialized using 'CodeIgniter\Session\Handlers\FileHandler' driver.
DEBUG - 2025-08-19 08:54:03 --> Session: Class initialized using 'CodeIgniter\Session\Handlers\FileHandler' driver.
DEBUG - 2025-08-19 08:54:05 --> Session: Class initialized using 'CodeIgniter\Session\Handlers\FileHandler' driver.
DEBUG - 2025-08-19 09:10:51 --> Session: Class initialized using 'CodeIgniter\Session\Handlers\FileHandler' driver.
DEBUG - 2025-08-19 09:34:47 --> Session: Class initialized using 'CodeIgniter\Session\Handlers\FileHandler' driver.
DEBUG - 2025-08-19 10:06:20 --> Session: Class initialized using 'CodeIgniter\Session\Handlers\FileHandler' driver.
DEBUG - 2025-08-19 10:08:02 --> Session: Class initialized using 'CodeIgniter\Session\Handlers\FileHandler' driver.
DEBUG - 2025-08-19 10:12:38 --> Session: Class initialized using 'CodeIgniter\Session\Handlers\FileHandler' driver.
DEBUG - 2025-08-19 10:14:53 --> Session: Class initialized using 'CodeIgniter\Session\Handlers\FileHandler' driver.
DEBUG - 2025-08-19 10:36:01 --> Session: Class initialized using 'CodeIgniter\Session\Handlers\FileHandler' driver.
DEBUG - 2025-08-19 10:37:49 --> Session: Class initialized using 'CodeIgniter\Session\Handlers\FileHandler' driver.
DEBUG - 2025-08-19 10:42:41 --> Session: Class initialized using 'CodeIgniter\Session\Handlers\FileHandler' driver.
DEBUG - 2025-08-19 10:42:42 --> Session: Class initialized using 'CodeIgniter\Session\Handlers\FileHandler' driver.
DEBUG - 2025-08-19 10:42:42 --> Session: Class initialized using 'CodeIgniter\Session\Handlers\FileHandler' driver.
DEBUG - 2025-08-19 10:47:01 --> Session: Class initialized using 'CodeIgniter\Session\Handlers\FileHandler' driver.
DEBUG - 2025-08-19 11:09:04 --> Session: Class initialized using 'CodeIgniter\Session\Handlers\FileHandler' driver.
DEBUG - 2025-08-19 11:14:31 --> Session: Class initialized using 'CodeIgniter\Session\Handlers\FileHandler' driver.
DEBUG - 2025-08-19 11:16:33 --> Session: Class initialized using 'CodeIgniter\Session\Handlers\FileHandler' driver.
DEBUG - 2025-08-19 11:25:30 --> Session: Class initialized using 'CodeIgniter\Session\Handlers\FileHandler' driver.
DEBUG - 2025-08-19 11:35:06 --> Session: Class initialized using 'CodeIgniter\Session\Handlers\FileHandler' driver.
DEBUG - 2025-08-19 11:48:35 --> Session: Class initialized using 'CodeIgniter\Session\Handlers\FileHandler' driver.
DEBUG - 2025-08-19 11:50:37 --> Session: Class initialized using 'CodeIgniter\Session\Handlers\FileHandler' driver.
DEBUG - 2025-08-19 11:50:37 --> Session: Class initialized using 'CodeIgniter\Session\Handlers\FileHandler' driver.
DEBUG - 2025-08-19 11:51:46 --> Session: Class initialized using 'CodeIgniter\Session\Handlers\FileHandler' driver.
DEBUG - 2025-08-19 11:55:22 --> Session: Class initialized using 'CodeIgniter\Session\Handlers\FileHandler' driver.
DEBUG - 2025-08-19 11:55:22 --> Session: Class initialized using 'CodeIgniter\Session\Handlers\FileHandler' driver.
DEBUG - 2025-08-19 11:55:27 --> Session: Class initialized using 'CodeIgniter\Session\Handlers\FileHandler' driver.
DEBUG - 2025-08-19 11:55:34 --> Session: Class initialized using 'CodeIgniter\Session\Handlers\FileHandler' driver.
DEBUG - 2025-08-19 11:55:52 --> Session: Class initialized using 'CodeIgniter\Session\Handlers\FileHandler' driver.
DEBUG - 2025-08-19 11:55:58 --> Session: Class initialized using 'CodeIgniter\Session\Handlers\FileHandler' driver.
DEBUG - 2025-08-19 11:55:58 --> Session: Class initialized using 'CodeIgniter\Session\Handlers\FileHandler' driver.
DEBUG - 2025-08-19 11:55:58 --> Session: Class initialized using 'CodeIgniter\Session\Handlers\FileHandler' driver.
WARNING - 2025-08-19 11:55:58 --> [DEPRECATED] addslashes(): Passing null to parameter #1 ($string) of type string is deprecated in APPPATH/Views/service_list.php on line 10.
 1 APPPATH/Views/service_list.php(10): addslashes(null)
 2 SYSTEMPATH/View/View.php(224): include('/home/u810214334/domains/embellish-beauty.co.uk/public_html/app/Views/service_list.php')
 3 SYSTEMPATH/View/View.php(227): CodeIgniter\View\View->CodeIgniter\View\{closure}()
 4 SYSTEMPATH/Common.php(1173): CodeIgniter\View\View->render('service_list', [], true)
 5 APPPATH/Controllers/Home.php(129): view('service_list', [...])
 6 SYSTEMPATH/CodeIgniter.php(933): App\Controllers\Home->fetch_services()
 7 SYSTEMPATH/CodeIgniter.php(507): CodeIgniter\CodeIgniter->runController(Object(App\Controllers\Home))
 8 SYSTEMPATH/CodeIgniter.php(354): CodeIgniter\CodeIgniter->handleRequest(null, Object(Config\Cache), false)
 9 SYSTEMPATH/Boot.php(334): CodeIgniter\CodeIgniter->run()
10 SYSTEMPATH/Boot.php(67): CodeIgniter\Boot::runCodeIgniter(Object(CodeIgniter\CodeIgniter))
11 FCPATH/index.php(57): CodeIgniter\Boot::bootWeb(Object(Config\Paths))
WARNING - 2025-08-19 11:55:58 --> [DEPRECATED] addslashes(): Passing null to parameter #1 ($string) of type string is deprecated in APPPATH/Views/service_list.php on line 10.
 1 APPPATH/Views/service_list.php(10): addslashes(null)
 2 SYSTEMPATH/View/View.php(224): include('/home/u810214334/domains/embellish-beauty.co.uk/public_html/app/Views/service_list.php')
 3 SYSTEMPATH/View/View.php(227): CodeIgniter\View\View->CodeIgniter\View\{closure}()
 4 SYSTEMPATH/Common.php(1173): CodeIgniter\View\View->render('service_list', [], true)
 5 APPPATH/Controllers/Home.php(129): view('service_list', [...])
 6 SYSTEMPATH/CodeIgniter.php(933): App\Controllers\Home->fetch_services()
 7 SYSTEMPATH/CodeIgniter.php(507): CodeIgniter\CodeIgniter->runController(Object(App\Controllers\Home))
 8 SYSTEMPATH/CodeIgniter.php(354): CodeIgniter\CodeIgniter->handleRequest(null, Object(Config\Cache), false)
 9 SYSTEMPATH/Boot.php(334): CodeIgniter\CodeIgniter->run()
10 SYSTEMPATH/Boot.php(67): CodeIgniter\Boot::runCodeIgniter(Object(CodeIgniter\CodeIgniter))
11 FCPATH/index.php(57): CodeIgniter\Boot::bootWeb(Object(Config\Paths))
WARNING - 2025-08-19 11:55:58 --> [DEPRECATED] addslashes(): Passing null to parameter #1 ($string) of type string is deprecated in APPPATH/Views/service_list.php on line 10.
 1 APPPATH/Views/service_list.php(10): addslashes(null)
 2 SYSTEMPATH/View/View.php(224): include('/home/u810214334/domains/embellish-beauty.co.uk/public_html/app/Views/service_list.php')
 3 SYSTEMPATH/View/View.php(227): CodeIgniter\View\View->CodeIgniter\View\{closure}()
 4 SYSTEMPATH/Common.php(1173): CodeIgniter\View\View->render('service_list', [], true)
 5 APPPATH/Controllers/Home.php(129): view('service_list', [...])
 6 SYSTEMPATH/CodeIgniter.php(933): App\Controllers\Home->fetch_services()
 7 SYSTEMPATH/CodeIgniter.php(507): CodeIgniter\CodeIgniter->runController(Object(App\Controllers\Home))
 8 SYSTEMPATH/CodeIgniter.php(354): CodeIgniter\CodeIgniter->handleRequest(null, Object(Config\Cache), false)
 9 SYSTEMPATH/Boot.php(334): CodeIgniter\CodeIgniter->run()
10 SYSTEMPATH/Boot.php(67): CodeIgniter\Boot::runCodeIgniter(Object(CodeIgniter\CodeIgniter))
11 FCPATH/index.php(57): CodeIgniter\Boot::bootWeb(Object(Config\Paths))
WARNING - 2025-08-19 11:55:58 --> [DEPRECATED] addslashes(): Passing null to parameter #1 ($string) of type string is deprecated in APPPATH/Views/service_list.php on line 10.
 1 APPPATH/Views/service_list.php(10): addslashes(null)
 2 SYSTEMPATH/View/View.php(224): include('/home/u810214334/domains/embellish-beauty.co.uk/public_html/app/Views/service_list.php')
 3 SYSTEMPATH/View/View.php(227): CodeIgniter\View\View->CodeIgniter\View\{closure}()
 4 SYSTEMPATH/Common.php(1173): CodeIgniter\View\View->render('service_list', [], true)
 5 APPPATH/Controllers/Home.php(129): view('service_list', [...])
 6 SYSTEMPATH/CodeIgniter.php(933): App\Controllers\Home->fetch_services()
 7 SYSTEMPATH/CodeIgniter.php(507): CodeIgniter\CodeIgniter->runController(Object(App\Controllers\Home))
 8 SYSTEMPATH/CodeIgniter.php(354): CodeIgniter\CodeIgniter->handleRequest(null, Object(Config\Cache), false)
 9 SYSTEMPATH/Boot.php(334): CodeIgniter\CodeIgniter->run()
10 SYSTEMPATH/Boot.php(67): CodeIgniter\Boot::runCodeIgniter(Object(CodeIgniter\CodeIgniter))
11 FCPATH/index.php(57): CodeIgniter\Boot::bootWeb(Object(Config\Paths))
WARNING - 2025-08-19 11:55:58 --> [DEPRECATED] addslashes(): Passing null to parameter #1 ($string) of type string is deprecated in APPPATH/Views/service_list.php on line 10.
 1 APPPATH/Views/service_list.php(10): addslashes(null)
 2 SYSTEMPATH/View/View.php(224): include('/home/u810214334/domains/embellish-beauty.co.uk/public_html/app/Views/service_list.php')
 3 SYSTEMPATH/View/View.php(227): CodeIgniter\View\View->CodeIgniter\View\{closure}()
 4 SYSTEMPATH/Common.php(1173): CodeIgniter\View\View->render('service_list', [], true)
 5 APPPATH/Controllers/Home.php(129): view('service_list', [...])
 6 SYSTEMPATH/CodeIgniter.php(933): App\Controllers\Home->fetch_services()
 7 SYSTEMPATH/CodeIgniter.php(507): CodeIgniter\CodeIgniter->runController(Object(App\Controllers\Home))
 8 SYSTEMPATH/CodeIgniter.php(354): CodeIgniter\CodeIgniter->handleRequest(null, Object(Config\Cache), false)
 9 SYSTEMPATH/Boot.php(334): CodeIgniter\CodeIgniter->run()
10 SYSTEMPATH/Boot.php(67): CodeIgniter\Boot::runCodeIgniter(Object(CodeIgniter\CodeIgniter))
11 FCPATH/index.php(57): CodeIgniter\Boot::bootWeb(Object(Config\Paths))
WARNING - 2025-08-19 11:55:58 --> [DEPRECATED] addslashes(): Passing null to parameter #1 ($string) of type string is deprecated in APPPATH/Views/service_list.php on line 10.
 1 APPPATH/Views/service_list.php(10): addslashes(null)
 2 SYSTEMPATH/View/View.php(224): include('/home/u810214334/domains/embellish-beauty.co.uk/public_html/app/Views/service_list.php')
 3 SYSTEMPATH/View/View.php(227): CodeIgniter\View\View->CodeIgniter\View\{closure}()
 4 SYSTEMPATH/Common.php(1173): CodeIgniter\View\View->render('service_list', [], true)
 5 APPPATH/Controllers/Home.php(129): view('service_list', [...])
 6 SYSTEMPATH/CodeIgniter.php(933): App\Controllers\Home->fetch_services()
 7 SYSTEMPATH/CodeIgniter.php(507): CodeIgniter\CodeIgniter->runController(Object(App\Controllers\Home))
 8 SYSTEMPATH/CodeIgniter.php(354): CodeIgniter\CodeIgniter->handleRequest(null, Object(Config\Cache), false)
 9 SYSTEMPATH/Boot.php(334): CodeIgniter\CodeIgniter->run()
10 SYSTEMPATH/Boot.php(67): CodeIgniter\Boot::runCodeIgniter(Object(CodeIgniter\CodeIgniter))
11 FCPATH/index.php(57): CodeIgniter\Boot::bootWeb(Object(Config\Paths))
WARNING - 2025-08-19 11:55:58 --> [DEPRECATED] addslashes(): Passing null to parameter #1 ($string) of type string is deprecated in APPPATH/Views/service_list.php on line 10.
 1 APPPATH/Views/service_list.php(10): addslashes(null)
 2 SYSTEMPATH/View/View.php(224): include('/home/u810214334/domains/embellish-beauty.co.uk/public_html/app/Views/service_list.php')
 3 SYSTEMPATH/View/View.php(227): CodeIgniter\View\View->CodeIgniter\View\{closure}()
 4 SYSTEMPATH/Common.php(1173): CodeIgniter\View\View->render('service_list', [], true)
 5 APPPATH/Controllers/Home.php(129): view('service_list', [...])
 6 SYSTEMPATH/CodeIgniter.php(933): App\Controllers\Home->fetch_services()
 7 SYSTEMPATH/CodeIgniter.php(507): CodeIgniter\CodeIgniter->runController(Object(App\Controllers\Home))
 8 SYSTEMPATH/CodeIgniter.php(354): CodeIgniter\CodeIgniter->handleRequest(null, Object(Config\Cache), false)
 9 SYSTEMPATH/Boot.php(334): CodeIgniter\CodeIgniter->run()
10 SYSTEMPATH/Boot.php(67): CodeIgniter\Boot::runCodeIgniter(Object(CodeIgniter\CodeIgniter))
11 FCPATH/index.php(57): CodeIgniter\Boot::bootWeb(Object(Config\Paths))
WARNING - 2025-08-19 11:55:58 --> [DEPRECATED] addslashes(): Passing null to parameter #1 ($string) of type string is deprecated in APPPATH/Views/service_list.php on line 10.
 1 APPPATH/Views/service_list.php(10): addslashes(null)
 2 SYSTEMPATH/View/View.php(224): include('/home/u810214334/domains/embellish-beauty.co.uk/public_html/app/Views/service_list.php')
 3 SYSTEMPATH/View/View.php(227): CodeIgniter\View\View->CodeIgniter\View\{closure}()
 4 SYSTEMPATH/Common.php(1173): CodeIgniter\View\View->render('service_list', [], true)
 5 APPPATH/Controllers/Home.php(129): view('service_list', [...])
 6 SYSTEMPATH/CodeIgniter.php(933): App\Controllers\Home->fetch_services()
 7 SYSTEMPATH/CodeIgniter.php(507): CodeIgniter\CodeIgniter->runController(Object(App\Controllers\Home))
 8 SYSTEMPATH/CodeIgniter.php(354): CodeIgniter\CodeIgniter->handleRequest(null, Object(Config\Cache), false)
 9 SYSTEMPATH/Boot.php(334): CodeIgniter\CodeIgniter->run()
10 SYSTEMPATH/Boot.php(67): CodeIgniter\Boot::runCodeIgniter(Object(CodeIgniter\CodeIgniter))
11 FCPATH/index.php(57): CodeIgniter\Boot::bootWeb(Object(Config\Paths))
WARNING - 2025-08-19 11:55:58 --> [DEPRECATED] addslashes(): Passing null to parameter #1 ($string) of type string is deprecated in APPPATH/Views/service_list.php on line 10.
 1 APPPATH/Views/service_list.php(10): addslashes(null)
 2 SYSTEMPATH/View/View.php(224): include('/home/u810214334/domains/embellish-beauty.co.uk/public_html/app/Views/service_list.php')
 3 SYSTEMPATH/View/View.php(227): CodeIgniter\View\View->CodeIgniter\View\{closure}()
 4 SYSTEMPATH/Common.php(1173): CodeIgniter\View\View->render('service_list', [], true)
 5 APPPATH/Controllers/Home.php(129): view('service_list', [...])
 6 SYSTEMPATH/CodeIgniter.php(933): App\Controllers\Home->fetch_services()
 7 SYSTEMPATH/CodeIgniter.php(507): CodeIgniter\CodeIgniter->runController(Object(App\Controllers\Home))
 8 SYSTEMPATH/CodeIgniter.php(354): CodeIgniter\CodeIgniter->handleRequest(null, Object(Config\Cache), false)
 9 SYSTEMPATH/Boot.php(334): CodeIgniter\CodeIgniter->run()
10 SYSTEMPATH/Boot.php(67): CodeIgniter\Boot::runCodeIgniter(Object(CodeIgniter\CodeIgniter))
11 FCPATH/index.php(57): CodeIgniter\Boot::bootWeb(Object(Config\Paths))
WARNING - 2025-08-19 11:55:58 --> [DEPRECATED] addslashes(): Passing null to parameter #1 ($string) of type string is deprecated in APPPATH/Views/service_list.php on line 10.
 1 APPPATH/Views/service_list.php(10): addslashes(null)
 2 SYSTEMPATH/View/View.php(224): include('/home/u810214334/domains/embellish-beauty.co.uk/public_html/app/Views/service_list.php')
 3 SYSTEMPATH/View/View.php(227): CodeIgniter\View\View->CodeIgniter\View\{closure}()
 4 SYSTEMPATH/Common.php(1173): CodeIgniter\View\View->render('service_list', [], true)
 5 APPPATH/Controllers/Home.php(129): view('service_list', [...])
 6 SYSTEMPATH/CodeIgniter.php(933): App\Controllers\Home->fetch_services()
 7 SYSTEMPATH/CodeIgniter.php(507): CodeIgniter\CodeIgniter->runController(Object(App\Controllers\Home))
 8 SYSTEMPATH/CodeIgniter.php(354): CodeIgniter\CodeIgniter->handleRequest(null, Object(Config\Cache), false)
 9 SYSTEMPATH/Boot.php(334): CodeIgniter\CodeIgniter->run()
10 SYSTEMPATH/Boot.php(67): CodeIgniter\Boot::runCodeIgniter(Object(CodeIgniter\CodeIgniter))
11 FCPATH/index.php(57): CodeIgniter\Boot::bootWeb(Object(Config\Paths))
WARNING - 2025-08-19 11:55:58 --> [DEPRECATED] addslashes(): Passing null to parameter #1 ($string) of type string is deprecated in APPPATH/Views/service_list.php on line 10.
 1 APPPATH/Views/service_list.php(10): addslashes(null)
 2 SYSTEMPATH/View/View.php(224): include('/home/u810214334/domains/embellish-beauty.co.uk/public_html/app/Views/service_list.php')
 3 SYSTEMPATH/View/View.php(227): CodeIgniter\View\View->CodeIgniter\View\{closure}()
 4 SYSTEMPATH/Common.php(1173): CodeIgniter\View\View->render('service_list', [], true)
 5 APPPATH/Controllers/Home.php(129): view('service_list', [...])
 6 SYSTEMPATH/CodeIgniter.php(933): App\Controllers\Home->fetch_services()
 7 SYSTEMPATH/CodeIgniter.php(507): CodeIgniter\CodeIgniter->runController(Object(App\Controllers\Home))
 8 SYSTEMPATH/CodeIgniter.php(354): CodeIgniter\CodeIgniter->handleRequest(null, Object(Config\Cache), false)
 9 SYSTEMPATH/Boot.php(334): CodeIgniter\CodeIgniter->run()
10 SYSTEMPATH/Boot.php(67): CodeIgniter\Boot::runCodeIgniter(Object(CodeIgniter\CodeIgniter))
11 FCPATH/index.php(57): CodeIgniter\Boot::bootWeb(Object(Config\Paths))
WARNING - 2025-08-19 11:55:58 --> [DEPRECATED] addslashes(): Passing null to parameter #1 ($string) of type string is deprecated in APPPATH/Views/service_list.php on line 10.
 1 APPPATH/Views/service_list.php(10): addslashes(null)
 2 SYSTEMPATH/View/View.php(224): include('/home/u810214334/domains/embellish-beauty.co.uk/public_html/app/Views/service_list.php')
 3 SYSTEMPATH/View/View.php(227): CodeIgniter\View\View->CodeIgniter\View\{closure}()
 4 SYSTEMPATH/Common.php(1173): CodeIgniter\View\View->render('service_list', [], true)
 5 APPPATH/Controllers/Home.php(129): view('service_list', [...])
 6 SYSTEMPATH/CodeIgniter.php(933): App\Controllers\Home->fetch_services()
 7 SYSTEMPATH/CodeIgniter.php(507): CodeIgniter\CodeIgniter->runController(Object(App\Controllers\Home))
 8 SYSTEMPATH/CodeIgniter.php(354): CodeIgniter\CodeIgniter->handleRequest(null, Object(Config\Cache), false)
 9 SYSTEMPATH/Boot.php(334): CodeIgniter\CodeIgniter->run()
10 SYSTEMPATH/Boot.php(67): CodeIgniter\Boot::runCodeIgniter(Object(CodeIgniter\CodeIgniter))
11 FCPATH/index.php(57): CodeIgniter\Boot::bootWeb(Object(Config\Paths))
WARNING - 2025-08-19 11:55:58 --> [DEPRECATED] addslashes(): Passing null to parameter #1 ($string) of type string is deprecated in APPPATH/Views/service_list.php on line 10.
 1 APPPATH/Views/service_list.php(10): addslashes(null)
 2 SYSTEMPATH/View/View.php(224): include('/home/u810214334/domains/embellish-beauty.co.uk/public_html/app/Views/service_list.php')
 3 SYSTEMPATH/View/View.php(227): CodeIgniter\View\View->CodeIgniter\View\{closure}()
 4 SYSTEMPATH/Common.php(1173): CodeIgniter\View\View->render('service_list', [], true)
 5 APPPATH/Controllers/Home.php(129): view('service_list', [...])
 6 SYSTEMPATH/CodeIgniter.php(933): App\Controllers\Home->fetch_services()
 7 SYSTEMPATH/CodeIgniter.php(507): CodeIgniter\CodeIgniter->runController(Object(App\Controllers\Home))
 8 SYSTEMPATH/CodeIgniter.php(354): CodeIgniter\CodeIgniter->handleRequest(null, Object(Config\Cache), false)
 9 SYSTEMPATH/Boot.php(334): CodeIgniter\CodeIgniter->run()
10 SYSTEMPATH/Boot.php(67): CodeIgniter\Boot::runCodeIgniter(Object(CodeIgniter\CodeIgniter))
11 FCPATH/index.php(57): CodeIgniter\Boot::bootWeb(Object(Config\Paths))
WARNING - 2025-08-19 11:55:58 --> [DEPRECATED] addslashes(): Passing null to parameter #1 ($string) of type string is deprecated in APPPATH/Views/service_list.php on line 10.
 1 APPPATH/Views/service_list.php(10): addslashes(null)
 2 SYSTEMPATH/View/View.php(224): include('/home/u810214334/domains/embellish-beauty.co.uk/public_html/app/Views/service_list.php')
 3 SYSTEMPATH/View/View.php(227): CodeIgniter\View\View->CodeIgniter\View\{closure}()
 4 SYSTEMPATH/Common.php(1173): CodeIgniter\View\View->render('service_list', [], true)
 5 APPPATH/Controllers/Home.php(129): view('service_list', [...])
 6 SYSTEMPATH/CodeIgniter.php(933): App\Controllers\Home->fetch_services()
 7 SYSTEMPATH/CodeIgniter.php(507): CodeIgniter\CodeIgniter->runController(Object(App\Controllers\Home))
 8 SYSTEMPATH/CodeIgniter.php(354): CodeIgniter\CodeIgniter->handleRequest(null, Object(Config\Cache), false)
 9 SYSTEMPATH/Boot.php(334): CodeIgniter\CodeIgniter->run()
10 SYSTEMPATH/Boot.php(67): CodeIgniter\Boot::runCodeIgniter(Object(CodeIgniter\CodeIgniter))
11 FCPATH/index.php(57): CodeIgniter\Boot::bootWeb(Object(Config\Paths))
WARNING - 2025-08-19 11:55:58 --> [DEPRECATED] addslashes(): Passing null to parameter #1 ($string) of type string is deprecated in APPPATH/Views/service_list.php on line 10.
 1 APPPATH/Views/service_list.php(10): addslashes(null)
 2 SYSTEMPATH/View/View.php(224): include('/home/u810214334/domains/embellish-beauty.co.uk/public_html/app/Views/service_list.php')
 3 SYSTEMPATH/View/View.php(227): CodeIgniter\View\View->CodeIgniter\View\{closure}()
 4 SYSTEMPATH/Common.php(1173): CodeIgniter\View\View->render('service_list', [], true)
 5 APPPATH/Controllers/Home.php(129): view('service_list', [...])
 6 SYSTEMPATH/CodeIgniter.php(933): App\Controllers\Home->fetch_services()
 7 SYSTEMPATH/CodeIgniter.php(507): CodeIgniter\CodeIgniter->runController(Object(App\Controllers\Home))
 8 SYSTEMPATH/CodeIgniter.php(354): CodeIgniter\CodeIgniter->handleRequest(null, Object(Config\Cache), false)
 9 SYSTEMPATH/Boot.php(334): CodeIgniter\CodeIgniter->run()
10 SYSTEMPATH/Boot.php(67): CodeIgniter\Boot::runCodeIgniter(Object(CodeIgniter\CodeIgniter))
11 FCPATH/index.php(57): CodeIgniter\Boot::bootWeb(Object(Config\Paths))
WARNING - 2025-08-19 11:55:58 --> [DEPRECATED] addslashes(): Passing null to parameter #1 ($string) of type string is deprecated in APPPATH/Views/service_list.php on line 10.
 1 APPPATH/Views/service_list.php(10): addslashes(null)
 2 SYSTEMPATH/View/View.php(224): include('/home/u810214334/domains/embellish-beauty.co.uk/public_html/app/Views/service_list.php')
 3 SYSTEMPATH/View/View.php(227): CodeIgniter\View\View->CodeIgniter\View\{closure}()
 4 SYSTEMPATH/Common.php(1173): CodeIgniter\View\View->render('service_list', [], true)
 5 APPPATH/Controllers/Home.php(129): view('service_list', [...])
 6 SYSTEMPATH/CodeIgniter.php(933): App\Controllers\Home->fetch_services()
 7 SYSTEMPATH/CodeIgniter.php(507): CodeIgniter\CodeIgniter->runController(Object(App\Controllers\Home))
 8 SYSTEMPATH/CodeIgniter.php(354): CodeIgniter\CodeIgniter->handleRequest(null, Object(Config\Cache), false)
 9 SYSTEMPATH/Boot.php(334): CodeIgniter\CodeIgniter->run()
10 SYSTEMPATH/Boot.php(67): CodeIgniter\Boot::runCodeIgniter(Object(CodeIgniter\CodeIgniter))
11 FCPATH/index.php(57): CodeIgniter\Boot::bootWeb(Object(Config\Paths))
WARNING - 2025-08-19 11:55:58 --> [DEPRECATED] addslashes(): Passing null to parameter #1 ($string) of type string is deprecated in APPPATH/Views/service_list.php on line 10.
 1 APPPATH/Views/service_list.php(10): addslashes(null)
 2 SYSTEMPATH/View/View.php(224): include('/home/u810214334/domains/embellish-beauty.co.uk/public_html/app/Views/service_list.php')
 3 SYSTEMPATH/View/View.php(227): CodeIgniter\View\View->CodeIgniter\View\{closure}()
 4 SYSTEMPATH/Common.php(1173): CodeIgniter\View\View->render('service_list', [], true)
 5 APPPATH/Controllers/Home.php(129): view('service_list', [...])
 6 SYSTEMPATH/CodeIgniter.php(933): App\Controllers\Home->fetch_services()
 7 SYSTEMPATH/CodeIgniter.php(507): CodeIgniter\CodeIgniter->runController(Object(App\Controllers\Home))
 8 SYSTEMPATH/CodeIgniter.php(354): CodeIgniter\CodeIgniter->handleRequest(null, Object(Config\Cache), false)
 9 SYSTEMPATH/Boot.php(334): CodeIgniter\CodeIgniter->run()
10 SYSTEMPATH/Boot.php(67): CodeIgniter\Boot::runCodeIgniter(Object(CodeIgniter\CodeIgniter))
11 FCPATH/index.php(57): CodeIgniter\Boot::bootWeb(Object(Config\Paths))
DEBUG - 2025-08-19 11:55:58 --> Session: Class initialized using 'CodeIgniter\Session\Handlers\FileHandler' driver.
DEBUG - 2025-08-19 12:03:49 --> Session: Class initialized using 'CodeIgniter\Session\Handlers\FileHandler' driver.
DEBUG - 2025-08-19 12:08:05 --> Session: Class initialized using 'CodeIgniter\Session\Handlers\FileHandler' driver.
DEBUG - 2025-08-19 12:10:49 --> Session: Class initialized using 'CodeIgniter\Session\Handlers\FileHandler' driver.
DEBUG - 2025-08-19 12:30:08 --> Session: Class initialized using 'CodeIgniter\Session\Handlers\FileHandler' driver.
DEBUG - 2025-08-19 12:41:03 --> Session: Class initialized using 'CodeIgniter\Session\Handlers\FileHandler' driver.
DEBUG - 2025-08-19 13:01:51 --> Session: Class initialized using 'CodeIgniter\Session\Handlers\FileHandler' driver.
DEBUG - 2025-08-19 13:05:31 --> Session: Class initialized using 'CodeIgniter\Session\Handlers\FileHandler' driver.
DEBUG - 2025-08-19 13:05:32 --> Session: Class initialized using 'CodeIgniter\Session\Handlers\FileHandler' driver.
DEBUG - 2025-08-19 13:08:49 --> Session: Class initialized using 'CodeIgniter\Session\Handlers\FileHandler' driver.
DEBUG - 2025-08-19 13:08:49 --> Session: Class initialized using 'CodeIgniter\Session\Handlers\FileHandler' driver.
DEBUG - 2025-08-19 13:20:08 --> Session: Class initialized using 'CodeIgniter\Session\Handlers\FileHandler' driver.
DEBUG - 2025-08-19 13:20:11 --> Session: Class initialized using 'CodeIgniter\Session\Handlers\FileHandler' driver.
DEBUG - 2025-08-19 13:33:00 --> Session: Class initialized using 'CodeIgniter\Session\Handlers\FileHandler' driver.
DEBUG - 2025-08-19 13:54:12 --> Session: Class initialized using 'CodeIgniter\Session\Handlers\FileHandler' driver.
DEBUG - 2025-08-19 13:59:19 --> Session: Class initialized using 'CodeIgniter\Session\Handlers\FileHandler' driver.
DEBUG - 2025-08-19 14:23:26 --> Session: Class initialized using 'CodeIgniter\Session\Handlers\FileHandler' driver.
DEBUG - 2025-08-19 14:30:21 --> Session: Class initialized using 'CodeIgniter\Session\Handlers\FileHandler' driver.
DEBUG - 2025-08-19 14:37:34 --> Session: Class initialized using 'CodeIgniter\Session\Handlers\FileHandler' driver.
DEBUG - 2025-08-19 14:58:47 --> Session: Class initialized using 'CodeIgniter\Session\Handlers\FileHandler' driver.
DEBUG - 2025-08-19 15:10:17 --> Session: Class initialized using 'CodeIgniter\Session\Handlers\FileHandler' driver.
DEBUG - 2025-08-19 15:10:18 --> Session: Class initialized using 'CodeIgniter\Session\Handlers\FileHandler' driver.
DEBUG - 2025-08-19 15:16:35 --> Session: Class initialized using 'CodeIgniter\Session\Handlers\FileHandler' driver.
DEBUG - 2025-08-19 15:20:28 --> Session: Class initialized using 'CodeIgniter\Session\Handlers\FileHandler' driver.
DEBUG - 2025-08-19 15:23:38 --> Session: Class initialized using 'CodeIgniter\Session\Handlers\FileHandler' driver.
DEBUG - 2025-08-19 15:42:16 --> Session: Class initialized using 'CodeIgniter\Session\Handlers\FileHandler' driver.
DEBUG - 2025-08-19 15:43:47 --> Session: Class initialized using 'CodeIgniter\Session\Handlers\FileHandler' driver.
DEBUG - 2025-08-19 15:50:40 --> Session: Class initialized using 'CodeIgniter\Session\Handlers\FileHandler' driver.
DEBUG - 2025-08-19 15:57:18 --> Session: Class initialized using 'CodeIgniter\Session\Handlers\FileHandler' driver.
DEBUG - 2025-08-19 16:03:17 --> Session: Class initialized using 'CodeIgniter\Session\Handlers\FileHandler' driver.
DEBUG - 2025-08-19 16:14:54 --> Session: Class initialized using 'CodeIgniter\Session\Handlers\FileHandler' driver.
DEBUG - 2025-08-19 16:15:44 --> Session: Class initialized using 'CodeIgniter\Session\Handlers\FileHandler' driver.
DEBUG - 2025-08-19 16:22:05 --> Session: Class initialized using 'CodeIgniter\Session\Handlers\FileHandler' driver.
DEBUG - 2025-08-19 16:22:09 --> Session: Class initialized using 'CodeIgniter\Session\Handlers\FileHandler' driver.
DEBUG - 2025-08-19 16:22:17 --> Session: Class initialized using 'CodeIgniter\Session\Handlers\FileHandler' driver.
DEBUG - 2025-08-19 16:22:18 --> Session: Class initialized using 'CodeIgniter\Session\Handlers\FileHandler' driver.
DEBUG - 2025-08-19 16:33:33 --> Session: Class initialized using 'CodeIgniter\Session\Handlers\FileHandler' driver.
DEBUG - 2025-08-19 16:33:36 --> Session: Class initialized using 'CodeIgniter\Session\Handlers\FileHandler' driver.
DEBUG - 2025-08-19 16:33:43 --> Session: Class initialized using 'CodeIgniter\Session\Handlers\FileHandler' driver.
DEBUG - 2025-08-19 16:33:43 --> Session: Class initialized using 'CodeIgniter\Session\Handlers\FileHandler' driver.
DEBUG - 2025-08-19 16:33:44 --> Session: Class initialized using 'CodeIgniter\Session\Handlers\FileHandler' driver.
DEBUG - 2025-08-19 16:33:52 --> Session: Class initialized using 'CodeIgniter\Session\Handlers\FileHandler' driver.
DEBUG - 2025-08-19 16:33:52 --> Session: Class initialized using 'CodeIgniter\Session\Handlers\FileHandler' driver.
DEBUG - 2025-08-19 16:33:53 --> Session: Class initialized using 'CodeIgniter\Session\Handlers\FileHandler' driver.
WARNING - 2025-08-19 16:33:53 --> [DEPRECATED] addslashes(): Passing null to parameter #1 ($string) of type string is deprecated in APPPATH/Views/service_list.php on line 10.
 1 APPPATH/Views/service_list.php(10): addslashes(null)
 2 SYSTEMPATH/View/View.php(224): include('/home/u810214334/domains/embellish-beauty.co.uk/public_html/app/Views/service_list.php')
 3 SYSTEMPATH/View/View.php(227): CodeIgniter\View\View->CodeIgniter\View\{closure}()
 4 SYSTEMPATH/Common.php(1173): CodeIgniter\View\View->render('service_list', [], true)
 5 APPPATH/Controllers/Home.php(129): view('service_list', [...])
 6 SYSTEMPATH/CodeIgniter.php(933): App\Controllers\Home->fetch_services()
 7 SYSTEMPATH/CodeIgniter.php(507): CodeIgniter\CodeIgniter->runController(Object(App\Controllers\Home))
 8 SYSTEMPATH/CodeIgniter.php(354): CodeIgniter\CodeIgniter->handleRequest(null, Object(Config\Cache), false)
 9 SYSTEMPATH/Boot.php(334): CodeIgniter\CodeIgniter->run()
10 SYSTEMPATH/Boot.php(67): CodeIgniter\Boot::runCodeIgniter(Object(CodeIgniter\CodeIgniter))
11 FCPATH/index.php(57): CodeIgniter\Boot::bootWeb(Object(Config\Paths))
WARNING - 2025-08-19 16:33:53 --> [DEPRECATED] addslashes(): Passing null to parameter #1 ($string) of type string is deprecated in APPPATH/Views/service_list.php on line 10.
 1 APPPATH/Views/service_list.php(10): addslashes(null)
 2 SYSTEMPATH/View/View.php(224): include('/home/u810214334/domains/embellish-beauty.co.uk/public_html/app/Views/service_list.php')
 3 SYSTEMPATH/View/View.php(227): CodeIgniter\View\View->CodeIgniter\View\{closure}()
 4 SYSTEMPATH/Common.php(1173): CodeIgniter\View\View->render('service_list', [], true)
 5 APPPATH/Controllers/Home.php(129): view('service_list', [...])
 6 SYSTEMPATH/CodeIgniter.php(933): App\Controllers\Home->fetch_services()
 7 SYSTEMPATH/CodeIgniter.php(507): CodeIgniter\CodeIgniter->runController(Object(App\Controllers\Home))
 8 SYSTEMPATH/CodeIgniter.php(354): CodeIgniter\CodeIgniter->handleRequest(null, Object(Config\Cache), false)
 9 SYSTEMPATH/Boot.php(334): CodeIgniter\CodeIgniter->run()
10 SYSTEMPATH/Boot.php(67): CodeIgniter\Boot::runCodeIgniter(Object(CodeIgniter\CodeIgniter))
11 FCPATH/index.php(57): CodeIgniter\Boot::bootWeb(Object(Config\Paths))
WARNING - 2025-08-19 16:33:53 --> [DEPRECATED] addslashes(): Passing null to parameter #1 ($string) of type string is deprecated in APPPATH/Views/service_list.php on line 10.
 1 APPPATH/Views/service_list.php(10): addslashes(null)
 2 SYSTEMPATH/View/View.php(224): include('/home/u810214334/domains/embellish-beauty.co.uk/public_html/app/Views/service_list.php')
 3 SYSTEMPATH/View/View.php(227): CodeIgniter\View\View->CodeIgniter\View\{closure}()
 4 SYSTEMPATH/Common.php(1173): CodeIgniter\View\View->render('service_list', [], true)
 5 APPPATH/Controllers/Home.php(129): view('service_list', [...])
 6 SYSTEMPATH/CodeIgniter.php(933): App\Controllers\Home->fetch_services()
 7 SYSTEMPATH/CodeIgniter.php(507): CodeIgniter\CodeIgniter->runController(Object(App\Controllers\Home))
 8 SYSTEMPATH/CodeIgniter.php(354): CodeIgniter\CodeIgniter->handleRequest(null, Object(Config\Cache), false)
 9 SYSTEMPATH/Boot.php(334): CodeIgniter\CodeIgniter->run()
10 SYSTEMPATH/Boot.php(67): CodeIgniter\Boot::runCodeIgniter(Object(CodeIgniter\CodeIgniter))
11 FCPATH/index.php(57): CodeIgniter\Boot::bootWeb(Object(Config\Paths))
WARNING - 2025-08-19 16:33:53 --> [DEPRECATED] addslashes(): Passing null to parameter #1 ($string) of type string is deprecated in APPPATH/Views/service_list.php on line 10.
 1 APPPATH/Views/service_list.php(10): addslashes(null)
 2 SYSTEMPATH/View/View.php(224): include('/home/u810214334/domains/embellish-beauty.co.uk/public_html/app/Views/service_list.php')
 3 SYSTEMPATH/View/View.php(227): CodeIgniter\View\View->CodeIgniter\View\{closure}()
 4 SYSTEMPATH/Common.php(1173): CodeIgniter\View\View->render('service_list', [], true)
 5 APPPATH/Controllers/Home.php(129): view('service_list', [...])
 6 SYSTEMPATH/CodeIgniter.php(933): App\Controllers\Home->fetch_services()
 7 SYSTEMPATH/CodeIgniter.php(507): CodeIgniter\CodeIgniter->runController(Object(App\Controllers\Home))
 8 SYSTEMPATH/CodeIgniter.php(354): CodeIgniter\CodeIgniter->handleRequest(null, Object(Config\Cache), false)
 9 SYSTEMPATH/Boot.php(334): CodeIgniter\CodeIgniter->run()
10 SYSTEMPATH/Boot.php(67): CodeIgniter\Boot::runCodeIgniter(Object(CodeIgniter\CodeIgniter))
11 FCPATH/index.php(57): CodeIgniter\Boot::bootWeb(Object(Config\Paths))
WARNING - 2025-08-19 16:33:53 --> [DEPRECATED] addslashes(): Passing null to parameter #1 ($string) of type string is deprecated in APPPATH/Views/service_list.php on line 10.
 1 APPPATH/Views/service_list.php(10): addslashes(null)
 2 SYSTEMPATH/View/View.php(224): include('/home/u810214334/domains/embellish-beauty.co.uk/public_html/app/Views/service_list.php')
 3 SYSTEMPATH/View/View.php(227): CodeIgniter\View\View->CodeIgniter\View\{closure}()
 4 SYSTEMPATH/Common.php(1173): CodeIgniter\View\View->render('service_list', [], true)
 5 APPPATH/Controllers/Home.php(129): view('service_list', [...])
 6 SYSTEMPATH/CodeIgniter.php(933): App\Controllers\Home->fetch_services()
 7 SYSTEMPATH/CodeIgniter.php(507): CodeIgniter\CodeIgniter->runController(Object(App\Controllers\Home))
 8 SYSTEMPATH/CodeIgniter.php(354): CodeIgniter\CodeIgniter->handleRequest(null, Object(Config\Cache), false)
 9 SYSTEMPATH/Boot.php(334): CodeIgniter\CodeIgniter->run()
10 SYSTEMPATH/Boot.php(67): CodeIgniter\Boot::runCodeIgniter(Object(CodeIgniter\CodeIgniter))
11 FCPATH/index.php(57): CodeIgniter\Boot::bootWeb(Object(Config\Paths))
WARNING - 2025-08-19 16:33:53 --> [DEPRECATED] addslashes(): Passing null to parameter #1 ($string) of type string is deprecated in APPPATH/Views/service_list.php on line 10.
 1 APPPATH/Views/service_list.php(10): addslashes(null)
 2 SYSTEMPATH/View/View.php(224): include('/home/u810214334/domains/embellish-beauty.co.uk/public_html/app/Views/service_list.php')
 3 SYSTEMPATH/View/View.php(227): CodeIgniter\View\View->CodeIgniter\View\{closure}()
 4 SYSTEMPATH/Common.php(1173): CodeIgniter\View\View->render('service_list', [], true)
 5 APPPATH/Controllers/Home.php(129): view('service_list', [...])
 6 SYSTEMPATH/CodeIgniter.php(933): App\Controllers\Home->fetch_services()
 7 SYSTEMPATH/CodeIgniter.php(507): CodeIgniter\CodeIgniter->runController(Object(App\Controllers\Home))
 8 SYSTEMPATH/CodeIgniter.php(354): CodeIgniter\CodeIgniter->handleRequest(null, Object(Config\Cache), false)
 9 SYSTEMPATH/Boot.php(334): CodeIgniter\CodeIgniter->run()
10 SYSTEMPATH/Boot.php(67): CodeIgniter\Boot::runCodeIgniter(Object(CodeIgniter\CodeIgniter))
11 FCPATH/index.php(57): CodeIgniter\Boot::bootWeb(Object(Config\Paths))
WARNING - 2025-08-19 16:33:53 --> [DEPRECATED] addslashes(): Passing null to parameter #1 ($string) of type string is deprecated in APPPATH/Views/service_list.php on line 10.
 1 APPPATH/Views/service_list.php(10): addslashes(null)
 2 SYSTEMPATH/View/View.php(224): include('/home/u810214334/domains/embellish-beauty.co.uk/public_html/app/Views/service_list.php')
 3 SYSTEMPATH/View/View.php(227): CodeIgniter\View\View->CodeIgniter\View\{closure}()
 4 SYSTEMPATH/Common.php(1173): CodeIgniter\View\View->render('service_list', [], true)
 5 APPPATH/Controllers/Home.php(129): view('service_list', [...])
 6 SYSTEMPATH/CodeIgniter.php(933): App\Controllers\Home->fetch_services()
 7 SYSTEMPATH/CodeIgniter.php(507): CodeIgniter\CodeIgniter->runController(Object(App\Controllers\Home))
 8 SYSTEMPATH/CodeIgniter.php(354): CodeIgniter\CodeIgniter->handleRequest(null, Object(Config\Cache), false)
 9 SYSTEMPATH/Boot.php(334): CodeIgniter\CodeIgniter->run()
10 SYSTEMPATH/Boot.php(67): CodeIgniter\Boot::runCodeIgniter(Object(CodeIgniter\CodeIgniter))
11 FCPATH/index.php(57): CodeIgniter\Boot::bootWeb(Object(Config\Paths))
WARNING - 2025-08-19 16:33:53 --> [DEPRECATED] addslashes(): Passing null to parameter #1 ($string) of type string is deprecated in APPPATH/Views/service_list.php on line 10.
 1 APPPATH/Views/service_list.php(10): addslashes(null)
 2 SYSTEMPATH/View/View.php(224): include('/home/u810214334/domains/embellish-beauty.co.uk/public_html/app/Views/service_list.php')
 3 SYSTEMPATH/View/View.php(227): CodeIgniter\View\View->CodeIgniter\View\{closure}()
 4 SYSTEMPATH/Common.php(1173): CodeIgniter\View\View->render('service_list', [], true)
 5 APPPATH/Controllers/Home.php(129): view('service_list', [...])
 6 SYSTEMPATH/CodeIgniter.php(933): App\Controllers\Home->fetch_services()
 7 SYSTEMPATH/CodeIgniter.php(507): CodeIgniter\CodeIgniter->runController(Object(App\Controllers\Home))
 8 SYSTEMPATH/CodeIgniter.php(354): CodeIgniter\CodeIgniter->handleRequest(null, Object(Config\Cache), false)
 9 SYSTEMPATH/Boot.php(334): CodeIgniter\CodeIgniter->run()
10 SYSTEMPATH/Boot.php(67): CodeIgniter\Boot::runCodeIgniter(Object(CodeIgniter\CodeIgniter))
11 FCPATH/index.php(57): CodeIgniter\Boot::bootWeb(Object(Config\Paths))
WARNING - 2025-08-19 16:33:53 --> [DEPRECATED] addslashes(): Passing null to parameter #1 ($string) of type string is deprecated in APPPATH/Views/service_list.php on line 10.
 1 APPPATH/Views/service_list.php(10): addslashes(null)
 2 SYSTEMPATH/View/View.php(224): include('/home/u810214334/domains/embellish-beauty.co.uk/public_html/app/Views/service_list.php')
 3 SYSTEMPATH/View/View.php(227): CodeIgniter\View\View->CodeIgniter\View\{closure}()
 4 SYSTEMPATH/Common.php(1173): CodeIgniter\View\View->render('service_list', [], true)
 5 APPPATH/Controllers/Home.php(129): view('service_list', [...])
 6 SYSTEMPATH/CodeIgniter.php(933): App\Controllers\Home->fetch_services()
 7 SYSTEMPATH/CodeIgniter.php(507): CodeIgniter\CodeIgniter->runController(Object(App\Controllers\Home))
 8 SYSTEMPATH/CodeIgniter.php(354): CodeIgniter\CodeIgniter->handleRequest(null, Object(Config\Cache), false)
 9 SYSTEMPATH/Boot.php(334): CodeIgniter\CodeIgniter->run()
10 SYSTEMPATH/Boot.php(67): CodeIgniter\Boot::runCodeIgniter(Object(CodeIgniter\CodeIgniter))
11 FCPATH/index.php(57): CodeIgniter\Boot::bootWeb(Object(Config\Paths))
WARNING - 2025-08-19 16:33:53 --> [DEPRECATED] addslashes(): Passing null to parameter #1 ($string) of type string is deprecated in APPPATH/Views/service_list.php on line 10.
 1 APPPATH/Views/service_list.php(10): addslashes(null)
 2 SYSTEMPATH/View/View.php(224): include('/home/u810214334/domains/embellish-beauty.co.uk/public_html/app/Views/service_list.php')
 3 SYSTEMPATH/View/View.php(227): CodeIgniter\View\View->CodeIgniter\View\{closure}()
 4 SYSTEMPATH/Common.php(1173): CodeIgniter\View\View->render('service_list', [], true)
 5 APPPATH/Controllers/Home.php(129): view('service_list', [...])
 6 SYSTEMPATH/CodeIgniter.php(933): App\Controllers\Home->fetch_services()
 7 SYSTEMPATH/CodeIgniter.php(507): CodeIgniter\CodeIgniter->runController(Object(App\Controllers\Home))
 8 SYSTEMPATH/CodeIgniter.php(354): CodeIgniter\CodeIgniter->handleRequest(null, Object(Config\Cache), false)
 9 SYSTEMPATH/Boot.php(334): CodeIgniter\CodeIgniter->run()
10 SYSTEMPATH/Boot.php(67): CodeIgniter\Boot::runCodeIgniter(Object(CodeIgniter\CodeIgniter))
11 FCPATH/index.php(57): CodeIgniter\Boot::bootWeb(Object(Config\Paths))
WARNING - 2025-08-19 16:33:53 --> [DEPRECATED] addslashes(): Passing null to parameter #1 ($string) of type string is deprecated in APPPATH/Views/service_list.php on line 10.
 1 APPPATH/Views/service_list.php(10): addslashes(null)
 2 SYSTEMPATH/View/View.php(224): include('/home/u810214334/domains/embellish-beauty.co.uk/public_html/app/Views/service_list.php')
 3 SYSTEMPATH/View/View.php(227): CodeIgniter\View\View->CodeIgniter\View\{closure}()
 4 SYSTEMPATH/Common.php(1173): CodeIgniter\View\View->render('service_list', [], true)
 5 APPPATH/Controllers/Home.php(129): view('service_list', [...])
 6 SYSTEMPATH/CodeIgniter.php(933): App\Controllers\Home->fetch_services()
 7 SYSTEMPATH/CodeIgniter.php(507): CodeIgniter\CodeIgniter->runController(Object(App\Controllers\Home))
 8 SYSTEMPATH/CodeIgniter.php(354): CodeIgniter\CodeIgniter->handleRequest(null, Object(Config\Cache), false)
 9 SYSTEMPATH/Boot.php(334): CodeIgniter\CodeIgniter->run()
10 SYSTEMPATH/Boot.php(67): CodeIgniter\Boot::runCodeIgniter(Object(CodeIgniter\CodeIgniter))
11 FCPATH/index.php(57): CodeIgniter\Boot::bootWeb(Object(Config\Paths))
WARNING - 2025-08-19 16:33:53 --> [DEPRECATED] addslashes(): Passing null to parameter #1 ($string) of type string is deprecated in APPPATH/Views/service_list.php on line 10.
 1 APPPATH/Views/service_list.php(10): addslashes(null)
 2 SYSTEMPATH/View/View.php(224): include('/home/u810214334/domains/embellish-beauty.co.uk/public_html/app/Views/service_list.php')
 3 SYSTEMPATH/View/View.php(227): CodeIgniter\View\View->CodeIgniter\View\{closure}()
 4 SYSTEMPATH/Common.php(1173): CodeIgniter\View\View->render('service_list', [], true)
 5 APPPATH/Controllers/Home.php(129): view('service_list', [...])
 6 SYSTEMPATH/CodeIgniter.php(933): App\Controllers\Home->fetch_services()
 7 SYSTEMPATH/CodeIgniter.php(507): CodeIgniter\CodeIgniter->runController(Object(App\Controllers\Home))
 8 SYSTEMPATH/CodeIgniter.php(354): CodeIgniter\CodeIgniter->handleRequest(null, Object(Config\Cache), false)
 9 SYSTEMPATH/Boot.php(334): CodeIgniter\CodeIgniter->run()
10 SYSTEMPATH/Boot.php(67): CodeIgniter\Boot::runCodeIgniter(Object(CodeIgniter\CodeIgniter))
11 FCPATH/index.php(57): CodeIgniter\Boot::bootWeb(Object(Config\Paths))
WARNING - 2025-08-19 16:33:53 --> [DEPRECATED] addslashes(): Passing null to parameter #1 ($string) of type string is deprecated in APPPATH/Views/service_list.php on line 10.
 1 APPPATH/Views/service_list.php(10): addslashes(null)
 2 SYSTEMPATH/View/View.php(224): include('/home/u810214334/domains/embellish-beauty.co.uk/public_html/app/Views/service_list.php')
 3 SYSTEMPATH/View/View.php(227): CodeIgniter\View\View->CodeIgniter\View\{closure}()
 4 SYSTEMPATH/Common.php(1173): CodeIgniter\View\View->render('service_list', [], true)
 5 APPPATH/Controllers/Home.php(129): view('service_list', [...])
 6 SYSTEMPATH/CodeIgniter.php(933): App\Controllers\Home->fetch_services()
 7 SYSTEMPATH/CodeIgniter.php(507): CodeIgniter\CodeIgniter->runController(Object(App\Controllers\Home))
 8 SYSTEMPATH/CodeIgniter.php(354): CodeIgniter\CodeIgniter->handleRequest(null, Object(Config\Cache), false)
 9 SYSTEMPATH/Boot.php(334): CodeIgniter\CodeIgniter->run()
10 SYSTEMPATH/Boot.php(67): CodeIgniter\Boot::runCodeIgniter(Object(CodeIgniter\CodeIgniter))
11 FCPATH/index.php(57): CodeIgniter\Boot::bootWeb(Object(Config\Paths))
WARNING - 2025-08-19 16:33:53 --> [DEPRECATED] addslashes(): Passing null to parameter #1 ($string) of type string is deprecated in APPPATH/Views/service_list.php on line 10.
 1 APPPATH/Views/service_list.php(10): addslashes(null)
 2 SYSTEMPATH/View/View.php(224): include('/home/u810214334/domains/embellish-beauty.co.uk/public_html/app/Views/service_list.php')
 3 SYSTEMPATH/View/View.php(227): CodeIgniter\View\View->CodeIgniter\View\{closure}()
 4 SYSTEMPATH/Common.php(1173): CodeIgniter\View\View->render('service_list', [], true)
 5 APPPATH/Controllers/Home.php(129): view('service_list', [...])
 6 SYSTEMPATH/CodeIgniter.php(933): App\Controllers\Home->fetch_services()
 7 SYSTEMPATH/CodeIgniter.php(507): CodeIgniter\CodeIgniter->runController(Object(App\Controllers\Home))
 8 SYSTEMPATH/CodeIgniter.php(354): CodeIgniter\CodeIgniter->handleRequest(null, Object(Config\Cache), false)
 9 SYSTEMPATH/Boot.php(334): CodeIgniter\CodeIgniter->run()
10 SYSTEMPATH/Boot.php(67): CodeIgniter\Boot::runCodeIgniter(Object(CodeIgniter\CodeIgniter))
11 FCPATH/index.php(57): CodeIgniter\Boot::bootWeb(Object(Config\Paths))
WARNING - 2025-08-19 16:33:53 --> [DEPRECATED] addslashes(): Passing null to parameter #1 ($string) of type string is deprecated in APPPATH/Views/service_list.php on line 10.
 1 APPPATH/Views/service_list.php(10): addslashes(null)
 2 SYSTEMPATH/View/View.php(224): include('/home/u810214334/domains/embellish-beauty.co.uk/public_html/app/Views/service_list.php')
 3 SYSTEMPATH/View/View.php(227): CodeIgniter\View\View->CodeIgniter\View\{closure}()
 4 SYSTEMPATH/Common.php(1173): CodeIgniter\View\View->render('service_list', [], true)
 5 APPPATH/Controllers/Home.php(129): view('service_list', [...])
 6 SYSTEMPATH/CodeIgniter.php(933): App\Controllers\Home->fetch_services()
 7 SYSTEMPATH/CodeIgniter.php(507): CodeIgniter\CodeIgniter->runController(Object(App\Controllers\Home))
 8 SYSTEMPATH/CodeIgniter.php(354): CodeIgniter\CodeIgniter->handleRequest(null, Object(Config\Cache), false)
 9 SYSTEMPATH/Boot.php(334): CodeIgniter\CodeIgniter->run()
10 SYSTEMPATH/Boot.php(67): CodeIgniter\Boot::runCodeIgniter(Object(CodeIgniter\CodeIgniter))
11 FCPATH/index.php(57): CodeIgniter\Boot::bootWeb(Object(Config\Paths))
WARNING - 2025-08-19 16:33:53 --> [DEPRECATED] addslashes(): Passing null to parameter #1 ($string) of type string is deprecated in APPPATH/Views/service_list.php on line 10.
 1 APPPATH/Views/service_list.php(10): addslashes(null)
 2 SYSTEMPATH/View/View.php(224): include('/home/u810214334/domains/embellish-beauty.co.uk/public_html/app/Views/service_list.php')
 3 SYSTEMPATH/View/View.php(227): CodeIgniter\View\View->CodeIgniter\View\{closure}()
 4 SYSTEMPATH/Common.php(1173): CodeIgniter\View\View->render('service_list', [], true)
 5 APPPATH/Controllers/Home.php(129): view('service_list', [...])
 6 SYSTEMPATH/CodeIgniter.php(933): App\Controllers\Home->fetch_services()
 7 SYSTEMPATH/CodeIgniter.php(507): CodeIgniter\CodeIgniter->runController(Object(App\Controllers\Home))
 8 SYSTEMPATH/CodeIgniter.php(354): CodeIgniter\CodeIgniter->handleRequest(null, Object(Config\Cache), false)
 9 SYSTEMPATH/Boot.php(334): CodeIgniter\CodeIgniter->run()
10 SYSTEMPATH/Boot.php(67): CodeIgniter\Boot::runCodeIgniter(Object(CodeIgniter\CodeIgniter))
11 FCPATH/index.php(57): CodeIgniter\Boot::bootWeb(Object(Config\Paths))
WARNING - 2025-08-19 16:33:53 --> [DEPRECATED] addslashes(): Passing null to parameter #1 ($string) of type string is deprecated in APPPATH/Views/service_list.php on line 10.
 1 APPPATH/Views/service_list.php(10): addslashes(null)
 2 SYSTEMPATH/View/View.php(224): include('/home/u810214334/domains/embellish-beauty.co.uk/public_html/app/Views/service_list.php')
 3 SYSTEMPATH/View/View.php(227): CodeIgniter\View\View->CodeIgniter\View\{closure}()
 4 SYSTEMPATH/Common.php(1173): CodeIgniter\View\View->render('service_list', [], true)
 5 APPPATH/Controllers/Home.php(129): view('service_list', [...])
 6 SYSTEMPATH/CodeIgniter.php(933): App\Controllers\Home->fetch_services()
 7 SYSTEMPATH/CodeIgniter.php(507): CodeIgniter\CodeIgniter->runController(Object(App\Controllers\Home))
 8 SYSTEMPATH/CodeIgniter.php(354): CodeIgniter\CodeIgniter->handleRequest(null, Object(Config\Cache), false)
 9 SYSTEMPATH/Boot.php(334): CodeIgniter\CodeIgniter->run()
10 SYSTEMPATH/Boot.php(67): CodeIgniter\Boot::runCodeIgniter(Object(CodeIgniter\CodeIgniter))
11 FCPATH/index.php(57): CodeIgniter\Boot::bootWeb(Object(Config\Paths))
DEBUG - 2025-08-19 16:33:53 --> Session: Class initialized using 'CodeIgniter\Session\Handlers\FileHandler' driver.
DEBUG - 2025-08-19 16:33:53 --> Session: Class initialized using 'CodeIgniter\Session\Handlers\FileHandler' driver.
DEBUG - 2025-08-19 16:34:14 --> Session: Class initialized using 'CodeIgniter\Session\Handlers\FileHandler' driver.
DEBUG - 2025-08-19 16:34:17 --> Session: Class initialized using 'CodeIgniter\Session\Handlers\FileHandler' driver.
DEBUG - 2025-08-19 16:34:22 --> Session: Class initialized using 'CodeIgniter\Session\Handlers\FileHandler' driver.
DEBUG - 2025-08-19 16:34:31 --> Session: Class initialized using 'CodeIgniter\Session\Handlers\FileHandler' driver.
DEBUG - 2025-08-19 16:34:39 --> Session: Class initialized using 'CodeIgniter\Session\Handlers\FileHandler' driver.
DEBUG - 2025-08-19 16:34:39 --> Session: Class initialized using 'CodeIgniter\Session\Handlers\FileHandler' driver.
DEBUG - 2025-08-19 16:34:55 --> Session: Class initialized using 'CodeIgniter\Session\Handlers\FileHandler' driver.
DEBUG - 2025-08-19 16:34:55 --> Session: Class initialized using 'CodeIgniter\Session\Handlers\FileHandler' driver.
DEBUG - 2025-08-19 16:35:00 --> Session: Class initialized using 'CodeIgniter\Session\Handlers\FileHandler' driver.
DEBUG - 2025-08-19 16:35:00 --> Session: Class initialized using 'CodeIgniter\Session\Handlers\FileHandler' driver.
DEBUG - 2025-08-19 16:49:49 --> Session: Class initialized using 'CodeIgniter\Session\Handlers\FileHandler' driver.
DEBUG - 2025-08-19 16:49:50 --> Session: Class initialized using 'CodeIgniter\Session\Handlers\FileHandler' driver.
DEBUG - 2025-08-19 17:14:15 --> Session: Class initialized using 'CodeIgniter\Session\Handlers\FileHandler' driver.
DEBUG - 2025-08-19 17:26:31 --> Session: Class initialized using 'CodeIgniter\Session\Handlers\FileHandler' driver.
DEBUG - 2025-08-19 18:00:32 --> Session: Class initialized using 'CodeIgniter\Session\Handlers\FileHandler' driver.
DEBUG - 2025-08-19 18:02:28 --> Session: Class initialized using 'CodeIgniter\Session\Handlers\FileHandler' driver.
DEBUG - 2025-08-19 18:02:29 --> Session: Class initialized using 'CodeIgniter\Session\Handlers\FileHandler' driver.
DEBUG - 2025-08-19 18:15:27 --> Session: Class initialized using 'CodeIgniter\Session\Handlers\FileHandler' driver.
DEBUG - 2025-08-19 18:15:31 --> Session: Class initialized using 'CodeIgniter\Session\Handlers\FileHandler' driver.
DEBUG - 2025-08-19 18:15:33 --> Session: Class initialized using 'CodeIgniter\Session\Handlers\FileHandler' driver.
DEBUG - 2025-08-19 18:15:34 --> Session: Class initialized using 'CodeIgniter\Session\Handlers\FileHandler' driver.
DEBUG - 2025-08-19 18:15:34 --> Session: Class initialized using 'CodeIgniter\Session\Handlers\FileHandler' driver.
DEBUG - 2025-08-19 18:15:38 --> Session: Class initialized using 'CodeIgniter\Session\Handlers\FileHandler' driver.
DEBUG - 2025-08-19 18:15:38 --> Session: Class initialized using 'CodeIgniter\Session\Handlers\FileHandler' driver.
DEBUG - 2025-08-19 18:15:38 --> Session: Class initialized using 'CodeIgniter\Session\Handlers\FileHandler' driver.
DEBUG - 2025-08-19 18:15:39 --> Session: Class initialized using 'CodeIgniter\Session\Handlers\FileHandler' driver.
DEBUG - 2025-08-19 18:15:39 --> Session: Class initialized using 'CodeIgniter\Session\Handlers\FileHandler' driver.
WARNING - 2025-08-19 18:15:39 --> [DEPRECATED] addslashes(): Passing null to parameter #1 ($string) of type string is deprecated in APPPATH/Views/service_list.php on line 10.
 1 APPPATH/Views/service_list.php(10): addslashes(null)
 2 SYSTEMPATH/View/View.php(224): include('/home/u810214334/domains/embellish-beauty.co.uk/public_html/app/Views/service_list.php')
 3 SYSTEMPATH/View/View.php(227): CodeIgniter\View\View->CodeIgniter\View\{closure}()
 4 SYSTEMPATH/Common.php(1173): CodeIgniter\View\View->render('service_list', [], true)
 5 APPPATH/Controllers/Home.php(129): view('service_list', [...])
 6 SYSTEMPATH/CodeIgniter.php(933): App\Controllers\Home->fetch_services()
 7 SYSTEMPATH/CodeIgniter.php(507): CodeIgniter\CodeIgniter->runController(Object(App\Controllers\Home))
 8 SYSTEMPATH/CodeIgniter.php(354): CodeIgniter\CodeIgniter->handleRequest(null, Object(Config\Cache), false)
 9 SYSTEMPATH/Boot.php(334): CodeIgniter\CodeIgniter->run()
10 SYSTEMPATH/Boot.php(67): CodeIgniter\Boot::runCodeIgniter(Object(CodeIgniter\CodeIgniter))
11 FCPATH/index.php(57): CodeIgniter\Boot::bootWeb(Object(Config\Paths))
WARNING - 2025-08-19 18:15:39 --> [DEPRECATED] addslashes(): Passing null to parameter #1 ($string) of type string is deprecated in APPPATH/Views/service_list.php on line 10.
 1 APPPATH/Views/service_list.php(10): addslashes(null)
 2 SYSTEMPATH/View/View.php(224): include('/home/u810214334/domains/embellish-beauty.co.uk/public_html/app/Views/service_list.php')
 3 SYSTEMPATH/View/View.php(227): CodeIgniter\View\View->CodeIgniter\View\{closure}()
 4 SYSTEMPATH/Common.php(1173): CodeIgniter\View\View->render('service_list', [], true)
 5 APPPATH/Controllers/Home.php(129): view('service_list', [...])
 6 SYSTEMPATH/CodeIgniter.php(933): App\Controllers\Home->fetch_services()
 7 SYSTEMPATH/CodeIgniter.php(507): CodeIgniter\CodeIgniter->runController(Object(App\Controllers\Home))
 8 SYSTEMPATH/CodeIgniter.php(354): CodeIgniter\CodeIgniter->handleRequest(null, Object(Config\Cache), false)
 9 SYSTEMPATH/Boot.php(334): CodeIgniter\CodeIgniter->run()
10 SYSTEMPATH/Boot.php(67): CodeIgniter\Boot::runCodeIgniter(Object(CodeIgniter\CodeIgniter))
11 FCPATH/index.php(57): CodeIgniter\Boot::bootWeb(Object(Config\Paths))
WARNING - 2025-08-19 18:15:39 --> [DEPRECATED] addslashes(): Passing null to parameter #1 ($string) of type string is deprecated in APPPATH/Views/service_list.php on line 10.
 1 APPPATH/Views/service_list.php(10): addslashes(null)
 2 SYSTEMPATH/View/View.php(224): include('/home/u810214334/domains/embellish-beauty.co.uk/public_html/app/Views/service_list.php')
 3 SYSTEMPATH/View/View.php(227): CodeIgniter\View\View->CodeIgniter\View\{closure}()
 4 SYSTEMPATH/Common.php(1173): CodeIgniter\View\View->render('service_list', [], true)
 5 APPPATH/Controllers/Home.php(129): view('service_list', [...])
 6 SYSTEMPATH/CodeIgniter.php(933): App\Controllers\Home->fetch_services()
 7 SYSTEMPATH/CodeIgniter.php(507): CodeIgniter\CodeIgniter->runController(Object(App\Controllers\Home))
 8 SYSTEMPATH/CodeIgniter.php(354): CodeIgniter\CodeIgniter->handleRequest(null, Object(Config\Cache), false)
 9 SYSTEMPATH/Boot.php(334): CodeIgniter\CodeIgniter->run()
10 SYSTEMPATH/Boot.php(67): CodeIgniter\Boot::runCodeIgniter(Object(CodeIgniter\CodeIgniter))
11 FCPATH/index.php(57): CodeIgniter\Boot::bootWeb(Object(Config\Paths))
WARNING - 2025-08-19 18:15:39 --> [DEPRECATED] addslashes(): Passing null to parameter #1 ($string) of type string is deprecated in APPPATH/Views/service_list.php on line 10.
 1 APPPATH/Views/service_list.php(10): addslashes(null)
 2 SYSTEMPATH/View/View.php(224): include('/home/u810214334/domains/embellish-beauty.co.uk/public_html/app/Views/service_list.php')
 3 SYSTEMPATH/View/View.php(227): CodeIgniter\View\View->CodeIgniter\View\{closure}()
 4 SYSTEMPATH/Common.php(1173): CodeIgniter\View\View->render('service_list', [], true)
 5 APPPATH/Controllers/Home.php(129): view('service_list', [...])
 6 SYSTEMPATH/CodeIgniter.php(933): App\Controllers\Home->fetch_services()
 7 SYSTEMPATH/CodeIgniter.php(507): CodeIgniter\CodeIgniter->runController(Object(App\Controllers\Home))
 8 SYSTEMPATH/CodeIgniter.php(354): CodeIgniter\CodeIgniter->handleRequest(null, Object(Config\Cache), false)
 9 SYSTEMPATH/Boot.php(334): CodeIgniter\CodeIgniter->run()
10 SYSTEMPATH/Boot.php(67): CodeIgniter\Boot::runCodeIgniter(Object(CodeIgniter\CodeIgniter))
11 FCPATH/index.php(57): CodeIgniter\Boot::bootWeb(Object(Config\Paths))
WARNING - 2025-08-19 18:15:39 --> [DEPRECATED] addslashes(): Passing null to parameter #1 ($string) of type string is deprecated in APPPATH/Views/service_list.php on line 10.
 1 APPPATH/Views/service_list.php(10): addslashes(null)
 2 SYSTEMPATH/View/View.php(224): include('/home/u810214334/domains/embellish-beauty.co.uk/public_html/app/Views/service_list.php')
 3 SYSTEMPATH/View/View.php(227): CodeIgniter\View\View->CodeIgniter\View\{closure}()
 4 SYSTEMPATH/Common.php(1173): CodeIgniter\View\View->render('service_list', [], true)
 5 APPPATH/Controllers/Home.php(129): view('service_list', [...])
 6 SYSTEMPATH/CodeIgniter.php(933): App\Controllers\Home->fetch_services()
 7 SYSTEMPATH/CodeIgniter.php(507): CodeIgniter\CodeIgniter->runController(Object(App\Controllers\Home))
 8 SYSTEMPATH/CodeIgniter.php(354): CodeIgniter\CodeIgniter->handleRequest(null, Object(Config\Cache), false)
 9 SYSTEMPATH/Boot.php(334): CodeIgniter\CodeIgniter->run()
10 SYSTEMPATH/Boot.php(67): CodeIgniter\Boot::runCodeIgniter(Object(CodeIgniter\CodeIgniter))
11 FCPATH/index.php(57): CodeIgniter\Boot::bootWeb(Object(Config\Paths))
WARNING - 2025-08-19 18:15:39 --> [DEPRECATED] addslashes(): Passing null to parameter #1 ($string) of type string is deprecated in APPPATH/Views/service_list.php on line 10.
 1 APPPATH/Views/service_list.php(10): addslashes(null)
 2 SYSTEMPATH/View/View.php(224): include('/home/u810214334/domains/embellish-beauty.co.uk/public_html/app/Views/service_list.php')
 3 SYSTEMPATH/View/View.php(227): CodeIgniter\View\View->CodeIgniter\View\{closure}()
 4 SYSTEMPATH/Common.php(1173): CodeIgniter\View\View->render('service_list', [], true)
 5 APPPATH/Controllers/Home.php(129): view('service_list', [...])
 6 SYSTEMPATH/CodeIgniter.php(933): App\Controllers\Home->fetch_services()
 7 SYSTEMPATH/CodeIgniter.php(507): CodeIgniter\CodeIgniter->runController(Object(App\Controllers\Home))
 8 SYSTEMPATH/CodeIgniter.php(354): CodeIgniter\CodeIgniter->handleRequest(null, Object(Config\Cache), false)
 9 SYSTEMPATH/Boot.php(334): CodeIgniter\CodeIgniter->run()
10 SYSTEMPATH/Boot.php(67): CodeIgniter\Boot::runCodeIgniter(Object(CodeIgniter\CodeIgniter))
11 FCPATH/index.php(57): CodeIgniter\Boot::bootWeb(Object(Config\Paths))
WARNING - 2025-08-19 18:15:39 --> [DEPRECATED] addslashes(): Passing null to parameter #1 ($string) of type string is deprecated in APPPATH/Views/service_list.php on line 10.
 1 APPPATH/Views/service_list.php(10): addslashes(null)
 2 SYSTEMPATH/View/View.php(224): include('/home/u810214334/domains/embellish-beauty.co.uk/public_html/app/Views/service_list.php')
 3 SYSTEMPATH/View/View.php(227): CodeIgniter\View\View->CodeIgniter\View\{closure}()
 4 SYSTEMPATH/Common.php(1173): CodeIgniter\View\View->render('service_list', [], true)
 5 APPPATH/Controllers/Home.php(129): view('service_list', [...])
 6 SYSTEMPATH/CodeIgniter.php(933): App\Controllers\Home->fetch_services()
 7 SYSTEMPATH/CodeIgniter.php(507): CodeIgniter\CodeIgniter->runController(Object(App\Controllers\Home))
 8 SYSTEMPATH/CodeIgniter.php(354): CodeIgniter\CodeIgniter->handleRequest(null, Object(Config\Cache), false)
 9 SYSTEMPATH/Boot.php(334): CodeIgniter\CodeIgniter->run()
10 SYSTEMPATH/Boot.php(67): CodeIgniter\Boot::runCodeIgniter(Object(CodeIgniter\CodeIgniter))
11 FCPATH/index.php(57): CodeIgniter\Boot::bootWeb(Object(Config\Paths))
WARNING - 2025-08-19 18:15:39 --> [DEPRECATED] addslashes(): Passing null to parameter #1 ($string) of type string is deprecated in APPPATH/Views/service_list.php on line 10.
 1 APPPATH/Views/service_list.php(10): addslashes(null)
 2 SYSTEMPATH/View/View.php(224): include('/home/u810214334/domains/embellish-beauty.co.uk/public_html/app/Views/service_list.php')
 3 SYSTEMPATH/View/View.php(227): CodeIgniter\View\View->CodeIgniter\View\{closure}()
 4 SYSTEMPATH/Common.php(1173): CodeIgniter\View\View->render('service_list', [], true)
 5 APPPATH/Controllers/Home.php(129): view('service_list', [...])
 6 SYSTEMPATH/CodeIgniter.php(933): App\Controllers\Home->fetch_services()
 7 SYSTEMPATH/CodeIgniter.php(507): CodeIgniter\CodeIgniter->runController(Object(App\Controllers\Home))
 8 SYSTEMPATH/CodeIgniter.php(354): CodeIgniter\CodeIgniter->handleRequest(null, Object(Config\Cache), false)
 9 SYSTEMPATH/Boot.php(334): CodeIgniter\CodeIgniter->run()
10 SYSTEMPATH/Boot.php(67): CodeIgniter\Boot::runCodeIgniter(Object(CodeIgniter\CodeIgniter))
11 FCPATH/index.php(57): CodeIgniter\Boot::bootWeb(Object(Config\Paths))
WARNING - 2025-08-19 18:15:39 --> [DEPRECATED] addslashes(): Passing null to parameter #1 ($string) of type string is deprecated in APPPATH/Views/service_list.php on line 10.
 1 APPPATH/Views/service_list.php(10): addslashes(null)
 2 SYSTEMPATH/View/View.php(224): include('/home/u810214334/domains/embellish-beauty.co.uk/public_html/app/Views/service_list.php')
 3 SYSTEMPATH/View/View.php(227): CodeIgniter\View\View->CodeIgniter\View\{closure}()
 4 SYSTEMPATH/Common.php(1173): CodeIgniter\View\View->render('service_list', [], true)
 5 APPPATH/Controllers/Home.php(129): view('service_list', [...])
 6 SYSTEMPATH/CodeIgniter.php(933): App\Controllers\Home->fetch_services()
 7 SYSTEMPATH/CodeIgniter.php(507): CodeIgniter\CodeIgniter->runController(Object(App\Controllers\Home))
 8 SYSTEMPATH/CodeIgniter.php(354): CodeIgniter\CodeIgniter->handleRequest(null, Object(Config\Cache), false)
 9 SYSTEMPATH/Boot.php(334): CodeIgniter\CodeIgniter->run()
10 SYSTEMPATH/Boot.php(67): CodeIgniter\Boot::runCodeIgniter(Object(CodeIgniter\CodeIgniter))
11 FCPATH/index.php(57): CodeIgniter\Boot::bootWeb(Object(Config\Paths))
WARNING - 2025-08-19 18:15:39 --> [DEPRECATED] addslashes(): Passing null to parameter #1 ($string) of type string is deprecated in APPPATH/Views/service_list.php on line 10.
 1 APPPATH/Views/service_list.php(10): addslashes(null)
 2 SYSTEMPATH/View/View.php(224): include('/home/u810214334/domains/embellish-beauty.co.uk/public_html/app/Views/service_list.php')
 3 SYSTEMPATH/View/View.php(227): CodeIgniter\View\View->CodeIgniter\View\{closure}()
 4 SYSTEMPATH/Common.php(1173): CodeIgniter\View\View->render('service_list', [], true)
 5 APPPATH/Controllers/Home.php(129): view('service_list', [...])
 6 SYSTEMPATH/CodeIgniter.php(933): App\Controllers\Home->fetch_services()
 7 SYSTEMPATH/CodeIgniter.php(507): CodeIgniter\CodeIgniter->runController(Object(App\Controllers\Home))
 8 SYSTEMPATH/CodeIgniter.php(354): CodeIgniter\CodeIgniter->handleRequest(null, Object(Config\Cache), false)
 9 SYSTEMPATH/Boot.php(334): CodeIgniter\CodeIgniter->run()
10 SYSTEMPATH/Boot.php(67): CodeIgniter\Boot::runCodeIgniter(Object(CodeIgniter\CodeIgniter))
11 FCPATH/index.php(57): CodeIgniter\Boot::bootWeb(Object(Config\Paths))
WARNING - 2025-08-19 18:15:39 --> [DEPRECATED] addslashes(): Passing null to parameter #1 ($string) of type string is deprecated in APPPATH/Views/service_list.php on line 10.
 1 APPPATH/Views/service_list.php(10): addslashes(null)
 2 SYSTEMPATH/View/View.php(224): include('/home/u810214334/domains/embellish-beauty.co.uk/public_html/app/Views/service_list.php')
 3 SYSTEMPATH/View/View.php(227): CodeIgniter\View\View->CodeIgniter\View\{closure}()
 4 SYSTEMPATH/Common.php(1173): CodeIgniter\View\View->render('service_list', [], true)
 5 APPPATH/Controllers/Home.php(129): view('service_list', [...])
 6 SYSTEMPATH/CodeIgniter.php(933): App\Controllers\Home->fetch_services()
 7 SYSTEMPATH/CodeIgniter.php(507): CodeIgniter\CodeIgniter->runController(Object(App\Controllers\Home))
 8 SYSTEMPATH/CodeIgniter.php(354): CodeIgniter\CodeIgniter->handleRequest(null, Object(Config\Cache), false)
 9 SYSTEMPATH/Boot.php(334): CodeIgniter\CodeIgniter->run()
10 SYSTEMPATH/Boot.php(67): CodeIgniter\Boot::runCodeIgniter(Object(CodeIgniter\CodeIgniter))
11 FCPATH/index.php(57): CodeIgniter\Boot::bootWeb(Object(Config\Paths))
WARNING - 2025-08-19 18:15:39 --> [DEPRECATED] addslashes(): Passing null to parameter #1 ($string) of type string is deprecated in APPPATH/Views/service_list.php on line 10.
 1 APPPATH/Views/service_list.php(10): addslashes(null)
 2 SYSTEMPATH/View/View.php(224): include('/home/u810214334/domains/embellish-beauty.co.uk/public_html/app/Views/service_list.php')
 3 SYSTEMPATH/View/View.php(227): CodeIgniter\View\View->CodeIgniter\View\{closure}()
 4 SYSTEMPATH/Common.php(1173): CodeIgniter\View\View->render('service_list', [], true)
 5 APPPATH/Controllers/Home.php(129): view('service_list', [...])
 6 SYSTEMPATH/CodeIgniter.php(933): App\Controllers\Home->fetch_services()
 7 SYSTEMPATH/CodeIgniter.php(507): CodeIgniter\CodeIgniter->runController(Object(App\Controllers\Home))
 8 SYSTEMPATH/CodeIgniter.php(354): CodeIgniter\CodeIgniter->handleRequest(null, Object(Config\Cache), false)
 9 SYSTEMPATH/Boot.php(334): CodeIgniter\CodeIgniter->run()
10 SYSTEMPATH/Boot.php(67): CodeIgniter\Boot::runCodeIgniter(Object(CodeIgniter\CodeIgniter))
11 FCPATH/index.php(57): CodeIgniter\Boot::bootWeb(Object(Config\Paths))
WARNING - 2025-08-19 18:15:39 --> [DEPRECATED] addslashes(): Passing null to parameter #1 ($string) of type string is deprecated in APPPATH/Views/service_list.php on line 10.
 1 APPPATH/Views/service_list.php(10): addslashes(null)
 2 SYSTEMPATH/View/View.php(224): include('/home/u810214334/domains/embellish-beauty.co.uk/public_html/app/Views/service_list.php')
 3 SYSTEMPATH/View/View.php(227): CodeIgniter\View\View->CodeIgniter\View\{closure}()
 4 SYSTEMPATH/Common.php(1173): CodeIgniter\View\View->render('service_list', [], true)
 5 APPPATH/Controllers/Home.php(129): view('service_list', [...])
 6 SYSTEMPATH/CodeIgniter.php(933): App\Controllers\Home->fetch_services()
 7 SYSTEMPATH/CodeIgniter.php(507): CodeIgniter\CodeIgniter->runController(Object(App\Controllers\Home))
 8 SYSTEMPATH/CodeIgniter.php(354): CodeIgniter\CodeIgniter->handleRequest(null, Object(Config\Cache), false)
 9 SYSTEMPATH/Boot.php(334): CodeIgniter\CodeIgniter->run()
10 SYSTEMPATH/Boot.php(67): CodeIgniter\Boot::runCodeIgniter(Object(CodeIgniter\CodeIgniter))
11 FCPATH/index.php(57): CodeIgniter\Boot::bootWeb(Object(Config\Paths))
WARNING - 2025-08-19 18:15:39 --> [DEPRECATED] addslashes(): Passing null to parameter #1 ($string) of type string is deprecated in APPPATH/Views/service_list.php on line 10.
 1 APPPATH/Views/service_list.php(10): addslashes(null)
 2 SYSTEMPATH/View/View.php(224): include('/home/u810214334/domains/embellish-beauty.co.uk/public_html/app/Views/service_list.php')
 3 SYSTEMPATH/View/View.php(227): CodeIgniter\View\View->CodeIgniter\View\{closure}()
 4 SYSTEMPATH/Common.php(1173): CodeIgniter\View\View->render('service_list', [], true)
 5 APPPATH/Controllers/Home.php(129): view('service_list', [...])
 6 SYSTEMPATH/CodeIgniter.php(933): App\Controllers\Home->fetch_services()
 7 SYSTEMPATH/CodeIgniter.php(507): CodeIgniter\CodeIgniter->runController(Object(App\Controllers\Home))
 8 SYSTEMPATH/CodeIgniter.php(354): CodeIgniter\CodeIgniter->handleRequest(null, Object(Config\Cache), false)
 9 SYSTEMPATH/Boot.php(334): CodeIgniter\CodeIgniter->run()
10 SYSTEMPATH/Boot.php(67): CodeIgniter\Boot::runCodeIgniter(Object(CodeIgniter\CodeIgniter))
11 FCPATH/index.php(57): CodeIgniter\Boot::bootWeb(Object(Config\Paths))
WARNING - 2025-08-19 18:15:39 --> [DEPRECATED] addslashes(): Passing null to parameter #1 ($string) of type string is deprecated in APPPATH/Views/service_list.php on line 10.
 1 APPPATH/Views/service_list.php(10): addslashes(null)
 2 SYSTEMPATH/View/View.php(224): include('/home/u810214334/domains/embellish-beauty.co.uk/public_html/app/Views/service_list.php')
 3 SYSTEMPATH/View/View.php(227): CodeIgniter\View\View->CodeIgniter\View\{closure}()
 4 SYSTEMPATH/Common.php(1173): CodeIgniter\View\View->render('service_list', [], true)
 5 APPPATH/Controllers/Home.php(129): view('service_list', [...])
 6 SYSTEMPATH/CodeIgniter.php(933): App\Controllers\Home->fetch_services()
 7 SYSTEMPATH/CodeIgniter.php(507): CodeIgniter\CodeIgniter->runController(Object(App\Controllers\Home))
 8 SYSTEMPATH/CodeIgniter.php(354): CodeIgniter\CodeIgniter->handleRequest(null, Object(Config\Cache), false)
 9 SYSTEMPATH/Boot.php(334): CodeIgniter\CodeIgniter->run()
10 SYSTEMPATH/Boot.php(67): CodeIgniter\Boot::runCodeIgniter(Object(CodeIgniter\CodeIgniter))
11 FCPATH/index.php(57): CodeIgniter\Boot::bootWeb(Object(Config\Paths))
WARNING - 2025-08-19 18:15:39 --> [DEPRECATED] addslashes(): Passing null to parameter #1 ($string) of type string is deprecated in APPPATH/Views/service_list.php on line 10.
 1 APPPATH/Views/service_list.php(10): addslashes(null)
 2 SYSTEMPATH/View/View.php(224): include('/home/u810214334/domains/embellish-beauty.co.uk/public_html/app/Views/service_list.php')
 3 SYSTEMPATH/View/View.php(227): CodeIgniter\View\View->CodeIgniter\View\{closure}()
 4 SYSTEMPATH/Common.php(1173): CodeIgniter\View\View->render('service_list', [], true)
 5 APPPATH/Controllers/Home.php(129): view('service_list', [...])
 6 SYSTEMPATH/CodeIgniter.php(933): App\Controllers\Home->fetch_services()
 7 SYSTEMPATH/CodeIgniter.php(507): CodeIgniter\CodeIgniter->runController(Object(App\Controllers\Home))
 8 SYSTEMPATH/CodeIgniter.php(354): CodeIgniter\CodeIgniter->handleRequest(null, Object(Config\Cache), false)
 9 SYSTEMPATH/Boot.php(334): CodeIgniter\CodeIgniter->run()
10 SYSTEMPATH/Boot.php(67): CodeIgniter\Boot::runCodeIgniter(Object(CodeIgniter\CodeIgniter))
11 FCPATH/index.php(57): CodeIgniter\Boot::bootWeb(Object(Config\Paths))
WARNING - 2025-08-19 18:15:39 --> [DEPRECATED] addslashes(): Passing null to parameter #1 ($string) of type string is deprecated in APPPATH/Views/service_list.php on line 10.
 1 APPPATH/Views/service_list.php(10): addslashes(null)
 2 SYSTEMPATH/View/View.php(224): include('/home/u810214334/domains/embellish-beauty.co.uk/public_html/app/Views/service_list.php')
 3 SYSTEMPATH/View/View.php(227): CodeIgniter\View\View->CodeIgniter\View\{closure}()
 4 SYSTEMPATH/Common.php(1173): CodeIgniter\View\View->render('service_list', [], true)
 5 APPPATH/Controllers/Home.php(129): view('service_list', [...])
 6 SYSTEMPATH/CodeIgniter.php(933): App\Controllers\Home->fetch_services()
 7 SYSTEMPATH/CodeIgniter.php(507): CodeIgniter\CodeIgniter->runController(Object(App\Controllers\Home))
 8 SYSTEMPATH/CodeIgniter.php(354): CodeIgniter\CodeIgniter->handleRequest(null, Object(Config\Cache), false)
 9 SYSTEMPATH/Boot.php(334): CodeIgniter\CodeIgniter->run()
10 SYSTEMPATH/Boot.php(67): CodeIgniter\Boot::runCodeIgniter(Object(CodeIgniter\CodeIgniter))
11 FCPATH/index.php(57): CodeIgniter\Boot::bootWeb(Object(Config\Paths))
WARNING - 2025-08-19 18:15:39 --> [DEPRECATED] addslashes(): Passing null to parameter #1 ($string) of type string is deprecated in APPPATH/Views/service_list.php on line 10.
 1 APPPATH/Views/service_list.php(10): addslashes(null)
 2 SYSTEMPATH/View/View.php(224): include('/home/u810214334/domains/embellish-beauty.co.uk/public_html/app/Views/service_list.php')
 3 SYSTEMPATH/View/View.php(227): CodeIgniter\View\View->CodeIgniter\View\{closure}()
 4 SYSTEMPATH/Common.php(1173): CodeIgniter\View\View->render('service_list', [], true)
 5 APPPATH/Controllers/Home.php(129): view('service_list', [...])
 6 SYSTEMPATH/CodeIgniter.php(933): App\Controllers\Home->fetch_services()
 7 SYSTEMPATH/CodeIgniter.php(507): CodeIgniter\CodeIgniter->runController(Object(App\Controllers\Home))
 8 SYSTEMPATH/CodeIgniter.php(354): CodeIgniter\CodeIgniter->handleRequest(null, Object(Config\Cache), false)
 9 SYSTEMPATH/Boot.php(334): CodeIgniter\CodeIgniter->run()
10 SYSTEMPATH/Boot.php(67): CodeIgniter\Boot::runCodeIgniter(Object(CodeIgniter\CodeIgniter))
11 FCPATH/index.php(57): CodeIgniter\Boot::bootWeb(Object(Config\Paths))
WARNING - 2025-08-19 18:15:39 --> [DEPRECATED] addslashes(): Passing null to parameter #1 ($string) of type string is deprecated in APPPATH/Views/service_list.php on line 10.
 1 APPPATH/Views/service_list.php(10): addslashes(null)
 2 SYSTEMPATH/View/View.php(224): include('/home/u810214334/domains/embellish-beauty.co.uk/public_html/app/Views/service_list.php')
 3 SYSTEMPATH/View/View.php(227): CodeIgniter\View\View->CodeIgniter\View\{closure}()
 4 SYSTEMPATH/Common.php(1173): CodeIgniter\View\View->render('service_list', [], true)
 5 APPPATH/Controllers/Home.php(129): view('service_list', [...])
 6 SYSTEMPATH/CodeIgniter.php(933): App\Controllers\Home->fetch_services()
 7 SYSTEMPATH/CodeIgniter.php(507): CodeIgniter\CodeIgniter->runController(Object(App\Controllers\Home))
 8 SYSTEMPATH/CodeIgniter.php(354): CodeIgniter\CodeIgniter->handleRequest(null, Object(Config\Cache), false)
 9 SYSTEMPATH/Boot.php(334): CodeIgniter\CodeIgniter->run()
10 SYSTEMPATH/Boot.php(67): CodeIgniter\Boot::runCodeIgniter(Object(CodeIgniter\CodeIgniter))
11 FCPATH/index.php(57): CodeIgniter\Boot::bootWeb(Object(Config\Paths))
WARNING - 2025-08-19 18:15:39 --> [DEPRECATED] addslashes(): Passing null to parameter #1 ($string) of type string is deprecated in APPPATH/Views/service_list.php on line 10.
 1 APPPATH/Views/service_list.php(10): addslashes(null)
 2 SYSTEMPATH/View/View.php(224): include('/home/u810214334/domains/embellish-beauty.co.uk/public_html/app/Views/service_list.php')
 3 SYSTEMPATH/View/View.php(227): CodeIgniter\View\View->CodeIgniter\View\{closure}()
 4 SYSTEMPATH/Common.php(1173): CodeIgniter\View\View->render('service_list', [], true)
 5 APPPATH/Controllers/Home.php(129): view('service_list', [...])
 6 SYSTEMPATH/CodeIgniter.php(933): App\Controllers\Home->fetch_services()
 7 SYSTEMPATH/CodeIgniter.php(507): CodeIgniter\CodeIgniter->runController(Object(App\Controllers\Home))
 8 SYSTEMPATH/CodeIgniter.php(354): CodeIgniter\CodeIgniter->handleRequest(null, Object(Config\Cache), false)
 9 SYSTEMPATH/Boot.php(334): CodeIgniter\CodeIgniter->run()
10 SYSTEMPATH/Boot.php(67): CodeIgniter\Boot::runCodeIgniter(Object(CodeIgniter\CodeIgniter))
11 FCPATH/index.php(57): CodeIgniter\Boot::bootWeb(Object(Config\Paths))
WARNING - 2025-08-19 18:15:39 --> [DEPRECATED] addslashes(): Passing null to parameter #1 ($string) of type string is deprecated in APPPATH/Views/service_list.php on line 10.
 1 APPPATH/Views/service_list.php(10): addslashes(null)
 2 SYSTEMPATH/View/View.php(224): include('/home/u810214334/domains/embellish-beauty.co.uk/public_html/app/Views/service_list.php')
 3 SYSTEMPATH/View/View.php(227): CodeIgniter\View\View->CodeIgniter\View\{closure}()
 4 SYSTEMPATH/Common.php(1173): CodeIgniter\View\View->render('service_list', [], true)
 5 APPPATH/Controllers/Home.php(129): view('service_list', [...])
 6 SYSTEMPATH/CodeIgniter.php(933): App\Controllers\Home->fetch_services()
 7 SYSTEMPATH/CodeIgniter.php(507): CodeIgniter\CodeIgniter->runController(Object(App\Controllers\Home))
 8 SYSTEMPATH/CodeIgniter.php(354): CodeIgniter\CodeIgniter->handleRequest(null, Object(Config\Cache), false)
 9 SYSTEMPATH/Boot.php(334): CodeIgniter\CodeIgniter->run()
10 SYSTEMPATH/Boot.php(67): CodeIgniter\Boot::runCodeIgniter(Object(CodeIgniter\CodeIgniter))
11 FCPATH/index.php(57): CodeIgniter\Boot::bootWeb(Object(Config\Paths))
WARNING - 2025-08-19 18:15:39 --> [DEPRECATED] addslashes(): Passing null to parameter #1 ($string) of type string is deprecated in APPPATH/Views/service_list.php on line 10.
 1 APPPATH/Views/service_list.php(10): addslashes(null)
 2 SYSTEMPATH/View/View.php(224): include('/home/u810214334/domains/embellish-beauty.co.uk/public_html/app/Views/service_list.php')
 3 SYSTEMPATH/View/View.php(227): CodeIgniter\View\View->CodeIgniter\View\{closure}()
 4 SYSTEMPATH/Common.php(1173): CodeIgniter\View\View->render('service_list', [], true)
 5 APPPATH/Controllers/Home.php(129): view('service_list', [...])
 6 SYSTEMPATH/CodeIgniter.php(933): App\Controllers\Home->fetch_services()
 7 SYSTEMPATH/CodeIgniter.php(507): CodeIgniter\CodeIgniter->runController(Object(App\Controllers\Home))
 8 SYSTEMPATH/CodeIgniter.php(354): CodeIgniter\CodeIgniter->handleRequest(null, Object(Config\Cache), false)
 9 SYSTEMPATH/Boot.php(334): CodeIgniter\CodeIgniter->run()
10 SYSTEMPATH/Boot.php(67): CodeIgniter\Boot::runCodeIgniter(Object(CodeIgniter\CodeIgniter))
11 FCPATH/index.php(57): CodeIgniter\Boot::bootWeb(Object(Config\Paths))
WARNING - 2025-08-19 18:15:39 --> [DEPRECATED] addslashes(): Passing null to parameter #1 ($string) of type string is deprecated in APPPATH/Views/service_list.php on line 10.
 1 APPPATH/Views/service_list.php(10): addslashes(null)
 2 SYSTEMPATH/View/View.php(224): include('/home/u810214334/domains/embellish-beauty.co.uk/public_html/app/Views/service_list.php')
 3 SYSTEMPATH/View/View.php(227): CodeIgniter\View\View->CodeIgniter\View\{closure}()
 4 SYSTEMPATH/Common.php(1173): CodeIgniter\View\View->render('service_list', [], true)
 5 APPPATH/Controllers/Home.php(129): view('service_list', [...])
 6 SYSTEMPATH/CodeIgniter.php(933): App\Controllers\Home->fetch_services()
 7 SYSTEMPATH/CodeIgniter.php(507): CodeIgniter\CodeIgniter->runController(Object(App\Controllers\Home))
 8 SYSTEMPATH/CodeIgniter.php(354): CodeIgniter\CodeIgniter->handleRequest(null, Object(Config\Cache), false)
 9 SYSTEMPATH/Boot.php(334): CodeIgniter\CodeIgniter->run()
10 SYSTEMPATH/Boot.php(67): CodeIgniter\Boot::runCodeIgniter(Object(CodeIgniter\CodeIgniter))
11 FCPATH/index.php(57): CodeIgniter\Boot::bootWeb(Object(Config\Paths))
WARNING - 2025-08-19 18:15:39 --> [DEPRECATED] addslashes(): Passing null to parameter #1 ($string) of type string is deprecated in APPPATH/Views/service_list.php on line 10.
 1 APPPATH/Views/service_list.php(10): addslashes(null)
 2 SYSTEMPATH/View/View.php(224): include('/home/u810214334/domains/embellish-beauty.co.uk/public_html/app/Views/service_list.php')
 3 SYSTEMPATH/View/View.php(227): CodeIgniter\View\View->CodeIgniter\View\{closure}()
 4 SYSTEMPATH/Common.php(1173): CodeIgniter\View\View->render('service_list', [], true)
 5 APPPATH/Controllers/Home.php(129): view('service_list', [...])
 6 SYSTEMPATH/CodeIgniter.php(933): App\Controllers\Home->fetch_services()
 7 SYSTEMPATH/CodeIgniter.php(507): CodeIgniter\CodeIgniter->runController(Object(App\Controllers\Home))
 8 SYSTEMPATH/CodeIgniter.php(354): CodeIgniter\CodeIgniter->handleRequest(null, Object(Config\Cache), false)
 9 SYSTEMPATH/Boot.php(334): CodeIgniter\CodeIgniter->run()
10 SYSTEMPATH/Boot.php(67): CodeIgniter\Boot::runCodeIgniter(Object(CodeIgniter\CodeIgniter))
11 FCPATH/index.php(57): CodeIgniter\Boot::bootWeb(Object(Config\Paths))
WARNING - 2025-08-19 18:15:39 --> [DEPRECATED] addslashes(): Passing null to parameter #1 ($string) of type string is deprecated in APPPATH/Views/service_list.php on line 10.
 1 APPPATH/Views/service_list.php(10): addslashes(null)
 2 SYSTEMPATH/View/View.php(224): include('/home/u810214334/domains/embellish-beauty.co.uk/public_html/app/Views/service_list.php')
 3 SYSTEMPATH/View/View.php(227): CodeIgniter\View\View->CodeIgniter\View\{closure}()
 4 SYSTEMPATH/Common.php(1173): CodeIgniter\View\View->render('service_list', [], true)
 5 APPPATH/Controllers/Home.php(129): view('service_list', [...])
 6 SYSTEMPATH/CodeIgniter.php(933): App\Controllers\Home->fetch_services()
 7 SYSTEMPATH/CodeIgniter.php(507): CodeIgniter\CodeIgniter->runController(Object(App\Controllers\Home))
 8 SYSTEMPATH/CodeIgniter.php(354): CodeIgniter\CodeIgniter->handleRequest(null, Object(Config\Cache), false)
 9 SYSTEMPATH/Boot.php(334): CodeIgniter\CodeIgniter->run()
10 SYSTEMPATH/Boot.php(67): CodeIgniter\Boot::runCodeIgniter(Object(CodeIgniter\CodeIgniter))
11 FCPATH/index.php(57): CodeIgniter\Boot::bootWeb(Object(Config\Paths))
WARNING - 2025-08-19 18:15:39 --> [DEPRECATED] addslashes(): Passing null to parameter #1 ($string) of type string is deprecated in APPPATH/Views/service_list.php on line 10.
 1 APPPATH/Views/service_list.php(10): addslashes(null)
 2 SYSTEMPATH/View/View.php(224): include('/home/u810214334/domains/embellish-beauty.co.uk/public_html/app/Views/service_list.php')
 3 SYSTEMPATH/View/View.php(227): CodeIgniter\View\View->CodeIgniter\View\{closure}()
 4 SYSTEMPATH/Common.php(1173): CodeIgniter\View\View->render('service_list', [], true)
 5 APPPATH/Controllers/Home.php(129): view('service_list', [...])
 6 SYSTEMPATH/CodeIgniter.php(933): App\Controllers\Home->fetch_services()
 7 SYSTEMPATH/CodeIgniter.php(507): CodeIgniter\CodeIgniter->runController(Object(App\Controllers\Home))
 8 SYSTEMPATH/CodeIgniter.php(354): CodeIgniter\CodeIgniter->handleRequest(null, Object(Config\Cache), false)
 9 SYSTEMPATH/Boot.php(334): CodeIgniter\CodeIgniter->run()
10 SYSTEMPATH/Boot.php(67): CodeIgniter\Boot::runCodeIgniter(Object(CodeIgniter\CodeIgniter))
11 FCPATH/index.php(57): CodeIgniter\Boot::bootWeb(Object(Config\Paths))
WARNING - 2025-08-19 18:15:39 --> [DEPRECATED] addslashes(): Passing null to parameter #1 ($string) of type string is deprecated in APPPATH/Views/service_list.php on line 10.
 1 APPPATH/Views/service_list.php(10): addslashes(null)
 2 SYSTEMPATH/View/View.php(224): include('/home/u810214334/domains/embellish-beauty.co.uk/public_html/app/Views/service_list.php')
 3 SYSTEMPATH/View/View.php(227): CodeIgniter\View\View->CodeIgniter\View\{closure}()
 4 SYSTEMPATH/Common.php(1173): CodeIgniter\View\View->render('service_list', [], true)
 5 APPPATH/Controllers/Home.php(129): view('service_list', [...])
 6 SYSTEMPATH/CodeIgniter.php(933): App\Controllers\Home->fetch_services()
 7 SYSTEMPATH/CodeIgniter.php(507): CodeIgniter\CodeIgniter->runController(Object(App\Controllers\Home))
 8 SYSTEMPATH/CodeIgniter.php(354): CodeIgniter\CodeIgniter->handleRequest(null, Object(Config\Cache), false)
 9 SYSTEMPATH/Boot.php(334): CodeIgniter\CodeIgniter->run()
10 SYSTEMPATH/Boot.php(67): CodeIgniter\Boot::runCodeIgniter(Object(CodeIgniter\CodeIgniter))
11 FCPATH/index.php(57): CodeIgniter\Boot::bootWeb(Object(Config\Paths))
DEBUG - 2025-08-19 18:15:55 --> Session: Class initialized using 'CodeIgniter\Session\Handlers\FileHandler' driver.
DEBUG - 2025-08-19 18:16:18 --> Session: Class initialized using 'CodeIgniter\Session\Handlers\FileHandler' driver.
DEBUG - 2025-08-19 18:16:24 --> Session: Class initialized using 'CodeIgniter\Session\Handlers\FileHandler' driver.
DEBUG - 2025-08-19 18:16:24 --> Session: Class initialized using 'CodeIgniter\Session\Handlers\FileHandler' driver.
DEBUG - 2025-08-19 18:16:50 --> Session: Class initialized using 'CodeIgniter\Session\Handlers\FileHandler' driver.
DEBUG - 2025-08-19 18:16:50 --> Session: Class initialized using 'CodeIgniter\Session\Handlers\FileHandler' driver.
DEBUG - 2025-08-19 18:17:00 --> Session: Class initialized using 'CodeIgniter\Session\Handlers\FileHandler' driver.
DEBUG - 2025-08-19 18:17:00 --> Session: Class initialized using 'CodeIgniter\Session\Handlers\FileHandler' driver.
DEBUG - 2025-08-19 18:17:04 --> Session: Class initialized using 'CodeIgniter\Session\Handlers\FileHandler' driver.
DEBUG - 2025-08-19 18:17:04 --> Session: Class initialized using 'CodeIgniter\Session\Handlers\FileHandler' driver.
DEBUG - 2025-08-19 18:17:08 --> Session: Class initialized using 'CodeIgniter\Session\Handlers\FileHandler' driver.
DEBUG - 2025-08-19 18:17:09 --> Session: Class initialized using 'CodeIgniter\Session\Handlers\FileHandler' driver.
DEBUG - 2025-08-19 18:26:26 --> Session: Class initialized using 'CodeIgniter\Session\Handlers\FileHandler' driver.
DEBUG - 2025-08-19 18:26:27 --> Session: Class initialized using 'CodeIgniter\Session\Handlers\FileHandler' driver.
DEBUG - 2025-08-19 18:28:21 --> Session: Class initialized using 'CodeIgniter\Session\Handlers\FileHandler' driver.
DEBUG - 2025-08-19 18:31:53 --> Session: Class initialized using 'CodeIgniter\Session\Handlers\FileHandler' driver.
DEBUG - 2025-08-19 18:32:22 --> Session: Class initialized using 'CodeIgniter\Session\Handlers\FileHandler' driver.
DEBUG - 2025-08-19 18:32:22 --> Session: Class initialized using 'CodeIgniter\Session\Handlers\FileHandler' driver.
DEBUG - 2025-08-19 18:32:22 --> Session: Class initialized using 'CodeIgniter\Session\Handlers\FileHandler' driver.
DEBUG - 2025-08-19 19:09:03 --> Session: Class initialized using 'CodeIgniter\Session\Handlers\FileHandler' driver.
DEBUG - 2025-08-19 19:09:47 --> Session: Class initialized using 'CodeIgniter\Session\Handlers\FileHandler' driver.
DEBUG - 2025-08-19 19:09:48 --> Session: Class initialized using 'CodeIgniter\Session\Handlers\FileHandler' driver.
DEBUG - 2025-08-19 19:14:01 --> Session: Class initialized using 'CodeIgniter\Session\Handlers\FileHandler' driver.
DEBUG - 2025-08-19 19:14:02 --> Session: Class initialized using 'CodeIgniter\Session\Handlers\FileHandler' driver.
DEBUG - 2025-08-19 19:38:05 --> Session: Class initialized using 'CodeIgniter\Session\Handlers\FileHandler' driver.
DEBUG - 2025-08-19 19:48:39 --> Session: Class initialized using 'CodeIgniter\Session\Handlers\FileHandler' driver.
DEBUG - 2025-08-19 19:56:43 --> Session: Class initialized using 'CodeIgniter\Session\Handlers\FileHandler' driver.
DEBUG - 2025-08-19 20:01:47 --> Session: Class initialized using 'CodeIgniter\Session\Handlers\FileHandler' driver.
DEBUG - 2025-08-19 20:03:43 --> Session: Class initialized using 'CodeIgniter\Session\Handlers\FileHandler' driver.
DEBUG - 2025-08-19 20:03:48 --> Session: Class initialized using 'CodeIgniter\Session\Handlers\FileHandler' driver.
DEBUG - 2025-08-19 20:03:54 --> Session: Class initialized using 'CodeIgniter\Session\Handlers\FileHandler' driver.
DEBUG - 2025-08-19 20:03:54 --> Session: Class initialized using 'CodeIgniter\Session\Handlers\FileHandler' driver.
DEBUG - 2025-08-19 20:03:54 --> Session: Class initialized using 'CodeIgniter\Session\Handlers\FileHandler' driver.
DEBUG - 2025-08-19 20:04:11 --> Session: Class initialized using 'CodeIgniter\Session\Handlers\FileHandler' driver.
DEBUG - 2025-08-19 20:04:30 --> Session: Class initialized using 'CodeIgniter\Session\Handlers\FileHandler' driver.
DEBUG - 2025-08-19 20:04:34 --> Session: Class initialized using 'CodeIgniter\Session\Handlers\FileHandler' driver.
DEBUG - 2025-08-19 20:05:04 --> Session: Class initialized using 'CodeIgniter\Session\Handlers\FileHandler' driver.
DEBUG - 2025-08-19 20:18:10 --> Session: Class initialized using 'CodeIgniter\Session\Handlers\FileHandler' driver.
DEBUG - 2025-08-19 20:23:55 --> Session: Class initialized using 'CodeIgniter\Session\Handlers\FileHandler' driver.
DEBUG - 2025-08-19 20:32:05 --> Session: Class initialized using 'CodeIgniter\Session\Handlers\FileHandler' driver.
DEBUG - 2025-08-19 20:41:48 --> Session: Class initialized using 'CodeIgniter\Session\Handlers\FileHandler' driver.
DEBUG - 2025-08-19 20:41:49 --> Session: Class initialized using 'CodeIgniter\Session\Handlers\FileHandler' driver.
DEBUG - 2025-08-19 20:41:49 --> Session: Class initialized using 'CodeIgniter\Session\Handlers\FileHandler' driver.
DEBUG - 2025-08-19 20:42:00 --> Session: Class initialized using 'CodeIgniter\Session\Handlers\FileHandler' driver.
DEBUG - 2025-08-19 20:42:00 --> Session: Class initialized using 'CodeIgniter\Session\Handlers\FileHandler' driver.
DEBUG - 2025-08-19 20:42:00 --> Session: Class initialized using 'CodeIgniter\Session\Handlers\FileHandler' driver.
DEBUG - 2025-08-19 20:42:00 --> Session: Class initialized using 'CodeIgniter\Session\Handlers\FileHandler' driver.
WARNING - 2025-08-19 20:42:00 --> [DEPRECATED] addslashes(): Passing null to parameter #1 ($string) of type string is deprecated in APPPATH/Views/service_list.php on line 10.
 1 APPPATH/Views/service_list.php(10): addslashes(null)
 2 SYSTEMPATH/View/View.php(224): include('/home/u810214334/domains/embellish-beauty.co.uk/public_html/app/Views/service_list.php')
 3 SYSTEMPATH/View/View.php(227): CodeIgniter\View\View->CodeIgniter\View\{closure}()
 4 SYSTEMPATH/Common.php(1173): CodeIgniter\View\View->render('service_list', [], true)
 5 APPPATH/Controllers/Home.php(129): view('service_list', [...])
 6 SYSTEMPATH/CodeIgniter.php(933): App\Controllers\Home->fetch_services()
 7 SYSTEMPATH/CodeIgniter.php(507): CodeIgniter\CodeIgniter->runController(Object(App\Controllers\Home))
 8 SYSTEMPATH/CodeIgniter.php(354): CodeIgniter\CodeIgniter->handleRequest(null, Object(Config\Cache), false)
 9 SYSTEMPATH/Boot.php(334): CodeIgniter\CodeIgniter->run()
10 SYSTEMPATH/Boot.php(67): CodeIgniter\Boot::runCodeIgniter(Object(CodeIgniter\CodeIgniter))
11 FCPATH/index.php(57): CodeIgniter\Boot::bootWeb(Object(Config\Paths))
WARNING - 2025-08-19 20:42:00 --> [DEPRECATED] addslashes(): Passing null to parameter #1 ($string) of type string is deprecated in APPPATH/Views/service_list.php on line 10.
 1 APPPATH/Views/service_list.php(10): addslashes(null)
 2 SYSTEMPATH/View/View.php(224): include('/home/u810214334/domains/embellish-beauty.co.uk/public_html/app/Views/service_list.php')
 3 SYSTEMPATH/View/View.php(227): CodeIgniter\View\View->CodeIgniter\View\{closure}()
 4 SYSTEMPATH/Common.php(1173): CodeIgniter\View\View->render('service_list', [], true)
 5 APPPATH/Controllers/Home.php(129): view('service_list', [...])
 6 SYSTEMPATH/CodeIgniter.php(933): App\Controllers\Home->fetch_services()
 7 SYSTEMPATH/CodeIgniter.php(507): CodeIgniter\CodeIgniter->runController(Object(App\Controllers\Home))
 8 SYSTEMPATH/CodeIgniter.php(354): CodeIgniter\CodeIgniter->handleRequest(null, Object(Config\Cache), false)
 9 SYSTEMPATH/Boot.php(334): CodeIgniter\CodeIgniter->run()
10 SYSTEMPATH/Boot.php(67): CodeIgniter\Boot::runCodeIgniter(Object(CodeIgniter\CodeIgniter))
11 FCPATH/index.php(57): CodeIgniter\Boot::bootWeb(Object(Config\Paths))
WARNING - 2025-08-19 20:42:00 --> [DEPRECATED] addslashes(): Passing null to parameter #1 ($string) of type string is deprecated in APPPATH/Views/service_list.php on line 10.
 1 APPPATH/Views/service_list.php(10): addslashes(null)
 2 SYSTEMPATH/View/View.php(224): include('/home/u810214334/domains/embellish-beauty.co.uk/public_html/app/Views/service_list.php')
 3 SYSTEMPATH/View/View.php(227): CodeIgniter\View\View->CodeIgniter\View\{closure}()
 4 SYSTEMPATH/Common.php(1173): CodeIgniter\View\View->render('service_list', [], true)
 5 APPPATH/Controllers/Home.php(129): view('service_list', [...])
 6 SYSTEMPATH/CodeIgniter.php(933): App\Controllers\Home->fetch_services()
 7 SYSTEMPATH/CodeIgniter.php(507): CodeIgniter\CodeIgniter->runController(Object(App\Controllers\Home))
 8 SYSTEMPATH/CodeIgniter.php(354): CodeIgniter\CodeIgniter->handleRequest(null, Object(Config\Cache), false)
 9 SYSTEMPATH/Boot.php(334): CodeIgniter\CodeIgniter->run()
10 SYSTEMPATH/Boot.php(67): CodeIgniter\Boot::runCodeIgniter(Object(CodeIgniter\CodeIgniter))
11 FCPATH/index.php(57): CodeIgniter\Boot::bootWeb(Object(Config\Paths))
WARNING - 2025-08-19 20:42:00 --> [DEPRECATED] addslashes(): Passing null to parameter #1 ($string) of type string is deprecated in APPPATH/Views/service_list.php on line 10.
 1 APPPATH/Views/service_list.php(10): addslashes(null)
 2 SYSTEMPATH/View/View.php(224): include('/home/u810214334/domains/embellish-beauty.co.uk/public_html/app/Views/service_list.php')
 3 SYSTEMPATH/View/View.php(227): CodeIgniter\View\View->CodeIgniter\View\{closure}()
 4 SYSTEMPATH/Common.php(1173): CodeIgniter\View\View->render('service_list', [], true)
 5 APPPATH/Controllers/Home.php(129): view('service_list', [...])
 6 SYSTEMPATH/CodeIgniter.php(933): App\Controllers\Home->fetch_services()
 7 SYSTEMPATH/CodeIgniter.php(507): CodeIgniter\CodeIgniter->runController(Object(App\Controllers\Home))
 8 SYSTEMPATH/CodeIgniter.php(354): CodeIgniter\CodeIgniter->handleRequest(null, Object(Config\Cache), false)
 9 SYSTEMPATH/Boot.php(334): CodeIgniter\CodeIgniter->run()
10 SYSTEMPATH/Boot.php(67): CodeIgniter\Boot::runCodeIgniter(Object(CodeIgniter\CodeIgniter))
11 FCPATH/index.php(57): CodeIgniter\Boot::bootWeb(Object(Config\Paths))
WARNING - 2025-08-19 20:42:00 --> [DEPRECATED] addslashes(): Passing null to parameter #1 ($string) of type string is deprecated in APPPATH/Views/service_list.php on line 10.
 1 APPPATH/Views/service_list.php(10): addslashes(null)
 2 SYSTEMPATH/View/View.php(224): include('/home/u810214334/domains/embellish-beauty.co.uk/public_html/app/Views/service_list.php')
 3 SYSTEMPATH/View/View.php(227): CodeIgniter\View\View->CodeIgniter\View\{closure}()
 4 SYSTEMPATH/Common.php(1173): CodeIgniter\View\View->render('service_list', [], true)
 5 APPPATH/Controllers/Home.php(129): view('service_list', [...])
 6 SYSTEMPATH/CodeIgniter.php(933): App\Controllers\Home->fetch_services()
 7 SYSTEMPATH/CodeIgniter.php(507): CodeIgniter\CodeIgniter->runController(Object(App\Controllers\Home))
 8 SYSTEMPATH/CodeIgniter.php(354): CodeIgniter\CodeIgniter->handleRequest(null, Object(Config\Cache), false)
 9 SYSTEMPATH/Boot.php(334): CodeIgniter\CodeIgniter->run()
10 SYSTEMPATH/Boot.php(67): CodeIgniter\Boot::runCodeIgniter(Object(CodeIgniter\CodeIgniter))
11 FCPATH/index.php(57): CodeIgniter\Boot::bootWeb(Object(Config\Paths))
WARNING - 2025-08-19 20:42:00 --> [DEPRECATED] addslashes(): Passing null to parameter #1 ($string) of type string is deprecated in APPPATH/Views/service_list.php on line 10.
 1 APPPATH/Views/service_list.php(10): addslashes(null)
 2 SYSTEMPATH/View/View.php(224): include('/home/u810214334/domains/embellish-beauty.co.uk/public_html/app/Views/service_list.php')
 3 SYSTEMPATH/View/View.php(227): CodeIgniter\View\View->CodeIgniter\View\{closure}()
 4 SYSTEMPATH/Common.php(1173): CodeIgniter\View\View->render('service_list', [], true)
 5 APPPATH/Controllers/Home.php(129): view('service_list', [...])
 6 SYSTEMPATH/CodeIgniter.php(933): App\Controllers\Home->fetch_services()
 7 SYSTEMPATH/CodeIgniter.php(507): CodeIgniter\CodeIgniter->runController(Object(App\Controllers\Home))
 8 SYSTEMPATH/CodeIgniter.php(354): CodeIgniter\CodeIgniter->handleRequest(null, Object(Config\Cache), false)
 9 SYSTEMPATH/Boot.php(334): CodeIgniter\CodeIgniter->run()
10 SYSTEMPATH/Boot.php(67): CodeIgniter\Boot::runCodeIgniter(Object(CodeIgniter\CodeIgniter))
11 FCPATH/index.php(57): CodeIgniter\Boot::bootWeb(Object(Config\Paths))
WARNING - 2025-08-19 20:42:00 --> [DEPRECATED] addslashes(): Passing null to parameter #1 ($string) of type string is deprecated in APPPATH/Views/service_list.php on line 10.
 1 APPPATH/Views/service_list.php(10): addslashes(null)
 2 SYSTEMPATH/View/View.php(224): include('/home/u810214334/domains/embellish-beauty.co.uk/public_html/app/Views/service_list.php')
 3 SYSTEMPATH/View/View.php(227): CodeIgniter\View\View->CodeIgniter\View\{closure}()
 4 SYSTEMPATH/Common.php(1173): CodeIgniter\View\View->render('service_list', [], true)
 5 APPPATH/Controllers/Home.php(129): view('service_list', [...])
 6 SYSTEMPATH/CodeIgniter.php(933): App\Controllers\Home->fetch_services()
 7 SYSTEMPATH/CodeIgniter.php(507): CodeIgniter\CodeIgniter->runController(Object(App\Controllers\Home))
 8 SYSTEMPATH/CodeIgniter.php(354): CodeIgniter\CodeIgniter->handleRequest(null, Object(Config\Cache), false)
 9 SYSTEMPATH/Boot.php(334): CodeIgniter\CodeIgniter->run()
10 SYSTEMPATH/Boot.php(67): CodeIgniter\Boot::runCodeIgniter(Object(CodeIgniter\CodeIgniter))
11 FCPATH/index.php(57): CodeIgniter\Boot::bootWeb(Object(Config\Paths))
WARNING - 2025-08-19 20:42:00 --> [DEPRECATED] addslashes(): Passing null to parameter #1 ($string) of type string is deprecated in APPPATH/Views/service_list.php on line 10.
 1 APPPATH/Views/service_list.php(10): addslashes(null)
 2 SYSTEMPATH/View/View.php(224): include('/home/u810214334/domains/embellish-beauty.co.uk/public_html/app/Views/service_list.php')
 3 SYSTEMPATH/View/View.php(227): CodeIgniter\View\View->CodeIgniter\View\{closure}()
 4 SYSTEMPATH/Common.php(1173): CodeIgniter\View\View->render('service_list', [], true)
 5 APPPATH/Controllers/Home.php(129): view('service_list', [...])
 6 SYSTEMPATH/CodeIgniter.php(933): App\Controllers\Home->fetch_services()
 7 SYSTEMPATH/CodeIgniter.php(507): CodeIgniter\CodeIgniter->runController(Object(App\Controllers\Home))
 8 SYSTEMPATH/CodeIgniter.php(354): CodeIgniter\CodeIgniter->handleRequest(null, Object(Config\Cache), false)
 9 SYSTEMPATH/Boot.php(334): CodeIgniter\CodeIgniter->run()
10 SYSTEMPATH/Boot.php(67): CodeIgniter\Boot::runCodeIgniter(Object(CodeIgniter\CodeIgniter))
11 FCPATH/index.php(57): CodeIgniter\Boot::bootWeb(Object(Config\Paths))
WARNING - 2025-08-19 20:42:00 --> [DEPRECATED] addslashes(): Passing null to parameter #1 ($string) of type string is deprecated in APPPATH/Views/service_list.php on line 10.
 1 APPPATH/Views/service_list.php(10): addslashes(null)
 2 SYSTEMPATH/View/View.php(224): include('/home/u810214334/domains/embellish-beauty.co.uk/public_html/app/Views/service_list.php')
 3 SYSTEMPATH/View/View.php(227): CodeIgniter\View\View->CodeIgniter\View\{closure}()
 4 SYSTEMPATH/Common.php(1173): CodeIgniter\View\View->render('service_list', [], true)
 5 APPPATH/Controllers/Home.php(129): view('service_list', [...])
 6 SYSTEMPATH/CodeIgniter.php(933): App\Controllers\Home->fetch_services()
 7 SYSTEMPATH/CodeIgniter.php(507): CodeIgniter\CodeIgniter->runController(Object(App\Controllers\Home))
 8 SYSTEMPATH/CodeIgniter.php(354): CodeIgniter\CodeIgniter->handleRequest(null, Object(Config\Cache), false)
 9 SYSTEMPATH/Boot.php(334): CodeIgniter\CodeIgniter->run()
10 SYSTEMPATH/Boot.php(67): CodeIgniter\Boot::runCodeIgniter(Object(CodeIgniter\CodeIgniter))
11 FCPATH/index.php(57): CodeIgniter\Boot::bootWeb(Object(Config\Paths))
WARNING - 2025-08-19 20:42:00 --> [DEPRECATED] addslashes(): Passing null to parameter #1 ($string) of type string is deprecated in APPPATH/Views/service_list.php on line 10.
 1 APPPATH/Views/service_list.php(10): addslashes(null)
 2 SYSTEMPATH/View/View.php(224): include('/home/u810214334/domains/embellish-beauty.co.uk/public_html/app/Views/service_list.php')
 3 SYSTEMPATH/View/View.php(227): CodeIgniter\View\View->CodeIgniter\View\{closure}()
 4 SYSTEMPATH/Common.php(1173): CodeIgniter\View\View->render('service_list', [], true)
 5 APPPATH/Controllers/Home.php(129): view('service_list', [...])
 6 SYSTEMPATH/CodeIgniter.php(933): App\Controllers\Home->fetch_services()
 7 SYSTEMPATH/CodeIgniter.php(507): CodeIgniter\CodeIgniter->runController(Object(App\Controllers\Home))
 8 SYSTEMPATH/CodeIgniter.php(354): CodeIgniter\CodeIgniter->handleRequest(null, Object(Config\Cache), false)
 9 SYSTEMPATH/Boot.php(334): CodeIgniter\CodeIgniter->run()
10 SYSTEMPATH/Boot.php(67): CodeIgniter\Boot::runCodeIgniter(Object(CodeIgniter\CodeIgniter))
11 FCPATH/index.php(57): CodeIgniter\Boot::bootWeb(Object(Config\Paths))
WARNING - 2025-08-19 20:42:00 --> [DEPRECATED] addslashes(): Passing null to parameter #1 ($string) of type string is deprecated in APPPATH/Views/service_list.php on line 10.
 1 APPPATH/Views/service_list.php(10): addslashes(null)
 2 SYSTEMPATH/View/View.php(224): include('/home/u810214334/domains/embellish-beauty.co.uk/public_html/app/Views/service_list.php')
 3 SYSTEMPATH/View/View.php(227): CodeIgniter\View\View->CodeIgniter\View\{closure}()
 4 SYSTEMPATH/Common.php(1173): CodeIgniter\View\View->render('service_list', [], true)
 5 APPPATH/Controllers/Home.php(129): view('service_list', [...])
 6 SYSTEMPATH/CodeIgniter.php(933): App\Controllers\Home->fetch_services()
 7 SYSTEMPATH/CodeIgniter.php(507): CodeIgniter\CodeIgniter->runController(Object(App\Controllers\Home))
 8 SYSTEMPATH/CodeIgniter.php(354): CodeIgniter\CodeIgniter->handleRequest(null, Object(Config\Cache), false)
 9 SYSTEMPATH/Boot.php(334): CodeIgniter\CodeIgniter->run()
10 SYSTEMPATH/Boot.php(67): CodeIgniter\Boot::runCodeIgniter(Object(CodeIgniter\CodeIgniter))
11 FCPATH/index.php(57): CodeIgniter\Boot::bootWeb(Object(Config\Paths))
WARNING - 2025-08-19 20:42:00 --> [DEPRECATED] addslashes(): Passing null to parameter #1 ($string) of type string is deprecated in APPPATH/Views/service_list.php on line 10.
 1 APPPATH/Views/service_list.php(10): addslashes(null)
 2 SYSTEMPATH/View/View.php(224): include('/home/u810214334/domains/embellish-beauty.co.uk/public_html/app/Views/service_list.php')
 3 SYSTEMPATH/View/View.php(227): CodeIgniter\View\View->CodeIgniter\View\{closure}()
 4 SYSTEMPATH/Common.php(1173): CodeIgniter\View\View->render('service_list', [], true)
 5 APPPATH/Controllers/Home.php(129): view('service_list', [...])
 6 SYSTEMPATH/CodeIgniter.php(933): App\Controllers\Home->fetch_services()
 7 SYSTEMPATH/CodeIgniter.php(507): CodeIgniter\CodeIgniter->runController(Object(App\Controllers\Home))
 8 SYSTEMPATH/CodeIgniter.php(354): CodeIgniter\CodeIgniter->handleRequest(null, Object(Config\Cache), false)
 9 SYSTEMPATH/Boot.php(334): CodeIgniter\CodeIgniter->run()
10 SYSTEMPATH/Boot.php(67): CodeIgniter\Boot::runCodeIgniter(Object(CodeIgniter\CodeIgniter))
11 FCPATH/index.php(57): CodeIgniter\Boot::bootWeb(Object(Config\Paths))
WARNING - 2025-08-19 20:42:00 --> [DEPRECATED] addslashes(): Passing null to parameter #1 ($string) of type string is deprecated in APPPATH/Views/service_list.php on line 10.
 1 APPPATH/Views/service_list.php(10): addslashes(null)
 2 SYSTEMPATH/View/View.php(224): include('/home/u810214334/domains/embellish-beauty.co.uk/public_html/app/Views/service_list.php')
 3 SYSTEMPATH/View/View.php(227): CodeIgniter\View\View->CodeIgniter\View\{closure}()
 4 SYSTEMPATH/Common.php(1173): CodeIgniter\View\View->render('service_list', [], true)
 5 APPPATH/Controllers/Home.php(129): view('service_list', [...])
 6 SYSTEMPATH/CodeIgniter.php(933): App\Controllers\Home->fetch_services()
 7 SYSTEMPATH/CodeIgniter.php(507): CodeIgniter\CodeIgniter->runController(Object(App\Controllers\Home))
 8 SYSTEMPATH/CodeIgniter.php(354): CodeIgniter\CodeIgniter->handleRequest(null, Object(Config\Cache), false)
 9 SYSTEMPATH/Boot.php(334): CodeIgniter\CodeIgniter->run()
10 SYSTEMPATH/Boot.php(67): CodeIgniter\Boot::runCodeIgniter(Object(CodeIgniter\CodeIgniter))
11 FCPATH/index.php(57): CodeIgniter\Boot::bootWeb(Object(Config\Paths))
WARNING - 2025-08-19 20:42:00 --> [DEPRECATED] addslashes(): Passing null to parameter #1 ($string) of type string is deprecated in APPPATH/Views/service_list.php on line 10.
 1 APPPATH/Views/service_list.php(10): addslashes(null)
 2 SYSTEMPATH/View/View.php(224): include('/home/u810214334/domains/embellish-beauty.co.uk/public_html/app/Views/service_list.php')
 3 SYSTEMPATH/View/View.php(227): CodeIgniter\View\View->CodeIgniter\View\{closure}()
 4 SYSTEMPATH/Common.php(1173): CodeIgniter\View\View->render('service_list', [], true)
 5 APPPATH/Controllers/Home.php(129): view('service_list', [...])
 6 SYSTEMPATH/CodeIgniter.php(933): App\Controllers\Home->fetch_services()
 7 SYSTEMPATH/CodeIgniter.php(507): CodeIgniter\CodeIgniter->runController(Object(App\Controllers\Home))
 8 SYSTEMPATH/CodeIgniter.php(354): CodeIgniter\CodeIgniter->handleRequest(null, Object(Config\Cache), false)
 9 SYSTEMPATH/Boot.php(334): CodeIgniter\CodeIgniter->run()
10 SYSTEMPATH/Boot.php(67): CodeIgniter\Boot::runCodeIgniter(Object(CodeIgniter\CodeIgniter))
11 FCPATH/index.php(57): CodeIgniter\Boot::bootWeb(Object(Config\Paths))
WARNING - 2025-08-19 20:42:00 --> [DEPRECATED] addslashes(): Passing null to parameter #1 ($string) of type string is deprecated in APPPATH/Views/service_list.php on line 10.
 1 APPPATH/Views/service_list.php(10): addslashes(null)
 2 SYSTEMPATH/View/View.php(224): include('/home/u810214334/domains/embellish-beauty.co.uk/public_html/app/Views/service_list.php')
 3 SYSTEMPATH/View/View.php(227): CodeIgniter\View\View->CodeIgniter\View\{closure}()
 4 SYSTEMPATH/Common.php(1173): CodeIgniter\View\View->render('service_list', [], true)
 5 APPPATH/Controllers/Home.php(129): view('service_list', [...])
 6 SYSTEMPATH/CodeIgniter.php(933): App\Controllers\Home->fetch_services()
 7 SYSTEMPATH/CodeIgniter.php(507): CodeIgniter\CodeIgniter->runController(Object(App\Controllers\Home))
 8 SYSTEMPATH/CodeIgniter.php(354): CodeIgniter\CodeIgniter->handleRequest(null, Object(Config\Cache), false)
 9 SYSTEMPATH/Boot.php(334): CodeIgniter\CodeIgniter->run()
10 SYSTEMPATH/Boot.php(67): CodeIgniter\Boot::runCodeIgniter(Object(CodeIgniter\CodeIgniter))
11 FCPATH/index.php(57): CodeIgniter\Boot::bootWeb(Object(Config\Paths))
WARNING - 2025-08-19 20:42:00 --> [DEPRECATED] addslashes(): Passing null to parameter #1 ($string) of type string is deprecated in APPPATH/Views/service_list.php on line 10.
 1 APPPATH/Views/service_list.php(10): addslashes(null)
 2 SYSTEMPATH/View/View.php(224): include('/home/u810214334/domains/embellish-beauty.co.uk/public_html/app/Views/service_list.php')
 3 SYSTEMPATH/View/View.php(227): CodeIgniter\View\View->CodeIgniter\View\{closure}()
 4 SYSTEMPATH/Common.php(1173): CodeIgniter\View\View->render('service_list', [], true)
 5 APPPATH/Controllers/Home.php(129): view('service_list', [...])
 6 SYSTEMPATH/CodeIgniter.php(933): App\Controllers\Home->fetch_services()
 7 SYSTEMPATH/CodeIgniter.php(507): CodeIgniter\CodeIgniter->runController(Object(App\Controllers\Home))
 8 SYSTEMPATH/CodeIgniter.php(354): CodeIgniter\CodeIgniter->handleRequest(null, Object(Config\Cache), false)
 9 SYSTEMPATH/Boot.php(334): CodeIgniter\CodeIgniter->run()
10 SYSTEMPATH/Boot.php(67): CodeIgniter\Boot::runCodeIgniter(Object(CodeIgniter\CodeIgniter))
11 FCPATH/index.php(57): CodeIgniter\Boot::bootWeb(Object(Config\Paths))
WARNING - 2025-08-19 20:42:00 --> [DEPRECATED] addslashes(): Passing null to parameter #1 ($string) of type string is deprecated in APPPATH/Views/service_list.php on line 10.
 1 APPPATH/Views/service_list.php(10): addslashes(null)
 2 SYSTEMPATH/View/View.php(224): include('/home/u810214334/domains/embellish-beauty.co.uk/public_html/app/Views/service_list.php')
 3 SYSTEMPATH/View/View.php(227): CodeIgniter\View\View->CodeIgniter\View\{closure}()
 4 SYSTEMPATH/Common.php(1173): CodeIgniter\View\View->render('service_list', [], true)
 5 APPPATH/Controllers/Home.php(129): view('service_list', [...])
 6 SYSTEMPATH/CodeIgniter.php(933): App\Controllers\Home->fetch_services()
 7 SYSTEMPATH/CodeIgniter.php(507): CodeIgniter\CodeIgniter->runController(Object(App\Controllers\Home))
 8 SYSTEMPATH/CodeIgniter.php(354): CodeIgniter\CodeIgniter->handleRequest(null, Object(Config\Cache), false)
 9 SYSTEMPATH/Boot.php(334): CodeIgniter\CodeIgniter->run()
10 SYSTEMPATH/Boot.php(67): CodeIgniter\Boot::runCodeIgniter(Object(CodeIgniter\CodeIgniter))
11 FCPATH/index.php(57): CodeIgniter\Boot::bootWeb(Object(Config\Paths))
DEBUG - 2025-08-19 20:42:00 --> Session: Class initialized using 'CodeIgniter\Session\Handlers\FileHandler' driver.
DEBUG - 2025-08-19 20:44:50 --> Session: Class initialized using 'CodeIgniter\Session\Handlers\FileHandler' driver.
DEBUG - 2025-08-19 20:48:38 --> Session: Class initialized using 'CodeIgniter\Session\Handlers\FileHandler' driver.
DEBUG - 2025-08-19 20:58:19 --> Session: Class initialized using 'CodeIgniter\Session\Handlers\FileHandler' driver.
DEBUG - 2025-08-19 21:12:30 --> Session: Class initialized using 'CodeIgniter\Session\Handlers\FileHandler' driver.
DEBUG - 2025-08-19 21:14:41 --> Session: Class initialized using 'CodeIgniter\Session\Handlers\FileHandler' driver.
DEBUG - 2025-08-19 21:14:42 --> Session: Class initialized using 'CodeIgniter\Session\Handlers\FileHandler' driver.
DEBUG - 2025-08-19 21:26:51 --> Session: Class initialized using 'CodeIgniter\Session\Handlers\FileHandler' driver.
DEBUG - 2025-08-19 21:28:27 --> Session: Class initialized using 'CodeIgniter\Session\Handlers\FileHandler' driver.
DEBUG - 2025-08-19 21:39:28 --> Session: Class initialized using 'CodeIgniter\Session\Handlers\FileHandler' driver.
DEBUG - 2025-08-19 21:40:35 --> Session: Class initialized using 'CodeIgniter\Session\Handlers\FileHandler' driver.
DEBUG - 2025-08-19 21:41:19 --> Session: Class initialized using 'CodeIgniter\Session\Handlers\FileHandler' driver.
DEBUG - 2025-08-19 21:53:50 --> Session: Class initialized using 'CodeIgniter\Session\Handlers\FileHandler' driver.
DEBUG - 2025-08-19 21:54:19 --> Session: Class initialized using 'CodeIgniter\Session\Handlers\FileHandler' driver.
DEBUG - 2025-08-19 21:54:36 --> Session: Class initialized using 'CodeIgniter\Session\Handlers\FileHandler' driver.
DEBUG - 2025-08-19 21:54:36 --> Session: Class initialized using 'CodeIgniter\Session\Handlers\FileHandler' driver.
DEBUG - 2025-08-19 21:54:36 --> Session: Class initialized using 'CodeIgniter\Session\Handlers\FileHandler' driver.
DEBUG - 2025-08-19 21:54:52 --> Session: Class initialized using 'CodeIgniter\Session\Handlers\FileHandler' driver.
DEBUG - 2025-08-19 21:54:57 --> Session: Class initialized using 'CodeIgniter\Session\Handlers\FileHandler' driver.
DEBUG - 2025-08-19 21:54:57 --> Session: Class initialized using 'CodeIgniter\Session\Handlers\FileHandler' driver.
DEBUG - 2025-08-19 21:54:57 --> Session: Class initialized using 'CodeIgniter\Session\Handlers\FileHandler' driver.
DEBUG - 2025-08-19 21:57:28 --> Session: Class initialized using 'CodeIgniter\Session\Handlers\FileHandler' driver.
DEBUG - 2025-08-19 22:07:50 --> Session: Class initialized using 'CodeIgniter\Session\Handlers\FileHandler' driver.
DEBUG - 2025-08-19 22:12:49 --> Session: Class initialized using 'CodeIgniter\Session\Handlers\FileHandler' driver.
DEBUG - 2025-08-19 22:13:05 --> Session: Class initialized using 'CodeIgniter\Session\Handlers\FileHandler' driver.
DEBUG - 2025-08-19 22:18:36 --> Session: Class initialized using 'CodeIgniter\Session\Handlers\FileHandler' driver.
DEBUG - 2025-08-19 22:35:04 --> Session: Class initialized using 'CodeIgniter\Session\Handlers\FileHandler' driver.
DEBUG - 2025-08-19 22:35:06 --> Session: Class initialized using 'CodeIgniter\Session\Handlers\FileHandler' driver.
DEBUG - 2025-08-19 22:35:10 --> Session: Class initialized using 'CodeIgniter\Session\Handlers\FileHandler' driver.
DEBUG - 2025-08-19 22:35:10 --> Session: Class initialized using 'CodeIgniter\Session\Handlers\FileHandler' driver.
DEBUG - 2025-08-19 22:35:11 --> Session: Class initialized using 'CodeIgniter\Session\Handlers\FileHandler' driver.
DEBUG - 2025-08-19 22:35:34 --> Session: Class initialized using 'CodeIgniter\Session\Handlers\FileHandler' driver.
DEBUG - 2025-08-19 22:35:39 --> Session: Class initialized using 'CodeIgniter\Session\Handlers\FileHandler' driver.
DEBUG - 2025-08-19 22:35:39 --> Session: Class initialized using 'CodeIgniter\Session\Handlers\FileHandler' driver.
DEBUG - 2025-08-19 22:35:39 --> Session: Class initialized using 'CodeIgniter\Session\Handlers\FileHandler' driver.
DEBUG - 2025-08-19 22:36:00 --> Session: Class initialized using 'CodeIgniter\Session\Handlers\FileHandler' driver.
DEBUG - 2025-08-19 22:36:00 --> Session: Class initialized using 'CodeIgniter\Session\Handlers\FileHandler' driver.
DEBUG - 2025-08-19 22:36:01 --> Session: Class initialized using 'CodeIgniter\Session\Handlers\FileHandler' driver.
DEBUG - 2025-08-19 22:36:01 --> Session: Class initialized using 'CodeIgniter\Session\Handlers\FileHandler' driver.
WARNING - 2025-08-19 22:36:01 --> [DEPRECATED] addslashes(): Passing null to parameter #1 ($string) of type string is deprecated in APPPATH/Views/service_list.php on line 10.
 1 APPPATH/Views/service_list.php(10): addslashes(null)
 2 SYSTEMPATH/View/View.php(224): include('/home/u810214334/domains/embellish-beauty.co.uk/public_html/app/Views/service_list.php')
 3 SYSTEMPATH/View/View.php(227): CodeIgniter\View\View->CodeIgniter\View\{closure}()
 4 SYSTEMPATH/Common.php(1173): CodeIgniter\View\View->render('service_list', [], true)
 5 APPPATH/Controllers/Home.php(129): view('service_list', [...])
 6 SYSTEMPATH/CodeIgniter.php(933): App\Controllers\Home->fetch_services()
 7 SYSTEMPATH/CodeIgniter.php(507): CodeIgniter\CodeIgniter->runController(Object(App\Controllers\Home))
 8 SYSTEMPATH/CodeIgniter.php(354): CodeIgniter\CodeIgniter->handleRequest(null, Object(Config\Cache), false)
 9 SYSTEMPATH/Boot.php(334): CodeIgniter\CodeIgniter->run()
10 SYSTEMPATH/Boot.php(67): CodeIgniter\Boot::runCodeIgniter(Object(CodeIgniter\CodeIgniter))
11 FCPATH/index.php(57): CodeIgniter\Boot::bootWeb(Object(Config\Paths))
WARNING - 2025-08-19 22:36:01 --> [DEPRECATED] addslashes(): Passing null to parameter #1 ($string) of type string is deprecated in APPPATH/Views/service_list.php on line 10.
 1 APPPATH/Views/service_list.php(10): addslashes(null)
 2 SYSTEMPATH/View/View.php(224): include('/home/u810214334/domains/embellish-beauty.co.uk/public_html/app/Views/service_list.php')
 3 SYSTEMPATH/View/View.php(227): CodeIgniter\View\View->CodeIgniter\View\{closure}()
 4 SYSTEMPATH/Common.php(1173): CodeIgniter\View\View->render('service_list', [], true)
 5 APPPATH/Controllers/Home.php(129): view('service_list', [...])
 6 SYSTEMPATH/CodeIgniter.php(933): App\Controllers\Home->fetch_services()
 7 SYSTEMPATH/CodeIgniter.php(507): CodeIgniter\CodeIgniter->runController(Object(App\Controllers\Home))
 8 SYSTEMPATH/CodeIgniter.php(354): CodeIgniter\CodeIgniter->handleRequest(null, Object(Config\Cache), false)
 9 SYSTEMPATH/Boot.php(334): CodeIgniter\CodeIgniter->run()
10 SYSTEMPATH/Boot.php(67): CodeIgniter\Boot::runCodeIgniter(Object(CodeIgniter\CodeIgniter))
11 FCPATH/index.php(57): CodeIgniter\Boot::bootWeb(Object(Config\Paths))
WARNING - 2025-08-19 22:36:01 --> [DEPRECATED] addslashes(): Passing null to parameter #1 ($string) of type string is deprecated in APPPATH/Views/service_list.php on line 10.
 1 APPPATH/Views/service_list.php(10): addslashes(null)
 2 SYSTEMPATH/View/View.php(224): include('/home/u810214334/domains/embellish-beauty.co.uk/public_html/app/Views/service_list.php')
 3 SYSTEMPATH/View/View.php(227): CodeIgniter\View\View->CodeIgniter\View\{closure}()
 4 SYSTEMPATH/Common.php(1173): CodeIgniter\View\View->render('service_list', [], true)
 5 APPPATH/Controllers/Home.php(129): view('service_list', [...])
 6 SYSTEMPATH/CodeIgniter.php(933): App\Controllers\Home->fetch_services()
 7 SYSTEMPATH/CodeIgniter.php(507): CodeIgniter\CodeIgniter->runController(Object(App\Controllers\Home))
 8 SYSTEMPATH/CodeIgniter.php(354): CodeIgniter\CodeIgniter->handleRequest(null, Object(Config\Cache), false)
 9 SYSTEMPATH/Boot.php(334): CodeIgniter\CodeIgniter->run()
10 SYSTEMPATH/Boot.php(67): CodeIgniter\Boot::runCodeIgniter(Object(CodeIgniter\CodeIgniter))
11 FCPATH/index.php(57): CodeIgniter\Boot::bootWeb(Object(Config\Paths))
WARNING - 2025-08-19 22:36:01 --> [DEPRECATED] addslashes(): Passing null to parameter #1 ($string) of type string is deprecated in APPPATH/Views/service_list.php on line 10.
 1 APPPATH/Views/service_list.php(10): addslashes(null)
 2 SYSTEMPATH/View/View.php(224): include('/home/u810214334/domains/embellish-beauty.co.uk/public_html/app/Views/service_list.php')
 3 SYSTEMPATH/View/View.php(227): CodeIgniter\View\View->CodeIgniter\View\{closure}()
 4 SYSTEMPATH/Common.php(1173): CodeIgniter\View\View->render('service_list', [], true)
 5 APPPATH/Controllers/Home.php(129): view('service_list', [...])
 6 SYSTEMPATH/CodeIgniter.php(933): App\Controllers\Home->fetch_services()
 7 SYSTEMPATH/CodeIgniter.php(507): CodeIgniter\CodeIgniter->runController(Object(App\Controllers\Home))
 8 SYSTEMPATH/CodeIgniter.php(354): CodeIgniter\CodeIgniter->handleRequest(null, Object(Config\Cache), false)
 9 SYSTEMPATH/Boot.php(334): CodeIgniter\CodeIgniter->run()
10 SYSTEMPATH/Boot.php(67): CodeIgniter\Boot::runCodeIgniter(Object(CodeIgniter\CodeIgniter))
11 FCPATH/index.php(57): CodeIgniter\Boot::bootWeb(Object(Config\Paths))
WARNING - 2025-08-19 22:36:01 --> [DEPRECATED] addslashes(): Passing null to parameter #1 ($string) of type string is deprecated in APPPATH/Views/service_list.php on line 10.
 1 APPPATH/Views/service_list.php(10): addslashes(null)
 2 SYSTEMPATH/View/View.php(224): include('/home/u810214334/domains/embellish-beauty.co.uk/public_html/app/Views/service_list.php')
 3 SYSTEMPATH/View/View.php(227): CodeIgniter\View\View->CodeIgniter\View\{closure}()
 4 SYSTEMPATH/Common.php(1173): CodeIgniter\View\View->render('service_list', [], true)
 5 APPPATH/Controllers/Home.php(129): view('service_list', [...])
 6 SYSTEMPATH/CodeIgniter.php(933): App\Controllers\Home->fetch_services()
 7 SYSTEMPATH/CodeIgniter.php(507): CodeIgniter\CodeIgniter->runController(Object(App\Controllers\Home))
 8 SYSTEMPATH/CodeIgniter.php(354): CodeIgniter\CodeIgniter->handleRequest(null, Object(Config\Cache), false)
 9 SYSTEMPATH/Boot.php(334): CodeIgniter\CodeIgniter->run()
10 SYSTEMPATH/Boot.php(67): CodeIgniter\Boot::runCodeIgniter(Object(CodeIgniter\CodeIgniter))
11 FCPATH/index.php(57): CodeIgniter\Boot::bootWeb(Object(Config\Paths))
WARNING - 2025-08-19 22:36:01 --> [DEPRECATED] addslashes(): Passing null to parameter #1 ($string) of type string is deprecated in APPPATH/Views/service_list.php on line 10.
 1 APPPATH/Views/service_list.php(10): addslashes(null)
 2 SYSTEMPATH/View/View.php(224): include('/home/u810214334/domains/embellish-beauty.co.uk/public_html/app/Views/service_list.php')
 3 SYSTEMPATH/View/View.php(227): CodeIgniter\View\View->CodeIgniter\View\{closure}()
 4 SYSTEMPATH/Common.php(1173): CodeIgniter\View\View->render('service_list', [], true)
 5 APPPATH/Controllers/Home.php(129): view('service_list', [...])
 6 SYSTEMPATH/CodeIgniter.php(933): App\Controllers\Home->fetch_services()
 7 SYSTEMPATH/CodeIgniter.php(507): CodeIgniter\CodeIgniter->runController(Object(App\Controllers\Home))
 8 SYSTEMPATH/CodeIgniter.php(354): CodeIgniter\CodeIgniter->handleRequest(null, Object(Config\Cache), false)
 9 SYSTEMPATH/Boot.php(334): CodeIgniter\CodeIgniter->run()
10 SYSTEMPATH/Boot.php(67): CodeIgniter\Boot::runCodeIgniter(Object(CodeIgniter\CodeIgniter))
11 FCPATH/index.php(57): CodeIgniter\Boot::bootWeb(Object(Config\Paths))
WARNING - 2025-08-19 22:36:01 --> [DEPRECATED] addslashes(): Passing null to parameter #1 ($string) of type string is deprecated in APPPATH/Views/service_list.php on line 10.
 1 APPPATH/Views/service_list.php(10): addslashes(null)
 2 SYSTEMPATH/View/View.php(224): include('/home/u810214334/domains/embellish-beauty.co.uk/public_html/app/Views/service_list.php')
 3 SYSTEMPATH/View/View.php(227): CodeIgniter\View\View->CodeIgniter\View\{closure}()
 4 SYSTEMPATH/Common.php(1173): CodeIgniter\View\View->render('service_list', [], true)
 5 APPPATH/Controllers/Home.php(129): view('service_list', [...])
 6 SYSTEMPATH/CodeIgniter.php(933): App\Controllers\Home->fetch_services()
 7 SYSTEMPATH/CodeIgniter.php(507): CodeIgniter\CodeIgniter->runController(Object(App\Controllers\Home))
 8 SYSTEMPATH/CodeIgniter.php(354): CodeIgniter\CodeIgniter->handleRequest(null, Object(Config\Cache), false)
 9 SYSTEMPATH/Boot.php(334): CodeIgniter\CodeIgniter->run()
10 SYSTEMPATH/Boot.php(67): CodeIgniter\Boot::runCodeIgniter(Object(CodeIgniter\CodeIgniter))
11 FCPATH/index.php(57): CodeIgniter\Boot::bootWeb(Object(Config\Paths))
WARNING - 2025-08-19 22:36:01 --> [DEPRECATED] addslashes(): Passing null to parameter #1 ($string) of type string is deprecated in APPPATH/Views/service_list.php on line 10.
 1 APPPATH/Views/service_list.php(10): addslashes(null)
 2 SYSTEMPATH/View/View.php(224): include('/home/u810214334/domains/embellish-beauty.co.uk/public_html/app/Views/service_list.php')
 3 SYSTEMPATH/View/View.php(227): CodeIgniter\View\View->CodeIgniter\View\{closure}()
 4 SYSTEMPATH/Common.php(1173): CodeIgniter\View\View->render('service_list', [], true)
 5 APPPATH/Controllers/Home.php(129): view('service_list', [...])
 6 SYSTEMPATH/CodeIgniter.php(933): App\Controllers\Home->fetch_services()
 7 SYSTEMPATH/CodeIgniter.php(507): CodeIgniter\CodeIgniter->runController(Object(App\Controllers\Home))
 8 SYSTEMPATH/CodeIgniter.php(354): CodeIgniter\CodeIgniter->handleRequest(null, Object(Config\Cache), false)
 9 SYSTEMPATH/Boot.php(334): CodeIgniter\CodeIgniter->run()
10 SYSTEMPATH/Boot.php(67): CodeIgniter\Boot::runCodeIgniter(Object(CodeIgniter\CodeIgniter))
11 FCPATH/index.php(57): CodeIgniter\Boot::bootWeb(Object(Config\Paths))
WARNING - 2025-08-19 22:36:01 --> [DEPRECATED] addslashes(): Passing null to parameter #1 ($string) of type string is deprecated in APPPATH/Views/service_list.php on line 10.
 1 APPPATH/Views/service_list.php(10): addslashes(null)
 2 SYSTEMPATH/View/View.php(224): include('/home/u810214334/domains/embellish-beauty.co.uk/public_html/app/Views/service_list.php')
 3 SYSTEMPATH/View/View.php(227): CodeIgniter\View\View->CodeIgniter\View\{closure}()
 4 SYSTEMPATH/Common.php(1173): CodeIgniter\View\View->render('service_list', [], true)
 5 APPPATH/Controllers/Home.php(129): view('service_list', [...])
 6 SYSTEMPATH/CodeIgniter.php(933): App\Controllers\Home->fetch_services()
 7 SYSTEMPATH/CodeIgniter.php(507): CodeIgniter\CodeIgniter->runController(Object(App\Controllers\Home))
 8 SYSTEMPATH/CodeIgniter.php(354): CodeIgniter\CodeIgniter->handleRequest(null, Object(Config\Cache), false)
 9 SYSTEMPATH/Boot.php(334): CodeIgniter\CodeIgniter->run()
10 SYSTEMPATH/Boot.php(67): CodeIgniter\Boot::runCodeIgniter(Object(CodeIgniter\CodeIgniter))
11 FCPATH/index.php(57): CodeIgniter\Boot::bootWeb(Object(Config\Paths))
WARNING - 2025-08-19 22:36:01 --> [DEPRECATED] addslashes(): Passing null to parameter #1 ($string) of type string is deprecated in APPPATH/Views/service_list.php on line 10.
 1 APPPATH/Views/service_list.php(10): addslashes(null)
 2 SYSTEMPATH/View/View.php(224): include('/home/u810214334/domains/embellish-beauty.co.uk/public_html/app/Views/service_list.php')
 3 SYSTEMPATH/View/View.php(227): CodeIgniter\View\View->CodeIgniter\View\{closure}()
 4 SYSTEMPATH/Common.php(1173): CodeIgniter\View\View->render('service_list', [], true)
 5 APPPATH/Controllers/Home.php(129): view('service_list', [...])
 6 SYSTEMPATH/CodeIgniter.php(933): App\Controllers\Home->fetch_services()
 7 SYSTEMPATH/CodeIgniter.php(507): CodeIgniter\CodeIgniter->runController(Object(App\Controllers\Home))
 8 SYSTEMPATH/CodeIgniter.php(354): CodeIgniter\CodeIgniter->handleRequest(null, Object(Config\Cache), false)
 9 SYSTEMPATH/Boot.php(334): CodeIgniter\CodeIgniter->run()
10 SYSTEMPATH/Boot.php(67): CodeIgniter\Boot::runCodeIgniter(Object(CodeIgniter\CodeIgniter))
11 FCPATH/index.php(57): CodeIgniter\Boot::bootWeb(Object(Config\Paths))
WARNING - 2025-08-19 22:36:01 --> [DEPRECATED] addslashes(): Passing null to parameter #1 ($string) of type string is deprecated in APPPATH/Views/service_list.php on line 10.
 1 APPPATH/Views/service_list.php(10): addslashes(null)
 2 SYSTEMPATH/View/View.php(224): include('/home/u810214334/domains/embellish-beauty.co.uk/public_html/app/Views/service_list.php')
 3 SYSTEMPATH/View/View.php(227): CodeIgniter\View\View->CodeIgniter\View\{closure}()
 4 SYSTEMPATH/Common.php(1173): CodeIgniter\View\View->render('service_list', [], true)
 5 APPPATH/Controllers/Home.php(129): view('service_list', [...])
 6 SYSTEMPATH/CodeIgniter.php(933): App\Controllers\Home->fetch_services()
 7 SYSTEMPATH/CodeIgniter.php(507): CodeIgniter\CodeIgniter->runController(Object(App\Controllers\Home))
 8 SYSTEMPATH/CodeIgniter.php(354): CodeIgniter\CodeIgniter->handleRequest(null, Object(Config\Cache), false)
 9 SYSTEMPATH/Boot.php(334): CodeIgniter\CodeIgniter->run()
10 SYSTEMPATH/Boot.php(67): CodeIgniter\Boot::runCodeIgniter(Object(CodeIgniter\CodeIgniter))
11 FCPATH/index.php(57): CodeIgniter\Boot::bootWeb(Object(Config\Paths))
WARNING - 2025-08-19 22:36:01 --> [DEPRECATED] addslashes(): Passing null to parameter #1 ($string) of type string is deprecated in APPPATH/Views/service_list.php on line 10.
 1 APPPATH/Views/service_list.php(10): addslashes(null)
 2 SYSTEMPATH/View/View.php(224): include('/home/u810214334/domains/embellish-beauty.co.uk/public_html/app/Views/service_list.php')
 3 SYSTEMPATH/View/View.php(227): CodeIgniter\View\View->CodeIgniter\View\{closure}()
 4 SYSTEMPATH/Common.php(1173): CodeIgniter\View\View->render('service_list', [], true)
 5 APPPATH/Controllers/Home.php(129): view('service_list', [...])
 6 SYSTEMPATH/CodeIgniter.php(933): App\Controllers\Home->fetch_services()
 7 SYSTEMPATH/CodeIgniter.php(507): CodeIgniter\CodeIgniter->runController(Object(App\Controllers\Home))
 8 SYSTEMPATH/CodeIgniter.php(354): CodeIgniter\CodeIgniter->handleRequest(null, Object(Config\Cache), false)
 9 SYSTEMPATH/Boot.php(334): CodeIgniter\CodeIgniter->run()
10 SYSTEMPATH/Boot.php(67): CodeIgniter\Boot::runCodeIgniter(Object(CodeIgniter\CodeIgniter))
11 FCPATH/index.php(57): CodeIgniter\Boot::bootWeb(Object(Config\Paths))
WARNING - 2025-08-19 22:36:01 --> [DEPRECATED] addslashes(): Passing null to parameter #1 ($string) of type string is deprecated in APPPATH/Views/service_list.php on line 10.
 1 APPPATH/Views/service_list.php(10): addslashes(null)
 2 SYSTEMPATH/View/View.php(224): include('/home/u810214334/domains/embellish-beauty.co.uk/public_html/app/Views/service_list.php')
 3 SYSTEMPATH/View/View.php(227): CodeIgniter\View\View->CodeIgniter\View\{closure}()
 4 SYSTEMPATH/Common.php(1173): CodeIgniter\View\View->render('service_list', [], true)
 5 APPPATH/Controllers/Home.php(129): view('service_list', [...])
 6 SYSTEMPATH/CodeIgniter.php(933): App\Controllers\Home->fetch_services()
 7 SYSTEMPATH/CodeIgniter.php(507): CodeIgniter\CodeIgniter->runController(Object(App\Controllers\Home))
 8 SYSTEMPATH/CodeIgniter.php(354): CodeIgniter\CodeIgniter->handleRequest(null, Object(Config\Cache), false)
 9 SYSTEMPATH/Boot.php(334): CodeIgniter\CodeIgniter->run()
10 SYSTEMPATH/Boot.php(67): CodeIgniter\Boot::runCodeIgniter(Object(CodeIgniter\CodeIgniter))
11 FCPATH/index.php(57): CodeIgniter\Boot::bootWeb(Object(Config\Paths))
DEBUG - 2025-08-19 22:36:01 --> Session: Class initialized using 'CodeIgniter\Session\Handlers\FileHandler' driver.
DEBUG - 2025-08-19 22:36:05 --> Session: Class initialized using 'CodeIgniter\Session\Handlers\FileHandler' driver.
WARNING - 2025-08-19 22:36:05 --> [DEPRECATED] addslashes(): Passing null to parameter #1 ($string) of type string is deprecated in APPPATH/Views/service_list.php on line 10.
 1 APPPATH/Views/service_list.php(10): addslashes(null)
 2 SYSTEMPATH/View/View.php(224): include('/home/u810214334/domains/embellish-beauty.co.uk/public_html/app/Views/service_list.php')
 3 SYSTEMPATH/View/View.php(227): CodeIgniter\View\View->CodeIgniter\View\{closure}()
 4 SYSTEMPATH/Common.php(1173): CodeIgniter\View\View->render('service_list', [], true)
 5 APPPATH/Controllers/Home.php(129): view('service_list', [...])
 6 SYSTEMPATH/CodeIgniter.php(933): App\Controllers\Home->fetch_services()
 7 SYSTEMPATH/CodeIgniter.php(507): CodeIgniter\CodeIgniter->runController(Object(App\Controllers\Home))
 8 SYSTEMPATH/CodeIgniter.php(354): CodeIgniter\CodeIgniter->handleRequest(null, Object(Config\Cache), false)
 9 SYSTEMPATH/Boot.php(334): CodeIgniter\CodeIgniter->run()
10 SYSTEMPATH/Boot.php(67): CodeIgniter\Boot::runCodeIgniter(Object(CodeIgniter\CodeIgniter))
11 FCPATH/index.php(57): CodeIgniter\Boot::bootWeb(Object(Config\Paths))
WARNING - 2025-08-19 22:36:05 --> [DEPRECATED] addslashes(): Passing null to parameter #1 ($string) of type string is deprecated in APPPATH/Views/service_list.php on line 10.
 1 APPPATH/Views/service_list.php(10): addslashes(null)
 2 SYSTEMPATH/View/View.php(224): include('/home/u810214334/domains/embellish-beauty.co.uk/public_html/app/Views/service_list.php')
 3 SYSTEMPATH/View/View.php(227): CodeIgniter\View\View->CodeIgniter\View\{closure}()
 4 SYSTEMPATH/Common.php(1173): CodeIgniter\View\View->render('service_list', [], true)
 5 APPPATH/Controllers/Home.php(129): view('service_list', [...])
 6 SYSTEMPATH/CodeIgniter.php(933): App\Controllers\Home->fetch_services()
 7 SYSTEMPATH/CodeIgniter.php(507): CodeIgniter\CodeIgniter->runController(Object(App\Controllers\Home))
 8 SYSTEMPATH/CodeIgniter.php(354): CodeIgniter\CodeIgniter->handleRequest(null, Object(Config\Cache), false)
 9 SYSTEMPATH/Boot.php(334): CodeIgniter\CodeIgniter->run()
10 SYSTEMPATH/Boot.php(67): CodeIgniter\Boot::runCodeIgniter(Object(CodeIgniter\CodeIgniter))
11 FCPATH/index.php(57): CodeIgniter\Boot::bootWeb(Object(Config\Paths))
WARNING - 2025-08-19 22:36:05 --> [DEPRECATED] addslashes(): Passing null to parameter #1 ($string) of type string is deprecated in APPPATH/Views/service_list.php on line 10.
 1 APPPATH/Views/service_list.php(10): addslashes(null)
 2 SYSTEMPATH/View/View.php(224): include('/home/u810214334/domains/embellish-beauty.co.uk/public_html/app/Views/service_list.php')
 3 SYSTEMPATH/View/View.php(227): CodeIgniter\View\View->CodeIgniter\View\{closure}()
 4 SYSTEMPATH/Common.php(1173): CodeIgniter\View\View->render('service_list', [], true)
 5 APPPATH/Controllers/Home.php(129): view('service_list', [...])
 6 SYSTEMPATH/CodeIgniter.php(933): App\Controllers\Home->fetch_services()
 7 SYSTEMPATH/CodeIgniter.php(507): CodeIgniter\CodeIgniter->runController(Object(App\Controllers\Home))
 8 SYSTEMPATH/CodeIgniter.php(354): CodeIgniter\CodeIgniter->handleRequest(null, Object(Config\Cache), false)
 9 SYSTEMPATH/Boot.php(334): CodeIgniter\CodeIgniter->run()
10 SYSTEMPATH/Boot.php(67): CodeIgniter\Boot::runCodeIgniter(Object(CodeIgniter\CodeIgniter))
11 FCPATH/index.php(57): CodeIgniter\Boot::bootWeb(Object(Config\Paths))
WARNING - 2025-08-19 22:36:05 --> [DEPRECATED] addslashes(): Passing null to parameter #1 ($string) of type string is deprecated in APPPATH/Views/service_list.php on line 10.
 1 APPPATH/Views/service_list.php(10): addslashes(null)
 2 SYSTEMPATH/View/View.php(224): include('/home/u810214334/domains/embellish-beauty.co.uk/public_html/app/Views/service_list.php')
 3 SYSTEMPATH/View/View.php(227): CodeIgniter\View\View->CodeIgniter\View\{closure}()
 4 SYSTEMPATH/Common.php(1173): CodeIgniter\View\View->render('service_list', [], true)
 5 APPPATH/Controllers/Home.php(129): view('service_list', [...])
 6 SYSTEMPATH/CodeIgniter.php(933): App\Controllers\Home->fetch_services()
 7 SYSTEMPATH/CodeIgniter.php(507): CodeIgniter\CodeIgniter->runController(Object(App\Controllers\Home))
 8 SYSTEMPATH/CodeIgniter.php(354): CodeIgniter\CodeIgniter->handleRequest(null, Object(Config\Cache), false)
 9 SYSTEMPATH/Boot.php(334): CodeIgniter\CodeIgniter->run()
10 SYSTEMPATH/Boot.php(67): CodeIgniter\Boot::runCodeIgniter(Object(CodeIgniter\CodeIgniter))
11 FCPATH/index.php(57): CodeIgniter\Boot::bootWeb(Object(Config\Paths))
WARNING - 2025-08-19 22:36:05 --> [DEPRECATED] addslashes(): Passing null to parameter #1 ($string) of type string is deprecated in APPPATH/Views/service_list.php on line 10.
 1 APPPATH/Views/service_list.php(10): addslashes(null)
 2 SYSTEMPATH/View/View.php(224): include('/home/u810214334/domains/embellish-beauty.co.uk/public_html/app/Views/service_list.php')
 3 SYSTEMPATH/View/View.php(227): CodeIgniter\View\View->CodeIgniter\View\{closure}()
 4 SYSTEMPATH/Common.php(1173): CodeIgniter\View\View->render('service_list', [], true)
 5 APPPATH/Controllers/Home.php(129): view('service_list', [...])
 6 SYSTEMPATH/CodeIgniter.php(933): App\Controllers\Home->fetch_services()
 7 SYSTEMPATH/CodeIgniter.php(507): CodeIgniter\CodeIgniter->runController(Object(App\Controllers\Home))
 8 SYSTEMPATH/CodeIgniter.php(354): CodeIgniter\CodeIgniter->handleRequest(null, Object(Config\Cache), false)
 9 SYSTEMPATH/Boot.php(334): CodeIgniter\CodeIgniter->run()
10 SYSTEMPATH/Boot.php(67): CodeIgniter\Boot::runCodeIgniter(Object(CodeIgniter\CodeIgniter))
11 FCPATH/index.php(57): CodeIgniter\Boot::bootWeb(Object(Config\Paths))
WARNING - 2025-08-19 22:36:05 --> [DEPRECATED] addslashes(): Passing null to parameter #1 ($string) of type string is deprecated in APPPATH/Views/service_list.php on line 10.
 1 APPPATH/Views/service_list.php(10): addslashes(null)
 2 SYSTEMPATH/View/View.php(224): include('/home/u810214334/domains/embellish-beauty.co.uk/public_html/app/Views/service_list.php')
 3 SYSTEMPATH/View/View.php(227): CodeIgniter\View\View->CodeIgniter\View\{closure}()
 4 SYSTEMPATH/Common.php(1173): CodeIgniter\View\View->render('service_list', [], true)
 5 APPPATH/Controllers/Home.php(129): view('service_list', [...])
 6 SYSTEMPATH/CodeIgniter.php(933): App\Controllers\Home->fetch_services()
 7 SYSTEMPATH/CodeIgniter.php(507): CodeIgniter\CodeIgniter->runController(Object(App\Controllers\Home))
 8 SYSTEMPATH/CodeIgniter.php(354): CodeIgniter\CodeIgniter->handleRequest(null, Object(Config\Cache), false)
 9 SYSTEMPATH/Boot.php(334): CodeIgniter\CodeIgniter->run()
10 SYSTEMPATH/Boot.php(67): CodeIgniter\Boot::runCodeIgniter(Object(CodeIgniter\CodeIgniter))
11 FCPATH/index.php(57): CodeIgniter\Boot::bootWeb(Object(Config\Paths))
WARNING - 2025-08-19 22:36:05 --> [DEPRECATED] addslashes(): Passing null to parameter #1 ($string) of type string is deprecated in APPPATH/Views/service_list.php on line 10.
 1 APPPATH/Views/service_list.php(10): addslashes(null)
 2 SYSTEMPATH/View/View.php(224): include('/home/u810214334/domains/embellish-beauty.co.uk/public_html/app/Views/service_list.php')
 3 SYSTEMPATH/View/View.php(227): CodeIgniter\View\View->CodeIgniter\View\{closure}()
 4 SYSTEMPATH/Common.php(1173): CodeIgniter\View\View->render('service_list', [], true)
 5 APPPATH/Controllers/Home.php(129): view('service_list', [...])
 6 SYSTEMPATH/CodeIgniter.php(933): App\Controllers\Home->fetch_services()
 7 SYSTEMPATH/CodeIgniter.php(507): CodeIgniter\CodeIgniter->runController(Object(App\Controllers\Home))
 8 SYSTEMPATH/CodeIgniter.php(354): CodeIgniter\CodeIgniter->handleRequest(null, Object(Config\Cache), false)
 9 SYSTEMPATH/Boot.php(334): CodeIgniter\CodeIgniter->run()
10 SYSTEMPATH/Boot.php(67): CodeIgniter\Boot::runCodeIgniter(Object(CodeIgniter\CodeIgniter))
11 FCPATH/index.php(57): CodeIgniter\Boot::bootWeb(Object(Config\Paths))
WARNING - 2025-08-19 22:36:05 --> [DEPRECATED] addslashes(): Passing null to parameter #1 ($string) of type string is deprecated in APPPATH/Views/service_list.php on line 10.
 1 APPPATH/Views/service_list.php(10): addslashes(null)
 2 SYSTEMPATH/View/View.php(224): include('/home/u810214334/domains/embellish-beauty.co.uk/public_html/app/Views/service_list.php')
 3 SYSTEMPATH/View/View.php(227): CodeIgniter\View\View->CodeIgniter\View\{closure}()
 4 SYSTEMPATH/Common.php(1173): CodeIgniter\View\View->render('service_list', [], true)
 5 APPPATH/Controllers/Home.php(129): view('service_list', [...])
 6 SYSTEMPATH/CodeIgniter.php(933): App\Controllers\Home->fetch_services()
 7 SYSTEMPATH/CodeIgniter.php(507): CodeIgniter\CodeIgniter->runController(Object(App\Controllers\Home))
 8 SYSTEMPATH/CodeIgniter.php(354): CodeIgniter\CodeIgniter->handleRequest(null, Object(Config\Cache), false)
 9 SYSTEMPATH/Boot.php(334): CodeIgniter\CodeIgniter->run()
10 SYSTEMPATH/Boot.php(67): CodeIgniter\Boot::runCodeIgniter(Object(CodeIgniter\CodeIgniter))
11 FCPATH/index.php(57): CodeIgniter\Boot::bootWeb(Object(Config\Paths))
WARNING - 2025-08-19 22:36:05 --> [DEPRECATED] addslashes(): Passing null to parameter #1 ($string) of type string is deprecated in APPPATH/Views/service_list.php on line 10.
 1 APPPATH/Views/service_list.php(10): addslashes(null)
 2 SYSTEMPATH/View/View.php(224): include('/home/u810214334/domains/embellish-beauty.co.uk/public_html/app/Views/service_list.php')
 3 SYSTEMPATH/View/View.php(227): CodeIgniter\View\View->CodeIgniter\View\{closure}()
 4 SYSTEMPATH/Common.php(1173): CodeIgniter\View\View->render('service_list', [], true)
 5 APPPATH/Controllers/Home.php(129): view('service_list', [...])
 6 SYSTEMPATH/CodeIgniter.php(933): App\Controllers\Home->fetch_services()
 7 SYSTEMPATH/CodeIgniter.php(507): CodeIgniter\CodeIgniter->runController(Object(App\Controllers\Home))
 8 SYSTEMPATH/CodeIgniter.php(354): CodeIgniter\CodeIgniter->handleRequest(null, Object(Config\Cache), false)
 9 SYSTEMPATH/Boot.php(334): CodeIgniter\CodeIgniter->run()
10 SYSTEMPATH/Boot.php(67): CodeIgniter\Boot::runCodeIgniter(Object(CodeIgniter\CodeIgniter))
11 FCPATH/index.php(57): CodeIgniter\Boot::bootWeb(Object(Config\Paths))
WARNING - 2025-08-19 22:36:05 --> [DEPRECATED] addslashes(): Passing null to parameter #1 ($string) of type string is deprecated in APPPATH/Views/service_list.php on line 10.
 1 APPPATH/Views/service_list.php(10): addslashes(null)
 2 SYSTEMPATH/View/View.php(224): include('/home/u810214334/domains/embellish-beauty.co.uk/public_html/app/Views/service_list.php')
 3 SYSTEMPATH/View/View.php(227): CodeIgniter\View\View->CodeIgniter\View\{closure}()
 4 SYSTEMPATH/Common.php(1173): CodeIgniter\View\View->render('service_list', [], true)
 5 APPPATH/Controllers/Home.php(129): view('service_list', [...])
 6 SYSTEMPATH/CodeIgniter.php(933): App\Controllers\Home->fetch_services()
 7 SYSTEMPATH/CodeIgniter.php(507): CodeIgniter\CodeIgniter->runController(Object(App\Controllers\Home))
 8 SYSTEMPATH/CodeIgniter.php(354): CodeIgniter\CodeIgniter->handleRequest(null, Object(Config\Cache), false)
 9 SYSTEMPATH/Boot.php(334): CodeIgniter\CodeIgniter->run()
10 SYSTEMPATH/Boot.php(67): CodeIgniter\Boot::runCodeIgniter(Object(CodeIgniter\CodeIgniter))
11 FCPATH/index.php(57): CodeIgniter\Boot::bootWeb(Object(Config\Paths))
WARNING - 2025-08-19 22:36:05 --> [DEPRECATED] addslashes(): Passing null to parameter #1 ($string) of type string is deprecated in APPPATH/Views/service_list.php on line 10.
 1 APPPATH/Views/service_list.php(10): addslashes(null)
 2 SYSTEMPATH/View/View.php(224): include('/home/u810214334/domains/embellish-beauty.co.uk/public_html/app/Views/service_list.php')
 3 SYSTEMPATH/View/View.php(227): CodeIgniter\View\View->CodeIgniter\View\{closure}()
 4 SYSTEMPATH/Common.php(1173): CodeIgniter\View\View->render('service_list', [], true)
 5 APPPATH/Controllers/Home.php(129): view('service_list', [...])
 6 SYSTEMPATH/CodeIgniter.php(933): App\Controllers\Home->fetch_services()
 7 SYSTEMPATH/CodeIgniter.php(507): CodeIgniter\CodeIgniter->runController(Object(App\Controllers\Home))
 8 SYSTEMPATH/CodeIgniter.php(354): CodeIgniter\CodeIgniter->handleRequest(null, Object(Config\Cache), false)
 9 SYSTEMPATH/Boot.php(334): CodeIgniter\CodeIgniter->run()
10 SYSTEMPATH/Boot.php(67): CodeIgniter\Boot::runCodeIgniter(Object(CodeIgniter\CodeIgniter))
11 FCPATH/index.php(57): CodeIgniter\Boot::bootWeb(Object(Config\Paths))
WARNING - 2025-08-19 22:36:05 --> [DEPRECATED] addslashes(): Passing null to parameter #1 ($string) of type string is deprecated in APPPATH/Views/service_list.php on line 10.
 1 APPPATH/Views/service_list.php(10): addslashes(null)
 2 SYSTEMPATH/View/View.php(224): include('/home/u810214334/domains/embellish-beauty.co.uk/public_html/app/Views/service_list.php')
 3 SYSTEMPATH/View/View.php(227): CodeIgniter\View\View->CodeIgniter\View\{closure}()
 4 SYSTEMPATH/Common.php(1173): CodeIgniter\View\View->render('service_list', [], true)
 5 APPPATH/Controllers/Home.php(129): view('service_list', [...])
 6 SYSTEMPATH/CodeIgniter.php(933): App\Controllers\Home->fetch_services()
 7 SYSTEMPATH/CodeIgniter.php(507): CodeIgniter\CodeIgniter->runController(Object(App\Controllers\Home))
 8 SYSTEMPATH/CodeIgniter.php(354): CodeIgniter\CodeIgniter->handleRequest(null, Object(Config\Cache), false)
 9 SYSTEMPATH/Boot.php(334): CodeIgniter\CodeIgniter->run()
10 SYSTEMPATH/Boot.php(67): CodeIgniter\Boot::runCodeIgniter(Object(CodeIgniter\CodeIgniter))
11 FCPATH/index.php(57): CodeIgniter\Boot::bootWeb(Object(Config\Paths))
WARNING - 2025-08-19 22:36:05 --> [DEPRECATED] addslashes(): Passing null to parameter #1 ($string) of type string is deprecated in APPPATH/Views/service_list.php on line 10.
 1 APPPATH/Views/service_list.php(10): addslashes(null)
 2 SYSTEMPATH/View/View.php(224): include('/home/u810214334/domains/embellish-beauty.co.uk/public_html/app/Views/service_list.php')
 3 SYSTEMPATH/View/View.php(227): CodeIgniter\View\View->CodeIgniter\View\{closure}()
 4 SYSTEMPATH/Common.php(1173): CodeIgniter\View\View->render('service_list', [], true)
 5 APPPATH/Controllers/Home.php(129): view('service_list', [...])
 6 SYSTEMPATH/CodeIgniter.php(933): App\Controllers\Home->fetch_services()
 7 SYSTEMPATH/CodeIgniter.php(507): CodeIgniter\CodeIgniter->runController(Object(App\Controllers\Home))
 8 SYSTEMPATH/CodeIgniter.php(354): CodeIgniter\CodeIgniter->handleRequest(null, Object(Config\Cache), false)
 9 SYSTEMPATH/Boot.php(334): CodeIgniter\CodeIgniter->run()
10 SYSTEMPATH/Boot.php(67): CodeIgniter\Boot::runCodeIgniter(Object(CodeIgniter\CodeIgniter))
11 FCPATH/index.php(57): CodeIgniter\Boot::bootWeb(Object(Config\Paths))
DEBUG - 2025-08-19 22:36:06 --> Session: Class initialized using 'CodeIgniter\Session\Handlers\FileHandler' driver.
WARNING - 2025-08-19 22:36:06 --> [DEPRECATED] addslashes(): Passing null to parameter #1 ($string) of type string is deprecated in APPPATH/Views/service_list.php on line 10.
 1 APPPATH/Views/service_list.php(10): addslashes(null)
 2 SYSTEMPATH/View/View.php(224): include('/home/u810214334/domains/embellish-beauty.co.uk/public_html/app/Views/service_list.php')
 3 SYSTEMPATH/View/View.php(227): CodeIgniter\View\View->CodeIgniter\View\{closure}()
 4 SYSTEMPATH/Common.php(1173): CodeIgniter\View\View->render('service_list', [], true)
 5 APPPATH/Controllers/Home.php(129): view('service_list', [...])
 6 SYSTEMPATH/CodeIgniter.php(933): App\Controllers\Home->fetch_services()
 7 SYSTEMPATH/CodeIgniter.php(507): CodeIgniter\CodeIgniter->runController(Object(App\Controllers\Home))
 8 SYSTEMPATH/CodeIgniter.php(354): CodeIgniter\CodeIgniter->handleRequest(null, Object(Config\Cache), false)
 9 SYSTEMPATH/Boot.php(334): CodeIgniter\CodeIgniter->run()
10 SYSTEMPATH/Boot.php(67): CodeIgniter\Boot::runCodeIgniter(Object(CodeIgniter\CodeIgniter))
11 FCPATH/index.php(57): CodeIgniter\Boot::bootWeb(Object(Config\Paths))
WARNING - 2025-08-19 22:36:06 --> [DEPRECATED] addslashes(): Passing null to parameter #1 ($string) of type string is deprecated in APPPATH/Views/service_list.php on line 10.
 1 APPPATH/Views/service_list.php(10): addslashes(null)
 2 SYSTEMPATH/View/View.php(224): include('/home/u810214334/domains/embellish-beauty.co.uk/public_html/app/Views/service_list.php')
 3 SYSTEMPATH/View/View.php(227): CodeIgniter\View\View->CodeIgniter\View\{closure}()
 4 SYSTEMPATH/Common.php(1173): CodeIgniter\View\View->render('service_list', [], true)
 5 APPPATH/Controllers/Home.php(129): view('service_list', [...])
 6 SYSTEMPATH/CodeIgniter.php(933): App\Controllers\Home->fetch_services()
 7 SYSTEMPATH/CodeIgniter.php(507): CodeIgniter\CodeIgniter->runController(Object(App\Controllers\Home))
 8 SYSTEMPATH/CodeIgniter.php(354): CodeIgniter\CodeIgniter->handleRequest(null, Object(Config\Cache), false)
 9 SYSTEMPATH/Boot.php(334): CodeIgniter\CodeIgniter->run()
10 SYSTEMPATH/Boot.php(67): CodeIgniter\Boot::runCodeIgniter(Object(CodeIgniter\CodeIgniter))
11 FCPATH/index.php(57): CodeIgniter\Boot::bootWeb(Object(Config\Paths))
WARNING - 2025-08-19 22:36:06 --> [DEPRECATED] addslashes(): Passing null to parameter #1 ($string) of type string is deprecated in APPPATH/Views/service_list.php on line 10.
 1 APPPATH/Views/service_list.php(10): addslashes(null)
 2 SYSTEMPATH/View/View.php(224): include('/home/u810214334/domains/embellish-beauty.co.uk/public_html/app/Views/service_list.php')
 3 SYSTEMPATH/View/View.php(227): CodeIgniter\View\View->CodeIgniter\View\{closure}()
 4 SYSTEMPATH/Common.php(1173): CodeIgniter\View\View->render('service_list', [], true)
 5 APPPATH/Controllers/Home.php(129): view('service_list', [...])
 6 SYSTEMPATH/CodeIgniter.php(933): App\Controllers\Home->fetch_services()
 7 SYSTEMPATH/CodeIgniter.php(507): CodeIgniter\CodeIgniter->runController(Object(App\Controllers\Home))
 8 SYSTEMPATH/CodeIgniter.php(354): CodeIgniter\CodeIgniter->handleRequest(null, Object(Config\Cache), false)
 9 SYSTEMPATH/Boot.php(334): CodeIgniter\CodeIgniter->run()
10 SYSTEMPATH/Boot.php(67): CodeIgniter\Boot::runCodeIgniter(Object(CodeIgniter\CodeIgniter))
11 FCPATH/index.php(57): CodeIgniter\Boot::bootWeb(Object(Config\Paths))
WARNING - 2025-08-19 22:36:06 --> [DEPRECATED] addslashes(): Passing null to parameter #1 ($string) of type string is deprecated in APPPATH/Views/service_list.php on line 10.
 1 APPPATH/Views/service_list.php(10): addslashes(null)
 2 SYSTEMPATH/View/View.php(224): include('/home/u810214334/domains/embellish-beauty.co.uk/public_html/app/Views/service_list.php')
 3 SYSTEMPATH/View/View.php(227): CodeIgniter\View\View->CodeIgniter\View\{closure}()
 4 SYSTEMPATH/Common.php(1173): CodeIgniter\View\View->render('service_list', [], true)
 5 APPPATH/Controllers/Home.php(129): view('service_list', [...])
 6 SYSTEMPATH/CodeIgniter.php(933): App\Controllers\Home->fetch_services()
 7 SYSTEMPATH/CodeIgniter.php(507): CodeIgniter\CodeIgniter->runController(Object(App\Controllers\Home))
 8 SYSTEMPATH/CodeIgniter.php(354): CodeIgniter\CodeIgniter->handleRequest(null, Object(Config\Cache), false)
 9 SYSTEMPATH/Boot.php(334): CodeIgniter\CodeIgniter->run()
10 SYSTEMPATH/Boot.php(67): CodeIgniter\Boot::runCodeIgniter(Object(CodeIgniter\CodeIgniter))
11 FCPATH/index.php(57): CodeIgniter\Boot::bootWeb(Object(Config\Paths))
WARNING - 2025-08-19 22:36:06 --> [DEPRECATED] addslashes(): Passing null to parameter #1 ($string) of type string is deprecated in APPPATH/Views/service_list.php on line 10.
 1 APPPATH/Views/service_list.php(10): addslashes(null)
 2 SYSTEMPATH/View/View.php(224): include('/home/u810214334/domains/embellish-beauty.co.uk/public_html/app/Views/service_list.php')
 3 SYSTEMPATH/View/View.php(227): CodeIgniter\View\View->CodeIgniter\View\{closure}()
 4 SYSTEMPATH/Common.php(1173): CodeIgniter\View\View->render('service_list', [], true)
 5 APPPATH/Controllers/Home.php(129): view('service_list', [...])
 6 SYSTEMPATH/CodeIgniter.php(933): App\Controllers\Home->fetch_services()
 7 SYSTEMPATH/CodeIgniter.php(507): CodeIgniter\CodeIgniter->runController(Object(App\Controllers\Home))
 8 SYSTEMPATH/CodeIgniter.php(354): CodeIgniter\CodeIgniter->handleRequest(null, Object(Config\Cache), false)
 9 SYSTEMPATH/Boot.php(334): CodeIgniter\CodeIgniter->run()
10 SYSTEMPATH/Boot.php(67): CodeIgniter\Boot::runCodeIgniter(Object(CodeIgniter\CodeIgniter))
11 FCPATH/index.php(57): CodeIgniter\Boot::bootWeb(Object(Config\Paths))
WARNING - 2025-08-19 22:36:06 --> [DEPRECATED] addslashes(): Passing null to parameter #1 ($string) of type string is deprecated in APPPATH/Views/service_list.php on line 10.
 1 APPPATH/Views/service_list.php(10): addslashes(null)
 2 SYSTEMPATH/View/View.php(224): include('/home/u810214334/domains/embellish-beauty.co.uk/public_html/app/Views/service_list.php')
 3 SYSTEMPATH/View/View.php(227): CodeIgniter\View\View->CodeIgniter\View\{closure}()
 4 SYSTEMPATH/Common.php(1173): CodeIgniter\View\View->render('service_list', [], true)
 5 APPPATH/Controllers/Home.php(129): view('service_list', [...])
 6 SYSTEMPATH/CodeIgniter.php(933): App\Controllers\Home->fetch_services()
 7 SYSTEMPATH/CodeIgniter.php(507): CodeIgniter\CodeIgniter->runController(Object(App\Controllers\Home))
 8 SYSTEMPATH/CodeIgniter.php(354): CodeIgniter\CodeIgniter->handleRequest(null, Object(Config\Cache), false)
 9 SYSTEMPATH/Boot.php(334): CodeIgniter\CodeIgniter->run()
10 SYSTEMPATH/Boot.php(67): CodeIgniter\Boot::runCodeIgniter(Object(CodeIgniter\CodeIgniter))
11 FCPATH/index.php(57): CodeIgniter\Boot::bootWeb(Object(Config\Paths))
WARNING - 2025-08-19 22:36:06 --> [DEPRECATED] addslashes(): Passing null to parameter #1 ($string) of type string is deprecated in APPPATH/Views/service_list.php on line 10.
 1 APPPATH/Views/service_list.php(10): addslashes(null)
 2 SYSTEMPATH/View/View.php(224): include('/home/u810214334/domains/embellish-beauty.co.uk/public_html/app/Views/service_list.php')
 3 SYSTEMPATH/View/View.php(227): CodeIgniter\View\View->CodeIgniter\View\{closure}()
 4 SYSTEMPATH/Common.php(1173): CodeIgniter\View\View->render('service_list', [], true)
 5 APPPATH/Controllers/Home.php(129): view('service_list', [...])
 6 SYSTEMPATH/CodeIgniter.php(933): App\Controllers\Home->fetch_services()
 7 SYSTEMPATH/CodeIgniter.php(507): CodeIgniter\CodeIgniter->runController(Object(App\Controllers\Home))
 8 SYSTEMPATH/CodeIgniter.php(354): CodeIgniter\CodeIgniter->handleRequest(null, Object(Config\Cache), false)
 9 SYSTEMPATH/Boot.php(334): CodeIgniter\CodeIgniter->run()
10 SYSTEMPATH/Boot.php(67): CodeIgniter\Boot::runCodeIgniter(Object(CodeIgniter\CodeIgniter))
11 FCPATH/index.php(57): CodeIgniter\Boot::bootWeb(Object(Config\Paths))
WARNING - 2025-08-19 22:36:06 --> [DEPRECATED] addslashes(): Passing null to parameter #1 ($string) of type string is deprecated in APPPATH/Views/service_list.php on line 10.
 1 APPPATH/Views/service_list.php(10): addslashes(null)
 2 SYSTEMPATH/View/View.php(224): include('/home/u810214334/domains/embellish-beauty.co.uk/public_html/app/Views/service_list.php')
 3 SYSTEMPATH/View/View.php(227): CodeIgniter\View\View->CodeIgniter\View\{closure}()
 4 SYSTEMPATH/Common.php(1173): CodeIgniter\View\View->render('service_list', [], true)
 5 APPPATH/Controllers/Home.php(129): view('service_list', [...])
 6 SYSTEMPATH/CodeIgniter.php(933): App\Controllers\Home->fetch_services()
 7 SYSTEMPATH/CodeIgniter.php(507): CodeIgniter\CodeIgniter->runController(Object(App\Controllers\Home))
 8 SYSTEMPATH/CodeIgniter.php(354): CodeIgniter\CodeIgniter->handleRequest(null, Object(Config\Cache), false)
 9 SYSTEMPATH/Boot.php(334): CodeIgniter\CodeIgniter->run()
10 SYSTEMPATH/Boot.php(67): CodeIgniter\Boot::runCodeIgniter(Object(CodeIgniter\CodeIgniter))
11 FCPATH/index.php(57): CodeIgniter\Boot::bootWeb(Object(Config\Paths))
WARNING - 2025-08-19 22:36:06 --> [DEPRECATED] addslashes(): Passing null to parameter #1 ($string) of type string is deprecated in APPPATH/Views/service_list.php on line 10.
 1 APPPATH/Views/service_list.php(10): addslashes(null)
 2 SYSTEMPATH/View/View.php(224): include('/home/u810214334/domains/embellish-beauty.co.uk/public_html/app/Views/service_list.php')
 3 SYSTEMPATH/View/View.php(227): CodeIgniter\View\View->CodeIgniter\View\{closure}()
 4 SYSTEMPATH/Common.php(1173): CodeIgniter\View\View->render('service_list', [], true)
 5 APPPATH/Controllers/Home.php(129): view('service_list', [...])
 6 SYSTEMPATH/CodeIgniter.php(933): App\Controllers\Home->fetch_services()
 7 SYSTEMPATH/CodeIgniter.php(507): CodeIgniter\CodeIgniter->runController(Object(App\Controllers\Home))
 8 SYSTEMPATH/CodeIgniter.php(354): CodeIgniter\CodeIgniter->handleRequest(null, Object(Config\Cache), false)
 9 SYSTEMPATH/Boot.php(334): CodeIgniter\CodeIgniter->run()
10 SYSTEMPATH/Boot.php(67): CodeIgniter\Boot::runCodeIgniter(Object(CodeIgniter\CodeIgniter))
11 FCPATH/index.php(57): CodeIgniter\Boot::bootWeb(Object(Config\Paths))
WARNING - 2025-08-19 22:36:06 --> [DEPRECATED] addslashes(): Passing null to parameter #1 ($string) of type string is deprecated in APPPATH/Views/service_list.php on line 10.
 1 APPPATH/Views/service_list.php(10): addslashes(null)
 2 SYSTEMPATH/View/View.php(224): include('/home/u810214334/domains/embellish-beauty.co.uk/public_html/app/Views/service_list.php')
 3 SYSTEMPATH/View/View.php(227): CodeIgniter\View\View->CodeIgniter\View\{closure}()
 4 SYSTEMPATH/Common.php(1173): CodeIgniter\View\View->render('service_list', [], true)
 5 APPPATH/Controllers/Home.php(129): view('service_list', [...])
 6 SYSTEMPATH/CodeIgniter.php(933): App\Controllers\Home->fetch_services()
 7 SYSTEMPATH/CodeIgniter.php(507): CodeIgniter\CodeIgniter->runController(Object(App\Controllers\Home))
 8 SYSTEMPATH/CodeIgniter.php(354): CodeIgniter\CodeIgniter->handleRequest(null, Object(Config\Cache), false)
 9 SYSTEMPATH/Boot.php(334): CodeIgniter\CodeIgniter->run()
10 SYSTEMPATH/Boot.php(67): CodeIgniter\Boot::runCodeIgniter(Object(CodeIgniter\CodeIgniter))
11 FCPATH/index.php(57): CodeIgniter\Boot::bootWeb(Object(Config\Paths))
WARNING - 2025-08-19 22:36:06 --> [DEPRECATED] addslashes(): Passing null to parameter #1 ($string) of type string is deprecated in APPPATH/Views/service_list.php on line 10.
 1 APPPATH/Views/service_list.php(10): addslashes(null)
 2 SYSTEMPATH/View/View.php(224): include('/home/u810214334/domains/embellish-beauty.co.uk/public_html/app/Views/service_list.php')
 3 SYSTEMPATH/View/View.php(227): CodeIgniter\View\View->CodeIgniter\View\{closure}()
 4 SYSTEMPATH/Common.php(1173): CodeIgniter\View\View->render('service_list', [], true)
 5 APPPATH/Controllers/Home.php(129): view('service_list', [...])
 6 SYSTEMPATH/CodeIgniter.php(933): App\Controllers\Home->fetch_services()
 7 SYSTEMPATH/CodeIgniter.php(507): CodeIgniter\CodeIgniter->runController(Object(App\Controllers\Home))
 8 SYSTEMPATH/CodeIgniter.php(354): CodeIgniter\CodeIgniter->handleRequest(null, Object(Config\Cache), false)
 9 SYSTEMPATH/Boot.php(334): CodeIgniter\CodeIgniter->run()
10 SYSTEMPATH/Boot.php(67): CodeIgniter\Boot::runCodeIgniter(Object(CodeIgniter\CodeIgniter))
11 FCPATH/index.php(57): CodeIgniter\Boot::bootWeb(Object(Config\Paths))
WARNING - 2025-08-19 22:36:06 --> [DEPRECATED] addslashes(): Passing null to parameter #1 ($string) of type string is deprecated in APPPATH/Views/service_list.php on line 10.
 1 APPPATH/Views/service_list.php(10): addslashes(null)
 2 SYSTEMPATH/View/View.php(224): include('/home/u810214334/domains/embellish-beauty.co.uk/public_html/app/Views/service_list.php')
 3 SYSTEMPATH/View/View.php(227): CodeIgniter\View\View->CodeIgniter\View\{closure}()
 4 SYSTEMPATH/Common.php(1173): CodeIgniter\View\View->render('service_list', [], true)
 5 APPPATH/Controllers/Home.php(129): view('service_list', [...])
 6 SYSTEMPATH/CodeIgniter.php(933): App\Controllers\Home->fetch_services()
 7 SYSTEMPATH/CodeIgniter.php(507): CodeIgniter\CodeIgniter->runController(Object(App\Controllers\Home))
 8 SYSTEMPATH/CodeIgniter.php(354): CodeIgniter\CodeIgniter->handleRequest(null, Object(Config\Cache), false)
 9 SYSTEMPATH/Boot.php(334): CodeIgniter\CodeIgniter->run()
10 SYSTEMPATH/Boot.php(67): CodeIgniter\Boot::runCodeIgniter(Object(CodeIgniter\CodeIgniter))
11 FCPATH/index.php(57): CodeIgniter\Boot::bootWeb(Object(Config\Paths))
WARNING - 2025-08-19 22:36:06 --> [DEPRECATED] addslashes(): Passing null to parameter #1 ($string) of type string is deprecated in APPPATH/Views/service_list.php on line 10.
 1 APPPATH/Views/service_list.php(10): addslashes(null)
 2 SYSTEMPATH/View/View.php(224): include('/home/u810214334/domains/embellish-beauty.co.uk/public_html/app/Views/service_list.php')
 3 SYSTEMPATH/View/View.php(227): CodeIgniter\View\View->CodeIgniter\View\{closure}()
 4 SYSTEMPATH/Common.php(1173): CodeIgniter\View\View->render('service_list', [], true)
 5 APPPATH/Controllers/Home.php(129): view('service_list', [...])
 6 SYSTEMPATH/CodeIgniter.php(933): App\Controllers\Home->fetch_services()
 7 SYSTEMPATH/CodeIgniter.php(507): CodeIgniter\CodeIgniter->runController(Object(App\Controllers\Home))
 8 SYSTEMPATH/CodeIgniter.php(354): CodeIgniter\CodeIgniter->handleRequest(null, Object(Config\Cache), false)
 9 SYSTEMPATH/Boot.php(334): CodeIgniter\CodeIgniter->run()
10 SYSTEMPATH/Boot.php(67): CodeIgniter\Boot::runCodeIgniter(Object(CodeIgniter\CodeIgniter))
11 FCPATH/index.php(57): CodeIgniter\Boot::bootWeb(Object(Config\Paths))
DEBUG - 2025-08-19 22:36:07 --> Session: Class initialized using 'CodeIgniter\Session\Handlers\FileHandler' driver.
WARNING - 2025-08-19 22:36:07 --> [DEPRECATED] addslashes(): Passing null to parameter #1 ($string) of type string is deprecated in APPPATH/Views/service_list.php on line 10.
 1 APPPATH/Views/service_list.php(10): addslashes(null)
 2 SYSTEMPATH/View/View.php(224): include('/home/u810214334/domains/embellish-beauty.co.uk/public_html/app/Views/service_list.php')
 3 SYSTEMPATH/View/View.php(227): CodeIgniter\View\View->CodeIgniter\View\{closure}()
 4 SYSTEMPATH/Common.php(1173): CodeIgniter\View\View->render('service_list', [], true)
 5 APPPATH/Controllers/Home.php(129): view('service_list', [...])
 6 SYSTEMPATH/CodeIgniter.php(933): App\Controllers\Home->fetch_services()
 7 SYSTEMPATH/CodeIgniter.php(507): CodeIgniter\CodeIgniter->runController(Object(App\Controllers\Home))
 8 SYSTEMPATH/CodeIgniter.php(354): CodeIgniter\CodeIgniter->handleRequest(null, Object(Config\Cache), false)
 9 SYSTEMPATH/Boot.php(334): CodeIgniter\CodeIgniter->run()
10 SYSTEMPATH/Boot.php(67): CodeIgniter\Boot::runCodeIgniter(Object(CodeIgniter\CodeIgniter))
11 FCPATH/index.php(57): CodeIgniter\Boot::bootWeb(Object(Config\Paths))
WARNING - 2025-08-19 22:36:07 --> [DEPRECATED] addslashes(): Passing null to parameter #1 ($string) of type string is deprecated in APPPATH/Views/service_list.php on line 10.
 1 APPPATH/Views/service_list.php(10): addslashes(null)
 2 SYSTEMPATH/View/View.php(224): include('/home/u810214334/domains/embellish-beauty.co.uk/public_html/app/Views/service_list.php')
 3 SYSTEMPATH/View/View.php(227): CodeIgniter\View\View->CodeIgniter\View\{closure}()
 4 SYSTEMPATH/Common.php(1173): CodeIgniter\View\View->render('service_list', [], true)
 5 APPPATH/Controllers/Home.php(129): view('service_list', [...])
 6 SYSTEMPATH/CodeIgniter.php(933): App\Controllers\Home->fetch_services()
 7 SYSTEMPATH/CodeIgniter.php(507): CodeIgniter\CodeIgniter->runController(Object(App\Controllers\Home))
 8 SYSTEMPATH/CodeIgniter.php(354): CodeIgniter\CodeIgniter->handleRequest(null, Object(Config\Cache), false)
 9 SYSTEMPATH/Boot.php(334): CodeIgniter\CodeIgniter->run()
10 SYSTEMPATH/Boot.php(67): CodeIgniter\Boot::runCodeIgniter(Object(CodeIgniter\CodeIgniter))
11 FCPATH/index.php(57): CodeIgniter\Boot::bootWeb(Object(Config\Paths))
WARNING - 2025-08-19 22:36:07 --> [DEPRECATED] addslashes(): Passing null to parameter #1 ($string) of type string is deprecated in APPPATH/Views/service_list.php on line 10.
 1 APPPATH/Views/service_list.php(10): addslashes(null)
 2 SYSTEMPATH/View/View.php(224): include('/home/u810214334/domains/embellish-beauty.co.uk/public_html/app/Views/service_list.php')
 3 SYSTEMPATH/View/View.php(227): CodeIgniter\View\View->CodeIgniter\View\{closure}()
 4 SYSTEMPATH/Common.php(1173): CodeIgniter\View\View->render('service_list', [], true)
 5 APPPATH/Controllers/Home.php(129): view('service_list', [...])
 6 SYSTEMPATH/CodeIgniter.php(933): App\Controllers\Home->fetch_services()
 7 SYSTEMPATH/CodeIgniter.php(507): CodeIgniter\CodeIgniter->runController(Object(App\Controllers\Home))
 8 SYSTEMPATH/CodeIgniter.php(354): CodeIgniter\CodeIgniter->handleRequest(null, Object(Config\Cache), false)
 9 SYSTEMPATH/Boot.php(334): CodeIgniter\CodeIgniter->run()
10 SYSTEMPATH/Boot.php(67): CodeIgniter\Boot::runCodeIgniter(Object(CodeIgniter\CodeIgniter))
11 FCPATH/index.php(57): CodeIgniter\Boot::bootWeb(Object(Config\Paths))
WARNING - 2025-08-19 22:36:07 --> [DEPRECATED] addslashes(): Passing null to parameter #1 ($string) of type string is deprecated in APPPATH/Views/service_list.php on line 10.
 1 APPPATH/Views/service_list.php(10): addslashes(null)
 2 SYSTEMPATH/View/View.php(224): include('/home/u810214334/domains/embellish-beauty.co.uk/public_html/app/Views/service_list.php')
 3 SYSTEMPATH/View/View.php(227): CodeIgniter\View\View->CodeIgniter\View\{closure}()
 4 SYSTEMPATH/Common.php(1173): CodeIgniter\View\View->render('service_list', [], true)
 5 APPPATH/Controllers/Home.php(129): view('service_list', [...])
 6 SYSTEMPATH/CodeIgniter.php(933): App\Controllers\Home->fetch_services()
 7 SYSTEMPATH/CodeIgniter.php(507): CodeIgniter\CodeIgniter->runController(Object(App\Controllers\Home))
 8 SYSTEMPATH/CodeIgniter.php(354): CodeIgniter\CodeIgniter->handleRequest(null, Object(Config\Cache), false)
 9 SYSTEMPATH/Boot.php(334): CodeIgniter\CodeIgniter->run()
10 SYSTEMPATH/Boot.php(67): CodeIgniter\Boot::runCodeIgniter(Object(CodeIgniter\CodeIgniter))
11 FCPATH/index.php(57): CodeIgniter\Boot::bootWeb(Object(Config\Paths))
WARNING - 2025-08-19 22:36:07 --> [DEPRECATED] addslashes(): Passing null to parameter #1 ($string) of type string is deprecated in APPPATH/Views/service_list.php on line 10.
 1 APPPATH/Views/service_list.php(10): addslashes(null)
 2 SYSTEMPATH/View/View.php(224): include('/home/u810214334/domains/embellish-beauty.co.uk/public_html/app/Views/service_list.php')
 3 SYSTEMPATH/View/View.php(227): CodeIgniter\View\View->CodeIgniter\View\{closure}()
 4 SYSTEMPATH/Common.php(1173): CodeIgniter\View\View->render('service_list', [], true)
 5 APPPATH/Controllers/Home.php(129): view('service_list', [...])
 6 SYSTEMPATH/CodeIgniter.php(933): App\Controllers\Home->fetch_services()
 7 SYSTEMPATH/CodeIgniter.php(507): CodeIgniter\CodeIgniter->runController(Object(App\Controllers\Home))
 8 SYSTEMPATH/CodeIgniter.php(354): CodeIgniter\CodeIgniter->handleRequest(null, Object(Config\Cache), false)
 9 SYSTEMPATH/Boot.php(334): CodeIgniter\CodeIgniter->run()
10 SYSTEMPATH/Boot.php(67): CodeIgniter\Boot::runCodeIgniter(Object(CodeIgniter\CodeIgniter))
11 FCPATH/index.php(57): CodeIgniter\Boot::bootWeb(Object(Config\Paths))
WARNING - 2025-08-19 22:36:07 --> [DEPRECATED] addslashes(): Passing null to parameter #1 ($string) of type string is deprecated in APPPATH/Views/service_list.php on line 10.
 1 APPPATH/Views/service_list.php(10): addslashes(null)
 2 SYSTEMPATH/View/View.php(224): include('/home/u810214334/domains/embellish-beauty.co.uk/public_html/app/Views/service_list.php')
 3 SYSTEMPATH/View/View.php(227): CodeIgniter\View\View->CodeIgniter\View\{closure}()
 4 SYSTEMPATH/Common.php(1173): CodeIgniter\View\View->render('service_list', [], true)
 5 APPPATH/Controllers/Home.php(129): view('service_list', [...])
 6 SYSTEMPATH/CodeIgniter.php(933): App\Controllers\Home->fetch_services()
 7 SYSTEMPATH/CodeIgniter.php(507): CodeIgniter\CodeIgniter->runController(Object(App\Controllers\Home))
 8 SYSTEMPATH/CodeIgniter.php(354): CodeIgniter\CodeIgniter->handleRequest(null, Object(Config\Cache), false)
 9 SYSTEMPATH/Boot.php(334): CodeIgniter\CodeIgniter->run()
10 SYSTEMPATH/Boot.php(67): CodeIgniter\Boot::runCodeIgniter(Object(CodeIgniter\CodeIgniter))
11 FCPATH/index.php(57): CodeIgniter\Boot::bootWeb(Object(Config\Paths))
WARNING - 2025-08-19 22:36:07 --> [DEPRECATED] addslashes(): Passing null to parameter #1 ($string) of type string is deprecated in APPPATH/Views/service_list.php on line 10.
 1 APPPATH/Views/service_list.php(10): addslashes(null)
 2 SYSTEMPATH/View/View.php(224): include('/home/u810214334/domains/embellish-beauty.co.uk/public_html/app/Views/service_list.php')
 3 SYSTEMPATH/View/View.php(227): CodeIgniter\View\View->CodeIgniter\View\{closure}()
 4 SYSTEMPATH/Common.php(1173): CodeIgniter\View\View->render('service_list', [], true)
 5 APPPATH/Controllers/Home.php(129): view('service_list', [...])
 6 SYSTEMPATH/CodeIgniter.php(933): App\Controllers\Home->fetch_services()
 7 SYSTEMPATH/CodeIgniter.php(507): CodeIgniter\CodeIgniter->runController(Object(App\Controllers\Home))
 8 SYSTEMPATH/CodeIgniter.php(354): CodeIgniter\CodeIgniter->handleRequest(null, Object(Config\Cache), false)
 9 SYSTEMPATH/Boot.php(334): CodeIgniter\CodeIgniter->run()
10 SYSTEMPATH/Boot.php(67): CodeIgniter\Boot::runCodeIgniter(Object(CodeIgniter\CodeIgniter))
11 FCPATH/index.php(57): CodeIgniter\Boot::bootWeb(Object(Config\Paths))
WARNING - 2025-08-19 22:36:07 --> [DEPRECATED] addslashes(): Passing null to parameter #1 ($string) of type string is deprecated in APPPATH/Views/service_list.php on line 10.
 1 APPPATH/Views/service_list.php(10): addslashes(null)
 2 SYSTEMPATH/View/View.php(224): include('/home/u810214334/domains/embellish-beauty.co.uk/public_html/app/Views/service_list.php')
 3 SYSTEMPATH/View/View.php(227): CodeIgniter\View\View->CodeIgniter\View\{closure}()
 4 SYSTEMPATH/Common.php(1173): CodeIgniter\View\View->render('service_list', [], true)
 5 APPPATH/Controllers/Home.php(129): view('service_list', [...])
 6 SYSTEMPATH/CodeIgniter.php(933): App\Controllers\Home->fetch_services()
 7 SYSTEMPATH/CodeIgniter.php(507): CodeIgniter\CodeIgniter->runController(Object(App\Controllers\Home))
 8 SYSTEMPATH/CodeIgniter.php(354): CodeIgniter\CodeIgniter->handleRequest(null, Object(Config\Cache), false)
 9 SYSTEMPATH/Boot.php(334): CodeIgniter\CodeIgniter->run()
10 SYSTEMPATH/Boot.php(67): CodeIgniter\Boot::runCodeIgniter(Object(CodeIgniter\CodeIgniter))
11 FCPATH/index.php(57): CodeIgniter\Boot::bootWeb(Object(Config\Paths))
WARNING - 2025-08-19 22:36:07 --> [DEPRECATED] addslashes(): Passing null to parameter #1 ($string) of type string is deprecated in APPPATH/Views/service_list.php on line 10.
 1 APPPATH/Views/service_list.php(10): addslashes(null)
 2 SYSTEMPATH/View/View.php(224): include('/home/u810214334/domains/embellish-beauty.co.uk/public_html/app/Views/service_list.php')
 3 SYSTEMPATH/View/View.php(227): CodeIgniter\View\View->CodeIgniter\View\{closure}()
 4 SYSTEMPATH/Common.php(1173): CodeIgniter\View\View->render('service_list', [], true)
 5 APPPATH/Controllers/Home.php(129): view('service_list', [...])
 6 SYSTEMPATH/CodeIgniter.php(933): App\Controllers\Home->fetch_services()
 7 SYSTEMPATH/CodeIgniter.php(507): CodeIgniter\CodeIgniter->runController(Object(App\Controllers\Home))
 8 SYSTEMPATH/CodeIgniter.php(354): CodeIgniter\CodeIgniter->handleRequest(null, Object(Config\Cache), false)
 9 SYSTEMPATH/Boot.php(334): CodeIgniter\CodeIgniter->run()
10 SYSTEMPATH/Boot.php(67): CodeIgniter\Boot::runCodeIgniter(Object(CodeIgniter\CodeIgniter))
11 FCPATH/index.php(57): CodeIgniter\Boot::bootWeb(Object(Config\Paths))
WARNING - 2025-08-19 22:36:07 --> [DEPRECATED] addslashes(): Passing null to parameter #1 ($string) of type string is deprecated in APPPATH/Views/service_list.php on line 10.
 1 APPPATH/Views/service_list.php(10): addslashes(null)
 2 SYSTEMPATH/View/View.php(224): include('/home/u810214334/domains/embellish-beauty.co.uk/public_html/app/Views/service_list.php')
 3 SYSTEMPATH/View/View.php(227): CodeIgniter\View\View->CodeIgniter\View\{closure}()
 4 SYSTEMPATH/Common.php(1173): CodeIgniter\View\View->render('service_list', [], true)
 5 APPPATH/Controllers/Home.php(129): view('service_list', [...])
 6 SYSTEMPATH/CodeIgniter.php(933): App\Controllers\Home->fetch_services()
 7 SYSTEMPATH/CodeIgniter.php(507): CodeIgniter\CodeIgniter->runController(Object(App\Controllers\Home))
 8 SYSTEMPATH/CodeIgniter.php(354): CodeIgniter\CodeIgniter->handleRequest(null, Object(Config\Cache), false)
 9 SYSTEMPATH/Boot.php(334): CodeIgniter\CodeIgniter->run()
10 SYSTEMPATH/Boot.php(67): CodeIgniter\Boot::runCodeIgniter(Object(CodeIgniter\CodeIgniter))
11 FCPATH/index.php(57): CodeIgniter\Boot::bootWeb(Object(Config\Paths))
WARNING - 2025-08-19 22:36:07 --> [DEPRECATED] addslashes(): Passing null to parameter #1 ($string) of type string is deprecated in APPPATH/Views/service_list.php on line 10.
 1 APPPATH/Views/service_list.php(10): addslashes(null)
 2 SYSTEMPATH/View/View.php(224): include('/home/u810214334/domains/embellish-beauty.co.uk/public_html/app/Views/service_list.php')
 3 SYSTEMPATH/View/View.php(227): CodeIgniter\View\View->CodeIgniter\View\{closure}()
 4 SYSTEMPATH/Common.php(1173): CodeIgniter\View\View->render('service_list', [], true)
 5 APPPATH/Controllers/Home.php(129): view('service_list', [...])
 6 SYSTEMPATH/CodeIgniter.php(933): App\Controllers\Home->fetch_services()
 7 SYSTEMPATH/CodeIgniter.php(507): CodeIgniter\CodeIgniter->runController(Object(App\Controllers\Home))
 8 SYSTEMPATH/CodeIgniter.php(354): CodeIgniter\CodeIgniter->handleRequest(null, Object(Config\Cache), false)
 9 SYSTEMPATH/Boot.php(334): CodeIgniter\CodeIgniter->run()
10 SYSTEMPATH/Boot.php(67): CodeIgniter\Boot::runCodeIgniter(Object(CodeIgniter\CodeIgniter))
11 FCPATH/index.php(57): CodeIgniter\Boot::bootWeb(Object(Config\Paths))
WARNING - 2025-08-19 22:36:07 --> [DEPRECATED] addslashes(): Passing null to parameter #1 ($string) of type string is deprecated in APPPATH/Views/service_list.php on line 10.
 1 APPPATH/Views/service_list.php(10): addslashes(null)
 2 SYSTEMPATH/View/View.php(224): include('/home/u810214334/domains/embellish-beauty.co.uk/public_html/app/Views/service_list.php')
 3 SYSTEMPATH/View/View.php(227): CodeIgniter\View\View->CodeIgniter\View\{closure}()
 4 SYSTEMPATH/Common.php(1173): CodeIgniter\View\View->render('service_list', [], true)
 5 APPPATH/Controllers/Home.php(129): view('service_list', [...])
 6 SYSTEMPATH/CodeIgniter.php(933): App\Controllers\Home->fetch_services()
 7 SYSTEMPATH/CodeIgniter.php(507): CodeIgniter\CodeIgniter->runController(Object(App\Controllers\Home))
 8 SYSTEMPATH/CodeIgniter.php(354): CodeIgniter\CodeIgniter->handleRequest(null, Object(Config\Cache), false)
 9 SYSTEMPATH/Boot.php(334): CodeIgniter\CodeIgniter->run()
10 SYSTEMPATH/Boot.php(67): CodeIgniter\Boot::runCodeIgniter(Object(CodeIgniter\CodeIgniter))
11 FCPATH/index.php(57): CodeIgniter\Boot::bootWeb(Object(Config\Paths))
WARNING - 2025-08-19 22:36:07 --> [DEPRECATED] addslashes(): Passing null to parameter #1 ($string) of type string is deprecated in APPPATH/Views/service_list.php on line 10.
 1 APPPATH/Views/service_list.php(10): addslashes(null)
 2 SYSTEMPATH/View/View.php(224): include('/home/u810214334/domains/embellish-beauty.co.uk/public_html/app/Views/service_list.php')
 3 SYSTEMPATH/View/View.php(227): CodeIgniter\View\View->CodeIgniter\View\{closure}()
 4 SYSTEMPATH/Common.php(1173): CodeIgniter\View\View->render('service_list', [], true)
 5 APPPATH/Controllers/Home.php(129): view('service_list', [...])
 6 SYSTEMPATH/CodeIgniter.php(933): App\Controllers\Home->fetch_services()
 7 SYSTEMPATH/CodeIgniter.php(507): CodeIgniter\CodeIgniter->runController(Object(App\Controllers\Home))
 8 SYSTEMPATH/CodeIgniter.php(354): CodeIgniter\CodeIgniter->handleRequest(null, Object(Config\Cache), false)
 9 SYSTEMPATH/Boot.php(334): CodeIgniter\CodeIgniter->run()
10 SYSTEMPATH/Boot.php(67): CodeIgniter\Boot::runCodeIgniter(Object(CodeIgniter\CodeIgniter))
11 FCPATH/index.php(57): CodeIgniter\Boot::bootWeb(Object(Config\Paths))
DEBUG - 2025-08-19 22:36:08 --> Session: Class initialized using 'CodeIgniter\Session\Handlers\FileHandler' driver.
WARNING - 2025-08-19 22:36:08 --> [DEPRECATED] addslashes(): Passing null to parameter #1 ($string) of type string is deprecated in APPPATH/Views/service_list.php on line 10.
 1 APPPATH/Views/service_list.php(10): addslashes(null)
 2 SYSTEMPATH/View/View.php(224): include('/home/u810214334/domains/embellish-beauty.co.uk/public_html/app/Views/service_list.php')
 3 SYSTEMPATH/View/View.php(227): CodeIgniter\View\View->CodeIgniter\View\{closure}()
 4 SYSTEMPATH/Common.php(1173): CodeIgniter\View\View->render('service_list', [], true)
 5 APPPATH/Controllers/Home.php(129): view('service_list', [...])
 6 SYSTEMPATH/CodeIgniter.php(933): App\Controllers\Home->fetch_services()
 7 SYSTEMPATH/CodeIgniter.php(507): CodeIgniter\CodeIgniter->runController(Object(App\Controllers\Home))
 8 SYSTEMPATH/CodeIgniter.php(354): CodeIgniter\CodeIgniter->handleRequest(null, Object(Config\Cache), false)
 9 SYSTEMPATH/Boot.php(334): CodeIgniter\CodeIgniter->run()
10 SYSTEMPATH/Boot.php(67): CodeIgniter\Boot::runCodeIgniter(Object(CodeIgniter\CodeIgniter))
11 FCPATH/index.php(57): CodeIgniter\Boot::bootWeb(Object(Config\Paths))
WARNING - 2025-08-19 22:36:08 --> [DEPRECATED] addslashes(): Passing null to parameter #1 ($string) of type string is deprecated in APPPATH/Views/service_list.php on line 10.
 1 APPPATH/Views/service_list.php(10): addslashes(null)
 2 SYSTEMPATH/View/View.php(224): include('/home/u810214334/domains/embellish-beauty.co.uk/public_html/app/Views/service_list.php')
 3 SYSTEMPATH/View/View.php(227): CodeIgniter\View\View->CodeIgniter\View\{closure}()
 4 SYSTEMPATH/Common.php(1173): CodeIgniter\View\View->render('service_list', [], true)
 5 APPPATH/Controllers/Home.php(129): view('service_list', [...])
 6 SYSTEMPATH/CodeIgniter.php(933): App\Controllers\Home->fetch_services()
 7 SYSTEMPATH/CodeIgniter.php(507): CodeIgniter\CodeIgniter->runController(Object(App\Controllers\Home))
 8 SYSTEMPATH/CodeIgniter.php(354): CodeIgniter\CodeIgniter->handleRequest(null, Object(Config\Cache), false)
 9 SYSTEMPATH/Boot.php(334): CodeIgniter\CodeIgniter->run()
10 SYSTEMPATH/Boot.php(67): CodeIgniter\Boot::runCodeIgniter(Object(CodeIgniter\CodeIgniter))
11 FCPATH/index.php(57): CodeIgniter\Boot::bootWeb(Object(Config\Paths))
WARNING - 2025-08-19 22:36:08 --> [DEPRECATED] addslashes(): Passing null to parameter #1 ($string) of type string is deprecated in APPPATH/Views/service_list.php on line 10.
 1 APPPATH/Views/service_list.php(10): addslashes(null)
 2 SYSTEMPATH/View/View.php(224): include('/home/u810214334/domains/embellish-beauty.co.uk/public_html/app/Views/service_list.php')
 3 SYSTEMPATH/View/View.php(227): CodeIgniter\View\View->CodeIgniter\View\{closure}()
 4 SYSTEMPATH/Common.php(1173): CodeIgniter\View\View->render('service_list', [], true)
 5 APPPATH/Controllers/Home.php(129): view('service_list', [...])
 6 SYSTEMPATH/CodeIgniter.php(933): App\Controllers\Home->fetch_services()
 7 SYSTEMPATH/CodeIgniter.php(507): CodeIgniter\CodeIgniter->runController(Object(App\Controllers\Home))
 8 SYSTEMPATH/CodeIgniter.php(354): CodeIgniter\CodeIgniter->handleRequest(null, Object(Config\Cache), false)
 9 SYSTEMPATH/Boot.php(334): CodeIgniter\CodeIgniter->run()
10 SYSTEMPATH/Boot.php(67): CodeIgniter\Boot::runCodeIgniter(Object(CodeIgniter\CodeIgniter))
11 FCPATH/index.php(57): CodeIgniter\Boot::bootWeb(Object(Config\Paths))
WARNING - 2025-08-19 22:36:08 --> [DEPRECATED] addslashes(): Passing null to parameter #1 ($string) of type string is deprecated in APPPATH/Views/service_list.php on line 10.
 1 APPPATH/Views/service_list.php(10): addslashes(null)
 2 SYSTEMPATH/View/View.php(224): include('/home/u810214334/domains/embellish-beauty.co.uk/public_html/app/Views/service_list.php')
 3 SYSTEMPATH/View/View.php(227): CodeIgniter\View\View->CodeIgniter\View\{closure}()
 4 SYSTEMPATH/Common.php(1173): CodeIgniter\View\View->render('service_list', [], true)
 5 APPPATH/Controllers/Home.php(129): view('service_list', [...])
 6 SYSTEMPATH/CodeIgniter.php(933): App\Controllers\Home->fetch_services()
 7 SYSTEMPATH/CodeIgniter.php(507): CodeIgniter\CodeIgniter->runController(Object(App\Controllers\Home))
 8 SYSTEMPATH/CodeIgniter.php(354): CodeIgniter\CodeIgniter->handleRequest(null, Object(Config\Cache), false)
 9 SYSTEMPATH/Boot.php(334): CodeIgniter\CodeIgniter->run()
10 SYSTEMPATH/Boot.php(67): CodeIgniter\Boot::runCodeIgniter(Object(CodeIgniter\CodeIgniter))
11 FCPATH/index.php(57): CodeIgniter\Boot::bootWeb(Object(Config\Paths))
WARNING - 2025-08-19 22:36:08 --> [DEPRECATED] addslashes(): Passing null to parameter #1 ($string) of type string is deprecated in APPPATH/Views/service_list.php on line 10.
 1 APPPATH/Views/service_list.php(10): addslashes(null)
 2 SYSTEMPATH/View/View.php(224): include('/home/u810214334/domains/embellish-beauty.co.uk/public_html/app/Views/service_list.php')
 3 SYSTEMPATH/View/View.php(227): CodeIgniter\View\View->CodeIgniter\View\{closure}()
 4 SYSTEMPATH/Common.php(1173): CodeIgniter\View\View->render('service_list', [], true)
 5 APPPATH/Controllers/Home.php(129): view('service_list', [...])
 6 SYSTEMPATH/CodeIgniter.php(933): App\Controllers\Home->fetch_services()
 7 SYSTEMPATH/CodeIgniter.php(507): CodeIgniter\CodeIgniter->runController(Object(App\Controllers\Home))
 8 SYSTEMPATH/CodeIgniter.php(354): CodeIgniter\CodeIgniter->handleRequest(null, Object(Config\Cache), false)
 9 SYSTEMPATH/Boot.php(334): CodeIgniter\CodeIgniter->run()
10 SYSTEMPATH/Boot.php(67): CodeIgniter\Boot::runCodeIgniter(Object(CodeIgniter\CodeIgniter))
11 FCPATH/index.php(57): CodeIgniter\Boot::bootWeb(Object(Config\Paths))
WARNING - 2025-08-19 22:36:08 --> [DEPRECATED] addslashes(): Passing null to parameter #1 ($string) of type string is deprecated in APPPATH/Views/service_list.php on line 10.
 1 APPPATH/Views/service_list.php(10): addslashes(null)
 2 SYSTEMPATH/View/View.php(224): include('/home/u810214334/domains/embellish-beauty.co.uk/public_html/app/Views/service_list.php')
 3 SYSTEMPATH/View/View.php(227): CodeIgniter\View\View->CodeIgniter\View\{closure}()
 4 SYSTEMPATH/Common.php(1173): CodeIgniter\View\View->render('service_list', [], true)
 5 APPPATH/Controllers/Home.php(129): view('service_list', [...])
 6 SYSTEMPATH/CodeIgniter.php(933): App\Controllers\Home->fetch_services()
 7 SYSTEMPATH/CodeIgniter.php(507): CodeIgniter\CodeIgniter->runController(Object(App\Controllers\Home))
 8 SYSTEMPATH/CodeIgniter.php(354): CodeIgniter\CodeIgniter->handleRequest(null, Object(Config\Cache), false)
 9 SYSTEMPATH/Boot.php(334): CodeIgniter\CodeIgniter->run()
10 SYSTEMPATH/Boot.php(67): CodeIgniter\Boot::runCodeIgniter(Object(CodeIgniter\CodeIgniter))
11 FCPATH/index.php(57): CodeIgniter\Boot::bootWeb(Object(Config\Paths))
WARNING - 2025-08-19 22:36:08 --> [DEPRECATED] addslashes(): Passing null to parameter #1 ($string) of type string is deprecated in APPPATH/Views/service_list.php on line 10.
 1 APPPATH/Views/service_list.php(10): addslashes(null)
 2 SYSTEMPATH/View/View.php(224): include('/home/u810214334/domains/embellish-beauty.co.uk/public_html/app/Views/service_list.php')
 3 SYSTEMPATH/View/View.php(227): CodeIgniter\View\View->CodeIgniter\View\{closure}()
 4 SYSTEMPATH/Common.php(1173): CodeIgniter\View\View->render('service_list', [], true)
 5 APPPATH/Controllers/Home.php(129): view('service_list', [...])
 6 SYSTEMPATH/CodeIgniter.php(933): App\Controllers\Home->fetch_services()
 7 SYSTEMPATH/CodeIgniter.php(507): CodeIgniter\CodeIgniter->runController(Object(App\Controllers\Home))
 8 SYSTEMPATH/CodeIgniter.php(354): CodeIgniter\CodeIgniter->handleRequest(null, Object(Config\Cache), false)
 9 SYSTEMPATH/Boot.php(334): CodeIgniter\CodeIgniter->run()
10 SYSTEMPATH/Boot.php(67): CodeIgniter\Boot::runCodeIgniter(Object(CodeIgniter\CodeIgniter))
11 FCPATH/index.php(57): CodeIgniter\Boot::bootWeb(Object(Config\Paths))
WARNING - 2025-08-19 22:36:08 --> [DEPRECATED] addslashes(): Passing null to parameter #1 ($string) of type string is deprecated in APPPATH/Views/service_list.php on line 10.
 1 APPPATH/Views/service_list.php(10): addslashes(null)
 2 SYSTEMPATH/View/View.php(224): include('/home/u810214334/domains/embellish-beauty.co.uk/public_html/app/Views/service_list.php')
 3 SYSTEMPATH/View/View.php(227): CodeIgniter\View\View->CodeIgniter\View\{closure}()
 4 SYSTEMPATH/Common.php(1173): CodeIgniter\View\View->render('service_list', [], true)
 5 APPPATH/Controllers/Home.php(129): view('service_list', [...])
 6 SYSTEMPATH/CodeIgniter.php(933): App\Controllers\Home->fetch_services()
 7 SYSTEMPATH/CodeIgniter.php(507): CodeIgniter\CodeIgniter->runController(Object(App\Controllers\Home))
 8 SYSTEMPATH/CodeIgniter.php(354): CodeIgniter\CodeIgniter->handleRequest(null, Object(Config\Cache), false)
 9 SYSTEMPATH/Boot.php(334): CodeIgniter\CodeIgniter->run()
10 SYSTEMPATH/Boot.php(67): CodeIgniter\Boot::runCodeIgniter(Object(CodeIgniter\CodeIgniter))
11 FCPATH/index.php(57): CodeIgniter\Boot::bootWeb(Object(Config\Paths))
WARNING - 2025-08-19 22:36:08 --> [DEPRECATED] addslashes(): Passing null to parameter #1 ($string) of type string is deprecated in APPPATH/Views/service_list.php on line 10.
 1 APPPATH/Views/service_list.php(10): addslashes(null)
 2 SYSTEMPATH/View/View.php(224): include('/home/u810214334/domains/embellish-beauty.co.uk/public_html/app/Views/service_list.php')
 3 SYSTEMPATH/View/View.php(227): CodeIgniter\View\View->CodeIgniter\View\{closure}()
 4 SYSTEMPATH/Common.php(1173): CodeIgniter\View\View->render('service_list', [], true)
 5 APPPATH/Controllers/Home.php(129): view('service_list', [...])
 6 SYSTEMPATH/CodeIgniter.php(933): App\Controllers\Home->fetch_services()
 7 SYSTEMPATH/CodeIgniter.php(507): CodeIgniter\CodeIgniter->runController(Object(App\Controllers\Home))
 8 SYSTEMPATH/CodeIgniter.php(354): CodeIgniter\CodeIgniter->handleRequest(null, Object(Config\Cache), false)
 9 SYSTEMPATH/Boot.php(334): CodeIgniter\CodeIgniter->run()
10 SYSTEMPATH/Boot.php(67): CodeIgniter\Boot::runCodeIgniter(Object(CodeIgniter\CodeIgniter))
11 FCPATH/index.php(57): CodeIgniter\Boot::bootWeb(Object(Config\Paths))
WARNING - 2025-08-19 22:36:08 --> [DEPRECATED] addslashes(): Passing null to parameter #1 ($string) of type string is deprecated in APPPATH/Views/service_list.php on line 10.
 1 APPPATH/Views/service_list.php(10): addslashes(null)
 2 SYSTEMPATH/View/View.php(224): include('/home/u810214334/domains/embellish-beauty.co.uk/public_html/app/Views/service_list.php')
 3 SYSTEMPATH/View/View.php(227): CodeIgniter\View\View->CodeIgniter\View\{closure}()
 4 SYSTEMPATH/Common.php(1173): CodeIgniter\View\View->render('service_list', [], true)
 5 APPPATH/Controllers/Home.php(129): view('service_list', [...])
 6 SYSTEMPATH/CodeIgniter.php(933): App\Controllers\Home->fetch_services()
 7 SYSTEMPATH/CodeIgniter.php(507): CodeIgniter\CodeIgniter->runController(Object(App\Controllers\Home))
 8 SYSTEMPATH/CodeIgniter.php(354): CodeIgniter\CodeIgniter->handleRequest(null, Object(Config\Cache), false)
 9 SYSTEMPATH/Boot.php(334): CodeIgniter\CodeIgniter->run()
10 SYSTEMPATH/Boot.php(67): CodeIgniter\Boot::runCodeIgniter(Object(CodeIgniter\CodeIgniter))
11 FCPATH/index.php(57): CodeIgniter\Boot::bootWeb(Object(Config\Paths))
WARNING - 2025-08-19 22:36:08 --> [DEPRECATED] addslashes(): Passing null to parameter #1 ($string) of type string is deprecated in APPPATH/Views/service_list.php on line 10.
 1 APPPATH/Views/service_list.php(10): addslashes(null)
 2 SYSTEMPATH/View/View.php(224): include('/home/u810214334/domains/embellish-beauty.co.uk/public_html/app/Views/service_list.php')
 3 SYSTEMPATH/View/View.php(227): CodeIgniter\View\View->CodeIgniter\View\{closure}()
 4 SYSTEMPATH/Common.php(1173): CodeIgniter\View\View->render('service_list', [], true)
 5 APPPATH/Controllers/Home.php(129): view('service_list', [...])
 6 SYSTEMPATH/CodeIgniter.php(933): App\Controllers\Home->fetch_services()
 7 SYSTEMPATH/CodeIgniter.php(507): CodeIgniter\CodeIgniter->runController(Object(App\Controllers\Home))
 8 SYSTEMPATH/CodeIgniter.php(354): CodeIgniter\CodeIgniter->handleRequest(null, Object(Config\Cache), false)
 9 SYSTEMPATH/Boot.php(334): CodeIgniter\CodeIgniter->run()
10 SYSTEMPATH/Boot.php(67): CodeIgniter\Boot::runCodeIgniter(Object(CodeIgniter\CodeIgniter))
11 FCPATH/index.php(57): CodeIgniter\Boot::bootWeb(Object(Config\Paths))
WARNING - 2025-08-19 22:36:08 --> [DEPRECATED] addslashes(): Passing null to parameter #1 ($string) of type string is deprecated in APPPATH/Views/service_list.php on line 10.
 1 APPPATH/Views/service_list.php(10): addslashes(null)
 2 SYSTEMPATH/View/View.php(224): include('/home/u810214334/domains/embellish-beauty.co.uk/public_html/app/Views/service_list.php')
 3 SYSTEMPATH/View/View.php(227): CodeIgniter\View\View->CodeIgniter\View\{closure}()
 4 SYSTEMPATH/Common.php(1173): CodeIgniter\View\View->render('service_list', [], true)
 5 APPPATH/Controllers/Home.php(129): view('service_list', [...])
 6 SYSTEMPATH/CodeIgniter.php(933): App\Controllers\Home->fetch_services()
 7 SYSTEMPATH/CodeIgniter.php(507): CodeIgniter\CodeIgniter->runController(Object(App\Controllers\Home))
 8 SYSTEMPATH/CodeIgniter.php(354): CodeIgniter\CodeIgniter->handleRequest(null, Object(Config\Cache), false)
 9 SYSTEMPATH/Boot.php(334): CodeIgniter\CodeIgniter->run()
10 SYSTEMPATH/Boot.php(67): CodeIgniter\Boot::runCodeIgniter(Object(CodeIgniter\CodeIgniter))
11 FCPATH/index.php(57): CodeIgniter\Boot::bootWeb(Object(Config\Paths))
WARNING - 2025-08-19 22:36:08 --> [DEPRECATED] addslashes(): Passing null to parameter #1 ($string) of type string is deprecated in APPPATH/Views/service_list.php on line 10.
 1 APPPATH/Views/service_list.php(10): addslashes(null)
 2 SYSTEMPATH/View/View.php(224): include('/home/u810214334/domains/embellish-beauty.co.uk/public_html/app/Views/service_list.php')
 3 SYSTEMPATH/View/View.php(227): CodeIgniter\View\View->CodeIgniter\View\{closure}()
 4 SYSTEMPATH/Common.php(1173): CodeIgniter\View\View->render('service_list', [], true)
 5 APPPATH/Controllers/Home.php(129): view('service_list', [...])
 6 SYSTEMPATH/CodeIgniter.php(933): App\Controllers\Home->fetch_services()
 7 SYSTEMPATH/CodeIgniter.php(507): CodeIgniter\CodeIgniter->runController(Object(App\Controllers\Home))
 8 SYSTEMPATH/CodeIgniter.php(354): CodeIgniter\CodeIgniter->handleRequest(null, Object(Config\Cache), false)
 9 SYSTEMPATH/Boot.php(334): CodeIgniter\CodeIgniter->run()
10 SYSTEMPATH/Boot.php(67): CodeIgniter\Boot::runCodeIgniter(Object(CodeIgniter\CodeIgniter))
11 FCPATH/index.php(57): CodeIgniter\Boot::bootWeb(Object(Config\Paths))
DEBUG - 2025-08-19 22:36:14 --> Session: Class initialized using 'CodeIgniter\Session\Handlers\FileHandler' driver.
DEBUG - 2025-08-19 22:36:20 --> Session: Class initialized using 'CodeIgniter\Session\Handlers\FileHandler' driver.
DEBUG - 2025-08-19 22:36:30 --> Session: Class initialized using 'CodeIgniter\Session\Handlers\FileHandler' driver.
WARNING - 2025-08-19 22:36:30 --> [DEPRECATED] addslashes(): Passing null to parameter #1 ($string) of type string is deprecated in APPPATH/Views/service_list.php on line 10.
 1 APPPATH/Views/service_list.php(10): addslashes(null)
 2 SYSTEMPATH/View/View.php(224): include('/home/u810214334/domains/embellish-beauty.co.uk/public_html/app/Views/service_list.php')
 3 SYSTEMPATH/View/View.php(227): CodeIgniter\View\View->CodeIgniter\View\{closure}()
 4 SYSTEMPATH/Common.php(1173): CodeIgniter\View\View->render('service_list', [], true)
 5 APPPATH/Controllers/Home.php(129): view('service_list', [...])
 6 SYSTEMPATH/CodeIgniter.php(933): App\Controllers\Home->fetch_services()
 7 SYSTEMPATH/CodeIgniter.php(507): CodeIgniter\CodeIgniter->runController(Object(App\Controllers\Home))
 8 SYSTEMPATH/CodeIgniter.php(354): CodeIgniter\CodeIgniter->handleRequest(null, Object(Config\Cache), false)
 9 SYSTEMPATH/Boot.php(334): CodeIgniter\CodeIgniter->run()
10 SYSTEMPATH/Boot.php(67): CodeIgniter\Boot::runCodeIgniter(Object(CodeIgniter\CodeIgniter))
11 FCPATH/index.php(57): CodeIgniter\Boot::bootWeb(Object(Config\Paths))
WARNING - 2025-08-19 22:36:30 --> [DEPRECATED] addslashes(): Passing null to parameter #1 ($string) of type string is deprecated in APPPATH/Views/service_list.php on line 10.
 1 APPPATH/Views/service_list.php(10): addslashes(null)
 2 SYSTEMPATH/View/View.php(224): include('/home/u810214334/domains/embellish-beauty.co.uk/public_html/app/Views/service_list.php')
 3 SYSTEMPATH/View/View.php(227): CodeIgniter\View\View->CodeIgniter\View\{closure}()
 4 SYSTEMPATH/Common.php(1173): CodeIgniter\View\View->render('service_list', [], true)
 5 APPPATH/Controllers/Home.php(129): view('service_list', [...])
 6 SYSTEMPATH/CodeIgniter.php(933): App\Controllers\Home->fetch_services()
 7 SYSTEMPATH/CodeIgniter.php(507): CodeIgniter\CodeIgniter->runController(Object(App\Controllers\Home))
 8 SYSTEMPATH/CodeIgniter.php(354): CodeIgniter\CodeIgniter->handleRequest(null, Object(Config\Cache), false)
 9 SYSTEMPATH/Boot.php(334): CodeIgniter\CodeIgniter->run()
10 SYSTEMPATH/Boot.php(67): CodeIgniter\Boot::runCodeIgniter(Object(CodeIgniter\CodeIgniter))
11 FCPATH/index.php(57): CodeIgniter\Boot::bootWeb(Object(Config\Paths))
WARNING - 2025-08-19 22:36:30 --> [DEPRECATED] addslashes(): Passing null to parameter #1 ($string) of type string is deprecated in APPPATH/Views/service_list.php on line 10.
 1 APPPATH/Views/service_list.php(10): addslashes(null)
 2 SYSTEMPATH/View/View.php(224): include('/home/u810214334/domains/embellish-beauty.co.uk/public_html/app/Views/service_list.php')
 3 SYSTEMPATH/View/View.php(227): CodeIgniter\View\View->CodeIgniter\View\{closure}()
 4 SYSTEMPATH/Common.php(1173): CodeIgniter\View\View->render('service_list', [], true)
 5 APPPATH/Controllers/Home.php(129): view('service_list', [...])
 6 SYSTEMPATH/CodeIgniter.php(933): App\Controllers\Home->fetch_services()
 7 SYSTEMPATH/CodeIgniter.php(507): CodeIgniter\CodeIgniter->runController(Object(App\Controllers\Home))
 8 SYSTEMPATH/CodeIgniter.php(354): CodeIgniter\CodeIgniter->handleRequest(null, Object(Config\Cache), false)
 9 SYSTEMPATH/Boot.php(334): CodeIgniter\CodeIgniter->run()
10 SYSTEMPATH/Boot.php(67): CodeIgniter\Boot::runCodeIgniter(Object(CodeIgniter\CodeIgniter))
11 FCPATH/index.php(57): CodeIgniter\Boot::bootWeb(Object(Config\Paths))
WARNING - 2025-08-19 22:36:30 --> [DEPRECATED] addslashes(): Passing null to parameter #1 ($string) of type string is deprecated in APPPATH/Views/service_list.php on line 10.
 1 APPPATH/Views/service_list.php(10): addslashes(null)
 2 SYSTEMPATH/View/View.php(224): include('/home/u810214334/domains/embellish-beauty.co.uk/public_html/app/Views/service_list.php')
 3 SYSTEMPATH/View/View.php(227): CodeIgniter\View\View->CodeIgniter\View\{closure}()
 4 SYSTEMPATH/Common.php(1173): CodeIgniter\View\View->render('service_list', [], true)
 5 APPPATH/Controllers/Home.php(129): view('service_list', [...])
 6 SYSTEMPATH/CodeIgniter.php(933): App\Controllers\Home->fetch_services()
 7 SYSTEMPATH/CodeIgniter.php(507): CodeIgniter\CodeIgniter->runController(Object(App\Controllers\Home))
 8 SYSTEMPATH/CodeIgniter.php(354): CodeIgniter\CodeIgniter->handleRequest(null, Object(Config\Cache), false)
 9 SYSTEMPATH/Boot.php(334): CodeIgniter\CodeIgniter->run()
10 SYSTEMPATH/Boot.php(67): CodeIgniter\Boot::runCodeIgniter(Object(CodeIgniter\CodeIgniter))
11 FCPATH/index.php(57): CodeIgniter\Boot::bootWeb(Object(Config\Paths))
WARNING - 2025-08-19 22:36:30 --> [DEPRECATED] addslashes(): Passing null to parameter #1 ($string) of type string is deprecated in APPPATH/Views/service_list.php on line 10.
 1 APPPATH/Views/service_list.php(10): addslashes(null)
 2 SYSTEMPATH/View/View.php(224): include('/home/u810214334/domains/embellish-beauty.co.uk/public_html/app/Views/service_list.php')
 3 SYSTEMPATH/View/View.php(227): CodeIgniter\View\View->CodeIgniter\View\{closure}()
 4 SYSTEMPATH/Common.php(1173): CodeIgniter\View\View->render('service_list', [], true)
 5 APPPATH/Controllers/Home.php(129): view('service_list', [...])
 6 SYSTEMPATH/CodeIgniter.php(933): App\Controllers\Home->fetch_services()
 7 SYSTEMPATH/CodeIgniter.php(507): CodeIgniter\CodeIgniter->runController(Object(App\Controllers\Home))
 8 SYSTEMPATH/CodeIgniter.php(354): CodeIgniter\CodeIgniter->handleRequest(null, Object(Config\Cache), false)
 9 SYSTEMPATH/Boot.php(334): CodeIgniter\CodeIgniter->run()
10 SYSTEMPATH/Boot.php(67): CodeIgniter\Boot::runCodeIgniter(Object(CodeIgniter\CodeIgniter))
11 FCPATH/index.php(57): CodeIgniter\Boot::bootWeb(Object(Config\Paths))
WARNING - 2025-08-19 22:36:30 --> [DEPRECATED] addslashes(): Passing null to parameter #1 ($string) of type string is deprecated in APPPATH/Views/service_list.php on line 10.
 1 APPPATH/Views/service_list.php(10): addslashes(null)
 2 SYSTEMPATH/View/View.php(224): include('/home/u810214334/domains/embellish-beauty.co.uk/public_html/app/Views/service_list.php')
 3 SYSTEMPATH/View/View.php(227): CodeIgniter\View\View->CodeIgniter\View\{closure}()
 4 SYSTEMPATH/Common.php(1173): CodeIgniter\View\View->render('service_list', [], true)
 5 APPPATH/Controllers/Home.php(129): view('service_list', [...])
 6 SYSTEMPATH/CodeIgniter.php(933): App\Controllers\Home->fetch_services()
 7 SYSTEMPATH/CodeIgniter.php(507): CodeIgniter\CodeIgniter->runController(Object(App\Controllers\Home))
 8 SYSTEMPATH/CodeIgniter.php(354): CodeIgniter\CodeIgniter->handleRequest(null, Object(Config\Cache), false)
 9 SYSTEMPATH/Boot.php(334): CodeIgniter\CodeIgniter->run()
10 SYSTEMPATH/Boot.php(67): CodeIgniter\Boot::runCodeIgniter(Object(CodeIgniter\CodeIgniter))
11 FCPATH/index.php(57): CodeIgniter\Boot::bootWeb(Object(Config\Paths))
WARNING - 2025-08-19 22:36:30 --> [DEPRECATED] addslashes(): Passing null to parameter #1 ($string) of type string is deprecated in APPPATH/Views/service_list.php on line 10.
 1 APPPATH/Views/service_list.php(10): addslashes(null)
 2 SYSTEMPATH/View/View.php(224): include('/home/u810214334/domains/embellish-beauty.co.uk/public_html/app/Views/service_list.php')
 3 SYSTEMPATH/View/View.php(227): CodeIgniter\View\View->CodeIgniter\View\{closure}()
 4 SYSTEMPATH/Common.php(1173): CodeIgniter\View\View->render('service_list', [], true)
 5 APPPATH/Controllers/Home.php(129): view('service_list', [...])
 6 SYSTEMPATH/CodeIgniter.php(933): App\Controllers\Home->fetch_services()
 7 SYSTEMPATH/CodeIgniter.php(507): CodeIgniter\CodeIgniter->runController(Object(App\Controllers\Home))
 8 SYSTEMPATH/CodeIgniter.php(354): CodeIgniter\CodeIgniter->handleRequest(null, Object(Config\Cache), false)
 9 SYSTEMPATH/Boot.php(334): CodeIgniter\CodeIgniter->run()
10 SYSTEMPATH/Boot.php(67): CodeIgniter\Boot::runCodeIgniter(Object(CodeIgniter\CodeIgniter))
11 FCPATH/index.php(57): CodeIgniter\Boot::bootWeb(Object(Config\Paths))
WARNING - 2025-08-19 22:36:30 --> [DEPRECATED] addslashes(): Passing null to parameter #1 ($string) of type string is deprecated in APPPATH/Views/service_list.php on line 10.
 1 APPPATH/Views/service_list.php(10): addslashes(null)
 2 SYSTEMPATH/View/View.php(224): include('/home/u810214334/domains/embellish-beauty.co.uk/public_html/app/Views/service_list.php')
 3 SYSTEMPATH/View/View.php(227): CodeIgniter\View\View->CodeIgniter\View\{closure}()
 4 SYSTEMPATH/Common.php(1173): CodeIgniter\View\View->render('service_list', [], true)
 5 APPPATH/Controllers/Home.php(129): view('service_list', [...])
 6 SYSTEMPATH/CodeIgniter.php(933): App\Controllers\Home->fetch_services()
 7 SYSTEMPATH/CodeIgniter.php(507): CodeIgniter\CodeIgniter->runController(Object(App\Controllers\Home))
 8 SYSTEMPATH/CodeIgniter.php(354): CodeIgniter\CodeIgniter->handleRequest(null, Object(Config\Cache), false)
 9 SYSTEMPATH/Boot.php(334): CodeIgniter\CodeIgniter->run()
10 SYSTEMPATH/Boot.php(67): CodeIgniter\Boot::runCodeIgniter(Object(CodeIgniter\CodeIgniter))
11 FCPATH/index.php(57): CodeIgniter\Boot::bootWeb(Object(Config\Paths))
WARNING - 2025-08-19 22:36:30 --> [DEPRECATED] addslashes(): Passing null to parameter #1 ($string) of type string is deprecated in APPPATH/Views/service_list.php on line 10.
 1 APPPATH/Views/service_list.php(10): addslashes(null)
 2 SYSTEMPATH/View/View.php(224): include('/home/u810214334/domains/embellish-beauty.co.uk/public_html/app/Views/service_list.php')
 3 SYSTEMPATH/View/View.php(227): CodeIgniter\View\View->CodeIgniter\View\{closure}()
 4 SYSTEMPATH/Common.php(1173): CodeIgniter\View\View->render('service_list', [], true)
 5 APPPATH/Controllers/Home.php(129): view('service_list', [...])
 6 SYSTEMPATH/CodeIgniter.php(933): App\Controllers\Home->fetch_services()
 7 SYSTEMPATH/CodeIgniter.php(507): CodeIgniter\CodeIgniter->runController(Object(App\Controllers\Home))
 8 SYSTEMPATH/CodeIgniter.php(354): CodeIgniter\CodeIgniter->handleRequest(null, Object(Config\Cache), false)
 9 SYSTEMPATH/Boot.php(334): CodeIgniter\CodeIgniter->run()
10 SYSTEMPATH/Boot.php(67): CodeIgniter\Boot::runCodeIgniter(Object(CodeIgniter\CodeIgniter))
11 FCPATH/index.php(57): CodeIgniter\Boot::bootWeb(Object(Config\Paths))
WARNING - 2025-08-19 22:36:30 --> [DEPRECATED] addslashes(): Passing null to parameter #1 ($string) of type string is deprecated in APPPATH/Views/service_list.php on line 10.
 1 APPPATH/Views/service_list.php(10): addslashes(null)
 2 SYSTEMPATH/View/View.php(224): include('/home/u810214334/domains/embellish-beauty.co.uk/public_html/app/Views/service_list.php')
 3 SYSTEMPATH/View/View.php(227): CodeIgniter\View\View->CodeIgniter\View\{closure}()
 4 SYSTEMPATH/Common.php(1173): CodeIgniter\View\View->render('service_list', [], true)
 5 APPPATH/Controllers/Home.php(129): view('service_list', [...])
 6 SYSTEMPATH/CodeIgniter.php(933): App\Controllers\Home->fetch_services()
 7 SYSTEMPATH/CodeIgniter.php(507): CodeIgniter\CodeIgniter->runController(Object(App\Controllers\Home))
 8 SYSTEMPATH/CodeIgniter.php(354): CodeIgniter\CodeIgniter->handleRequest(null, Object(Config\Cache), false)
 9 SYSTEMPATH/Boot.php(334): CodeIgniter\CodeIgniter->run()
10 SYSTEMPATH/Boot.php(67): CodeIgniter\Boot::runCodeIgniter(Object(CodeIgniter\CodeIgniter))
11 FCPATH/index.php(57): CodeIgniter\Boot::bootWeb(Object(Config\Paths))
WARNING - 2025-08-19 22:36:30 --> [DEPRECATED] addslashes(): Passing null to parameter #1 ($string) of type string is deprecated in APPPATH/Views/service_list.php on line 10.
 1 APPPATH/Views/service_list.php(10): addslashes(null)
 2 SYSTEMPATH/View/View.php(224): include('/home/u810214334/domains/embellish-beauty.co.uk/public_html/app/Views/service_list.php')
 3 SYSTEMPATH/View/View.php(227): CodeIgniter\View\View->CodeIgniter\View\{closure}()
 4 SYSTEMPATH/Common.php(1173): CodeIgniter\View\View->render('service_list', [], true)
 5 APPPATH/Controllers/Home.php(129): view('service_list', [...])
 6 SYSTEMPATH/CodeIgniter.php(933): App\Controllers\Home->fetch_services()
 7 SYSTEMPATH/CodeIgniter.php(507): CodeIgniter\CodeIgniter->runController(Object(App\Controllers\Home))
 8 SYSTEMPATH/CodeIgniter.php(354): CodeIgniter\CodeIgniter->handleRequest(null, Object(Config\Cache), false)
 9 SYSTEMPATH/Boot.php(334): CodeIgniter\CodeIgniter->run()
10 SYSTEMPATH/Boot.php(67): CodeIgniter\Boot::runCodeIgniter(Object(CodeIgniter\CodeIgniter))
11 FCPATH/index.php(57): CodeIgniter\Boot::bootWeb(Object(Config\Paths))
WARNING - 2025-08-19 22:36:30 --> [DEPRECATED] addslashes(): Passing null to parameter #1 ($string) of type string is deprecated in APPPATH/Views/service_list.php on line 10.
 1 APPPATH/Views/service_list.php(10): addslashes(null)
 2 SYSTEMPATH/View/View.php(224): include('/home/u810214334/domains/embellish-beauty.co.uk/public_html/app/Views/service_list.php')
 3 SYSTEMPATH/View/View.php(227): CodeIgniter\View\View->CodeIgniter\View\{closure}()
 4 SYSTEMPATH/Common.php(1173): CodeIgniter\View\View->render('service_list', [], true)
 5 APPPATH/Controllers/Home.php(129): view('service_list', [...])
 6 SYSTEMPATH/CodeIgniter.php(933): App\Controllers\Home->fetch_services()
 7 SYSTEMPATH/CodeIgniter.php(507): CodeIgniter\CodeIgniter->runController(Object(App\Controllers\Home))
 8 SYSTEMPATH/CodeIgniter.php(354): CodeIgniter\CodeIgniter->handleRequest(null, Object(Config\Cache), false)
 9 SYSTEMPATH/Boot.php(334): CodeIgniter\CodeIgniter->run()
10 SYSTEMPATH/Boot.php(67): CodeIgniter\Boot::runCodeIgniter(Object(CodeIgniter\CodeIgniter))
11 FCPATH/index.php(57): CodeIgniter\Boot::bootWeb(Object(Config\Paths))
WARNING - 2025-08-19 22:36:30 --> [DEPRECATED] addslashes(): Passing null to parameter #1 ($string) of type string is deprecated in APPPATH/Views/service_list.php on line 10.
 1 APPPATH/Views/service_list.php(10): addslashes(null)
 2 SYSTEMPATH/View/View.php(224): include('/home/u810214334/domains/embellish-beauty.co.uk/public_html/app/Views/service_list.php')
 3 SYSTEMPATH/View/View.php(227): CodeIgniter\View\View->CodeIgniter\View\{closure}()
 4 SYSTEMPATH/Common.php(1173): CodeIgniter\View\View->render('service_list', [], true)
 5 APPPATH/Controllers/Home.php(129): view('service_list', [...])
 6 SYSTEMPATH/CodeIgniter.php(933): App\Controllers\Home->fetch_services()
 7 SYSTEMPATH/CodeIgniter.php(507): CodeIgniter\CodeIgniter->runController(Object(App\Controllers\Home))
 8 SYSTEMPATH/CodeIgniter.php(354): CodeIgniter\CodeIgniter->handleRequest(null, Object(Config\Cache), false)
 9 SYSTEMPATH/Boot.php(334): CodeIgniter\CodeIgniter->run()
10 SYSTEMPATH/Boot.php(67): CodeIgniter\Boot::runCodeIgniter(Object(CodeIgniter\CodeIgniter))
11 FCPATH/index.php(57): CodeIgniter\Boot::bootWeb(Object(Config\Paths))
WARNING - 2025-08-19 22:36:30 --> [DEPRECATED] addslashes(): Passing null to parameter #1 ($string) of type string is deprecated in APPPATH/Views/service_list.php on line 10.
 1 APPPATH/Views/service_list.php(10): addslashes(null)
 2 SYSTEMPATH/View/View.php(224): include('/home/u810214334/domains/embellish-beauty.co.uk/public_html/app/Views/service_list.php')
 3 SYSTEMPATH/View/View.php(227): CodeIgniter\View\View->CodeIgniter\View\{closure}()
 4 SYSTEMPATH/Common.php(1173): CodeIgniter\View\View->render('service_list', [], true)
 5 APPPATH/Controllers/Home.php(129): view('service_list', [...])
 6 SYSTEMPATH/CodeIgniter.php(933): App\Controllers\Home->fetch_services()
 7 SYSTEMPATH/CodeIgniter.php(507): CodeIgniter\CodeIgniter->runController(Object(App\Controllers\Home))
 8 SYSTEMPATH/CodeIgniter.php(354): CodeIgniter\CodeIgniter->handleRequest(null, Object(Config\Cache), false)
 9 SYSTEMPATH/Boot.php(334): CodeIgniter\CodeIgniter->run()
10 SYSTEMPATH/Boot.php(67): CodeIgniter\Boot::runCodeIgniter(Object(CodeIgniter\CodeIgniter))
11 FCPATH/index.php(57): CodeIgniter\Boot::bootWeb(Object(Config\Paths))
WARNING - 2025-08-19 22:36:30 --> [DEPRECATED] addslashes(): Passing null to parameter #1 ($string) of type string is deprecated in APPPATH/Views/service_list.php on line 10.
 1 APPPATH/Views/service_list.php(10): addslashes(null)
 2 SYSTEMPATH/View/View.php(224): include('/home/u810214334/domains/embellish-beauty.co.uk/public_html/app/Views/service_list.php')
 3 SYSTEMPATH/View/View.php(227): CodeIgniter\View\View->CodeIgniter\View\{closure}()
 4 SYSTEMPATH/Common.php(1173): CodeIgniter\View\View->render('service_list', [], true)
 5 APPPATH/Controllers/Home.php(129): view('service_list', [...])
 6 SYSTEMPATH/CodeIgniter.php(933): App\Controllers\Home->fetch_services()
 7 SYSTEMPATH/CodeIgniter.php(507): CodeIgniter\CodeIgniter->runController(Object(App\Controllers\Home))
 8 SYSTEMPATH/CodeIgniter.php(354): CodeIgniter\CodeIgniter->handleRequest(null, Object(Config\Cache), false)
 9 SYSTEMPATH/Boot.php(334): CodeIgniter\CodeIgniter->run()
10 SYSTEMPATH/Boot.php(67): CodeIgniter\Boot::runCodeIgniter(Object(CodeIgniter\CodeIgniter))
11 FCPATH/index.php(57): CodeIgniter\Boot::bootWeb(Object(Config\Paths))
WARNING - 2025-08-19 22:36:30 --> [DEPRECATED] addslashes(): Passing null to parameter #1 ($string) of type string is deprecated in APPPATH/Views/service_list.php on line 10.
 1 APPPATH/Views/service_list.php(10): addslashes(null)
 2 SYSTEMPATH/View/View.php(224): include('/home/u810214334/domains/embellish-beauty.co.uk/public_html/app/Views/service_list.php')
 3 SYSTEMPATH/View/View.php(227): CodeIgniter\View\View->CodeIgniter\View\{closure}()
 4 SYSTEMPATH/Common.php(1173): CodeIgniter\View\View->render('service_list', [], true)
 5 APPPATH/Controllers/Home.php(129): view('service_list', [...])
 6 SYSTEMPATH/CodeIgniter.php(933): App\Controllers\Home->fetch_services()
 7 SYSTEMPATH/CodeIgniter.php(507): CodeIgniter\CodeIgniter->runController(Object(App\Controllers\Home))
 8 SYSTEMPATH/CodeIgniter.php(354): CodeIgniter\CodeIgniter->handleRequest(null, Object(Config\Cache), false)
 9 SYSTEMPATH/Boot.php(334): CodeIgniter\CodeIgniter->run()
10 SYSTEMPATH/Boot.php(67): CodeIgniter\Boot::runCodeIgniter(Object(CodeIgniter\CodeIgniter))
11 FCPATH/index.php(57): CodeIgniter\Boot::bootWeb(Object(Config\Paths))
WARNING - 2025-08-19 22:36:30 --> [DEPRECATED] addslashes(): Passing null to parameter #1 ($string) of type string is deprecated in APPPATH/Views/service_list.php on line 10.
 1 APPPATH/Views/service_list.php(10): addslashes(null)
 2 SYSTEMPATH/View/View.php(224): include('/home/u810214334/domains/embellish-beauty.co.uk/public_html/app/Views/service_list.php')
 3 SYSTEMPATH/View/View.php(227): CodeIgniter\View\View->CodeIgniter\View\{closure}()
 4 SYSTEMPATH/Common.php(1173): CodeIgniter\View\View->render('service_list', [], true)
 5 APPPATH/Controllers/Home.php(129): view('service_list', [...])
 6 SYSTEMPATH/CodeIgniter.php(933): App\Controllers\Home->fetch_services()
 7 SYSTEMPATH/CodeIgniter.php(507): CodeIgniter\CodeIgniter->runController(Object(App\Controllers\Home))
 8 SYSTEMPATH/CodeIgniter.php(354): CodeIgniter\CodeIgniter->handleRequest(null, Object(Config\Cache), false)
 9 SYSTEMPATH/Boot.php(334): CodeIgniter\CodeIgniter->run()
10 SYSTEMPATH/Boot.php(67): CodeIgniter\Boot::runCodeIgniter(Object(CodeIgniter\CodeIgniter))
11 FCPATH/index.php(57): CodeIgniter\Boot::bootWeb(Object(Config\Paths))
WARNING - 2025-08-19 22:36:30 --> [DEPRECATED] addslashes(): Passing null to parameter #1 ($string) of type string is deprecated in APPPATH/Views/service_list.php on line 10.
 1 APPPATH/Views/service_list.php(10): addslashes(null)
 2 SYSTEMPATH/View/View.php(224): include('/home/u810214334/domains/embellish-beauty.co.uk/public_html/app/Views/service_list.php')
 3 SYSTEMPATH/View/View.php(227): CodeIgniter\View\View->CodeIgniter\View\{closure}()
 4 SYSTEMPATH/Common.php(1173): CodeIgniter\View\View->render('service_list', [], true)
 5 APPPATH/Controllers/Home.php(129): view('service_list', [...])
 6 SYSTEMPATH/CodeIgniter.php(933): App\Controllers\Home->fetch_services()
 7 SYSTEMPATH/CodeIgniter.php(507): CodeIgniter\CodeIgniter->runController(Object(App\Controllers\Home))
 8 SYSTEMPATH/CodeIgniter.php(354): CodeIgniter\CodeIgniter->handleRequest(null, Object(Config\Cache), false)
 9 SYSTEMPATH/Boot.php(334): CodeIgniter\CodeIgniter->run()
10 SYSTEMPATH/Boot.php(67): CodeIgniter\Boot::runCodeIgniter(Object(CodeIgniter\CodeIgniter))
11 FCPATH/index.php(57): CodeIgniter\Boot::bootWeb(Object(Config\Paths))
WARNING - 2025-08-19 22:36:30 --> [DEPRECATED] addslashes(): Passing null to parameter #1 ($string) of type string is deprecated in APPPATH/Views/service_list.php on line 10.
 1 APPPATH/Views/service_list.php(10): addslashes(null)
 2 SYSTEMPATH/View/View.php(224): include('/home/u810214334/domains/embellish-beauty.co.uk/public_html/app/Views/service_list.php')
 3 SYSTEMPATH/View/View.php(227): CodeIgniter\View\View->CodeIgniter\View\{closure}()
 4 SYSTEMPATH/Common.php(1173): CodeIgniter\View\View->render('service_list', [], true)
 5 APPPATH/Controllers/Home.php(129): view('service_list', [...])
 6 SYSTEMPATH/CodeIgniter.php(933): App\Controllers\Home->fetch_services()
 7 SYSTEMPATH/CodeIgniter.php(507): CodeIgniter\CodeIgniter->runController(Object(App\Controllers\Home))
 8 SYSTEMPATH/CodeIgniter.php(354): CodeIgniter\CodeIgniter->handleRequest(null, Object(Config\Cache), false)
 9 SYSTEMPATH/Boot.php(334): CodeIgniter\CodeIgniter->run()
10 SYSTEMPATH/Boot.php(67): CodeIgniter\Boot::runCodeIgniter(Object(CodeIgniter\CodeIgniter))
11 FCPATH/index.php(57): CodeIgniter\Boot::bootWeb(Object(Config\Paths))
DEBUG - 2025-08-19 22:37:16 --> Session: Class initialized using 'CodeIgniter\Session\Handlers\FileHandler' driver.
DEBUG - 2025-08-19 22:37:32 --> Session: Class initialized using 'CodeIgniter\Session\Handlers\FileHandler' driver.
DEBUG - 2025-08-19 22:37:47 --> Session: Class initialized using 'CodeIgniter\Session\Handlers\FileHandler' driver.
DEBUG - 2025-08-19 22:37:48 --> Session: Class initialized using 'CodeIgniter\Session\Handlers\FileHandler' driver.
DEBUG - 2025-08-19 22:38:22 --> Session: Class initialized using 'CodeIgniter\Session\Handlers\FileHandler' driver.
DEBUG - 2025-08-19 22:38:36 --> Session: Class initialized using 'CodeIgniter\Session\Handlers\FileHandler' driver.
WARNING - 2025-08-19 22:38:36 --> [DEPRECATED] addslashes(): Passing null to parameter #1 ($string) of type string is deprecated in APPPATH/Views/service_list.php on line 10.
 1 APPPATH/Views/service_list.php(10): addslashes(null)
 2 SYSTEMPATH/View/View.php(224): include('/home/u810214334/domains/embellish-beauty.co.uk/public_html/app/Views/service_list.php')
 3 SYSTEMPATH/View/View.php(227): CodeIgniter\View\View->CodeIgniter\View\{closure}()
 4 SYSTEMPATH/Common.php(1173): CodeIgniter\View\View->render('service_list', [], true)
 5 APPPATH/Controllers/Home.php(129): view('service_list', [...])
 6 SYSTEMPATH/CodeIgniter.php(933): App\Controllers\Home->fetch_services()
 7 SYSTEMPATH/CodeIgniter.php(507): CodeIgniter\CodeIgniter->runController(Object(App\Controllers\Home))
 8 SYSTEMPATH/CodeIgniter.php(354): CodeIgniter\CodeIgniter->handleRequest(null, Object(Config\Cache), false)
 9 SYSTEMPATH/Boot.php(334): CodeIgniter\CodeIgniter->run()
10 SYSTEMPATH/Boot.php(67): CodeIgniter\Boot::runCodeIgniter(Object(CodeIgniter\CodeIgniter))
11 FCPATH/index.php(57): CodeIgniter\Boot::bootWeb(Object(Config\Paths))
WARNING - 2025-08-19 22:38:36 --> [DEPRECATED] addslashes(): Passing null to parameter #1 ($string) of type string is deprecated in APPPATH/Views/service_list.php on line 10.
 1 APPPATH/Views/service_list.php(10): addslashes(null)
 2 SYSTEMPATH/View/View.php(224): include('/home/u810214334/domains/embellish-beauty.co.uk/public_html/app/Views/service_list.php')
 3 SYSTEMPATH/View/View.php(227): CodeIgniter\View\View->CodeIgniter\View\{closure}()
 4 SYSTEMPATH/Common.php(1173): CodeIgniter\View\View->render('service_list', [], true)
 5 APPPATH/Controllers/Home.php(129): view('service_list', [...])
 6 SYSTEMPATH/CodeIgniter.php(933): App\Controllers\Home->fetch_services()
 7 SYSTEMPATH/CodeIgniter.php(507): CodeIgniter\CodeIgniter->runController(Object(App\Controllers\Home))
 8 SYSTEMPATH/CodeIgniter.php(354): CodeIgniter\CodeIgniter->handleRequest(null, Object(Config\Cache), false)
 9 SYSTEMPATH/Boot.php(334): CodeIgniter\CodeIgniter->run()
10 SYSTEMPATH/Boot.php(67): CodeIgniter\Boot::runCodeIgniter(Object(CodeIgniter\CodeIgniter))
11 FCPATH/index.php(57): CodeIgniter\Boot::bootWeb(Object(Config\Paths))
WARNING - 2025-08-19 22:38:36 --> [DEPRECATED] addslashes(): Passing null to parameter #1 ($string) of type string is deprecated in APPPATH/Views/service_list.php on line 10.
 1 APPPATH/Views/service_list.php(10): addslashes(null)
 2 SYSTEMPATH/View/View.php(224): include('/home/u810214334/domains/embellish-beauty.co.uk/public_html/app/Views/service_list.php')
 3 SYSTEMPATH/View/View.php(227): CodeIgniter\View\View->CodeIgniter\View\{closure}()
 4 SYSTEMPATH/Common.php(1173): CodeIgniter\View\View->render('service_list', [], true)
 5 APPPATH/Controllers/Home.php(129): view('service_list', [...])
 6 SYSTEMPATH/CodeIgniter.php(933): App\Controllers\Home->fetch_services()
 7 SYSTEMPATH/CodeIgniter.php(507): CodeIgniter\CodeIgniter->runController(Object(App\Controllers\Home))
 8 SYSTEMPATH/CodeIgniter.php(354): CodeIgniter\CodeIgniter->handleRequest(null, Object(Config\Cache), false)
 9 SYSTEMPATH/Boot.php(334): CodeIgniter\CodeIgniter->run()
10 SYSTEMPATH/Boot.php(67): CodeIgniter\Boot::runCodeIgniter(Object(CodeIgniter\CodeIgniter))
11 FCPATH/index.php(57): CodeIgniter\Boot::bootWeb(Object(Config\Paths))
WARNING - 2025-08-19 22:38:36 --> [DEPRECATED] addslashes(): Passing null to parameter #1 ($string) of type string is deprecated in APPPATH/Views/service_list.php on line 10.
 1 APPPATH/Views/service_list.php(10): addslashes(null)
 2 SYSTEMPATH/View/View.php(224): include('/home/u810214334/domains/embellish-beauty.co.uk/public_html/app/Views/service_list.php')
 3 SYSTEMPATH/View/View.php(227): CodeIgniter\View\View->CodeIgniter\View\{closure}()
 4 SYSTEMPATH/Common.php(1173): CodeIgniter\View\View->render('service_list', [], true)
 5 APPPATH/Controllers/Home.php(129): view('service_list', [...])
 6 SYSTEMPATH/CodeIgniter.php(933): App\Controllers\Home->fetch_services()
 7 SYSTEMPATH/CodeIgniter.php(507): CodeIgniter\CodeIgniter->runController(Object(App\Controllers\Home))
 8 SYSTEMPATH/CodeIgniter.php(354): CodeIgniter\CodeIgniter->handleRequest(null, Object(Config\Cache), false)
 9 SYSTEMPATH/Boot.php(334): CodeIgniter\CodeIgniter->run()
10 SYSTEMPATH/Boot.php(67): CodeIgniter\Boot::runCodeIgniter(Object(CodeIgniter\CodeIgniter))
11 FCPATH/index.php(57): CodeIgniter\Boot::bootWeb(Object(Config\Paths))
WARNING - 2025-08-19 22:38:36 --> [DEPRECATED] addslashes(): Passing null to parameter #1 ($string) of type string is deprecated in APPPATH/Views/service_list.php on line 10.
 1 APPPATH/Views/service_list.php(10): addslashes(null)
 2 SYSTEMPATH/View/View.php(224): include('/home/u810214334/domains/embellish-beauty.co.uk/public_html/app/Views/service_list.php')
 3 SYSTEMPATH/View/View.php(227): CodeIgniter\View\View->CodeIgniter\View\{closure}()
 4 SYSTEMPATH/Common.php(1173): CodeIgniter\View\View->render('service_list', [], true)
 5 APPPATH/Controllers/Home.php(129): view('service_list', [...])
 6 SYSTEMPATH/CodeIgniter.php(933): App\Controllers\Home->fetch_services()
 7 SYSTEMPATH/CodeIgniter.php(507): CodeIgniter\CodeIgniter->runController(Object(App\Controllers\Home))
 8 SYSTEMPATH/CodeIgniter.php(354): CodeIgniter\CodeIgniter->handleRequest(null, Object(Config\Cache), false)
 9 SYSTEMPATH/Boot.php(334): CodeIgniter\CodeIgniter->run()
10 SYSTEMPATH/Boot.php(67): CodeIgniter\Boot::runCodeIgniter(Object(CodeIgniter\CodeIgniter))
11 FCPATH/index.php(57): CodeIgniter\Boot::bootWeb(Object(Config\Paths))
WARNING - 2025-08-19 22:38:36 --> [DEPRECATED] addslashes(): Passing null to parameter #1 ($string) of type string is deprecated in APPPATH/Views/service_list.php on line 10.
 1 APPPATH/Views/service_list.php(10): addslashes(null)
 2 SYSTEMPATH/View/View.php(224): include('/home/u810214334/domains/embellish-beauty.co.uk/public_html/app/Views/service_list.php')
 3 SYSTEMPATH/View/View.php(227): CodeIgniter\View\View->CodeIgniter\View\{closure}()
 4 SYSTEMPATH/Common.php(1173): CodeIgniter\View\View->render('service_list', [], true)
 5 APPPATH/Controllers/Home.php(129): view('service_list', [...])
 6 SYSTEMPATH/CodeIgniter.php(933): App\Controllers\Home->fetch_services()
 7 SYSTEMPATH/CodeIgniter.php(507): CodeIgniter\CodeIgniter->runController(Object(App\Controllers\Home))
 8 SYSTEMPATH/CodeIgniter.php(354): CodeIgniter\CodeIgniter->handleRequest(null, Object(Config\Cache), false)
 9 SYSTEMPATH/Boot.php(334): CodeIgniter\CodeIgniter->run()
10 SYSTEMPATH/Boot.php(67): CodeIgniter\Boot::runCodeIgniter(Object(CodeIgniter\CodeIgniter))
11 FCPATH/index.php(57): CodeIgniter\Boot::bootWeb(Object(Config\Paths))
WARNING - 2025-08-19 22:38:36 --> [DEPRECATED] addslashes(): Passing null to parameter #1 ($string) of type string is deprecated in APPPATH/Views/service_list.php on line 10.
 1 APPPATH/Views/service_list.php(10): addslashes(null)
 2 SYSTEMPATH/View/View.php(224): include('/home/u810214334/domains/embellish-beauty.co.uk/public_html/app/Views/service_list.php')
 3 SYSTEMPATH/View/View.php(227): CodeIgniter\View\View->CodeIgniter\View\{closure}()
 4 SYSTEMPATH/Common.php(1173): CodeIgniter\View\View->render('service_list', [], true)
 5 APPPATH/Controllers/Home.php(129): view('service_list', [...])
 6 SYSTEMPATH/CodeIgniter.php(933): App\Controllers\Home->fetch_services()
 7 SYSTEMPATH/CodeIgniter.php(507): CodeIgniter\CodeIgniter->runController(Object(App\Controllers\Home))
 8 SYSTEMPATH/CodeIgniter.php(354): CodeIgniter\CodeIgniter->handleRequest(null, Object(Config\Cache), false)
 9 SYSTEMPATH/Boot.php(334): CodeIgniter\CodeIgniter->run()
10 SYSTEMPATH/Boot.php(67): CodeIgniter\Boot::runCodeIgniter(Object(CodeIgniter\CodeIgniter))
11 FCPATH/index.php(57): CodeIgniter\Boot::bootWeb(Object(Config\Paths))
WARNING - 2025-08-19 22:38:36 --> [DEPRECATED] addslashes(): Passing null to parameter #1 ($string) of type string is deprecated in APPPATH/Views/service_list.php on line 10.
 1 APPPATH/Views/service_list.php(10): addslashes(null)
 2 SYSTEMPATH/View/View.php(224): include('/home/u810214334/domains/embellish-beauty.co.uk/public_html/app/Views/service_list.php')
 3 SYSTEMPATH/View/View.php(227): CodeIgniter\View\View->CodeIgniter\View\{closure}()
 4 SYSTEMPATH/Common.php(1173): CodeIgniter\View\View->render('service_list', [], true)
 5 APPPATH/Controllers/Home.php(129): view('service_list', [...])
 6 SYSTEMPATH/CodeIgniter.php(933): App\Controllers\Home->fetch_services()
 7 SYSTEMPATH/CodeIgniter.php(507): CodeIgniter\CodeIgniter->runController(Object(App\Controllers\Home))
 8 SYSTEMPATH/CodeIgniter.php(354): CodeIgniter\CodeIgniter->handleRequest(null, Object(Config\Cache), false)
 9 SYSTEMPATH/Boot.php(334): CodeIgniter\CodeIgniter->run()
10 SYSTEMPATH/Boot.php(67): CodeIgniter\Boot::runCodeIgniter(Object(CodeIgniter\CodeIgniter))
11 FCPATH/index.php(57): CodeIgniter\Boot::bootWeb(Object(Config\Paths))
WARNING - 2025-08-19 22:38:36 --> [DEPRECATED] addslashes(): Passing null to parameter #1 ($string) of type string is deprecated in APPPATH/Views/service_list.php on line 10.
 1 APPPATH/Views/service_list.php(10): addslashes(null)
 2 SYSTEMPATH/View/View.php(224): include('/home/u810214334/domains/embellish-beauty.co.uk/public_html/app/Views/service_list.php')
 3 SYSTEMPATH/View/View.php(227): CodeIgniter\View\View->CodeIgniter\View\{closure}()
 4 SYSTEMPATH/Common.php(1173): CodeIgniter\View\View->render('service_list', [], true)
 5 APPPATH/Controllers/Home.php(129): view('service_list', [...])
 6 SYSTEMPATH/CodeIgniter.php(933): App\Controllers\Home->fetch_services()
 7 SYSTEMPATH/CodeIgniter.php(507): CodeIgniter\CodeIgniter->runController(Object(App\Controllers\Home))
 8 SYSTEMPATH/CodeIgniter.php(354): CodeIgniter\CodeIgniter->handleRequest(null, Object(Config\Cache), false)
 9 SYSTEMPATH/Boot.php(334): CodeIgniter\CodeIgniter->run()
10 SYSTEMPATH/Boot.php(67): CodeIgniter\Boot::runCodeIgniter(Object(CodeIgniter\CodeIgniter))
11 FCPATH/index.php(57): CodeIgniter\Boot::bootWeb(Object(Config\Paths))
WARNING - 2025-08-19 22:38:36 --> [DEPRECATED] addslashes(): Passing null to parameter #1 ($string) of type string is deprecated in APPPATH/Views/service_list.php on line 10.
 1 APPPATH/Views/service_list.php(10): addslashes(null)
 2 SYSTEMPATH/View/View.php(224): include('/home/u810214334/domains/embellish-beauty.co.uk/public_html/app/Views/service_list.php')
 3 SYSTEMPATH/View/View.php(227): CodeIgniter\View\View->CodeIgniter\View\{closure}()
 4 SYSTEMPATH/Common.php(1173): CodeIgniter\View\View->render('service_list', [], true)
 5 APPPATH/Controllers/Home.php(129): view('service_list', [...])
 6 SYSTEMPATH/CodeIgniter.php(933): App\Controllers\Home->fetch_services()
 7 SYSTEMPATH/CodeIgniter.php(507): CodeIgniter\CodeIgniter->runController(Object(App\Controllers\Home))
 8 SYSTEMPATH/CodeIgniter.php(354): CodeIgniter\CodeIgniter->handleRequest(null, Object(Config\Cache), false)
 9 SYSTEMPATH/Boot.php(334): CodeIgniter\CodeIgniter->run()
10 SYSTEMPATH/Boot.php(67): CodeIgniter\Boot::runCodeIgniter(Object(CodeIgniter\CodeIgniter))
11 FCPATH/index.php(57): CodeIgniter\Boot::bootWeb(Object(Config\Paths))
WARNING - 2025-08-19 22:38:36 --> [DEPRECATED] addslashes(): Passing null to parameter #1 ($string) of type string is deprecated in APPPATH/Views/service_list.php on line 10.
 1 APPPATH/Views/service_list.php(10): addslashes(null)
 2 SYSTEMPATH/View/View.php(224): include('/home/u810214334/domains/embellish-beauty.co.uk/public_html/app/Views/service_list.php')
 3 SYSTEMPATH/View/View.php(227): CodeIgniter\View\View->CodeIgniter\View\{closure}()
 4 SYSTEMPATH/Common.php(1173): CodeIgniter\View\View->render('service_list', [], true)
 5 APPPATH/Controllers/Home.php(129): view('service_list', [...])
 6 SYSTEMPATH/CodeIgniter.php(933): App\Controllers\Home->fetch_services()
 7 SYSTEMPATH/CodeIgniter.php(507): CodeIgniter\CodeIgniter->runController(Object(App\Controllers\Home))
 8 SYSTEMPATH/CodeIgniter.php(354): CodeIgniter\CodeIgniter->handleRequest(null, Object(Config\Cache), false)
 9 SYSTEMPATH/Boot.php(334): CodeIgniter\CodeIgniter->run()
10 SYSTEMPATH/Boot.php(67): CodeIgniter\Boot::runCodeIgniter(Object(CodeIgniter\CodeIgniter))
11 FCPATH/index.php(57): CodeIgniter\Boot::bootWeb(Object(Config\Paths))
WARNING - 2025-08-19 22:38:36 --> [DEPRECATED] addslashes(): Passing null to parameter #1 ($string) of type string is deprecated in APPPATH/Views/service_list.php on line 10.
 1 APPPATH/Views/service_list.php(10): addslashes(null)
 2 SYSTEMPATH/View/View.php(224): include('/home/u810214334/domains/embellish-beauty.co.uk/public_html/app/Views/service_list.php')
 3 SYSTEMPATH/View/View.php(227): CodeIgniter\View\View->CodeIgniter\View\{closure}()
 4 SYSTEMPATH/Common.php(1173): CodeIgniter\View\View->render('service_list', [], true)
 5 APPPATH/Controllers/Home.php(129): view('service_list', [...])
 6 SYSTEMPATH/CodeIgniter.php(933): App\Controllers\Home->fetch_services()
 7 SYSTEMPATH/CodeIgniter.php(507): CodeIgniter\CodeIgniter->runController(Object(App\Controllers\Home))
 8 SYSTEMPATH/CodeIgniter.php(354): CodeIgniter\CodeIgniter->handleRequest(null, Object(Config\Cache), false)
 9 SYSTEMPATH/Boot.php(334): CodeIgniter\CodeIgniter->run()
10 SYSTEMPATH/Boot.php(67): CodeIgniter\Boot::runCodeIgniter(Object(CodeIgniter\CodeIgniter))
11 FCPATH/index.php(57): CodeIgniter\Boot::bootWeb(Object(Config\Paths))
WARNING - 2025-08-19 22:38:36 --> [DEPRECATED] addslashes(): Passing null to parameter #1 ($string) of type string is deprecated in APPPATH/Views/service_list.php on line 10.
 1 APPPATH/Views/service_list.php(10): addslashes(null)
 2 SYSTEMPATH/View/View.php(224): include('/home/u810214334/domains/embellish-beauty.co.uk/public_html/app/Views/service_list.php')
 3 SYSTEMPATH/View/View.php(227): CodeIgniter\View\View->CodeIgniter\View\{closure}()
 4 SYSTEMPATH/Common.php(1173): CodeIgniter\View\View->render('service_list', [], true)
 5 APPPATH/Controllers/Home.php(129): view('service_list', [...])
 6 SYSTEMPATH/CodeIgniter.php(933): App\Controllers\Home->fetch_services()
 7 SYSTEMPATH/CodeIgniter.php(507): CodeIgniter\CodeIgniter->runController(Object(App\Controllers\Home))
 8 SYSTEMPATH/CodeIgniter.php(354): CodeIgniter\CodeIgniter->handleRequest(null, Object(Config\Cache), false)
 9 SYSTEMPATH/Boot.php(334): CodeIgniter\CodeIgniter->run()
10 SYSTEMPATH/Boot.php(67): CodeIgniter\Boot::runCodeIgniter(Object(CodeIgniter\CodeIgniter))
11 FCPATH/index.php(57): CodeIgniter\Boot::bootWeb(Object(Config\Paths))
DEBUG - 2025-08-19 22:38:58 --> Session: Class initialized using 'CodeIgniter\Session\Handlers\FileHandler' driver.
DEBUG - 2025-08-19 22:39:07 --> Session: Class initialized using 'CodeIgniter\Session\Handlers\FileHandler' driver.
DEBUG - 2025-08-19 22:39:16 --> Session: Class initialized using 'CodeIgniter\Session\Handlers\FileHandler' driver.
DEBUG - 2025-08-19 22:39:17 --> Session: Class initialized using 'CodeIgniter\Session\Handlers\FileHandler' driver.
DEBUG - 2025-08-19 22:39:39 --> Session: Class initialized using 'CodeIgniter\Session\Handlers\FileHandler' driver.
DEBUG - 2025-08-19 22:39:42 --> Session: Class initialized using 'CodeIgniter\Session\Handlers\FileHandler' driver.
DEBUG - 2025-08-19 22:39:45 --> Session: Class initialized using 'CodeIgniter\Session\Handlers\FileHandler' driver.
DEBUG - 2025-08-19 22:45:50 --> Session: Class initialized using 'CodeIgniter\Session\Handlers\FileHandler' driver.
DEBUG - 2025-08-19 22:45:51 --> Session: Class initialized using 'CodeIgniter\Session\Handlers\FileHandler' driver.
DEBUG - 2025-08-19 22:57:20 --> Session: Class initialized using 'CodeIgniter\Session\Handlers\FileHandler' driver.
DEBUG - 2025-08-19 22:57:21 --> Session: Class initialized using 'CodeIgniter\Session\Handlers\FileHandler' driver.
DEBUG - 2025-08-19 22:59:06 --> Session: Class initialized using 'CodeIgniter\Session\Handlers\FileHandler' driver.
DEBUG - 2025-08-19 23:11:37 --> Session: Class initialized using 'CodeIgniter\Session\Handlers\FileHandler' driver.
DEBUG - 2025-08-19 23:17:42 --> Session: Class initialized using 'CodeIgniter\Session\Handlers\FileHandler' driver.
DEBUG - 2025-08-19 23:19:51 --> Session: Class initialized using 'CodeIgniter\Session\Handlers\FileHandler' driver.
DEBUG - 2025-08-19 23:37:35 --> Session: Class initialized using 'CodeIgniter\Session\Handlers\FileHandler' driver.
DEBUG - 2025-08-19 23:41:27 --> Session: Class initialized using 'CodeIgniter\Session\Handlers\FileHandler' driver.
