DEBUG - 2025-08-29 00:02:27 --> Session: Class initialized using 'CodeIgniter\Session\Handlers\FileHandler' driver.
DEBUG - 2025-08-29 00:07:09 --> Session: Class initialized using 'CodeIgniter\Session\Handlers\FileHandler' driver.
DEBUG - 2025-08-29 00:07:18 --> Session: Class initialized using 'CodeIgniter\Session\Handlers\FileHandler' driver.
DEBUG - 2025-08-29 00:07:19 --> Session: Class initialized using 'CodeIgniter\Session\Handlers\FileHandler' driver.
DEBUG - 2025-08-29 00:07:19 --> Session: Class initialized using 'CodeIgniter\Session\Handlers\FileHandler' driver.
DEBUG - 2025-08-29 00:07:39 --> Session: Class initialized using 'CodeIgniter\Session\Handlers\FileHandler' driver.
DEBUG - 2025-08-29 00:07:45 --> Session: Class initialized using 'CodeIgniter\Session\Handlers\FileHandler' driver.
DEBUG - 2025-08-29 00:08:13 --> Session: Class initialized using 'CodeIgniter\Session\Handlers\FileHandler' driver.
DEBUG - 2025-08-29 00:08:14 --> Session: Class initialized using 'CodeIgniter\Session\Handlers\FileHandler' driver.
DEBUG - 2025-08-29 00:08:27 --> Session: Class initialized using 'CodeIgniter\Session\Handlers\FileHandler' driver.
DEBUG - 2025-08-29 00:08:31 --> Session: Class initialized using 'CodeIgniter\Session\Handlers\FileHandler' driver.
DEBUG - 2025-08-29 00:08:31 --> Session: Class initialized using 'CodeIgniter\Session\Handlers\FileHandler' driver.
DEBUG - 2025-08-29 00:08:31 --> Session: Class initialized using 'CodeIgniter\Session\Handlers\FileHandler' driver.
DEBUG - 2025-08-29 00:08:31 --> Session: Class initialized using 'CodeIgniter\Session\Handlers\FileHandler' driver.
WARNING - 2025-08-29 00:08:31 --> [DEPRECATED] addslashes(): Passing null to parameter #1 ($string) of type string is deprecated in APPPATH/Views/service_list.php on line 10.
 1 APPPATH/Views/service_list.php(10): addslashes(null)
 2 SYSTEMPATH/View/View.php(224): include('/home/u810214334/domains/embellish-beauty.co.uk/public_html/app/Views/service_list.php')
 3 SYSTEMPATH/View/View.php(227): CodeIgniter\View\View->CodeIgniter\View\{closure}()
 4 SYSTEMPATH/Common.php(1173): CodeIgniter\View\View->render('service_list', [], true)
 5 APPPATH/Controllers/Home.php(129): view('service_list', [...])
 6 SYSTEMPATH/CodeIgniter.php(933): App\Controllers\Home->fetch_services()
 7 SYSTEMPATH/CodeIgniter.php(507): CodeIgniter\CodeIgniter->runController(Object(App\Controllers\Home))
 8 SYSTEMPATH/CodeIgniter.php(354): CodeIgniter\CodeIgniter->handleRequest(null, Object(Config\Cache), false)
 9 SYSTEMPATH/Boot.php(334): CodeIgniter\CodeIgniter->run()
10 SYSTEMPATH/Boot.php(67): CodeIgniter\Boot::runCodeIgniter(Object(CodeIgniter\CodeIgniter))
11 FCPATH/index.php(57): CodeIgniter\Boot::bootWeb(Object(Config\Paths))
WARNING - 2025-08-29 00:08:31 --> [DEPRECATED] addslashes(): Passing null to parameter #1 ($string) of type string is deprecated in APPPATH/Views/service_list.php on line 10.
 1 APPPATH/Views/service_list.php(10): addslashes(null)
 2 SYSTEMPATH/View/View.php(224): include('/home/u810214334/domains/embellish-beauty.co.uk/public_html/app/Views/service_list.php')
 3 SYSTEMPATH/View/View.php(227): CodeIgniter\View\View->CodeIgniter\View\{closure}()
 4 SYSTEMPATH/Common.php(1173): CodeIgniter\View\View->render('service_list', [], true)
 5 APPPATH/Controllers/Home.php(129): view('service_list', [...])
 6 SYSTEMPATH/CodeIgniter.php(933): App\Controllers\Home->fetch_services()
 7 SYSTEMPATH/CodeIgniter.php(507): CodeIgniter\CodeIgniter->runController(Object(App\Controllers\Home))
 8 SYSTEMPATH/CodeIgniter.php(354): CodeIgniter\CodeIgniter->handleRequest(null, Object(Config\Cache), false)
 9 SYSTEMPATH/Boot.php(334): CodeIgniter\CodeIgniter->run()
10 SYSTEMPATH/Boot.php(67): CodeIgniter\Boot::runCodeIgniter(Object(CodeIgniter\CodeIgniter))
11 FCPATH/index.php(57): CodeIgniter\Boot::bootWeb(Object(Config\Paths))
WARNING - 2025-08-29 00:08:31 --> [DEPRECATED] addslashes(): Passing null to parameter #1 ($string) of type string is deprecated in APPPATH/Views/service_list.php on line 10.
 1 APPPATH/Views/service_list.php(10): addslashes(null)
 2 SYSTEMPATH/View/View.php(224): include('/home/u810214334/domains/embellish-beauty.co.uk/public_html/app/Views/service_list.php')
 3 SYSTEMPATH/View/View.php(227): CodeIgniter\View\View->CodeIgniter\View\{closure}()
 4 SYSTEMPATH/Common.php(1173): CodeIgniter\View\View->render('service_list', [], true)
 5 APPPATH/Controllers/Home.php(129): view('service_list', [...])
 6 SYSTEMPATH/CodeIgniter.php(933): App\Controllers\Home->fetch_services()
 7 SYSTEMPATH/CodeIgniter.php(507): CodeIgniter\CodeIgniter->runController(Object(App\Controllers\Home))
 8 SYSTEMPATH/CodeIgniter.php(354): CodeIgniter\CodeIgniter->handleRequest(null, Object(Config\Cache), false)
 9 SYSTEMPATH/Boot.php(334): CodeIgniter\CodeIgniter->run()
10 SYSTEMPATH/Boot.php(67): CodeIgniter\Boot::runCodeIgniter(Object(CodeIgniter\CodeIgniter))
11 FCPATH/index.php(57): CodeIgniter\Boot::bootWeb(Object(Config\Paths))
WARNING - 2025-08-29 00:08:31 --> [DEPRECATED] addslashes(): Passing null to parameter #1 ($string) of type string is deprecated in APPPATH/Views/service_list.php on line 10.
 1 APPPATH/Views/service_list.php(10): addslashes(null)
 2 SYSTEMPATH/View/View.php(224): include('/home/u810214334/domains/embellish-beauty.co.uk/public_html/app/Views/service_list.php')
 3 SYSTEMPATH/View/View.php(227): CodeIgniter\View\View->CodeIgniter\View\{closure}()
 4 SYSTEMPATH/Common.php(1173): CodeIgniter\View\View->render('service_list', [], true)
 5 APPPATH/Controllers/Home.php(129): view('service_list', [...])
 6 SYSTEMPATH/CodeIgniter.php(933): App\Controllers\Home->fetch_services()
 7 SYSTEMPATH/CodeIgniter.php(507): CodeIgniter\CodeIgniter->runController(Object(App\Controllers\Home))
 8 SYSTEMPATH/CodeIgniter.php(354): CodeIgniter\CodeIgniter->handleRequest(null, Object(Config\Cache), false)
 9 SYSTEMPATH/Boot.php(334): CodeIgniter\CodeIgniter->run()
10 SYSTEMPATH/Boot.php(67): CodeIgniter\Boot::runCodeIgniter(Object(CodeIgniter\CodeIgniter))
11 FCPATH/index.php(57): CodeIgniter\Boot::bootWeb(Object(Config\Paths))
WARNING - 2025-08-29 00:08:31 --> [DEPRECATED] addslashes(): Passing null to parameter #1 ($string) of type string is deprecated in APPPATH/Views/service_list.php on line 10.
 1 APPPATH/Views/service_list.php(10): addslashes(null)
 2 SYSTEMPATH/View/View.php(224): include('/home/u810214334/domains/embellish-beauty.co.uk/public_html/app/Views/service_list.php')
 3 SYSTEMPATH/View/View.php(227): CodeIgniter\View\View->CodeIgniter\View\{closure}()
 4 SYSTEMPATH/Common.php(1173): CodeIgniter\View\View->render('service_list', [], true)
 5 APPPATH/Controllers/Home.php(129): view('service_list', [...])
 6 SYSTEMPATH/CodeIgniter.php(933): App\Controllers\Home->fetch_services()
 7 SYSTEMPATH/CodeIgniter.php(507): CodeIgniter\CodeIgniter->runController(Object(App\Controllers\Home))
 8 SYSTEMPATH/CodeIgniter.php(354): CodeIgniter\CodeIgniter->handleRequest(null, Object(Config\Cache), false)
 9 SYSTEMPATH/Boot.php(334): CodeIgniter\CodeIgniter->run()
10 SYSTEMPATH/Boot.php(67): CodeIgniter\Boot::runCodeIgniter(Object(CodeIgniter\CodeIgniter))
11 FCPATH/index.php(57): CodeIgniter\Boot::bootWeb(Object(Config\Paths))
WARNING - 2025-08-29 00:08:31 --> [DEPRECATED] addslashes(): Passing null to parameter #1 ($string) of type string is deprecated in APPPATH/Views/service_list.php on line 10.
 1 APPPATH/Views/service_list.php(10): addslashes(null)
 2 SYSTEMPATH/View/View.php(224): include('/home/u810214334/domains/embellish-beauty.co.uk/public_html/app/Views/service_list.php')
 3 SYSTEMPATH/View/View.php(227): CodeIgniter\View\View->CodeIgniter\View\{closure}()
 4 SYSTEMPATH/Common.php(1173): CodeIgniter\View\View->render('service_list', [], true)
 5 APPPATH/Controllers/Home.php(129): view('service_list', [...])
 6 SYSTEMPATH/CodeIgniter.php(933): App\Controllers\Home->fetch_services()
 7 SYSTEMPATH/CodeIgniter.php(507): CodeIgniter\CodeIgniter->runController(Object(App\Controllers\Home))
 8 SYSTEMPATH/CodeIgniter.php(354): CodeIgniter\CodeIgniter->handleRequest(null, Object(Config\Cache), false)
 9 SYSTEMPATH/Boot.php(334): CodeIgniter\CodeIgniter->run()
10 SYSTEMPATH/Boot.php(67): CodeIgniter\Boot::runCodeIgniter(Object(CodeIgniter\CodeIgniter))
11 FCPATH/index.php(57): CodeIgniter\Boot::bootWeb(Object(Config\Paths))
WARNING - 2025-08-29 00:08:31 --> [DEPRECATED] addslashes(): Passing null to parameter #1 ($string) of type string is deprecated in APPPATH/Views/service_list.php on line 10.
 1 APPPATH/Views/service_list.php(10): addslashes(null)
 2 SYSTEMPATH/View/View.php(224): include('/home/u810214334/domains/embellish-beauty.co.uk/public_html/app/Views/service_list.php')
 3 SYSTEMPATH/View/View.php(227): CodeIgniter\View\View->CodeIgniter\View\{closure}()
 4 SYSTEMPATH/Common.php(1173): CodeIgniter\View\View->render('service_list', [], true)
 5 APPPATH/Controllers/Home.php(129): view('service_list', [...])
 6 SYSTEMPATH/CodeIgniter.php(933): App\Controllers\Home->fetch_services()
 7 SYSTEMPATH/CodeIgniter.php(507): CodeIgniter\CodeIgniter->runController(Object(App\Controllers\Home))
 8 SYSTEMPATH/CodeIgniter.php(354): CodeIgniter\CodeIgniter->handleRequest(null, Object(Config\Cache), false)
 9 SYSTEMPATH/Boot.php(334): CodeIgniter\CodeIgniter->run()
10 SYSTEMPATH/Boot.php(67): CodeIgniter\Boot::runCodeIgniter(Object(CodeIgniter\CodeIgniter))
11 FCPATH/index.php(57): CodeIgniter\Boot::bootWeb(Object(Config\Paths))
WARNING - 2025-08-29 00:08:31 --> [DEPRECATED] addslashes(): Passing null to parameter #1 ($string) of type string is deprecated in APPPATH/Views/service_list.php on line 10.
 1 APPPATH/Views/service_list.php(10): addslashes(null)
 2 SYSTEMPATH/View/View.php(224): include('/home/u810214334/domains/embellish-beauty.co.uk/public_html/app/Views/service_list.php')
 3 SYSTEMPATH/View/View.php(227): CodeIgniter\View\View->CodeIgniter\View\{closure}()
 4 SYSTEMPATH/Common.php(1173): CodeIgniter\View\View->render('service_list', [], true)
 5 APPPATH/Controllers/Home.php(129): view('service_list', [...])
 6 SYSTEMPATH/CodeIgniter.php(933): App\Controllers\Home->fetch_services()
 7 SYSTEMPATH/CodeIgniter.php(507): CodeIgniter\CodeIgniter->runController(Object(App\Controllers\Home))
 8 SYSTEMPATH/CodeIgniter.php(354): CodeIgniter\CodeIgniter->handleRequest(null, Object(Config\Cache), false)
 9 SYSTEMPATH/Boot.php(334): CodeIgniter\CodeIgniter->run()
10 SYSTEMPATH/Boot.php(67): CodeIgniter\Boot::runCodeIgniter(Object(CodeIgniter\CodeIgniter))
11 FCPATH/index.php(57): CodeIgniter\Boot::bootWeb(Object(Config\Paths))
WARNING - 2025-08-29 00:08:31 --> [DEPRECATED] addslashes(): Passing null to parameter #1 ($string) of type string is deprecated in APPPATH/Views/service_list.php on line 10.
 1 APPPATH/Views/service_list.php(10): addslashes(null)
 2 SYSTEMPATH/View/View.php(224): include('/home/u810214334/domains/embellish-beauty.co.uk/public_html/app/Views/service_list.php')
 3 SYSTEMPATH/View/View.php(227): CodeIgniter\View\View->CodeIgniter\View\{closure}()
 4 SYSTEMPATH/Common.php(1173): CodeIgniter\View\View->render('service_list', [], true)
 5 APPPATH/Controllers/Home.php(129): view('service_list', [...])
 6 SYSTEMPATH/CodeIgniter.php(933): App\Controllers\Home->fetch_services()
 7 SYSTEMPATH/CodeIgniter.php(507): CodeIgniter\CodeIgniter->runController(Object(App\Controllers\Home))
 8 SYSTEMPATH/CodeIgniter.php(354): CodeIgniter\CodeIgniter->handleRequest(null, Object(Config\Cache), false)
 9 SYSTEMPATH/Boot.php(334): CodeIgniter\CodeIgniter->run()
10 SYSTEMPATH/Boot.php(67): CodeIgniter\Boot::runCodeIgniter(Object(CodeIgniter\CodeIgniter))
11 FCPATH/index.php(57): CodeIgniter\Boot::bootWeb(Object(Config\Paths))
WARNING - 2025-08-29 00:08:31 --> [DEPRECATED] addslashes(): Passing null to parameter #1 ($string) of type string is deprecated in APPPATH/Views/service_list.php on line 10.
 1 APPPATH/Views/service_list.php(10): addslashes(null)
 2 SYSTEMPATH/View/View.php(224): include('/home/u810214334/domains/embellish-beauty.co.uk/public_html/app/Views/service_list.php')
 3 SYSTEMPATH/View/View.php(227): CodeIgniter\View\View->CodeIgniter\View\{closure}()
 4 SYSTEMPATH/Common.php(1173): CodeIgniter\View\View->render('service_list', [], true)
 5 APPPATH/Controllers/Home.php(129): view('service_list', [...])
 6 SYSTEMPATH/CodeIgniter.php(933): App\Controllers\Home->fetch_services()
 7 SYSTEMPATH/CodeIgniter.php(507): CodeIgniter\CodeIgniter->runController(Object(App\Controllers\Home))
 8 SYSTEMPATH/CodeIgniter.php(354): CodeIgniter\CodeIgniter->handleRequest(null, Object(Config\Cache), false)
 9 SYSTEMPATH/Boot.php(334): CodeIgniter\CodeIgniter->run()
10 SYSTEMPATH/Boot.php(67): CodeIgniter\Boot::runCodeIgniter(Object(CodeIgniter\CodeIgniter))
11 FCPATH/index.php(57): CodeIgniter\Boot::bootWeb(Object(Config\Paths))
DEBUG - 2025-08-29 00:08:37 --> Session: Class initialized using 'CodeIgniter\Session\Handlers\FileHandler' driver.
WARNING - 2025-08-29 00:08:37 --> [DEPRECATED] addslashes(): Passing null to parameter #1 ($string) of type string is deprecated in APPPATH/Views/service_list.php on line 10.
 1 APPPATH/Views/service_list.php(10): addslashes(null)
 2 SYSTEMPATH/View/View.php(224): include('/home/u810214334/domains/embellish-beauty.co.uk/public_html/app/Views/service_list.php')
 3 SYSTEMPATH/View/View.php(227): CodeIgniter\View\View->CodeIgniter\View\{closure}()
 4 SYSTEMPATH/Common.php(1173): CodeIgniter\View\View->render('service_list', [], true)
 5 APPPATH/Controllers/Home.php(129): view('service_list', [...])
 6 SYSTEMPATH/CodeIgniter.php(933): App\Controllers\Home->fetch_services()
 7 SYSTEMPATH/CodeIgniter.php(507): CodeIgniter\CodeIgniter->runController(Object(App\Controllers\Home))
 8 SYSTEMPATH/CodeIgniter.php(354): CodeIgniter\CodeIgniter->handleRequest(null, Object(Config\Cache), false)
 9 SYSTEMPATH/Boot.php(334): CodeIgniter\CodeIgniter->run()
10 SYSTEMPATH/Boot.php(67): CodeIgniter\Boot::runCodeIgniter(Object(CodeIgniter\CodeIgniter))
11 FCPATH/index.php(57): CodeIgniter\Boot::bootWeb(Object(Config\Paths))
WARNING - 2025-08-29 00:08:37 --> [DEPRECATED] addslashes(): Passing null to parameter #1 ($string) of type string is deprecated in APPPATH/Views/service_list.php on line 10.
 1 APPPATH/Views/service_list.php(10): addslashes(null)
 2 SYSTEMPATH/View/View.php(224): include('/home/u810214334/domains/embellish-beauty.co.uk/public_html/app/Views/service_list.php')
 3 SYSTEMPATH/View/View.php(227): CodeIgniter\View\View->CodeIgniter\View\{closure}()
 4 SYSTEMPATH/Common.php(1173): CodeIgniter\View\View->render('service_list', [], true)
 5 APPPATH/Controllers/Home.php(129): view('service_list', [...])
 6 SYSTEMPATH/CodeIgniter.php(933): App\Controllers\Home->fetch_services()
 7 SYSTEMPATH/CodeIgniter.php(507): CodeIgniter\CodeIgniter->runController(Object(App\Controllers\Home))
 8 SYSTEMPATH/CodeIgniter.php(354): CodeIgniter\CodeIgniter->handleRequest(null, Object(Config\Cache), false)
 9 SYSTEMPATH/Boot.php(334): CodeIgniter\CodeIgniter->run()
10 SYSTEMPATH/Boot.php(67): CodeIgniter\Boot::runCodeIgniter(Object(CodeIgniter\CodeIgniter))
11 FCPATH/index.php(57): CodeIgniter\Boot::bootWeb(Object(Config\Paths))
WARNING - 2025-08-29 00:08:37 --> [DEPRECATED] addslashes(): Passing null to parameter #1 ($string) of type string is deprecated in APPPATH/Views/service_list.php on line 10.
 1 APPPATH/Views/service_list.php(10): addslashes(null)
 2 SYSTEMPATH/View/View.php(224): include('/home/u810214334/domains/embellish-beauty.co.uk/public_html/app/Views/service_list.php')
 3 SYSTEMPATH/View/View.php(227): CodeIgniter\View\View->CodeIgniter\View\{closure}()
 4 SYSTEMPATH/Common.php(1173): CodeIgniter\View\View->render('service_list', [], true)
 5 APPPATH/Controllers/Home.php(129): view('service_list', [...])
 6 SYSTEMPATH/CodeIgniter.php(933): App\Controllers\Home->fetch_services()
 7 SYSTEMPATH/CodeIgniter.php(507): CodeIgniter\CodeIgniter->runController(Object(App\Controllers\Home))
 8 SYSTEMPATH/CodeIgniter.php(354): CodeIgniter\CodeIgniter->handleRequest(null, Object(Config\Cache), false)
 9 SYSTEMPATH/Boot.php(334): CodeIgniter\CodeIgniter->run()
10 SYSTEMPATH/Boot.php(67): CodeIgniter\Boot::runCodeIgniter(Object(CodeIgniter\CodeIgniter))
11 FCPATH/index.php(57): CodeIgniter\Boot::bootWeb(Object(Config\Paths))
WARNING - 2025-08-29 00:08:37 --> [DEPRECATED] addslashes(): Passing null to parameter #1 ($string) of type string is deprecated in APPPATH/Views/service_list.php on line 10.
 1 APPPATH/Views/service_list.php(10): addslashes(null)
 2 SYSTEMPATH/View/View.php(224): include('/home/u810214334/domains/embellish-beauty.co.uk/public_html/app/Views/service_list.php')
 3 SYSTEMPATH/View/View.php(227): CodeIgniter\View\View->CodeIgniter\View\{closure}()
 4 SYSTEMPATH/Common.php(1173): CodeIgniter\View\View->render('service_list', [], true)
 5 APPPATH/Controllers/Home.php(129): view('service_list', [...])
 6 SYSTEMPATH/CodeIgniter.php(933): App\Controllers\Home->fetch_services()
 7 SYSTEMPATH/CodeIgniter.php(507): CodeIgniter\CodeIgniter->runController(Object(App\Controllers\Home))
 8 SYSTEMPATH/CodeIgniter.php(354): CodeIgniter\CodeIgniter->handleRequest(null, Object(Config\Cache), false)
 9 SYSTEMPATH/Boot.php(334): CodeIgniter\CodeIgniter->run()
10 SYSTEMPATH/Boot.php(67): CodeIgniter\Boot::runCodeIgniter(Object(CodeIgniter\CodeIgniter))
11 FCPATH/index.php(57): CodeIgniter\Boot::bootWeb(Object(Config\Paths))
WARNING - 2025-08-29 00:08:37 --> [DEPRECATED] addslashes(): Passing null to parameter #1 ($string) of type string is deprecated in APPPATH/Views/service_list.php on line 10.
 1 APPPATH/Views/service_list.php(10): addslashes(null)
 2 SYSTEMPATH/View/View.php(224): include('/home/u810214334/domains/embellish-beauty.co.uk/public_html/app/Views/service_list.php')
 3 SYSTEMPATH/View/View.php(227): CodeIgniter\View\View->CodeIgniter\View\{closure}()
 4 SYSTEMPATH/Common.php(1173): CodeIgniter\View\View->render('service_list', [], true)
 5 APPPATH/Controllers/Home.php(129): view('service_list', [...])
 6 SYSTEMPATH/CodeIgniter.php(933): App\Controllers\Home->fetch_services()
 7 SYSTEMPATH/CodeIgniter.php(507): CodeIgniter\CodeIgniter->runController(Object(App\Controllers\Home))
 8 SYSTEMPATH/CodeIgniter.php(354): CodeIgniter\CodeIgniter->handleRequest(null, Object(Config\Cache), false)
 9 SYSTEMPATH/Boot.php(334): CodeIgniter\CodeIgniter->run()
10 SYSTEMPATH/Boot.php(67): CodeIgniter\Boot::runCodeIgniter(Object(CodeIgniter\CodeIgniter))
11 FCPATH/index.php(57): CodeIgniter\Boot::bootWeb(Object(Config\Paths))
WARNING - 2025-08-29 00:08:37 --> [DEPRECATED] addslashes(): Passing null to parameter #1 ($string) of type string is deprecated in APPPATH/Views/service_list.php on line 10.
 1 APPPATH/Views/service_list.php(10): addslashes(null)
 2 SYSTEMPATH/View/View.php(224): include('/home/u810214334/domains/embellish-beauty.co.uk/public_html/app/Views/service_list.php')
 3 SYSTEMPATH/View/View.php(227): CodeIgniter\View\View->CodeIgniter\View\{closure}()
 4 SYSTEMPATH/Common.php(1173): CodeIgniter\View\View->render('service_list', [], true)
 5 APPPATH/Controllers/Home.php(129): view('service_list', [...])
 6 SYSTEMPATH/CodeIgniter.php(933): App\Controllers\Home->fetch_services()
 7 SYSTEMPATH/CodeIgniter.php(507): CodeIgniter\CodeIgniter->runController(Object(App\Controllers\Home))
 8 SYSTEMPATH/CodeIgniter.php(354): CodeIgniter\CodeIgniter->handleRequest(null, Object(Config\Cache), false)
 9 SYSTEMPATH/Boot.php(334): CodeIgniter\CodeIgniter->run()
10 SYSTEMPATH/Boot.php(67): CodeIgniter\Boot::runCodeIgniter(Object(CodeIgniter\CodeIgniter))
11 FCPATH/index.php(57): CodeIgniter\Boot::bootWeb(Object(Config\Paths))
WARNING - 2025-08-29 00:08:37 --> [DEPRECATED] addslashes(): Passing null to parameter #1 ($string) of type string is deprecated in APPPATH/Views/service_list.php on line 10.
 1 APPPATH/Views/service_list.php(10): addslashes(null)
 2 SYSTEMPATH/View/View.php(224): include('/home/u810214334/domains/embellish-beauty.co.uk/public_html/app/Views/service_list.php')
 3 SYSTEMPATH/View/View.php(227): CodeIgniter\View\View->CodeIgniter\View\{closure}()
 4 SYSTEMPATH/Common.php(1173): CodeIgniter\View\View->render('service_list', [], true)
 5 APPPATH/Controllers/Home.php(129): view('service_list', [...])
 6 SYSTEMPATH/CodeIgniter.php(933): App\Controllers\Home->fetch_services()
 7 SYSTEMPATH/CodeIgniter.php(507): CodeIgniter\CodeIgniter->runController(Object(App\Controllers\Home))
 8 SYSTEMPATH/CodeIgniter.php(354): CodeIgniter\CodeIgniter->handleRequest(null, Object(Config\Cache), false)
 9 SYSTEMPATH/Boot.php(334): CodeIgniter\CodeIgniter->run()
10 SYSTEMPATH/Boot.php(67): CodeIgniter\Boot::runCodeIgniter(Object(CodeIgniter\CodeIgniter))
11 FCPATH/index.php(57): CodeIgniter\Boot::bootWeb(Object(Config\Paths))
WARNING - 2025-08-29 00:08:37 --> [DEPRECATED] addslashes(): Passing null to parameter #1 ($string) of type string is deprecated in APPPATH/Views/service_list.php on line 10.
 1 APPPATH/Views/service_list.php(10): addslashes(null)
 2 SYSTEMPATH/View/View.php(224): include('/home/u810214334/domains/embellish-beauty.co.uk/public_html/app/Views/service_list.php')
 3 SYSTEMPATH/View/View.php(227): CodeIgniter\View\View->CodeIgniter\View\{closure}()
 4 SYSTEMPATH/Common.php(1173): CodeIgniter\View\View->render('service_list', [], true)
 5 APPPATH/Controllers/Home.php(129): view('service_list', [...])
 6 SYSTEMPATH/CodeIgniter.php(933): App\Controllers\Home->fetch_services()
 7 SYSTEMPATH/CodeIgniter.php(507): CodeIgniter\CodeIgniter->runController(Object(App\Controllers\Home))
 8 SYSTEMPATH/CodeIgniter.php(354): CodeIgniter\CodeIgniter->handleRequest(null, Object(Config\Cache), false)
 9 SYSTEMPATH/Boot.php(334): CodeIgniter\CodeIgniter->run()
10 SYSTEMPATH/Boot.php(67): CodeIgniter\Boot::runCodeIgniter(Object(CodeIgniter\CodeIgniter))
11 FCPATH/index.php(57): CodeIgniter\Boot::bootWeb(Object(Config\Paths))
WARNING - 2025-08-29 00:08:37 --> [DEPRECATED] addslashes(): Passing null to parameter #1 ($string) of type string is deprecated in APPPATH/Views/service_list.php on line 10.
 1 APPPATH/Views/service_list.php(10): addslashes(null)
 2 SYSTEMPATH/View/View.php(224): include('/home/u810214334/domains/embellish-beauty.co.uk/public_html/app/Views/service_list.php')
 3 SYSTEMPATH/View/View.php(227): CodeIgniter\View\View->CodeIgniter\View\{closure}()
 4 SYSTEMPATH/Common.php(1173): CodeIgniter\View\View->render('service_list', [], true)
 5 APPPATH/Controllers/Home.php(129): view('service_list', [...])
 6 SYSTEMPATH/CodeIgniter.php(933): App\Controllers\Home->fetch_services()
 7 SYSTEMPATH/CodeIgniter.php(507): CodeIgniter\CodeIgniter->runController(Object(App\Controllers\Home))
 8 SYSTEMPATH/CodeIgniter.php(354): CodeIgniter\CodeIgniter->handleRequest(null, Object(Config\Cache), false)
 9 SYSTEMPATH/Boot.php(334): CodeIgniter\CodeIgniter->run()
10 SYSTEMPATH/Boot.php(67): CodeIgniter\Boot::runCodeIgniter(Object(CodeIgniter\CodeIgniter))
11 FCPATH/index.php(57): CodeIgniter\Boot::bootWeb(Object(Config\Paths))
WARNING - 2025-08-29 00:08:37 --> [DEPRECATED] addslashes(): Passing null to parameter #1 ($string) of type string is deprecated in APPPATH/Views/service_list.php on line 10.
 1 APPPATH/Views/service_list.php(10): addslashes(null)
 2 SYSTEMPATH/View/View.php(224): include('/home/u810214334/domains/embellish-beauty.co.uk/public_html/app/Views/service_list.php')
 3 SYSTEMPATH/View/View.php(227): CodeIgniter\View\View->CodeIgniter\View\{closure}()
 4 SYSTEMPATH/Common.php(1173): CodeIgniter\View\View->render('service_list', [], true)
 5 APPPATH/Controllers/Home.php(129): view('service_list', [...])
 6 SYSTEMPATH/CodeIgniter.php(933): App\Controllers\Home->fetch_services()
 7 SYSTEMPATH/CodeIgniter.php(507): CodeIgniter\CodeIgniter->runController(Object(App\Controllers\Home))
 8 SYSTEMPATH/CodeIgniter.php(354): CodeIgniter\CodeIgniter->handleRequest(null, Object(Config\Cache), false)
 9 SYSTEMPATH/Boot.php(334): CodeIgniter\CodeIgniter->run()
10 SYSTEMPATH/Boot.php(67): CodeIgniter\Boot::runCodeIgniter(Object(CodeIgniter\CodeIgniter))
11 FCPATH/index.php(57): CodeIgniter\Boot::bootWeb(Object(Config\Paths))
DEBUG - 2025-08-29 00:08:54 --> Session: Class initialized using 'CodeIgniter\Session\Handlers\FileHandler' driver.
DEBUG - 2025-08-29 00:09:05 --> Session: Class initialized using 'CodeIgniter\Session\Handlers\FileHandler' driver.
WARNING - 2025-08-29 00:09:05 --> [DEPRECATED] addslashes(): Passing null to parameter #1 ($string) of type string is deprecated in APPPATH/Views/service_list.php on line 10.
 1 APPPATH/Views/service_list.php(10): addslashes(null)
 2 SYSTEMPATH/View/View.php(224): include('/home/u810214334/domains/embellish-beauty.co.uk/public_html/app/Views/service_list.php')
 3 SYSTEMPATH/View/View.php(227): CodeIgniter\View\View->CodeIgniter\View\{closure}()
 4 SYSTEMPATH/Common.php(1173): CodeIgniter\View\View->render('service_list', [], true)
 5 APPPATH/Controllers/Home.php(129): view('service_list', [...])
 6 SYSTEMPATH/CodeIgniter.php(933): App\Controllers\Home->fetch_services()
 7 SYSTEMPATH/CodeIgniter.php(507): CodeIgniter\CodeIgniter->runController(Object(App\Controllers\Home))
 8 SYSTEMPATH/CodeIgniter.php(354): CodeIgniter\CodeIgniter->handleRequest(null, Object(Config\Cache), false)
 9 SYSTEMPATH/Boot.php(334): CodeIgniter\CodeIgniter->run()
10 SYSTEMPATH/Boot.php(67): CodeIgniter\Boot::runCodeIgniter(Object(CodeIgniter\CodeIgniter))
11 FCPATH/index.php(57): CodeIgniter\Boot::bootWeb(Object(Config\Paths))
WARNING - 2025-08-29 00:09:05 --> [DEPRECATED] addslashes(): Passing null to parameter #1 ($string) of type string is deprecated in APPPATH/Views/service_list.php on line 10.
 1 APPPATH/Views/service_list.php(10): addslashes(null)
 2 SYSTEMPATH/View/View.php(224): include('/home/u810214334/domains/embellish-beauty.co.uk/public_html/app/Views/service_list.php')
 3 SYSTEMPATH/View/View.php(227): CodeIgniter\View\View->CodeIgniter\View\{closure}()
 4 SYSTEMPATH/Common.php(1173): CodeIgniter\View\View->render('service_list', [], true)
 5 APPPATH/Controllers/Home.php(129): view('service_list', [...])
 6 SYSTEMPATH/CodeIgniter.php(933): App\Controllers\Home->fetch_services()
 7 SYSTEMPATH/CodeIgniter.php(507): CodeIgniter\CodeIgniter->runController(Object(App\Controllers\Home))
 8 SYSTEMPATH/CodeIgniter.php(354): CodeIgniter\CodeIgniter->handleRequest(null, Object(Config\Cache), false)
 9 SYSTEMPATH/Boot.php(334): CodeIgniter\CodeIgniter->run()
10 SYSTEMPATH/Boot.php(67): CodeIgniter\Boot::runCodeIgniter(Object(CodeIgniter\CodeIgniter))
11 FCPATH/index.php(57): CodeIgniter\Boot::bootWeb(Object(Config\Paths))
WARNING - 2025-08-29 00:09:05 --> [DEPRECATED] addslashes(): Passing null to parameter #1 ($string) of type string is deprecated in APPPATH/Views/service_list.php on line 10.
 1 APPPATH/Views/service_list.php(10): addslashes(null)
 2 SYSTEMPATH/View/View.php(224): include('/home/u810214334/domains/embellish-beauty.co.uk/public_html/app/Views/service_list.php')
 3 SYSTEMPATH/View/View.php(227): CodeIgniter\View\View->CodeIgniter\View\{closure}()
 4 SYSTEMPATH/Common.php(1173): CodeIgniter\View\View->render('service_list', [], true)
 5 APPPATH/Controllers/Home.php(129): view('service_list', [...])
 6 SYSTEMPATH/CodeIgniter.php(933): App\Controllers\Home->fetch_services()
 7 SYSTEMPATH/CodeIgniter.php(507): CodeIgniter\CodeIgniter->runController(Object(App\Controllers\Home))
 8 SYSTEMPATH/CodeIgniter.php(354): CodeIgniter\CodeIgniter->handleRequest(null, Object(Config\Cache), false)
 9 SYSTEMPATH/Boot.php(334): CodeIgniter\CodeIgniter->run()
10 SYSTEMPATH/Boot.php(67): CodeIgniter\Boot::runCodeIgniter(Object(CodeIgniter\CodeIgniter))
11 FCPATH/index.php(57): CodeIgniter\Boot::bootWeb(Object(Config\Paths))
WARNING - 2025-08-29 00:09:05 --> [DEPRECATED] addslashes(): Passing null to parameter #1 ($string) of type string is deprecated in APPPATH/Views/service_list.php on line 10.
 1 APPPATH/Views/service_list.php(10): addslashes(null)
 2 SYSTEMPATH/View/View.php(224): include('/home/u810214334/domains/embellish-beauty.co.uk/public_html/app/Views/service_list.php')
 3 SYSTEMPATH/View/View.php(227): CodeIgniter\View\View->CodeIgniter\View\{closure}()
 4 SYSTEMPATH/Common.php(1173): CodeIgniter\View\View->render('service_list', [], true)
 5 APPPATH/Controllers/Home.php(129): view('service_list', [...])
 6 SYSTEMPATH/CodeIgniter.php(933): App\Controllers\Home->fetch_services()
 7 SYSTEMPATH/CodeIgniter.php(507): CodeIgniter\CodeIgniter->runController(Object(App\Controllers\Home))
 8 SYSTEMPATH/CodeIgniter.php(354): CodeIgniter\CodeIgniter->handleRequest(null, Object(Config\Cache), false)
 9 SYSTEMPATH/Boot.php(334): CodeIgniter\CodeIgniter->run()
10 SYSTEMPATH/Boot.php(67): CodeIgniter\Boot::runCodeIgniter(Object(CodeIgniter\CodeIgniter))
11 FCPATH/index.php(57): CodeIgniter\Boot::bootWeb(Object(Config\Paths))
WARNING - 2025-08-29 00:09:05 --> [DEPRECATED] addslashes(): Passing null to parameter #1 ($string) of type string is deprecated in APPPATH/Views/service_list.php on line 10.
 1 APPPATH/Views/service_list.php(10): addslashes(null)
 2 SYSTEMPATH/View/View.php(224): include('/home/u810214334/domains/embellish-beauty.co.uk/public_html/app/Views/service_list.php')
 3 SYSTEMPATH/View/View.php(227): CodeIgniter\View\View->CodeIgniter\View\{closure}()
 4 SYSTEMPATH/Common.php(1173): CodeIgniter\View\View->render('service_list', [], true)
 5 APPPATH/Controllers/Home.php(129): view('service_list', [...])
 6 SYSTEMPATH/CodeIgniter.php(933): App\Controllers\Home->fetch_services()
 7 SYSTEMPATH/CodeIgniter.php(507): CodeIgniter\CodeIgniter->runController(Object(App\Controllers\Home))
 8 SYSTEMPATH/CodeIgniter.php(354): CodeIgniter\CodeIgniter->handleRequest(null, Object(Config\Cache), false)
 9 SYSTEMPATH/Boot.php(334): CodeIgniter\CodeIgniter->run()
10 SYSTEMPATH/Boot.php(67): CodeIgniter\Boot::runCodeIgniter(Object(CodeIgniter\CodeIgniter))
11 FCPATH/index.php(57): CodeIgniter\Boot::bootWeb(Object(Config\Paths))
WARNING - 2025-08-29 00:09:05 --> [DEPRECATED] addslashes(): Passing null to parameter #1 ($string) of type string is deprecated in APPPATH/Views/service_list.php on line 10.
 1 APPPATH/Views/service_list.php(10): addslashes(null)
 2 SYSTEMPATH/View/View.php(224): include('/home/u810214334/domains/embellish-beauty.co.uk/public_html/app/Views/service_list.php')
 3 SYSTEMPATH/View/View.php(227): CodeIgniter\View\View->CodeIgniter\View\{closure}()
 4 SYSTEMPATH/Common.php(1173): CodeIgniter\View\View->render('service_list', [], true)
 5 APPPATH/Controllers/Home.php(129): view('service_list', [...])
 6 SYSTEMPATH/CodeIgniter.php(933): App\Controllers\Home->fetch_services()
 7 SYSTEMPATH/CodeIgniter.php(507): CodeIgniter\CodeIgniter->runController(Object(App\Controllers\Home))
 8 SYSTEMPATH/CodeIgniter.php(354): CodeIgniter\CodeIgniter->handleRequest(null, Object(Config\Cache), false)
 9 SYSTEMPATH/Boot.php(334): CodeIgniter\CodeIgniter->run()
10 SYSTEMPATH/Boot.php(67): CodeIgniter\Boot::runCodeIgniter(Object(CodeIgniter\CodeIgniter))
11 FCPATH/index.php(57): CodeIgniter\Boot::bootWeb(Object(Config\Paths))
WARNING - 2025-08-29 00:09:05 --> [DEPRECATED] addslashes(): Passing null to parameter #1 ($string) of type string is deprecated in APPPATH/Views/service_list.php on line 10.
 1 APPPATH/Views/service_list.php(10): addslashes(null)
 2 SYSTEMPATH/View/View.php(224): include('/home/u810214334/domains/embellish-beauty.co.uk/public_html/app/Views/service_list.php')
 3 SYSTEMPATH/View/View.php(227): CodeIgniter\View\View->CodeIgniter\View\{closure}()
 4 SYSTEMPATH/Common.php(1173): CodeIgniter\View\View->render('service_list', [], true)
 5 APPPATH/Controllers/Home.php(129): view('service_list', [...])
 6 SYSTEMPATH/CodeIgniter.php(933): App\Controllers\Home->fetch_services()
 7 SYSTEMPATH/CodeIgniter.php(507): CodeIgniter\CodeIgniter->runController(Object(App\Controllers\Home))
 8 SYSTEMPATH/CodeIgniter.php(354): CodeIgniter\CodeIgniter->handleRequest(null, Object(Config\Cache), false)
 9 SYSTEMPATH/Boot.php(334): CodeIgniter\CodeIgniter->run()
10 SYSTEMPATH/Boot.php(67): CodeIgniter\Boot::runCodeIgniter(Object(CodeIgniter\CodeIgniter))
11 FCPATH/index.php(57): CodeIgniter\Boot::bootWeb(Object(Config\Paths))
WARNING - 2025-08-29 00:09:05 --> [DEPRECATED] addslashes(): Passing null to parameter #1 ($string) of type string is deprecated in APPPATH/Views/service_list.php on line 10.
 1 APPPATH/Views/service_list.php(10): addslashes(null)
 2 SYSTEMPATH/View/View.php(224): include('/home/u810214334/domains/embellish-beauty.co.uk/public_html/app/Views/service_list.php')
 3 SYSTEMPATH/View/View.php(227): CodeIgniter\View\View->CodeIgniter\View\{closure}()
 4 SYSTEMPATH/Common.php(1173): CodeIgniter\View\View->render('service_list', [], true)
 5 APPPATH/Controllers/Home.php(129): view('service_list', [...])
 6 SYSTEMPATH/CodeIgniter.php(933): App\Controllers\Home->fetch_services()
 7 SYSTEMPATH/CodeIgniter.php(507): CodeIgniter\CodeIgniter->runController(Object(App\Controllers\Home))
 8 SYSTEMPATH/CodeIgniter.php(354): CodeIgniter\CodeIgniter->handleRequest(null, Object(Config\Cache), false)
 9 SYSTEMPATH/Boot.php(334): CodeIgniter\CodeIgniter->run()
10 SYSTEMPATH/Boot.php(67): CodeIgniter\Boot::runCodeIgniter(Object(CodeIgniter\CodeIgniter))
11 FCPATH/index.php(57): CodeIgniter\Boot::bootWeb(Object(Config\Paths))
WARNING - 2025-08-29 00:09:05 --> [DEPRECATED] addslashes(): Passing null to parameter #1 ($string) of type string is deprecated in APPPATH/Views/service_list.php on line 10.
 1 APPPATH/Views/service_list.php(10): addslashes(null)
 2 SYSTEMPATH/View/View.php(224): include('/home/u810214334/domains/embellish-beauty.co.uk/public_html/app/Views/service_list.php')
 3 SYSTEMPATH/View/View.php(227): CodeIgniter\View\View->CodeIgniter\View\{closure}()
 4 SYSTEMPATH/Common.php(1173): CodeIgniter\View\View->render('service_list', [], true)
 5 APPPATH/Controllers/Home.php(129): view('service_list', [...])
 6 SYSTEMPATH/CodeIgniter.php(933): App\Controllers\Home->fetch_services()
 7 SYSTEMPATH/CodeIgniter.php(507): CodeIgniter\CodeIgniter->runController(Object(App\Controllers\Home))
 8 SYSTEMPATH/CodeIgniter.php(354): CodeIgniter\CodeIgniter->handleRequest(null, Object(Config\Cache), false)
 9 SYSTEMPATH/Boot.php(334): CodeIgniter\CodeIgniter->run()
10 SYSTEMPATH/Boot.php(67): CodeIgniter\Boot::runCodeIgniter(Object(CodeIgniter\CodeIgniter))
11 FCPATH/index.php(57): CodeIgniter\Boot::bootWeb(Object(Config\Paths))
WARNING - 2025-08-29 00:09:05 --> [DEPRECATED] addslashes(): Passing null to parameter #1 ($string) of type string is deprecated in APPPATH/Views/service_list.php on line 10.
 1 APPPATH/Views/service_list.php(10): addslashes(null)
 2 SYSTEMPATH/View/View.php(224): include('/home/u810214334/domains/embellish-beauty.co.uk/public_html/app/Views/service_list.php')
 3 SYSTEMPATH/View/View.php(227): CodeIgniter\View\View->CodeIgniter\View\{closure}()
 4 SYSTEMPATH/Common.php(1173): CodeIgniter\View\View->render('service_list', [], true)
 5 APPPATH/Controllers/Home.php(129): view('service_list', [...])
 6 SYSTEMPATH/CodeIgniter.php(933): App\Controllers\Home->fetch_services()
 7 SYSTEMPATH/CodeIgniter.php(507): CodeIgniter\CodeIgniter->runController(Object(App\Controllers\Home))
 8 SYSTEMPATH/CodeIgniter.php(354): CodeIgniter\CodeIgniter->handleRequest(null, Object(Config\Cache), false)
 9 SYSTEMPATH/Boot.php(334): CodeIgniter\CodeIgniter->run()
10 SYSTEMPATH/Boot.php(67): CodeIgniter\Boot::runCodeIgniter(Object(CodeIgniter\CodeIgniter))
11 FCPATH/index.php(57): CodeIgniter\Boot::bootWeb(Object(Config\Paths))
WARNING - 2025-08-29 00:09:05 --> [DEPRECATED] addslashes(): Passing null to parameter #1 ($string) of type string is deprecated in APPPATH/Views/service_list.php on line 10.
 1 APPPATH/Views/service_list.php(10): addslashes(null)
 2 SYSTEMPATH/View/View.php(224): include('/home/u810214334/domains/embellish-beauty.co.uk/public_html/app/Views/service_list.php')
 3 SYSTEMPATH/View/View.php(227): CodeIgniter\View\View->CodeIgniter\View\{closure}()
 4 SYSTEMPATH/Common.php(1173): CodeIgniter\View\View->render('service_list', [], true)
 5 APPPATH/Controllers/Home.php(129): view('service_list', [...])
 6 SYSTEMPATH/CodeIgniter.php(933): App\Controllers\Home->fetch_services()
 7 SYSTEMPATH/CodeIgniter.php(507): CodeIgniter\CodeIgniter->runController(Object(App\Controllers\Home))
 8 SYSTEMPATH/CodeIgniter.php(354): CodeIgniter\CodeIgniter->handleRequest(null, Object(Config\Cache), false)
 9 SYSTEMPATH/Boot.php(334): CodeIgniter\CodeIgniter->run()
10 SYSTEMPATH/Boot.php(67): CodeIgniter\Boot::runCodeIgniter(Object(CodeIgniter\CodeIgniter))
11 FCPATH/index.php(57): CodeIgniter\Boot::bootWeb(Object(Config\Paths))
WARNING - 2025-08-29 00:09:05 --> [DEPRECATED] addslashes(): Passing null to parameter #1 ($string) of type string is deprecated in APPPATH/Views/service_list.php on line 10.
 1 APPPATH/Views/service_list.php(10): addslashes(null)
 2 SYSTEMPATH/View/View.php(224): include('/home/u810214334/domains/embellish-beauty.co.uk/public_html/app/Views/service_list.php')
 3 SYSTEMPATH/View/View.php(227): CodeIgniter\View\View->CodeIgniter\View\{closure}()
 4 SYSTEMPATH/Common.php(1173): CodeIgniter\View\View->render('service_list', [], true)
 5 APPPATH/Controllers/Home.php(129): view('service_list', [...])
 6 SYSTEMPATH/CodeIgniter.php(933): App\Controllers\Home->fetch_services()
 7 SYSTEMPATH/CodeIgniter.php(507): CodeIgniter\CodeIgniter->runController(Object(App\Controllers\Home))
 8 SYSTEMPATH/CodeIgniter.php(354): CodeIgniter\CodeIgniter->handleRequest(null, Object(Config\Cache), false)
 9 SYSTEMPATH/Boot.php(334): CodeIgniter\CodeIgniter->run()
10 SYSTEMPATH/Boot.php(67): CodeIgniter\Boot::runCodeIgniter(Object(CodeIgniter\CodeIgniter))
11 FCPATH/index.php(57): CodeIgniter\Boot::bootWeb(Object(Config\Paths))
WARNING - 2025-08-29 00:09:05 --> [DEPRECATED] addslashes(): Passing null to parameter #1 ($string) of type string is deprecated in APPPATH/Views/service_list.php on line 10.
 1 APPPATH/Views/service_list.php(10): addslashes(null)
 2 SYSTEMPATH/View/View.php(224): include('/home/u810214334/domains/embellish-beauty.co.uk/public_html/app/Views/service_list.php')
 3 SYSTEMPATH/View/View.php(227): CodeIgniter\View\View->CodeIgniter\View\{closure}()
 4 SYSTEMPATH/Common.php(1173): CodeIgniter\View\View->render('service_list', [], true)
 5 APPPATH/Controllers/Home.php(129): view('service_list', [...])
 6 SYSTEMPATH/CodeIgniter.php(933): App\Controllers\Home->fetch_services()
 7 SYSTEMPATH/CodeIgniter.php(507): CodeIgniter\CodeIgniter->runController(Object(App\Controllers\Home))
 8 SYSTEMPATH/CodeIgniter.php(354): CodeIgniter\CodeIgniter->handleRequest(null, Object(Config\Cache), false)
 9 SYSTEMPATH/Boot.php(334): CodeIgniter\CodeIgniter->run()
10 SYSTEMPATH/Boot.php(67): CodeIgniter\Boot::runCodeIgniter(Object(CodeIgniter\CodeIgniter))
11 FCPATH/index.php(57): CodeIgniter\Boot::bootWeb(Object(Config\Paths))
WARNING - 2025-08-29 00:09:05 --> [DEPRECATED] addslashes(): Passing null to parameter #1 ($string) of type string is deprecated in APPPATH/Views/service_list.php on line 10.
 1 APPPATH/Views/service_list.php(10): addslashes(null)
 2 SYSTEMPATH/View/View.php(224): include('/home/u810214334/domains/embellish-beauty.co.uk/public_html/app/Views/service_list.php')
 3 SYSTEMPATH/View/View.php(227): CodeIgniter\View\View->CodeIgniter\View\{closure}()
 4 SYSTEMPATH/Common.php(1173): CodeIgniter\View\View->render('service_list', [], true)
 5 APPPATH/Controllers/Home.php(129): view('service_list', [...])
 6 SYSTEMPATH/CodeIgniter.php(933): App\Controllers\Home->fetch_services()
 7 SYSTEMPATH/CodeIgniter.php(507): CodeIgniter\CodeIgniter->runController(Object(App\Controllers\Home))
 8 SYSTEMPATH/CodeIgniter.php(354): CodeIgniter\CodeIgniter->handleRequest(null, Object(Config\Cache), false)
 9 SYSTEMPATH/Boot.php(334): CodeIgniter\CodeIgniter->run()
10 SYSTEMPATH/Boot.php(67): CodeIgniter\Boot::runCodeIgniter(Object(CodeIgniter\CodeIgniter))
11 FCPATH/index.php(57): CodeIgniter\Boot::bootWeb(Object(Config\Paths))
WARNING - 2025-08-29 00:09:05 --> [DEPRECATED] addslashes(): Passing null to parameter #1 ($string) of type string is deprecated in APPPATH/Views/service_list.php on line 10.
 1 APPPATH/Views/service_list.php(10): addslashes(null)
 2 SYSTEMPATH/View/View.php(224): include('/home/u810214334/domains/embellish-beauty.co.uk/public_html/app/Views/service_list.php')
 3 SYSTEMPATH/View/View.php(227): CodeIgniter\View\View->CodeIgniter\View\{closure}()
 4 SYSTEMPATH/Common.php(1173): CodeIgniter\View\View->render('service_list', [], true)
 5 APPPATH/Controllers/Home.php(129): view('service_list', [...])
 6 SYSTEMPATH/CodeIgniter.php(933): App\Controllers\Home->fetch_services()
 7 SYSTEMPATH/CodeIgniter.php(507): CodeIgniter\CodeIgniter->runController(Object(App\Controllers\Home))
 8 SYSTEMPATH/CodeIgniter.php(354): CodeIgniter\CodeIgniter->handleRequest(null, Object(Config\Cache), false)
 9 SYSTEMPATH/Boot.php(334): CodeIgniter\CodeIgniter->run()
10 SYSTEMPATH/Boot.php(67): CodeIgniter\Boot::runCodeIgniter(Object(CodeIgniter\CodeIgniter))
11 FCPATH/index.php(57): CodeIgniter\Boot::bootWeb(Object(Config\Paths))
WARNING - 2025-08-29 00:09:05 --> [DEPRECATED] addslashes(): Passing null to parameter #1 ($string) of type string is deprecated in APPPATH/Views/service_list.php on line 10.
 1 APPPATH/Views/service_list.php(10): addslashes(null)
 2 SYSTEMPATH/View/View.php(224): include('/home/u810214334/domains/embellish-beauty.co.uk/public_html/app/Views/service_list.php')
 3 SYSTEMPATH/View/View.php(227): CodeIgniter\View\View->CodeIgniter\View\{closure}()
 4 SYSTEMPATH/Common.php(1173): CodeIgniter\View\View->render('service_list', [], true)
 5 APPPATH/Controllers/Home.php(129): view('service_list', [...])
 6 SYSTEMPATH/CodeIgniter.php(933): App\Controllers\Home->fetch_services()
 7 SYSTEMPATH/CodeIgniter.php(507): CodeIgniter\CodeIgniter->runController(Object(App\Controllers\Home))
 8 SYSTEMPATH/CodeIgniter.php(354): CodeIgniter\CodeIgniter->handleRequest(null, Object(Config\Cache), false)
 9 SYSTEMPATH/Boot.php(334): CodeIgniter\CodeIgniter->run()
10 SYSTEMPATH/Boot.php(67): CodeIgniter\Boot::runCodeIgniter(Object(CodeIgniter\CodeIgniter))
11 FCPATH/index.php(57): CodeIgniter\Boot::bootWeb(Object(Config\Paths))
WARNING - 2025-08-29 00:09:05 --> [DEPRECATED] addslashes(): Passing null to parameter #1 ($string) of type string is deprecated in APPPATH/Views/service_list.php on line 10.
 1 APPPATH/Views/service_list.php(10): addslashes(null)
 2 SYSTEMPATH/View/View.php(224): include('/home/u810214334/domains/embellish-beauty.co.uk/public_html/app/Views/service_list.php')
 3 SYSTEMPATH/View/View.php(227): CodeIgniter\View\View->CodeIgniter\View\{closure}()
 4 SYSTEMPATH/Common.php(1173): CodeIgniter\View\View->render('service_list', [], true)
 5 APPPATH/Controllers/Home.php(129): view('service_list', [...])
 6 SYSTEMPATH/CodeIgniter.php(933): App\Controllers\Home->fetch_services()
 7 SYSTEMPATH/CodeIgniter.php(507): CodeIgniter\CodeIgniter->runController(Object(App\Controllers\Home))
 8 SYSTEMPATH/CodeIgniter.php(354): CodeIgniter\CodeIgniter->handleRequest(null, Object(Config\Cache), false)
 9 SYSTEMPATH/Boot.php(334): CodeIgniter\CodeIgniter->run()
10 SYSTEMPATH/Boot.php(67): CodeIgniter\Boot::runCodeIgniter(Object(CodeIgniter\CodeIgniter))
11 FCPATH/index.php(57): CodeIgniter\Boot::bootWeb(Object(Config\Paths))
WARNING - 2025-08-29 00:09:05 --> [DEPRECATED] addslashes(): Passing null to parameter #1 ($string) of type string is deprecated in APPPATH/Views/service_list.php on line 10.
 1 APPPATH/Views/service_list.php(10): addslashes(null)
 2 SYSTEMPATH/View/View.php(224): include('/home/u810214334/domains/embellish-beauty.co.uk/public_html/app/Views/service_list.php')
 3 SYSTEMPATH/View/View.php(227): CodeIgniter\View\View->CodeIgniter\View\{closure}()
 4 SYSTEMPATH/Common.php(1173): CodeIgniter\View\View->render('service_list', [], true)
 5 APPPATH/Controllers/Home.php(129): view('service_list', [...])
 6 SYSTEMPATH/CodeIgniter.php(933): App\Controllers\Home->fetch_services()
 7 SYSTEMPATH/CodeIgniter.php(507): CodeIgniter\CodeIgniter->runController(Object(App\Controllers\Home))
 8 SYSTEMPATH/CodeIgniter.php(354): CodeIgniter\CodeIgniter->handleRequest(null, Object(Config\Cache), false)
 9 SYSTEMPATH/Boot.php(334): CodeIgniter\CodeIgniter->run()
10 SYSTEMPATH/Boot.php(67): CodeIgniter\Boot::runCodeIgniter(Object(CodeIgniter\CodeIgniter))
11 FCPATH/index.php(57): CodeIgniter\Boot::bootWeb(Object(Config\Paths))
WARNING - 2025-08-29 00:09:05 --> [DEPRECATED] addslashes(): Passing null to parameter #1 ($string) of type string is deprecated in APPPATH/Views/service_list.php on line 10.
 1 APPPATH/Views/service_list.php(10): addslashes(null)
 2 SYSTEMPATH/View/View.php(224): include('/home/u810214334/domains/embellish-beauty.co.uk/public_html/app/Views/service_list.php')
 3 SYSTEMPATH/View/View.php(227): CodeIgniter\View\View->CodeIgniter\View\{closure}()
 4 SYSTEMPATH/Common.php(1173): CodeIgniter\View\View->render('service_list', [], true)
 5 APPPATH/Controllers/Home.php(129): view('service_list', [...])
 6 SYSTEMPATH/CodeIgniter.php(933): App\Controllers\Home->fetch_services()
 7 SYSTEMPATH/CodeIgniter.php(507): CodeIgniter\CodeIgniter->runController(Object(App\Controllers\Home))
 8 SYSTEMPATH/CodeIgniter.php(354): CodeIgniter\CodeIgniter->handleRequest(null, Object(Config\Cache), false)
 9 SYSTEMPATH/Boot.php(334): CodeIgniter\CodeIgniter->run()
10 SYSTEMPATH/Boot.php(67): CodeIgniter\Boot::runCodeIgniter(Object(CodeIgniter\CodeIgniter))
11 FCPATH/index.php(57): CodeIgniter\Boot::bootWeb(Object(Config\Paths))
WARNING - 2025-08-29 00:09:05 --> [DEPRECATED] addslashes(): Passing null to parameter #1 ($string) of type string is deprecated in APPPATH/Views/service_list.php on line 10.
 1 APPPATH/Views/service_list.php(10): addslashes(null)
 2 SYSTEMPATH/View/View.php(224): include('/home/u810214334/domains/embellish-beauty.co.uk/public_html/app/Views/service_list.php')
 3 SYSTEMPATH/View/View.php(227): CodeIgniter\View\View->CodeIgniter\View\{closure}()
 4 SYSTEMPATH/Common.php(1173): CodeIgniter\View\View->render('service_list', [], true)
 5 APPPATH/Controllers/Home.php(129): view('service_list', [...])
 6 SYSTEMPATH/CodeIgniter.php(933): App\Controllers\Home->fetch_services()
 7 SYSTEMPATH/CodeIgniter.php(507): CodeIgniter\CodeIgniter->runController(Object(App\Controllers\Home))
 8 SYSTEMPATH/CodeIgniter.php(354): CodeIgniter\CodeIgniter->handleRequest(null, Object(Config\Cache), false)
 9 SYSTEMPATH/Boot.php(334): CodeIgniter\CodeIgniter->run()
10 SYSTEMPATH/Boot.php(67): CodeIgniter\Boot::runCodeIgniter(Object(CodeIgniter\CodeIgniter))
11 FCPATH/index.php(57): CodeIgniter\Boot::bootWeb(Object(Config\Paths))
WARNING - 2025-08-29 00:09:05 --> [DEPRECATED] addslashes(): Passing null to parameter #1 ($string) of type string is deprecated in APPPATH/Views/service_list.php on line 10.
 1 APPPATH/Views/service_list.php(10): addslashes(null)
 2 SYSTEMPATH/View/View.php(224): include('/home/u810214334/domains/embellish-beauty.co.uk/public_html/app/Views/service_list.php')
 3 SYSTEMPATH/View/View.php(227): CodeIgniter\View\View->CodeIgniter\View\{closure}()
 4 SYSTEMPATH/Common.php(1173): CodeIgniter\View\View->render('service_list', [], true)
 5 APPPATH/Controllers/Home.php(129): view('service_list', [...])
 6 SYSTEMPATH/CodeIgniter.php(933): App\Controllers\Home->fetch_services()
 7 SYSTEMPATH/CodeIgniter.php(507): CodeIgniter\CodeIgniter->runController(Object(App\Controllers\Home))
 8 SYSTEMPATH/CodeIgniter.php(354): CodeIgniter\CodeIgniter->handleRequest(null, Object(Config\Cache), false)
 9 SYSTEMPATH/Boot.php(334): CodeIgniter\CodeIgniter->run()
10 SYSTEMPATH/Boot.php(67): CodeIgniter\Boot::runCodeIgniter(Object(CodeIgniter\CodeIgniter))
11 FCPATH/index.php(57): CodeIgniter\Boot::bootWeb(Object(Config\Paths))
DEBUG - 2025-08-29 00:09:08 --> Session: Class initialized using 'CodeIgniter\Session\Handlers\FileHandler' driver.
WARNING - 2025-08-29 00:09:08 --> [DEPRECATED] addslashes(): Passing null to parameter #1 ($string) of type string is deprecated in APPPATH/Views/service_list.php on line 10.
 1 APPPATH/Views/service_list.php(10): addslashes(null)
 2 SYSTEMPATH/View/View.php(224): include('/home/u810214334/domains/embellish-beauty.co.uk/public_html/app/Views/service_list.php')
 3 SYSTEMPATH/View/View.php(227): CodeIgniter\View\View->CodeIgniter\View\{closure}()
 4 SYSTEMPATH/Common.php(1173): CodeIgniter\View\View->render('service_list', [], true)
 5 APPPATH/Controllers/Home.php(129): view('service_list', [...])
 6 SYSTEMPATH/CodeIgniter.php(933): App\Controllers\Home->fetch_services()
 7 SYSTEMPATH/CodeIgniter.php(507): CodeIgniter\CodeIgniter->runController(Object(App\Controllers\Home))
 8 SYSTEMPATH/CodeIgniter.php(354): CodeIgniter\CodeIgniter->handleRequest(null, Object(Config\Cache), false)
 9 SYSTEMPATH/Boot.php(334): CodeIgniter\CodeIgniter->run()
10 SYSTEMPATH/Boot.php(67): CodeIgniter\Boot::runCodeIgniter(Object(CodeIgniter\CodeIgniter))
11 FCPATH/index.php(57): CodeIgniter\Boot::bootWeb(Object(Config\Paths))
WARNING - 2025-08-29 00:09:08 --> [DEPRECATED] addslashes(): Passing null to parameter #1 ($string) of type string is deprecated in APPPATH/Views/service_list.php on line 10.
 1 APPPATH/Views/service_list.php(10): addslashes(null)
 2 SYSTEMPATH/View/View.php(224): include('/home/u810214334/domains/embellish-beauty.co.uk/public_html/app/Views/service_list.php')
 3 SYSTEMPATH/View/View.php(227): CodeIgniter\View\View->CodeIgniter\View\{closure}()
 4 SYSTEMPATH/Common.php(1173): CodeIgniter\View\View->render('service_list', [], true)
 5 APPPATH/Controllers/Home.php(129): view('service_list', [...])
 6 SYSTEMPATH/CodeIgniter.php(933): App\Controllers\Home->fetch_services()
 7 SYSTEMPATH/CodeIgniter.php(507): CodeIgniter\CodeIgniter->runController(Object(App\Controllers\Home))
 8 SYSTEMPATH/CodeIgniter.php(354): CodeIgniter\CodeIgniter->handleRequest(null, Object(Config\Cache), false)
 9 SYSTEMPATH/Boot.php(334): CodeIgniter\CodeIgniter->run()
10 SYSTEMPATH/Boot.php(67): CodeIgniter\Boot::runCodeIgniter(Object(CodeIgniter\CodeIgniter))
11 FCPATH/index.php(57): CodeIgniter\Boot::bootWeb(Object(Config\Paths))
WARNING - 2025-08-29 00:09:08 --> [DEPRECATED] addslashes(): Passing null to parameter #1 ($string) of type string is deprecated in APPPATH/Views/service_list.php on line 10.
 1 APPPATH/Views/service_list.php(10): addslashes(null)
 2 SYSTEMPATH/View/View.php(224): include('/home/u810214334/domains/embellish-beauty.co.uk/public_html/app/Views/service_list.php')
 3 SYSTEMPATH/View/View.php(227): CodeIgniter\View\View->CodeIgniter\View\{closure}()
 4 SYSTEMPATH/Common.php(1173): CodeIgniter\View\View->render('service_list', [], true)
 5 APPPATH/Controllers/Home.php(129): view('service_list', [...])
 6 SYSTEMPATH/CodeIgniter.php(933): App\Controllers\Home->fetch_services()
 7 SYSTEMPATH/CodeIgniter.php(507): CodeIgniter\CodeIgniter->runController(Object(App\Controllers\Home))
 8 SYSTEMPATH/CodeIgniter.php(354): CodeIgniter\CodeIgniter->handleRequest(null, Object(Config\Cache), false)
 9 SYSTEMPATH/Boot.php(334): CodeIgniter\CodeIgniter->run()
10 SYSTEMPATH/Boot.php(67): CodeIgniter\Boot::runCodeIgniter(Object(CodeIgniter\CodeIgniter))
11 FCPATH/index.php(57): CodeIgniter\Boot::bootWeb(Object(Config\Paths))
WARNING - 2025-08-29 00:09:08 --> [DEPRECATED] addslashes(): Passing null to parameter #1 ($string) of type string is deprecated in APPPATH/Views/service_list.php on line 10.
 1 APPPATH/Views/service_list.php(10): addslashes(null)
 2 SYSTEMPATH/View/View.php(224): include('/home/u810214334/domains/embellish-beauty.co.uk/public_html/app/Views/service_list.php')
 3 SYSTEMPATH/View/View.php(227): CodeIgniter\View\View->CodeIgniter\View\{closure}()
 4 SYSTEMPATH/Common.php(1173): CodeIgniter\View\View->render('service_list', [], true)
 5 APPPATH/Controllers/Home.php(129): view('service_list', [...])
 6 SYSTEMPATH/CodeIgniter.php(933): App\Controllers\Home->fetch_services()
 7 SYSTEMPATH/CodeIgniter.php(507): CodeIgniter\CodeIgniter->runController(Object(App\Controllers\Home))
 8 SYSTEMPATH/CodeIgniter.php(354): CodeIgniter\CodeIgniter->handleRequest(null, Object(Config\Cache), false)
 9 SYSTEMPATH/Boot.php(334): CodeIgniter\CodeIgniter->run()
10 SYSTEMPATH/Boot.php(67): CodeIgniter\Boot::runCodeIgniter(Object(CodeIgniter\CodeIgniter))
11 FCPATH/index.php(57): CodeIgniter\Boot::bootWeb(Object(Config\Paths))
WARNING - 2025-08-29 00:09:08 --> [DEPRECATED] addslashes(): Passing null to parameter #1 ($string) of type string is deprecated in APPPATH/Views/service_list.php on line 10.
 1 APPPATH/Views/service_list.php(10): addslashes(null)
 2 SYSTEMPATH/View/View.php(224): include('/home/u810214334/domains/embellish-beauty.co.uk/public_html/app/Views/service_list.php')
 3 SYSTEMPATH/View/View.php(227): CodeIgniter\View\View->CodeIgniter\View\{closure}()
 4 SYSTEMPATH/Common.php(1173): CodeIgniter\View\View->render('service_list', [], true)
 5 APPPATH/Controllers/Home.php(129): view('service_list', [...])
 6 SYSTEMPATH/CodeIgniter.php(933): App\Controllers\Home->fetch_services()
 7 SYSTEMPATH/CodeIgniter.php(507): CodeIgniter\CodeIgniter->runController(Object(App\Controllers\Home))
 8 SYSTEMPATH/CodeIgniter.php(354): CodeIgniter\CodeIgniter->handleRequest(null, Object(Config\Cache), false)
 9 SYSTEMPATH/Boot.php(334): CodeIgniter\CodeIgniter->run()
10 SYSTEMPATH/Boot.php(67): CodeIgniter\Boot::runCodeIgniter(Object(CodeIgniter\CodeIgniter))
11 FCPATH/index.php(57): CodeIgniter\Boot::bootWeb(Object(Config\Paths))
WARNING - 2025-08-29 00:09:08 --> [DEPRECATED] addslashes(): Passing null to parameter #1 ($string) of type string is deprecated in APPPATH/Views/service_list.php on line 10.
 1 APPPATH/Views/service_list.php(10): addslashes(null)
 2 SYSTEMPATH/View/View.php(224): include('/home/u810214334/domains/embellish-beauty.co.uk/public_html/app/Views/service_list.php')
 3 SYSTEMPATH/View/View.php(227): CodeIgniter\View\View->CodeIgniter\View\{closure}()
 4 SYSTEMPATH/Common.php(1173): CodeIgniter\View\View->render('service_list', [], true)
 5 APPPATH/Controllers/Home.php(129): view('service_list', [...])
 6 SYSTEMPATH/CodeIgniter.php(933): App\Controllers\Home->fetch_services()
 7 SYSTEMPATH/CodeIgniter.php(507): CodeIgniter\CodeIgniter->runController(Object(App\Controllers\Home))
 8 SYSTEMPATH/CodeIgniter.php(354): CodeIgniter\CodeIgniter->handleRequest(null, Object(Config\Cache), false)
 9 SYSTEMPATH/Boot.php(334): CodeIgniter\CodeIgniter->run()
10 SYSTEMPATH/Boot.php(67): CodeIgniter\Boot::runCodeIgniter(Object(CodeIgniter\CodeIgniter))
11 FCPATH/index.php(57): CodeIgniter\Boot::bootWeb(Object(Config\Paths))
WARNING - 2025-08-29 00:09:08 --> [DEPRECATED] addslashes(): Passing null to parameter #1 ($string) of type string is deprecated in APPPATH/Views/service_list.php on line 10.
 1 APPPATH/Views/service_list.php(10): addslashes(null)
 2 SYSTEMPATH/View/View.php(224): include('/home/u810214334/domains/embellish-beauty.co.uk/public_html/app/Views/service_list.php')
 3 SYSTEMPATH/View/View.php(227): CodeIgniter\View\View->CodeIgniter\View\{closure}()
 4 SYSTEMPATH/Common.php(1173): CodeIgniter\View\View->render('service_list', [], true)
 5 APPPATH/Controllers/Home.php(129): view('service_list', [...])
 6 SYSTEMPATH/CodeIgniter.php(933): App\Controllers\Home->fetch_services()
 7 SYSTEMPATH/CodeIgniter.php(507): CodeIgniter\CodeIgniter->runController(Object(App\Controllers\Home))
 8 SYSTEMPATH/CodeIgniter.php(354): CodeIgniter\CodeIgniter->handleRequest(null, Object(Config\Cache), false)
 9 SYSTEMPATH/Boot.php(334): CodeIgniter\CodeIgniter->run()
10 SYSTEMPATH/Boot.php(67): CodeIgniter\Boot::runCodeIgniter(Object(CodeIgniter\CodeIgniter))
11 FCPATH/index.php(57): CodeIgniter\Boot::bootWeb(Object(Config\Paths))
WARNING - 2025-08-29 00:09:08 --> [DEPRECATED] addslashes(): Passing null to parameter #1 ($string) of type string is deprecated in APPPATH/Views/service_list.php on line 10.
 1 APPPATH/Views/service_list.php(10): addslashes(null)
 2 SYSTEMPATH/View/View.php(224): include('/home/u810214334/domains/embellish-beauty.co.uk/public_html/app/Views/service_list.php')
 3 SYSTEMPATH/View/View.php(227): CodeIgniter\View\View->CodeIgniter\View\{closure}()
 4 SYSTEMPATH/Common.php(1173): CodeIgniter\View\View->render('service_list', [], true)
 5 APPPATH/Controllers/Home.php(129): view('service_list', [...])
 6 SYSTEMPATH/CodeIgniter.php(933): App\Controllers\Home->fetch_services()
 7 SYSTEMPATH/CodeIgniter.php(507): CodeIgniter\CodeIgniter->runController(Object(App\Controllers\Home))
 8 SYSTEMPATH/CodeIgniter.php(354): CodeIgniter\CodeIgniter->handleRequest(null, Object(Config\Cache), false)
 9 SYSTEMPATH/Boot.php(334): CodeIgniter\CodeIgniter->run()
10 SYSTEMPATH/Boot.php(67): CodeIgniter\Boot::runCodeIgniter(Object(CodeIgniter\CodeIgniter))
11 FCPATH/index.php(57): CodeIgniter\Boot::bootWeb(Object(Config\Paths))
WARNING - 2025-08-29 00:09:08 --> [DEPRECATED] addslashes(): Passing null to parameter #1 ($string) of type string is deprecated in APPPATH/Views/service_list.php on line 10.
 1 APPPATH/Views/service_list.php(10): addslashes(null)
 2 SYSTEMPATH/View/View.php(224): include('/home/u810214334/domains/embellish-beauty.co.uk/public_html/app/Views/service_list.php')
 3 SYSTEMPATH/View/View.php(227): CodeIgniter\View\View->CodeIgniter\View\{closure}()
 4 SYSTEMPATH/Common.php(1173): CodeIgniter\View\View->render('service_list', [], true)
 5 APPPATH/Controllers/Home.php(129): view('service_list', [...])
 6 SYSTEMPATH/CodeIgniter.php(933): App\Controllers\Home->fetch_services()
 7 SYSTEMPATH/CodeIgniter.php(507): CodeIgniter\CodeIgniter->runController(Object(App\Controllers\Home))
 8 SYSTEMPATH/CodeIgniter.php(354): CodeIgniter\CodeIgniter->handleRequest(null, Object(Config\Cache), false)
 9 SYSTEMPATH/Boot.php(334): CodeIgniter\CodeIgniter->run()
10 SYSTEMPATH/Boot.php(67): CodeIgniter\Boot::runCodeIgniter(Object(CodeIgniter\CodeIgniter))
11 FCPATH/index.php(57): CodeIgniter\Boot::bootWeb(Object(Config\Paths))
WARNING - 2025-08-29 00:09:08 --> [DEPRECATED] addslashes(): Passing null to parameter #1 ($string) of type string is deprecated in APPPATH/Views/service_list.php on line 10.
 1 APPPATH/Views/service_list.php(10): addslashes(null)
 2 SYSTEMPATH/View/View.php(224): include('/home/u810214334/domains/embellish-beauty.co.uk/public_html/app/Views/service_list.php')
 3 SYSTEMPATH/View/View.php(227): CodeIgniter\View\View->CodeIgniter\View\{closure}()
 4 SYSTEMPATH/Common.php(1173): CodeIgniter\View\View->render('service_list', [], true)
 5 APPPATH/Controllers/Home.php(129): view('service_list', [...])
 6 SYSTEMPATH/CodeIgniter.php(933): App\Controllers\Home->fetch_services()
 7 SYSTEMPATH/CodeIgniter.php(507): CodeIgniter\CodeIgniter->runController(Object(App\Controllers\Home))
 8 SYSTEMPATH/CodeIgniter.php(354): CodeIgniter\CodeIgniter->handleRequest(null, Object(Config\Cache), false)
 9 SYSTEMPATH/Boot.php(334): CodeIgniter\CodeIgniter->run()
10 SYSTEMPATH/Boot.php(67): CodeIgniter\Boot::runCodeIgniter(Object(CodeIgniter\CodeIgniter))
11 FCPATH/index.php(57): CodeIgniter\Boot::bootWeb(Object(Config\Paths))
WARNING - 2025-08-29 00:09:08 --> [DEPRECATED] addslashes(): Passing null to parameter #1 ($string) of type string is deprecated in APPPATH/Views/service_list.php on line 10.
 1 APPPATH/Views/service_list.php(10): addslashes(null)
 2 SYSTEMPATH/View/View.php(224): include('/home/u810214334/domains/embellish-beauty.co.uk/public_html/app/Views/service_list.php')
 3 SYSTEMPATH/View/View.php(227): CodeIgniter\View\View->CodeIgniter\View\{closure}()
 4 SYSTEMPATH/Common.php(1173): CodeIgniter\View\View->render('service_list', [], true)
 5 APPPATH/Controllers/Home.php(129): view('service_list', [...])
 6 SYSTEMPATH/CodeIgniter.php(933): App\Controllers\Home->fetch_services()
 7 SYSTEMPATH/CodeIgniter.php(507): CodeIgniter\CodeIgniter->runController(Object(App\Controllers\Home))
 8 SYSTEMPATH/CodeIgniter.php(354): CodeIgniter\CodeIgniter->handleRequest(null, Object(Config\Cache), false)
 9 SYSTEMPATH/Boot.php(334): CodeIgniter\CodeIgniter->run()
10 SYSTEMPATH/Boot.php(67): CodeIgniter\Boot::runCodeIgniter(Object(CodeIgniter\CodeIgniter))
11 FCPATH/index.php(57): CodeIgniter\Boot::bootWeb(Object(Config\Paths))
WARNING - 2025-08-29 00:09:08 --> [DEPRECATED] addslashes(): Passing null to parameter #1 ($string) of type string is deprecated in APPPATH/Views/service_list.php on line 10.
 1 APPPATH/Views/service_list.php(10): addslashes(null)
 2 SYSTEMPATH/View/View.php(224): include('/home/u810214334/domains/embellish-beauty.co.uk/public_html/app/Views/service_list.php')
 3 SYSTEMPATH/View/View.php(227): CodeIgniter\View\View->CodeIgniter\View\{closure}()
 4 SYSTEMPATH/Common.php(1173): CodeIgniter\View\View->render('service_list', [], true)
 5 APPPATH/Controllers/Home.php(129): view('service_list', [...])
 6 SYSTEMPATH/CodeIgniter.php(933): App\Controllers\Home->fetch_services()
 7 SYSTEMPATH/CodeIgniter.php(507): CodeIgniter\CodeIgniter->runController(Object(App\Controllers\Home))
 8 SYSTEMPATH/CodeIgniter.php(354): CodeIgniter\CodeIgniter->handleRequest(null, Object(Config\Cache), false)
 9 SYSTEMPATH/Boot.php(334): CodeIgniter\CodeIgniter->run()
10 SYSTEMPATH/Boot.php(67): CodeIgniter\Boot::runCodeIgniter(Object(CodeIgniter\CodeIgniter))
11 FCPATH/index.php(57): CodeIgniter\Boot::bootWeb(Object(Config\Paths))
WARNING - 2025-08-29 00:09:08 --> [DEPRECATED] addslashes(): Passing null to parameter #1 ($string) of type string is deprecated in APPPATH/Views/service_list.php on line 10.
 1 APPPATH/Views/service_list.php(10): addslashes(null)
 2 SYSTEMPATH/View/View.php(224): include('/home/u810214334/domains/embellish-beauty.co.uk/public_html/app/Views/service_list.php')
 3 SYSTEMPATH/View/View.php(227): CodeIgniter\View\View->CodeIgniter\View\{closure}()
 4 SYSTEMPATH/Common.php(1173): CodeIgniter\View\View->render('service_list', [], true)
 5 APPPATH/Controllers/Home.php(129): view('service_list', [...])
 6 SYSTEMPATH/CodeIgniter.php(933): App\Controllers\Home->fetch_services()
 7 SYSTEMPATH/CodeIgniter.php(507): CodeIgniter\CodeIgniter->runController(Object(App\Controllers\Home))
 8 SYSTEMPATH/CodeIgniter.php(354): CodeIgniter\CodeIgniter->handleRequest(null, Object(Config\Cache), false)
 9 SYSTEMPATH/Boot.php(334): CodeIgniter\CodeIgniter->run()
10 SYSTEMPATH/Boot.php(67): CodeIgniter\Boot::runCodeIgniter(Object(CodeIgniter\CodeIgniter))
11 FCPATH/index.php(57): CodeIgniter\Boot::bootWeb(Object(Config\Paths))
WARNING - 2025-08-29 00:09:08 --> [DEPRECATED] addslashes(): Passing null to parameter #1 ($string) of type string is deprecated in APPPATH/Views/service_list.php on line 10.
 1 APPPATH/Views/service_list.php(10): addslashes(null)
 2 SYSTEMPATH/View/View.php(224): include('/home/u810214334/domains/embellish-beauty.co.uk/public_html/app/Views/service_list.php')
 3 SYSTEMPATH/View/View.php(227): CodeIgniter\View\View->CodeIgniter\View\{closure}()
 4 SYSTEMPATH/Common.php(1173): CodeIgniter\View\View->render('service_list', [], true)
 5 APPPATH/Controllers/Home.php(129): view('service_list', [...])
 6 SYSTEMPATH/CodeIgniter.php(933): App\Controllers\Home->fetch_services()
 7 SYSTEMPATH/CodeIgniter.php(507): CodeIgniter\CodeIgniter->runController(Object(App\Controllers\Home))
 8 SYSTEMPATH/CodeIgniter.php(354): CodeIgniter\CodeIgniter->handleRequest(null, Object(Config\Cache), false)
 9 SYSTEMPATH/Boot.php(334): CodeIgniter\CodeIgniter->run()
10 SYSTEMPATH/Boot.php(67): CodeIgniter\Boot::runCodeIgniter(Object(CodeIgniter\CodeIgniter))
11 FCPATH/index.php(57): CodeIgniter\Boot::bootWeb(Object(Config\Paths))
WARNING - 2025-08-29 00:09:08 --> [DEPRECATED] addslashes(): Passing null to parameter #1 ($string) of type string is deprecated in APPPATH/Views/service_list.php on line 10.
 1 APPPATH/Views/service_list.php(10): addslashes(null)
 2 SYSTEMPATH/View/View.php(224): include('/home/u810214334/domains/embellish-beauty.co.uk/public_html/app/Views/service_list.php')
 3 SYSTEMPATH/View/View.php(227): CodeIgniter\View\View->CodeIgniter\View\{closure}()
 4 SYSTEMPATH/Common.php(1173): CodeIgniter\View\View->render('service_list', [], true)
 5 APPPATH/Controllers/Home.php(129): view('service_list', [...])
 6 SYSTEMPATH/CodeIgniter.php(933): App\Controllers\Home->fetch_services()
 7 SYSTEMPATH/CodeIgniter.php(507): CodeIgniter\CodeIgniter->runController(Object(App\Controllers\Home))
 8 SYSTEMPATH/CodeIgniter.php(354): CodeIgniter\CodeIgniter->handleRequest(null, Object(Config\Cache), false)
 9 SYSTEMPATH/Boot.php(334): CodeIgniter\CodeIgniter->run()
10 SYSTEMPATH/Boot.php(67): CodeIgniter\Boot::runCodeIgniter(Object(CodeIgniter\CodeIgniter))
11 FCPATH/index.php(57): CodeIgniter\Boot::bootWeb(Object(Config\Paths))
WARNING - 2025-08-29 00:09:08 --> [DEPRECATED] addslashes(): Passing null to parameter #1 ($string) of type string is deprecated in APPPATH/Views/service_list.php on line 10.
 1 APPPATH/Views/service_list.php(10): addslashes(null)
 2 SYSTEMPATH/View/View.php(224): include('/home/u810214334/domains/embellish-beauty.co.uk/public_html/app/Views/service_list.php')
 3 SYSTEMPATH/View/View.php(227): CodeIgniter\View\View->CodeIgniter\View\{closure}()
 4 SYSTEMPATH/Common.php(1173): CodeIgniter\View\View->render('service_list', [], true)
 5 APPPATH/Controllers/Home.php(129): view('service_list', [...])
 6 SYSTEMPATH/CodeIgniter.php(933): App\Controllers\Home->fetch_services()
 7 SYSTEMPATH/CodeIgniter.php(507): CodeIgniter\CodeIgniter->runController(Object(App\Controllers\Home))
 8 SYSTEMPATH/CodeIgniter.php(354): CodeIgniter\CodeIgniter->handleRequest(null, Object(Config\Cache), false)
 9 SYSTEMPATH/Boot.php(334): CodeIgniter\CodeIgniter->run()
10 SYSTEMPATH/Boot.php(67): CodeIgniter\Boot::runCodeIgniter(Object(CodeIgniter\CodeIgniter))
11 FCPATH/index.php(57): CodeIgniter\Boot::bootWeb(Object(Config\Paths))
WARNING - 2025-08-29 00:09:08 --> [DEPRECATED] addslashes(): Passing null to parameter #1 ($string) of type string is deprecated in APPPATH/Views/service_list.php on line 10.
 1 APPPATH/Views/service_list.php(10): addslashes(null)
 2 SYSTEMPATH/View/View.php(224): include('/home/u810214334/domains/embellish-beauty.co.uk/public_html/app/Views/service_list.php')
 3 SYSTEMPATH/View/View.php(227): CodeIgniter\View\View->CodeIgniter\View\{closure}()
 4 SYSTEMPATH/Common.php(1173): CodeIgniter\View\View->render('service_list', [], true)
 5 APPPATH/Controllers/Home.php(129): view('service_list', [...])
 6 SYSTEMPATH/CodeIgniter.php(933): App\Controllers\Home->fetch_services()
 7 SYSTEMPATH/CodeIgniter.php(507): CodeIgniter\CodeIgniter->runController(Object(App\Controllers\Home))
 8 SYSTEMPATH/CodeIgniter.php(354): CodeIgniter\CodeIgniter->handleRequest(null, Object(Config\Cache), false)
 9 SYSTEMPATH/Boot.php(334): CodeIgniter\CodeIgniter->run()
10 SYSTEMPATH/Boot.php(67): CodeIgniter\Boot::runCodeIgniter(Object(CodeIgniter\CodeIgniter))
11 FCPATH/index.php(57): CodeIgniter\Boot::bootWeb(Object(Config\Paths))
WARNING - 2025-08-29 00:09:08 --> [DEPRECATED] addslashes(): Passing null to parameter #1 ($string) of type string is deprecated in APPPATH/Views/service_list.php on line 10.
 1 APPPATH/Views/service_list.php(10): addslashes(null)
 2 SYSTEMPATH/View/View.php(224): include('/home/u810214334/domains/embellish-beauty.co.uk/public_html/app/Views/service_list.php')
 3 SYSTEMPATH/View/View.php(227): CodeIgniter\View\View->CodeIgniter\View\{closure}()
 4 SYSTEMPATH/Common.php(1173): CodeIgniter\View\View->render('service_list', [], true)
 5 APPPATH/Controllers/Home.php(129): view('service_list', [...])
 6 SYSTEMPATH/CodeIgniter.php(933): App\Controllers\Home->fetch_services()
 7 SYSTEMPATH/CodeIgniter.php(507): CodeIgniter\CodeIgniter->runController(Object(App\Controllers\Home))
 8 SYSTEMPATH/CodeIgniter.php(354): CodeIgniter\CodeIgniter->handleRequest(null, Object(Config\Cache), false)
 9 SYSTEMPATH/Boot.php(334): CodeIgniter\CodeIgniter->run()
10 SYSTEMPATH/Boot.php(67): CodeIgniter\Boot::runCodeIgniter(Object(CodeIgniter\CodeIgniter))
11 FCPATH/index.php(57): CodeIgniter\Boot::bootWeb(Object(Config\Paths))
WARNING - 2025-08-29 00:09:08 --> [DEPRECATED] addslashes(): Passing null to parameter #1 ($string) of type string is deprecated in APPPATH/Views/service_list.php on line 10.
 1 APPPATH/Views/service_list.php(10): addslashes(null)
 2 SYSTEMPATH/View/View.php(224): include('/home/u810214334/domains/embellish-beauty.co.uk/public_html/app/Views/service_list.php')
 3 SYSTEMPATH/View/View.php(227): CodeIgniter\View\View->CodeIgniter\View\{closure}()
 4 SYSTEMPATH/Common.php(1173): CodeIgniter\View\View->render('service_list', [], true)
 5 APPPATH/Controllers/Home.php(129): view('service_list', [...])
 6 SYSTEMPATH/CodeIgniter.php(933): App\Controllers\Home->fetch_services()
 7 SYSTEMPATH/CodeIgniter.php(507): CodeIgniter\CodeIgniter->runController(Object(App\Controllers\Home))
 8 SYSTEMPATH/CodeIgniter.php(354): CodeIgniter\CodeIgniter->handleRequest(null, Object(Config\Cache), false)
 9 SYSTEMPATH/Boot.php(334): CodeIgniter\CodeIgniter->run()
10 SYSTEMPATH/Boot.php(67): CodeIgniter\Boot::runCodeIgniter(Object(CodeIgniter\CodeIgniter))
11 FCPATH/index.php(57): CodeIgniter\Boot::bootWeb(Object(Config\Paths))
WARNING - 2025-08-29 00:09:08 --> [DEPRECATED] addslashes(): Passing null to parameter #1 ($string) of type string is deprecated in APPPATH/Views/service_list.php on line 10.
 1 APPPATH/Views/service_list.php(10): addslashes(null)
 2 SYSTEMPATH/View/View.php(224): include('/home/u810214334/domains/embellish-beauty.co.uk/public_html/app/Views/service_list.php')
 3 SYSTEMPATH/View/View.php(227): CodeIgniter\View\View->CodeIgniter\View\{closure}()
 4 SYSTEMPATH/Common.php(1173): CodeIgniter\View\View->render('service_list', [], true)
 5 APPPATH/Controllers/Home.php(129): view('service_list', [...])
 6 SYSTEMPATH/CodeIgniter.php(933): App\Controllers\Home->fetch_services()
 7 SYSTEMPATH/CodeIgniter.php(507): CodeIgniter\CodeIgniter->runController(Object(App\Controllers\Home))
 8 SYSTEMPATH/CodeIgniter.php(354): CodeIgniter\CodeIgniter->handleRequest(null, Object(Config\Cache), false)
 9 SYSTEMPATH/Boot.php(334): CodeIgniter\CodeIgniter->run()
10 SYSTEMPATH/Boot.php(67): CodeIgniter\Boot::runCodeIgniter(Object(CodeIgniter\CodeIgniter))
11 FCPATH/index.php(57): CodeIgniter\Boot::bootWeb(Object(Config\Paths))
WARNING - 2025-08-29 00:09:08 --> [DEPRECATED] addslashes(): Passing null to parameter #1 ($string) of type string is deprecated in APPPATH/Views/service_list.php on line 10.
 1 APPPATH/Views/service_list.php(10): addslashes(null)
 2 SYSTEMPATH/View/View.php(224): include('/home/u810214334/domains/embellish-beauty.co.uk/public_html/app/Views/service_list.php')
 3 SYSTEMPATH/View/View.php(227): CodeIgniter\View\View->CodeIgniter\View\{closure}()
 4 SYSTEMPATH/Common.php(1173): CodeIgniter\View\View->render('service_list', [], true)
 5 APPPATH/Controllers/Home.php(129): view('service_list', [...])
 6 SYSTEMPATH/CodeIgniter.php(933): App\Controllers\Home->fetch_services()
 7 SYSTEMPATH/CodeIgniter.php(507): CodeIgniter\CodeIgniter->runController(Object(App\Controllers\Home))
 8 SYSTEMPATH/CodeIgniter.php(354): CodeIgniter\CodeIgniter->handleRequest(null, Object(Config\Cache), false)
 9 SYSTEMPATH/Boot.php(334): CodeIgniter\CodeIgniter->run()
10 SYSTEMPATH/Boot.php(67): CodeIgniter\Boot::runCodeIgniter(Object(CodeIgniter\CodeIgniter))
11 FCPATH/index.php(57): CodeIgniter\Boot::bootWeb(Object(Config\Paths))
DEBUG - 2025-08-29 00:09:44 --> Session: Class initialized using 'CodeIgniter\Session\Handlers\FileHandler' driver.
WARNING - 2025-08-29 00:09:44 --> [DEPRECATED] addslashes(): Passing null to parameter #1 ($string) of type string is deprecated in APPPATH/Views/service_list.php on line 10.
 1 APPPATH/Views/service_list.php(10): addslashes(null)
 2 SYSTEMPATH/View/View.php(224): include('/home/u810214334/domains/embellish-beauty.co.uk/public_html/app/Views/service_list.php')
 3 SYSTEMPATH/View/View.php(227): CodeIgniter\View\View->CodeIgniter\View\{closure}()
 4 SYSTEMPATH/Common.php(1173): CodeIgniter\View\View->render('service_list', [], true)
 5 APPPATH/Controllers/Home.php(129): view('service_list', [...])
 6 SYSTEMPATH/CodeIgniter.php(933): App\Controllers\Home->fetch_services()
 7 SYSTEMPATH/CodeIgniter.php(507): CodeIgniter\CodeIgniter->runController(Object(App\Controllers\Home))
 8 SYSTEMPATH/CodeIgniter.php(354): CodeIgniter\CodeIgniter->handleRequest(null, Object(Config\Cache), false)
 9 SYSTEMPATH/Boot.php(334): CodeIgniter\CodeIgniter->run()
10 SYSTEMPATH/Boot.php(67): CodeIgniter\Boot::runCodeIgniter(Object(CodeIgniter\CodeIgniter))
11 FCPATH/index.php(57): CodeIgniter\Boot::bootWeb(Object(Config\Paths))
WARNING - 2025-08-29 00:09:44 --> [DEPRECATED] addslashes(): Passing null to parameter #1 ($string) of type string is deprecated in APPPATH/Views/service_list.php on line 10.
 1 APPPATH/Views/service_list.php(10): addslashes(null)
 2 SYSTEMPATH/View/View.php(224): include('/home/u810214334/domains/embellish-beauty.co.uk/public_html/app/Views/service_list.php')
 3 SYSTEMPATH/View/View.php(227): CodeIgniter\View\View->CodeIgniter\View\{closure}()
 4 SYSTEMPATH/Common.php(1173): CodeIgniter\View\View->render('service_list', [], true)
 5 APPPATH/Controllers/Home.php(129): view('service_list', [...])
 6 SYSTEMPATH/CodeIgniter.php(933): App\Controllers\Home->fetch_services()
 7 SYSTEMPATH/CodeIgniter.php(507): CodeIgniter\CodeIgniter->runController(Object(App\Controllers\Home))
 8 SYSTEMPATH/CodeIgniter.php(354): CodeIgniter\CodeIgniter->handleRequest(null, Object(Config\Cache), false)
 9 SYSTEMPATH/Boot.php(334): CodeIgniter\CodeIgniter->run()
10 SYSTEMPATH/Boot.php(67): CodeIgniter\Boot::runCodeIgniter(Object(CodeIgniter\CodeIgniter))
11 FCPATH/index.php(57): CodeIgniter\Boot::bootWeb(Object(Config\Paths))
WARNING - 2025-08-29 00:09:44 --> [DEPRECATED] addslashes(): Passing null to parameter #1 ($string) of type string is deprecated in APPPATH/Views/service_list.php on line 10.
 1 APPPATH/Views/service_list.php(10): addslashes(null)
 2 SYSTEMPATH/View/View.php(224): include('/home/u810214334/domains/embellish-beauty.co.uk/public_html/app/Views/service_list.php')
 3 SYSTEMPATH/View/View.php(227): CodeIgniter\View\View->CodeIgniter\View\{closure}()
 4 SYSTEMPATH/Common.php(1173): CodeIgniter\View\View->render('service_list', [], true)
 5 APPPATH/Controllers/Home.php(129): view('service_list', [...])
 6 SYSTEMPATH/CodeIgniter.php(933): App\Controllers\Home->fetch_services()
 7 SYSTEMPATH/CodeIgniter.php(507): CodeIgniter\CodeIgniter->runController(Object(App\Controllers\Home))
 8 SYSTEMPATH/CodeIgniter.php(354): CodeIgniter\CodeIgniter->handleRequest(null, Object(Config\Cache), false)
 9 SYSTEMPATH/Boot.php(334): CodeIgniter\CodeIgniter->run()
10 SYSTEMPATH/Boot.php(67): CodeIgniter\Boot::runCodeIgniter(Object(CodeIgniter\CodeIgniter))
11 FCPATH/index.php(57): CodeIgniter\Boot::bootWeb(Object(Config\Paths))
WARNING - 2025-08-29 00:09:44 --> [DEPRECATED] addslashes(): Passing null to parameter #1 ($string) of type string is deprecated in APPPATH/Views/service_list.php on line 10.
 1 APPPATH/Views/service_list.php(10): addslashes(null)
 2 SYSTEMPATH/View/View.php(224): include('/home/u810214334/domains/embellish-beauty.co.uk/public_html/app/Views/service_list.php')
 3 SYSTEMPATH/View/View.php(227): CodeIgniter\View\View->CodeIgniter\View\{closure}()
 4 SYSTEMPATH/Common.php(1173): CodeIgniter\View\View->render('service_list', [], true)
 5 APPPATH/Controllers/Home.php(129): view('service_list', [...])
 6 SYSTEMPATH/CodeIgniter.php(933): App\Controllers\Home->fetch_services()
 7 SYSTEMPATH/CodeIgniter.php(507): CodeIgniter\CodeIgniter->runController(Object(App\Controllers\Home))
 8 SYSTEMPATH/CodeIgniter.php(354): CodeIgniter\CodeIgniter->handleRequest(null, Object(Config\Cache), false)
 9 SYSTEMPATH/Boot.php(334): CodeIgniter\CodeIgniter->run()
10 SYSTEMPATH/Boot.php(67): CodeIgniter\Boot::runCodeIgniter(Object(CodeIgniter\CodeIgniter))
11 FCPATH/index.php(57): CodeIgniter\Boot::bootWeb(Object(Config\Paths))
WARNING - 2025-08-29 00:09:44 --> [DEPRECATED] addslashes(): Passing null to parameter #1 ($string) of type string is deprecated in APPPATH/Views/service_list.php on line 10.
 1 APPPATH/Views/service_list.php(10): addslashes(null)
 2 SYSTEMPATH/View/View.php(224): include('/home/u810214334/domains/embellish-beauty.co.uk/public_html/app/Views/service_list.php')
 3 SYSTEMPATH/View/View.php(227): CodeIgniter\View\View->CodeIgniter\View\{closure}()
 4 SYSTEMPATH/Common.php(1173): CodeIgniter\View\View->render('service_list', [], true)
 5 APPPATH/Controllers/Home.php(129): view('service_list', [...])
 6 SYSTEMPATH/CodeIgniter.php(933): App\Controllers\Home->fetch_services()
 7 SYSTEMPATH/CodeIgniter.php(507): CodeIgniter\CodeIgniter->runController(Object(App\Controllers\Home))
 8 SYSTEMPATH/CodeIgniter.php(354): CodeIgniter\CodeIgniter->handleRequest(null, Object(Config\Cache), false)
 9 SYSTEMPATH/Boot.php(334): CodeIgniter\CodeIgniter->run()
10 SYSTEMPATH/Boot.php(67): CodeIgniter\Boot::runCodeIgniter(Object(CodeIgniter\CodeIgniter))
11 FCPATH/index.php(57): CodeIgniter\Boot::bootWeb(Object(Config\Paths))
WARNING - 2025-08-29 00:09:44 --> [DEPRECATED] addslashes(): Passing null to parameter #1 ($string) of type string is deprecated in APPPATH/Views/service_list.php on line 10.
 1 APPPATH/Views/service_list.php(10): addslashes(null)
 2 SYSTEMPATH/View/View.php(224): include('/home/u810214334/domains/embellish-beauty.co.uk/public_html/app/Views/service_list.php')
 3 SYSTEMPATH/View/View.php(227): CodeIgniter\View\View->CodeIgniter\View\{closure}()
 4 SYSTEMPATH/Common.php(1173): CodeIgniter\View\View->render('service_list', [], true)
 5 APPPATH/Controllers/Home.php(129): view('service_list', [...])
 6 SYSTEMPATH/CodeIgniter.php(933): App\Controllers\Home->fetch_services()
 7 SYSTEMPATH/CodeIgniter.php(507): CodeIgniter\CodeIgniter->runController(Object(App\Controllers\Home))
 8 SYSTEMPATH/CodeIgniter.php(354): CodeIgniter\CodeIgniter->handleRequest(null, Object(Config\Cache), false)
 9 SYSTEMPATH/Boot.php(334): CodeIgniter\CodeIgniter->run()
10 SYSTEMPATH/Boot.php(67): CodeIgniter\Boot::runCodeIgniter(Object(CodeIgniter\CodeIgniter))
11 FCPATH/index.php(57): CodeIgniter\Boot::bootWeb(Object(Config\Paths))
WARNING - 2025-08-29 00:09:44 --> [DEPRECATED] addslashes(): Passing null to parameter #1 ($string) of type string is deprecated in APPPATH/Views/service_list.php on line 10.
 1 APPPATH/Views/service_list.php(10): addslashes(null)
 2 SYSTEMPATH/View/View.php(224): include('/home/u810214334/domains/embellish-beauty.co.uk/public_html/app/Views/service_list.php')
 3 SYSTEMPATH/View/View.php(227): CodeIgniter\View\View->CodeIgniter\View\{closure}()
 4 SYSTEMPATH/Common.php(1173): CodeIgniter\View\View->render('service_list', [], true)
 5 APPPATH/Controllers/Home.php(129): view('service_list', [...])
 6 SYSTEMPATH/CodeIgniter.php(933): App\Controllers\Home->fetch_services()
 7 SYSTEMPATH/CodeIgniter.php(507): CodeIgniter\CodeIgniter->runController(Object(App\Controllers\Home))
 8 SYSTEMPATH/CodeIgniter.php(354): CodeIgniter\CodeIgniter->handleRequest(null, Object(Config\Cache), false)
 9 SYSTEMPATH/Boot.php(334): CodeIgniter\CodeIgniter->run()
10 SYSTEMPATH/Boot.php(67): CodeIgniter\Boot::runCodeIgniter(Object(CodeIgniter\CodeIgniter))
11 FCPATH/index.php(57): CodeIgniter\Boot::bootWeb(Object(Config\Paths))
WARNING - 2025-08-29 00:09:44 --> [DEPRECATED] addslashes(): Passing null to parameter #1 ($string) of type string is deprecated in APPPATH/Views/service_list.php on line 10.
 1 APPPATH/Views/service_list.php(10): addslashes(null)
 2 SYSTEMPATH/View/View.php(224): include('/home/u810214334/domains/embellish-beauty.co.uk/public_html/app/Views/service_list.php')
 3 SYSTEMPATH/View/View.php(227): CodeIgniter\View\View->CodeIgniter\View\{closure}()
 4 SYSTEMPATH/Common.php(1173): CodeIgniter\View\View->render('service_list', [], true)
 5 APPPATH/Controllers/Home.php(129): view('service_list', [...])
 6 SYSTEMPATH/CodeIgniter.php(933): App\Controllers\Home->fetch_services()
 7 SYSTEMPATH/CodeIgniter.php(507): CodeIgniter\CodeIgniter->runController(Object(App\Controllers\Home))
 8 SYSTEMPATH/CodeIgniter.php(354): CodeIgniter\CodeIgniter->handleRequest(null, Object(Config\Cache), false)
 9 SYSTEMPATH/Boot.php(334): CodeIgniter\CodeIgniter->run()
10 SYSTEMPATH/Boot.php(67): CodeIgniter\Boot::runCodeIgniter(Object(CodeIgniter\CodeIgniter))
11 FCPATH/index.php(57): CodeIgniter\Boot::bootWeb(Object(Config\Paths))
WARNING - 2025-08-29 00:09:44 --> [DEPRECATED] addslashes(): Passing null to parameter #1 ($string) of type string is deprecated in APPPATH/Views/service_list.php on line 10.
 1 APPPATH/Views/service_list.php(10): addslashes(null)
 2 SYSTEMPATH/View/View.php(224): include('/home/u810214334/domains/embellish-beauty.co.uk/public_html/app/Views/service_list.php')
 3 SYSTEMPATH/View/View.php(227): CodeIgniter\View\View->CodeIgniter\View\{closure}()
 4 SYSTEMPATH/Common.php(1173): CodeIgniter\View\View->render('service_list', [], true)
 5 APPPATH/Controllers/Home.php(129): view('service_list', [...])
 6 SYSTEMPATH/CodeIgniter.php(933): App\Controllers\Home->fetch_services()
 7 SYSTEMPATH/CodeIgniter.php(507): CodeIgniter\CodeIgniter->runController(Object(App\Controllers\Home))
 8 SYSTEMPATH/CodeIgniter.php(354): CodeIgniter\CodeIgniter->handleRequest(null, Object(Config\Cache), false)
 9 SYSTEMPATH/Boot.php(334): CodeIgniter\CodeIgniter->run()
10 SYSTEMPATH/Boot.php(67): CodeIgniter\Boot::runCodeIgniter(Object(CodeIgniter\CodeIgniter))
11 FCPATH/index.php(57): CodeIgniter\Boot::bootWeb(Object(Config\Paths))
WARNING - 2025-08-29 00:09:44 --> [DEPRECATED] addslashes(): Passing null to parameter #1 ($string) of type string is deprecated in APPPATH/Views/service_list.php on line 10.
 1 APPPATH/Views/service_list.php(10): addslashes(null)
 2 SYSTEMPATH/View/View.php(224): include('/home/u810214334/domains/embellish-beauty.co.uk/public_html/app/Views/service_list.php')
 3 SYSTEMPATH/View/View.php(227): CodeIgniter\View\View->CodeIgniter\View\{closure}()
 4 SYSTEMPATH/Common.php(1173): CodeIgniter\View\View->render('service_list', [], true)
 5 APPPATH/Controllers/Home.php(129): view('service_list', [...])
 6 SYSTEMPATH/CodeIgniter.php(933): App\Controllers\Home->fetch_services()
 7 SYSTEMPATH/CodeIgniter.php(507): CodeIgniter\CodeIgniter->runController(Object(App\Controllers\Home))
 8 SYSTEMPATH/CodeIgniter.php(354): CodeIgniter\CodeIgniter->handleRequest(null, Object(Config\Cache), false)
 9 SYSTEMPATH/Boot.php(334): CodeIgniter\CodeIgniter->run()
10 SYSTEMPATH/Boot.php(67): CodeIgniter\Boot::runCodeIgniter(Object(CodeIgniter\CodeIgniter))
11 FCPATH/index.php(57): CodeIgniter\Boot::bootWeb(Object(Config\Paths))
WARNING - 2025-08-29 00:09:44 --> [DEPRECATED] addslashes(): Passing null to parameter #1 ($string) of type string is deprecated in APPPATH/Views/service_list.php on line 10.
 1 APPPATH/Views/service_list.php(10): addslashes(null)
 2 SYSTEMPATH/View/View.php(224): include('/home/u810214334/domains/embellish-beauty.co.uk/public_html/app/Views/service_list.php')
 3 SYSTEMPATH/View/View.php(227): CodeIgniter\View\View->CodeIgniter\View\{closure}()
 4 SYSTEMPATH/Common.php(1173): CodeIgniter\View\View->render('service_list', [], true)
 5 APPPATH/Controllers/Home.php(129): view('service_list', [...])
 6 SYSTEMPATH/CodeIgniter.php(933): App\Controllers\Home->fetch_services()
 7 SYSTEMPATH/CodeIgniter.php(507): CodeIgniter\CodeIgniter->runController(Object(App\Controllers\Home))
 8 SYSTEMPATH/CodeIgniter.php(354): CodeIgniter\CodeIgniter->handleRequest(null, Object(Config\Cache), false)
 9 SYSTEMPATH/Boot.php(334): CodeIgniter\CodeIgniter->run()
10 SYSTEMPATH/Boot.php(67): CodeIgniter\Boot::runCodeIgniter(Object(CodeIgniter\CodeIgniter))
11 FCPATH/index.php(57): CodeIgniter\Boot::bootWeb(Object(Config\Paths))
WARNING - 2025-08-29 00:09:44 --> [DEPRECATED] addslashes(): Passing null to parameter #1 ($string) of type string is deprecated in APPPATH/Views/service_list.php on line 10.
 1 APPPATH/Views/service_list.php(10): addslashes(null)
 2 SYSTEMPATH/View/View.php(224): include('/home/u810214334/domains/embellish-beauty.co.uk/public_html/app/Views/service_list.php')
 3 SYSTEMPATH/View/View.php(227): CodeIgniter\View\View->CodeIgniter\View\{closure}()
 4 SYSTEMPATH/Common.php(1173): CodeIgniter\View\View->render('service_list', [], true)
 5 APPPATH/Controllers/Home.php(129): view('service_list', [...])
 6 SYSTEMPATH/CodeIgniter.php(933): App\Controllers\Home->fetch_services()
 7 SYSTEMPATH/CodeIgniter.php(507): CodeIgniter\CodeIgniter->runController(Object(App\Controllers\Home))
 8 SYSTEMPATH/CodeIgniter.php(354): CodeIgniter\CodeIgniter->handleRequest(null, Object(Config\Cache), false)
 9 SYSTEMPATH/Boot.php(334): CodeIgniter\CodeIgniter->run()
10 SYSTEMPATH/Boot.php(67): CodeIgniter\Boot::runCodeIgniter(Object(CodeIgniter\CodeIgniter))
11 FCPATH/index.php(57): CodeIgniter\Boot::bootWeb(Object(Config\Paths))
WARNING - 2025-08-29 00:09:44 --> [DEPRECATED] addslashes(): Passing null to parameter #1 ($string) of type string is deprecated in APPPATH/Views/service_list.php on line 10.
 1 APPPATH/Views/service_list.php(10): addslashes(null)
 2 SYSTEMPATH/View/View.php(224): include('/home/u810214334/domains/embellish-beauty.co.uk/public_html/app/Views/service_list.php')
 3 SYSTEMPATH/View/View.php(227): CodeIgniter\View\View->CodeIgniter\View\{closure}()
 4 SYSTEMPATH/Common.php(1173): CodeIgniter\View\View->render('service_list', [], true)
 5 APPPATH/Controllers/Home.php(129): view('service_list', [...])
 6 SYSTEMPATH/CodeIgniter.php(933): App\Controllers\Home->fetch_services()
 7 SYSTEMPATH/CodeIgniter.php(507): CodeIgniter\CodeIgniter->runController(Object(App\Controllers\Home))
 8 SYSTEMPATH/CodeIgniter.php(354): CodeIgniter\CodeIgniter->handleRequest(null, Object(Config\Cache), false)
 9 SYSTEMPATH/Boot.php(334): CodeIgniter\CodeIgniter->run()
10 SYSTEMPATH/Boot.php(67): CodeIgniter\Boot::runCodeIgniter(Object(CodeIgniter\CodeIgniter))
11 FCPATH/index.php(57): CodeIgniter\Boot::bootWeb(Object(Config\Paths))
DEBUG - 2025-08-29 00:10:13 --> Session: Class initialized using 'CodeIgniter\Session\Handlers\FileHandler' driver.
DEBUG - 2025-08-29 00:10:37 --> Session: Class initialized using 'CodeIgniter\Session\Handlers\FileHandler' driver.
DEBUG - 2025-08-29 00:10:42 --> Session: Class initialized using 'CodeIgniter\Session\Handlers\FileHandler' driver.
DEBUG - 2025-08-29 00:11:01 --> Session: Class initialized using 'CodeIgniter\Session\Handlers\FileHandler' driver.
DEBUG - 2025-08-29 00:11:08 --> Session: Class initialized using 'CodeIgniter\Session\Handlers\FileHandler' driver.
DEBUG - 2025-08-29 00:11:09 --> Session: Class initialized using 'CodeIgniter\Session\Handlers\FileHandler' driver.
DEBUG - 2025-08-29 00:11:09 --> Session: Class initialized using 'CodeIgniter\Session\Handlers\FileHandler' driver.
DEBUG - 2025-08-29 00:11:09 --> Session: Class initialized using 'CodeIgniter\Session\Handlers\FileHandler' driver.
WARNING - 2025-08-29 00:11:09 --> [DEPRECATED] addslashes(): Passing null to parameter #1 ($string) of type string is deprecated in APPPATH/Views/service_list.php on line 10.
 1 APPPATH/Views/service_list.php(10): addslashes(null)
 2 SYSTEMPATH/View/View.php(224): include('/home/u810214334/domains/embellish-beauty.co.uk/public_html/app/Views/service_list.php')
 3 SYSTEMPATH/View/View.php(227): CodeIgniter\View\View->CodeIgniter\View\{closure}()
 4 SYSTEMPATH/Common.php(1173): CodeIgniter\View\View->render('service_list', [], true)
 5 APPPATH/Controllers/Home.php(129): view('service_list', [...])
 6 SYSTEMPATH/CodeIgniter.php(933): App\Controllers\Home->fetch_services()
 7 SYSTEMPATH/CodeIgniter.php(507): CodeIgniter\CodeIgniter->runController(Object(App\Controllers\Home))
 8 SYSTEMPATH/CodeIgniter.php(354): CodeIgniter\CodeIgniter->handleRequest(null, Object(Config\Cache), false)
 9 SYSTEMPATH/Boot.php(334): CodeIgniter\CodeIgniter->run()
10 SYSTEMPATH/Boot.php(67): CodeIgniter\Boot::runCodeIgniter(Object(CodeIgniter\CodeIgniter))
11 FCPATH/index.php(57): CodeIgniter\Boot::bootWeb(Object(Config\Paths))
WARNING - 2025-08-29 00:11:09 --> [DEPRECATED] addslashes(): Passing null to parameter #1 ($string) of type string is deprecated in APPPATH/Views/service_list.php on line 10.
 1 APPPATH/Views/service_list.php(10): addslashes(null)
 2 SYSTEMPATH/View/View.php(224): include('/home/u810214334/domains/embellish-beauty.co.uk/public_html/app/Views/service_list.php')
 3 SYSTEMPATH/View/View.php(227): CodeIgniter\View\View->CodeIgniter\View\{closure}()
 4 SYSTEMPATH/Common.php(1173): CodeIgniter\View\View->render('service_list', [], true)
 5 APPPATH/Controllers/Home.php(129): view('service_list', [...])
 6 SYSTEMPATH/CodeIgniter.php(933): App\Controllers\Home->fetch_services()
 7 SYSTEMPATH/CodeIgniter.php(507): CodeIgniter\CodeIgniter->runController(Object(App\Controllers\Home))
 8 SYSTEMPATH/CodeIgniter.php(354): CodeIgniter\CodeIgniter->handleRequest(null, Object(Config\Cache), false)
 9 SYSTEMPATH/Boot.php(334): CodeIgniter\CodeIgniter->run()
10 SYSTEMPATH/Boot.php(67): CodeIgniter\Boot::runCodeIgniter(Object(CodeIgniter\CodeIgniter))
11 FCPATH/index.php(57): CodeIgniter\Boot::bootWeb(Object(Config\Paths))
WARNING - 2025-08-29 00:11:09 --> [DEPRECATED] addslashes(): Passing null to parameter #1 ($string) of type string is deprecated in APPPATH/Views/service_list.php on line 10.
 1 APPPATH/Views/service_list.php(10): addslashes(null)
 2 SYSTEMPATH/View/View.php(224): include('/home/u810214334/domains/embellish-beauty.co.uk/public_html/app/Views/service_list.php')
 3 SYSTEMPATH/View/View.php(227): CodeIgniter\View\View->CodeIgniter\View\{closure}()
 4 SYSTEMPATH/Common.php(1173): CodeIgniter\View\View->render('service_list', [], true)
 5 APPPATH/Controllers/Home.php(129): view('service_list', [...])
 6 SYSTEMPATH/CodeIgniter.php(933): App\Controllers\Home->fetch_services()
 7 SYSTEMPATH/CodeIgniter.php(507): CodeIgniter\CodeIgniter->runController(Object(App\Controllers\Home))
 8 SYSTEMPATH/CodeIgniter.php(354): CodeIgniter\CodeIgniter->handleRequest(null, Object(Config\Cache), false)
 9 SYSTEMPATH/Boot.php(334): CodeIgniter\CodeIgniter->run()
10 SYSTEMPATH/Boot.php(67): CodeIgniter\Boot::runCodeIgniter(Object(CodeIgniter\CodeIgniter))
11 FCPATH/index.php(57): CodeIgniter\Boot::bootWeb(Object(Config\Paths))
WARNING - 2025-08-29 00:11:09 --> [DEPRECATED] addslashes(): Passing null to parameter #1 ($string) of type string is deprecated in APPPATH/Views/service_list.php on line 10.
 1 APPPATH/Views/service_list.php(10): addslashes(null)
 2 SYSTEMPATH/View/View.php(224): include('/home/u810214334/domains/embellish-beauty.co.uk/public_html/app/Views/service_list.php')
 3 SYSTEMPATH/View/View.php(227): CodeIgniter\View\View->CodeIgniter\View\{closure}()
 4 SYSTEMPATH/Common.php(1173): CodeIgniter\View\View->render('service_list', [], true)
 5 APPPATH/Controllers/Home.php(129): view('service_list', [...])
 6 SYSTEMPATH/CodeIgniter.php(933): App\Controllers\Home->fetch_services()
 7 SYSTEMPATH/CodeIgniter.php(507): CodeIgniter\CodeIgniter->runController(Object(App\Controllers\Home))
 8 SYSTEMPATH/CodeIgniter.php(354): CodeIgniter\CodeIgniter->handleRequest(null, Object(Config\Cache), false)
 9 SYSTEMPATH/Boot.php(334): CodeIgniter\CodeIgniter->run()
10 SYSTEMPATH/Boot.php(67): CodeIgniter\Boot::runCodeIgniter(Object(CodeIgniter\CodeIgniter))
11 FCPATH/index.php(57): CodeIgniter\Boot::bootWeb(Object(Config\Paths))
WARNING - 2025-08-29 00:11:09 --> [DEPRECATED] addslashes(): Passing null to parameter #1 ($string) of type string is deprecated in APPPATH/Views/service_list.php on line 10.
 1 APPPATH/Views/service_list.php(10): addslashes(null)
 2 SYSTEMPATH/View/View.php(224): include('/home/u810214334/domains/embellish-beauty.co.uk/public_html/app/Views/service_list.php')
 3 SYSTEMPATH/View/View.php(227): CodeIgniter\View\View->CodeIgniter\View\{closure}()
 4 SYSTEMPATH/Common.php(1173): CodeIgniter\View\View->render('service_list', [], true)
 5 APPPATH/Controllers/Home.php(129): view('service_list', [...])
 6 SYSTEMPATH/CodeIgniter.php(933): App\Controllers\Home->fetch_services()
 7 SYSTEMPATH/CodeIgniter.php(507): CodeIgniter\CodeIgniter->runController(Object(App\Controllers\Home))
 8 SYSTEMPATH/CodeIgniter.php(354): CodeIgniter\CodeIgniter->handleRequest(null, Object(Config\Cache), false)
 9 SYSTEMPATH/Boot.php(334): CodeIgniter\CodeIgniter->run()
10 SYSTEMPATH/Boot.php(67): CodeIgniter\Boot::runCodeIgniter(Object(CodeIgniter\CodeIgniter))
11 FCPATH/index.php(57): CodeIgniter\Boot::bootWeb(Object(Config\Paths))
WARNING - 2025-08-29 00:11:09 --> [DEPRECATED] addslashes(): Passing null to parameter #1 ($string) of type string is deprecated in APPPATH/Views/service_list.php on line 10.
 1 APPPATH/Views/service_list.php(10): addslashes(null)
 2 SYSTEMPATH/View/View.php(224): include('/home/u810214334/domains/embellish-beauty.co.uk/public_html/app/Views/service_list.php')
 3 SYSTEMPATH/View/View.php(227): CodeIgniter\View\View->CodeIgniter\View\{closure}()
 4 SYSTEMPATH/Common.php(1173): CodeIgniter\View\View->render('service_list', [], true)
 5 APPPATH/Controllers/Home.php(129): view('service_list', [...])
 6 SYSTEMPATH/CodeIgniter.php(933): App\Controllers\Home->fetch_services()
 7 SYSTEMPATH/CodeIgniter.php(507): CodeIgniter\CodeIgniter->runController(Object(App\Controllers\Home))
 8 SYSTEMPATH/CodeIgniter.php(354): CodeIgniter\CodeIgniter->handleRequest(null, Object(Config\Cache), false)
 9 SYSTEMPATH/Boot.php(334): CodeIgniter\CodeIgniter->run()
10 SYSTEMPATH/Boot.php(67): CodeIgniter\Boot::runCodeIgniter(Object(CodeIgniter\CodeIgniter))
11 FCPATH/index.php(57): CodeIgniter\Boot::bootWeb(Object(Config\Paths))
WARNING - 2025-08-29 00:11:09 --> [DEPRECATED] addslashes(): Passing null to parameter #1 ($string) of type string is deprecated in APPPATH/Views/service_list.php on line 10.
 1 APPPATH/Views/service_list.php(10): addslashes(null)
 2 SYSTEMPATH/View/View.php(224): include('/home/u810214334/domains/embellish-beauty.co.uk/public_html/app/Views/service_list.php')
 3 SYSTEMPATH/View/View.php(227): CodeIgniter\View\View->CodeIgniter\View\{closure}()
 4 SYSTEMPATH/Common.php(1173): CodeIgniter\View\View->render('service_list', [], true)
 5 APPPATH/Controllers/Home.php(129): view('service_list', [...])
 6 SYSTEMPATH/CodeIgniter.php(933): App\Controllers\Home->fetch_services()
 7 SYSTEMPATH/CodeIgniter.php(507): CodeIgniter\CodeIgniter->runController(Object(App\Controllers\Home))
 8 SYSTEMPATH/CodeIgniter.php(354): CodeIgniter\CodeIgniter->handleRequest(null, Object(Config\Cache), false)
 9 SYSTEMPATH/Boot.php(334): CodeIgniter\CodeIgniter->run()
10 SYSTEMPATH/Boot.php(67): CodeIgniter\Boot::runCodeIgniter(Object(CodeIgniter\CodeIgniter))
11 FCPATH/index.php(57): CodeIgniter\Boot::bootWeb(Object(Config\Paths))
WARNING - 2025-08-29 00:11:09 --> [DEPRECATED] addslashes(): Passing null to parameter #1 ($string) of type string is deprecated in APPPATH/Views/service_list.php on line 10.
 1 APPPATH/Views/service_list.php(10): addslashes(null)
 2 SYSTEMPATH/View/View.php(224): include('/home/u810214334/domains/embellish-beauty.co.uk/public_html/app/Views/service_list.php')
 3 SYSTEMPATH/View/View.php(227): CodeIgniter\View\View->CodeIgniter\View\{closure}()
 4 SYSTEMPATH/Common.php(1173): CodeIgniter\View\View->render('service_list', [], true)
 5 APPPATH/Controllers/Home.php(129): view('service_list', [...])
 6 SYSTEMPATH/CodeIgniter.php(933): App\Controllers\Home->fetch_services()
 7 SYSTEMPATH/CodeIgniter.php(507): CodeIgniter\CodeIgniter->runController(Object(App\Controllers\Home))
 8 SYSTEMPATH/CodeIgniter.php(354): CodeIgniter\CodeIgniter->handleRequest(null, Object(Config\Cache), false)
 9 SYSTEMPATH/Boot.php(334): CodeIgniter\CodeIgniter->run()
10 SYSTEMPATH/Boot.php(67): CodeIgniter\Boot::runCodeIgniter(Object(CodeIgniter\CodeIgniter))
11 FCPATH/index.php(57): CodeIgniter\Boot::bootWeb(Object(Config\Paths))
WARNING - 2025-08-29 00:11:09 --> [DEPRECATED] addslashes(): Passing null to parameter #1 ($string) of type string is deprecated in APPPATH/Views/service_list.php on line 10.
 1 APPPATH/Views/service_list.php(10): addslashes(null)
 2 SYSTEMPATH/View/View.php(224): include('/home/u810214334/domains/embellish-beauty.co.uk/public_html/app/Views/service_list.php')
 3 SYSTEMPATH/View/View.php(227): CodeIgniter\View\View->CodeIgniter\View\{closure}()
 4 SYSTEMPATH/Common.php(1173): CodeIgniter\View\View->render('service_list', [], true)
 5 APPPATH/Controllers/Home.php(129): view('service_list', [...])
 6 SYSTEMPATH/CodeIgniter.php(933): App\Controllers\Home->fetch_services()
 7 SYSTEMPATH/CodeIgniter.php(507): CodeIgniter\CodeIgniter->runController(Object(App\Controllers\Home))
 8 SYSTEMPATH/CodeIgniter.php(354): CodeIgniter\CodeIgniter->handleRequest(null, Object(Config\Cache), false)
 9 SYSTEMPATH/Boot.php(334): CodeIgniter\CodeIgniter->run()
10 SYSTEMPATH/Boot.php(67): CodeIgniter\Boot::runCodeIgniter(Object(CodeIgniter\CodeIgniter))
11 FCPATH/index.php(57): CodeIgniter\Boot::bootWeb(Object(Config\Paths))
WARNING - 2025-08-29 00:11:09 --> [DEPRECATED] addslashes(): Passing null to parameter #1 ($string) of type string is deprecated in APPPATH/Views/service_list.php on line 10.
 1 APPPATH/Views/service_list.php(10): addslashes(null)
 2 SYSTEMPATH/View/View.php(224): include('/home/u810214334/domains/embellish-beauty.co.uk/public_html/app/Views/service_list.php')
 3 SYSTEMPATH/View/View.php(227): CodeIgniter\View\View->CodeIgniter\View\{closure}()
 4 SYSTEMPATH/Common.php(1173): CodeIgniter\View\View->render('service_list', [], true)
 5 APPPATH/Controllers/Home.php(129): view('service_list', [...])
 6 SYSTEMPATH/CodeIgniter.php(933): App\Controllers\Home->fetch_services()
 7 SYSTEMPATH/CodeIgniter.php(507): CodeIgniter\CodeIgniter->runController(Object(App\Controllers\Home))
 8 SYSTEMPATH/CodeIgniter.php(354): CodeIgniter\CodeIgniter->handleRequest(null, Object(Config\Cache), false)
 9 SYSTEMPATH/Boot.php(334): CodeIgniter\CodeIgniter->run()
10 SYSTEMPATH/Boot.php(67): CodeIgniter\Boot::runCodeIgniter(Object(CodeIgniter\CodeIgniter))
11 FCPATH/index.php(57): CodeIgniter\Boot::bootWeb(Object(Config\Paths))
WARNING - 2025-08-29 00:11:09 --> [DEPRECATED] addslashes(): Passing null to parameter #1 ($string) of type string is deprecated in APPPATH/Views/service_list.php on line 10.
 1 APPPATH/Views/service_list.php(10): addslashes(null)
 2 SYSTEMPATH/View/View.php(224): include('/home/u810214334/domains/embellish-beauty.co.uk/public_html/app/Views/service_list.php')
 3 SYSTEMPATH/View/View.php(227): CodeIgniter\View\View->CodeIgniter\View\{closure}()
 4 SYSTEMPATH/Common.php(1173): CodeIgniter\View\View->render('service_list', [], true)
 5 APPPATH/Controllers/Home.php(129): view('service_list', [...])
 6 SYSTEMPATH/CodeIgniter.php(933): App\Controllers\Home->fetch_services()
 7 SYSTEMPATH/CodeIgniter.php(507): CodeIgniter\CodeIgniter->runController(Object(App\Controllers\Home))
 8 SYSTEMPATH/CodeIgniter.php(354): CodeIgniter\CodeIgniter->handleRequest(null, Object(Config\Cache), false)
 9 SYSTEMPATH/Boot.php(334): CodeIgniter\CodeIgniter->run()
10 SYSTEMPATH/Boot.php(67): CodeIgniter\Boot::runCodeIgniter(Object(CodeIgniter\CodeIgniter))
11 FCPATH/index.php(57): CodeIgniter\Boot::bootWeb(Object(Config\Paths))
WARNING - 2025-08-29 00:11:09 --> [DEPRECATED] addslashes(): Passing null to parameter #1 ($string) of type string is deprecated in APPPATH/Views/service_list.php on line 10.
 1 APPPATH/Views/service_list.php(10): addslashes(null)
 2 SYSTEMPATH/View/View.php(224): include('/home/u810214334/domains/embellish-beauty.co.uk/public_html/app/Views/service_list.php')
 3 SYSTEMPATH/View/View.php(227): CodeIgniter\View\View->CodeIgniter\View\{closure}()
 4 SYSTEMPATH/Common.php(1173): CodeIgniter\View\View->render('service_list', [], true)
 5 APPPATH/Controllers/Home.php(129): view('service_list', [...])
 6 SYSTEMPATH/CodeIgniter.php(933): App\Controllers\Home->fetch_services()
 7 SYSTEMPATH/CodeIgniter.php(507): CodeIgniter\CodeIgniter->runController(Object(App\Controllers\Home))
 8 SYSTEMPATH/CodeIgniter.php(354): CodeIgniter\CodeIgniter->handleRequest(null, Object(Config\Cache), false)
 9 SYSTEMPATH/Boot.php(334): CodeIgniter\CodeIgniter->run()
10 SYSTEMPATH/Boot.php(67): CodeIgniter\Boot::runCodeIgniter(Object(CodeIgniter\CodeIgniter))
11 FCPATH/index.php(57): CodeIgniter\Boot::bootWeb(Object(Config\Paths))
WARNING - 2025-08-29 00:11:09 --> [DEPRECATED] addslashes(): Passing null to parameter #1 ($string) of type string is deprecated in APPPATH/Views/service_list.php on line 10.
 1 APPPATH/Views/service_list.php(10): addslashes(null)
 2 SYSTEMPATH/View/View.php(224): include('/home/u810214334/domains/embellish-beauty.co.uk/public_html/app/Views/service_list.php')
 3 SYSTEMPATH/View/View.php(227): CodeIgniter\View\View->CodeIgniter\View\{closure}()
 4 SYSTEMPATH/Common.php(1173): CodeIgniter\View\View->render('service_list', [], true)
 5 APPPATH/Controllers/Home.php(129): view('service_list', [...])
 6 SYSTEMPATH/CodeIgniter.php(933): App\Controllers\Home->fetch_services()
 7 SYSTEMPATH/CodeIgniter.php(507): CodeIgniter\CodeIgniter->runController(Object(App\Controllers\Home))
 8 SYSTEMPATH/CodeIgniter.php(354): CodeIgniter\CodeIgniter->handleRequest(null, Object(Config\Cache), false)
 9 SYSTEMPATH/Boot.php(334): CodeIgniter\CodeIgniter->run()
10 SYSTEMPATH/Boot.php(67): CodeIgniter\Boot::runCodeIgniter(Object(CodeIgniter\CodeIgniter))
11 FCPATH/index.php(57): CodeIgniter\Boot::bootWeb(Object(Config\Paths))
DEBUG - 2025-08-29 00:11:19 --> Session: Class initialized using 'CodeIgniter\Session\Handlers\FileHandler' driver.
DEBUG - 2025-08-29 00:11:33 --> Session: Class initialized using 'CodeIgniter\Session\Handlers\FileHandler' driver.
DEBUG - 2025-08-29 00:11:34 --> Session: Class initialized using 'CodeIgniter\Session\Handlers\FileHandler' driver.
DEBUG - 2025-08-29 00:12:16 --> Session: Class initialized using 'CodeIgniter\Session\Handlers\FileHandler' driver.
DEBUG - 2025-08-29 00:12:27 --> Session: Class initialized using 'CodeIgniter\Session\Handlers\FileHandler' driver.
DEBUG - 2025-08-29 00:20:18 --> Session: Class initialized using 'CodeIgniter\Session\Handlers\FileHandler' driver.
DEBUG - 2025-08-29 00:20:23 --> Session: Class initialized using 'CodeIgniter\Session\Handlers\FileHandler' driver.
DEBUG - 2025-08-29 00:20:33 --> Session: Class initialized using 'CodeIgniter\Session\Handlers\FileHandler' driver.
DEBUG - 2025-08-29 00:20:33 --> Session: Class initialized using 'CodeIgniter\Session\Handlers\FileHandler' driver.
DEBUG - 2025-08-29 00:20:33 --> Session: Class initialized using 'CodeIgniter\Session\Handlers\FileHandler' driver.
DEBUG - 2025-08-29 00:20:44 --> Session: Class initialized using 'CodeIgniter\Session\Handlers\FileHandler' driver.
DEBUG - 2025-08-29 00:20:53 --> Session: Class initialized using 'CodeIgniter\Session\Handlers\FileHandler' driver.
DEBUG - 2025-08-29 00:20:53 --> Session: Class initialized using 'CodeIgniter\Session\Handlers\FileHandler' driver.
DEBUG - 2025-08-29 00:20:54 --> Session: Class initialized using 'CodeIgniter\Session\Handlers\FileHandler' driver.
DEBUG - 2025-08-29 00:20:54 --> Session: Class initialized using 'CodeIgniter\Session\Handlers\FileHandler' driver.
WARNING - 2025-08-29 00:20:54 --> [DEPRECATED] addslashes(): Passing null to parameter #1 ($string) of type string is deprecated in APPPATH/Views/service_list.php on line 10.
 1 APPPATH/Views/service_list.php(10): addslashes(null)
 2 SYSTEMPATH/View/View.php(224): include('/home/u810214334/domains/embellish-beauty.co.uk/public_html/app/Views/service_list.php')
 3 SYSTEMPATH/View/View.php(227): CodeIgniter\View\View->CodeIgniter\View\{closure}()
 4 SYSTEMPATH/Common.php(1173): CodeIgniter\View\View->render('service_list', [], true)
 5 APPPATH/Controllers/Home.php(129): view('service_list', [...])
 6 SYSTEMPATH/CodeIgniter.php(933): App\Controllers\Home->fetch_services()
 7 SYSTEMPATH/CodeIgniter.php(507): CodeIgniter\CodeIgniter->runController(Object(App\Controllers\Home))
 8 SYSTEMPATH/CodeIgniter.php(354): CodeIgniter\CodeIgniter->handleRequest(null, Object(Config\Cache), false)
 9 SYSTEMPATH/Boot.php(334): CodeIgniter\CodeIgniter->run()
10 SYSTEMPATH/Boot.php(67): CodeIgniter\Boot::runCodeIgniter(Object(CodeIgniter\CodeIgniter))
11 FCPATH/index.php(57): CodeIgniter\Boot::bootWeb(Object(Config\Paths))
WARNING - 2025-08-29 00:20:54 --> [DEPRECATED] addslashes(): Passing null to parameter #1 ($string) of type string is deprecated in APPPATH/Views/service_list.php on line 10.
 1 APPPATH/Views/service_list.php(10): addslashes(null)
 2 SYSTEMPATH/View/View.php(224): include('/home/u810214334/domains/embellish-beauty.co.uk/public_html/app/Views/service_list.php')
 3 SYSTEMPATH/View/View.php(227): CodeIgniter\View\View->CodeIgniter\View\{closure}()
 4 SYSTEMPATH/Common.php(1173): CodeIgniter\View\View->render('service_list', [], true)
 5 APPPATH/Controllers/Home.php(129): view('service_list', [...])
 6 SYSTEMPATH/CodeIgniter.php(933): App\Controllers\Home->fetch_services()
 7 SYSTEMPATH/CodeIgniter.php(507): CodeIgniter\CodeIgniter->runController(Object(App\Controllers\Home))
 8 SYSTEMPATH/CodeIgniter.php(354): CodeIgniter\CodeIgniter->handleRequest(null, Object(Config\Cache), false)
 9 SYSTEMPATH/Boot.php(334): CodeIgniter\CodeIgniter->run()
10 SYSTEMPATH/Boot.php(67): CodeIgniter\Boot::runCodeIgniter(Object(CodeIgniter\CodeIgniter))
11 FCPATH/index.php(57): CodeIgniter\Boot::bootWeb(Object(Config\Paths))
WARNING - 2025-08-29 00:20:54 --> [DEPRECATED] addslashes(): Passing null to parameter #1 ($string) of type string is deprecated in APPPATH/Views/service_list.php on line 10.
 1 APPPATH/Views/service_list.php(10): addslashes(null)
 2 SYSTEMPATH/View/View.php(224): include('/home/u810214334/domains/embellish-beauty.co.uk/public_html/app/Views/service_list.php')
 3 SYSTEMPATH/View/View.php(227): CodeIgniter\View\View->CodeIgniter\View\{closure}()
 4 SYSTEMPATH/Common.php(1173): CodeIgniter\View\View->render('service_list', [], true)
 5 APPPATH/Controllers/Home.php(129): view('service_list', [...])
 6 SYSTEMPATH/CodeIgniter.php(933): App\Controllers\Home->fetch_services()
 7 SYSTEMPATH/CodeIgniter.php(507): CodeIgniter\CodeIgniter->runController(Object(App\Controllers\Home))
 8 SYSTEMPATH/CodeIgniter.php(354): CodeIgniter\CodeIgniter->handleRequest(null, Object(Config\Cache), false)
 9 SYSTEMPATH/Boot.php(334): CodeIgniter\CodeIgniter->run()
10 SYSTEMPATH/Boot.php(67): CodeIgniter\Boot::runCodeIgniter(Object(CodeIgniter\CodeIgniter))
11 FCPATH/index.php(57): CodeIgniter\Boot::bootWeb(Object(Config\Paths))
WARNING - 2025-08-29 00:20:54 --> [DEPRECATED] addslashes(): Passing null to parameter #1 ($string) of type string is deprecated in APPPATH/Views/service_list.php on line 10.
 1 APPPATH/Views/service_list.php(10): addslashes(null)
 2 SYSTEMPATH/View/View.php(224): include('/home/u810214334/domains/embellish-beauty.co.uk/public_html/app/Views/service_list.php')
 3 SYSTEMPATH/View/View.php(227): CodeIgniter\View\View->CodeIgniter\View\{closure}()
 4 SYSTEMPATH/Common.php(1173): CodeIgniter\View\View->render('service_list', [], true)
 5 APPPATH/Controllers/Home.php(129): view('service_list', [...])
 6 SYSTEMPATH/CodeIgniter.php(933): App\Controllers\Home->fetch_services()
 7 SYSTEMPATH/CodeIgniter.php(507): CodeIgniter\CodeIgniter->runController(Object(App\Controllers\Home))
 8 SYSTEMPATH/CodeIgniter.php(354): CodeIgniter\CodeIgniter->handleRequest(null, Object(Config\Cache), false)
 9 SYSTEMPATH/Boot.php(334): CodeIgniter\CodeIgniter->run()
10 SYSTEMPATH/Boot.php(67): CodeIgniter\Boot::runCodeIgniter(Object(CodeIgniter\CodeIgniter))
11 FCPATH/index.php(57): CodeIgniter\Boot::bootWeb(Object(Config\Paths))
WARNING - 2025-08-29 00:20:54 --> [DEPRECATED] addslashes(): Passing null to parameter #1 ($string) of type string is deprecated in APPPATH/Views/service_list.php on line 10.
 1 APPPATH/Views/service_list.php(10): addslashes(null)
 2 SYSTEMPATH/View/View.php(224): include('/home/u810214334/domains/embellish-beauty.co.uk/public_html/app/Views/service_list.php')
 3 SYSTEMPATH/View/View.php(227): CodeIgniter\View\View->CodeIgniter\View\{closure}()
 4 SYSTEMPATH/Common.php(1173): CodeIgniter\View\View->render('service_list', [], true)
 5 APPPATH/Controllers/Home.php(129): view('service_list', [...])
 6 SYSTEMPATH/CodeIgniter.php(933): App\Controllers\Home->fetch_services()
 7 SYSTEMPATH/CodeIgniter.php(507): CodeIgniter\CodeIgniter->runController(Object(App\Controllers\Home))
 8 SYSTEMPATH/CodeIgniter.php(354): CodeIgniter\CodeIgniter->handleRequest(null, Object(Config\Cache), false)
 9 SYSTEMPATH/Boot.php(334): CodeIgniter\CodeIgniter->run()
10 SYSTEMPATH/Boot.php(67): CodeIgniter\Boot::runCodeIgniter(Object(CodeIgniter\CodeIgniter))
11 FCPATH/index.php(57): CodeIgniter\Boot::bootWeb(Object(Config\Paths))
WARNING - 2025-08-29 00:20:54 --> [DEPRECATED] addslashes(): Passing null to parameter #1 ($string) of type string is deprecated in APPPATH/Views/service_list.php on line 10.
 1 APPPATH/Views/service_list.php(10): addslashes(null)
 2 SYSTEMPATH/View/View.php(224): include('/home/u810214334/domains/embellish-beauty.co.uk/public_html/app/Views/service_list.php')
 3 SYSTEMPATH/View/View.php(227): CodeIgniter\View\View->CodeIgniter\View\{closure}()
 4 SYSTEMPATH/Common.php(1173): CodeIgniter\View\View->render('service_list', [], true)
 5 APPPATH/Controllers/Home.php(129): view('service_list', [...])
 6 SYSTEMPATH/CodeIgniter.php(933): App\Controllers\Home->fetch_services()
 7 SYSTEMPATH/CodeIgniter.php(507): CodeIgniter\CodeIgniter->runController(Object(App\Controllers\Home))
 8 SYSTEMPATH/CodeIgniter.php(354): CodeIgniter\CodeIgniter->handleRequest(null, Object(Config\Cache), false)
 9 SYSTEMPATH/Boot.php(334): CodeIgniter\CodeIgniter->run()
10 SYSTEMPATH/Boot.php(67): CodeIgniter\Boot::runCodeIgniter(Object(CodeIgniter\CodeIgniter))
11 FCPATH/index.php(57): CodeIgniter\Boot::bootWeb(Object(Config\Paths))
WARNING - 2025-08-29 00:20:54 --> [DEPRECATED] addslashes(): Passing null to parameter #1 ($string) of type string is deprecated in APPPATH/Views/service_list.php on line 10.
 1 APPPATH/Views/service_list.php(10): addslashes(null)
 2 SYSTEMPATH/View/View.php(224): include('/home/u810214334/domains/embellish-beauty.co.uk/public_html/app/Views/service_list.php')
 3 SYSTEMPATH/View/View.php(227): CodeIgniter\View\View->CodeIgniter\View\{closure}()
 4 SYSTEMPATH/Common.php(1173): CodeIgniter\View\View->render('service_list', [], true)
 5 APPPATH/Controllers/Home.php(129): view('service_list', [...])
 6 SYSTEMPATH/CodeIgniter.php(933): App\Controllers\Home->fetch_services()
 7 SYSTEMPATH/CodeIgniter.php(507): CodeIgniter\CodeIgniter->runController(Object(App\Controllers\Home))
 8 SYSTEMPATH/CodeIgniter.php(354): CodeIgniter\CodeIgniter->handleRequest(null, Object(Config\Cache), false)
 9 SYSTEMPATH/Boot.php(334): CodeIgniter\CodeIgniter->run()
10 SYSTEMPATH/Boot.php(67): CodeIgniter\Boot::runCodeIgniter(Object(CodeIgniter\CodeIgniter))
11 FCPATH/index.php(57): CodeIgniter\Boot::bootWeb(Object(Config\Paths))
WARNING - 2025-08-29 00:20:54 --> [DEPRECATED] addslashes(): Passing null to parameter #1 ($string) of type string is deprecated in APPPATH/Views/service_list.php on line 10.
 1 APPPATH/Views/service_list.php(10): addslashes(null)
 2 SYSTEMPATH/View/View.php(224): include('/home/u810214334/domains/embellish-beauty.co.uk/public_html/app/Views/service_list.php')
 3 SYSTEMPATH/View/View.php(227): CodeIgniter\View\View->CodeIgniter\View\{closure}()
 4 SYSTEMPATH/Common.php(1173): CodeIgniter\View\View->render('service_list', [], true)
 5 APPPATH/Controllers/Home.php(129): view('service_list', [...])
 6 SYSTEMPATH/CodeIgniter.php(933): App\Controllers\Home->fetch_services()
 7 SYSTEMPATH/CodeIgniter.php(507): CodeIgniter\CodeIgniter->runController(Object(App\Controllers\Home))
 8 SYSTEMPATH/CodeIgniter.php(354): CodeIgniter\CodeIgniter->handleRequest(null, Object(Config\Cache), false)
 9 SYSTEMPATH/Boot.php(334): CodeIgniter\CodeIgniter->run()
10 SYSTEMPATH/Boot.php(67): CodeIgniter\Boot::runCodeIgniter(Object(CodeIgniter\CodeIgniter))
11 FCPATH/index.php(57): CodeIgniter\Boot::bootWeb(Object(Config\Paths))
WARNING - 2025-08-29 00:20:54 --> [DEPRECATED] addslashes(): Passing null to parameter #1 ($string) of type string is deprecated in APPPATH/Views/service_list.php on line 10.
 1 APPPATH/Views/service_list.php(10): addslashes(null)
 2 SYSTEMPATH/View/View.php(224): include('/home/u810214334/domains/embellish-beauty.co.uk/public_html/app/Views/service_list.php')
 3 SYSTEMPATH/View/View.php(227): CodeIgniter\View\View->CodeIgniter\View\{closure}()
 4 SYSTEMPATH/Common.php(1173): CodeIgniter\View\View->render('service_list', [], true)
 5 APPPATH/Controllers/Home.php(129): view('service_list', [...])
 6 SYSTEMPATH/CodeIgniter.php(933): App\Controllers\Home->fetch_services()
 7 SYSTEMPATH/CodeIgniter.php(507): CodeIgniter\CodeIgniter->runController(Object(App\Controllers\Home))
 8 SYSTEMPATH/CodeIgniter.php(354): CodeIgniter\CodeIgniter->handleRequest(null, Object(Config\Cache), false)
 9 SYSTEMPATH/Boot.php(334): CodeIgniter\CodeIgniter->run()
10 SYSTEMPATH/Boot.php(67): CodeIgniter\Boot::runCodeIgniter(Object(CodeIgniter\CodeIgniter))
11 FCPATH/index.php(57): CodeIgniter\Boot::bootWeb(Object(Config\Paths))
DEBUG - 2025-08-29 00:20:54 --> Session: Class initialized using 'CodeIgniter\Session\Handlers\FileHandler' driver.
DEBUG - 2025-08-29 00:20:59 --> Session: Class initialized using 'CodeIgniter\Session\Handlers\FileHandler' driver.
WARNING - 2025-08-29 00:20:59 --> [DEPRECATED] addslashes(): Passing null to parameter #1 ($string) of type string is deprecated in APPPATH/Views/service_list.php on line 10.
 1 APPPATH/Views/service_list.php(10): addslashes(null)
 2 SYSTEMPATH/View/View.php(224): include('/home/u810214334/domains/embellish-beauty.co.uk/public_html/app/Views/service_list.php')
 3 SYSTEMPATH/View/View.php(227): CodeIgniter\View\View->CodeIgniter\View\{closure}()
 4 SYSTEMPATH/Common.php(1173): CodeIgniter\View\View->render('service_list', [], true)
 5 APPPATH/Controllers/Home.php(129): view('service_list', [...])
 6 SYSTEMPATH/CodeIgniter.php(933): App\Controllers\Home->fetch_services()
 7 SYSTEMPATH/CodeIgniter.php(507): CodeIgniter\CodeIgniter->runController(Object(App\Controllers\Home))
 8 SYSTEMPATH/CodeIgniter.php(354): CodeIgniter\CodeIgniter->handleRequest(null, Object(Config\Cache), false)
 9 SYSTEMPATH/Boot.php(334): CodeIgniter\CodeIgniter->run()
10 SYSTEMPATH/Boot.php(67): CodeIgniter\Boot::runCodeIgniter(Object(CodeIgniter\CodeIgniter))
11 FCPATH/index.php(57): CodeIgniter\Boot::bootWeb(Object(Config\Paths))
WARNING - 2025-08-29 00:20:59 --> [DEPRECATED] addslashes(): Passing null to parameter #1 ($string) of type string is deprecated in APPPATH/Views/service_list.php on line 10.
 1 APPPATH/Views/service_list.php(10): addslashes(null)
 2 SYSTEMPATH/View/View.php(224): include('/home/u810214334/domains/embellish-beauty.co.uk/public_html/app/Views/service_list.php')
 3 SYSTEMPATH/View/View.php(227): CodeIgniter\View\View->CodeIgniter\View\{closure}()
 4 SYSTEMPATH/Common.php(1173): CodeIgniter\View\View->render('service_list', [], true)
 5 APPPATH/Controllers/Home.php(129): view('service_list', [...])
 6 SYSTEMPATH/CodeIgniter.php(933): App\Controllers\Home->fetch_services()
 7 SYSTEMPATH/CodeIgniter.php(507): CodeIgniter\CodeIgniter->runController(Object(App\Controllers\Home))
 8 SYSTEMPATH/CodeIgniter.php(354): CodeIgniter\CodeIgniter->handleRequest(null, Object(Config\Cache), false)
 9 SYSTEMPATH/Boot.php(334): CodeIgniter\CodeIgniter->run()
10 SYSTEMPATH/Boot.php(67): CodeIgniter\Boot::runCodeIgniter(Object(CodeIgniter\CodeIgniter))
11 FCPATH/index.php(57): CodeIgniter\Boot::bootWeb(Object(Config\Paths))
WARNING - 2025-08-29 00:20:59 --> [DEPRECATED] addslashes(): Passing null to parameter #1 ($string) of type string is deprecated in APPPATH/Views/service_list.php on line 10.
 1 APPPATH/Views/service_list.php(10): addslashes(null)
 2 SYSTEMPATH/View/View.php(224): include('/home/u810214334/domains/embellish-beauty.co.uk/public_html/app/Views/service_list.php')
 3 SYSTEMPATH/View/View.php(227): CodeIgniter\View\View->CodeIgniter\View\{closure}()
 4 SYSTEMPATH/Common.php(1173): CodeIgniter\View\View->render('service_list', [], true)
 5 APPPATH/Controllers/Home.php(129): view('service_list', [...])
 6 SYSTEMPATH/CodeIgniter.php(933): App\Controllers\Home->fetch_services()
 7 SYSTEMPATH/CodeIgniter.php(507): CodeIgniter\CodeIgniter->runController(Object(App\Controllers\Home))
 8 SYSTEMPATH/CodeIgniter.php(354): CodeIgniter\CodeIgniter->handleRequest(null, Object(Config\Cache), false)
 9 SYSTEMPATH/Boot.php(334): CodeIgniter\CodeIgniter->run()
10 SYSTEMPATH/Boot.php(67): CodeIgniter\Boot::runCodeIgniter(Object(CodeIgniter\CodeIgniter))
11 FCPATH/index.php(57): CodeIgniter\Boot::bootWeb(Object(Config\Paths))
WARNING - 2025-08-29 00:20:59 --> [DEPRECATED] addslashes(): Passing null to parameter #1 ($string) of type string is deprecated in APPPATH/Views/service_list.php on line 10.
 1 APPPATH/Views/service_list.php(10): addslashes(null)
 2 SYSTEMPATH/View/View.php(224): include('/home/u810214334/domains/embellish-beauty.co.uk/public_html/app/Views/service_list.php')
 3 SYSTEMPATH/View/View.php(227): CodeIgniter\View\View->CodeIgniter\View\{closure}()
 4 SYSTEMPATH/Common.php(1173): CodeIgniter\View\View->render('service_list', [], true)
 5 APPPATH/Controllers/Home.php(129): view('service_list', [...])
 6 SYSTEMPATH/CodeIgniter.php(933): App\Controllers\Home->fetch_services()
 7 SYSTEMPATH/CodeIgniter.php(507): CodeIgniter\CodeIgniter->runController(Object(App\Controllers\Home))
 8 SYSTEMPATH/CodeIgniter.php(354): CodeIgniter\CodeIgniter->handleRequest(null, Object(Config\Cache), false)
 9 SYSTEMPATH/Boot.php(334): CodeIgniter\CodeIgniter->run()
10 SYSTEMPATH/Boot.php(67): CodeIgniter\Boot::runCodeIgniter(Object(CodeIgniter\CodeIgniter))
11 FCPATH/index.php(57): CodeIgniter\Boot::bootWeb(Object(Config\Paths))
WARNING - 2025-08-29 00:20:59 --> [DEPRECATED] addslashes(): Passing null to parameter #1 ($string) of type string is deprecated in APPPATH/Views/service_list.php on line 10.
 1 APPPATH/Views/service_list.php(10): addslashes(null)
 2 SYSTEMPATH/View/View.php(224): include('/home/u810214334/domains/embellish-beauty.co.uk/public_html/app/Views/service_list.php')
 3 SYSTEMPATH/View/View.php(227): CodeIgniter\View\View->CodeIgniter\View\{closure}()
 4 SYSTEMPATH/Common.php(1173): CodeIgniter\View\View->render('service_list', [], true)
 5 APPPATH/Controllers/Home.php(129): view('service_list', [...])
 6 SYSTEMPATH/CodeIgniter.php(933): App\Controllers\Home->fetch_services()
 7 SYSTEMPATH/CodeIgniter.php(507): CodeIgniter\CodeIgniter->runController(Object(App\Controllers\Home))
 8 SYSTEMPATH/CodeIgniter.php(354): CodeIgniter\CodeIgniter->handleRequest(null, Object(Config\Cache), false)
 9 SYSTEMPATH/Boot.php(334): CodeIgniter\CodeIgniter->run()
10 SYSTEMPATH/Boot.php(67): CodeIgniter\Boot::runCodeIgniter(Object(CodeIgniter\CodeIgniter))
11 FCPATH/index.php(57): CodeIgniter\Boot::bootWeb(Object(Config\Paths))
WARNING - 2025-08-29 00:20:59 --> [DEPRECATED] addslashes(): Passing null to parameter #1 ($string) of type string is deprecated in APPPATH/Views/service_list.php on line 10.
 1 APPPATH/Views/service_list.php(10): addslashes(null)
 2 SYSTEMPATH/View/View.php(224): include('/home/u810214334/domains/embellish-beauty.co.uk/public_html/app/Views/service_list.php')
 3 SYSTEMPATH/View/View.php(227): CodeIgniter\View\View->CodeIgniter\View\{closure}()
 4 SYSTEMPATH/Common.php(1173): CodeIgniter\View\View->render('service_list', [], true)
 5 APPPATH/Controllers/Home.php(129): view('service_list', [...])
 6 SYSTEMPATH/CodeIgniter.php(933): App\Controllers\Home->fetch_services()
 7 SYSTEMPATH/CodeIgniter.php(507): CodeIgniter\CodeIgniter->runController(Object(App\Controllers\Home))
 8 SYSTEMPATH/CodeIgniter.php(354): CodeIgniter\CodeIgniter->handleRequest(null, Object(Config\Cache), false)
 9 SYSTEMPATH/Boot.php(334): CodeIgniter\CodeIgniter->run()
10 SYSTEMPATH/Boot.php(67): CodeIgniter\Boot::runCodeIgniter(Object(CodeIgniter\CodeIgniter))
11 FCPATH/index.php(57): CodeIgniter\Boot::bootWeb(Object(Config\Paths))
WARNING - 2025-08-29 00:20:59 --> [DEPRECATED] addslashes(): Passing null to parameter #1 ($string) of type string is deprecated in APPPATH/Views/service_list.php on line 10.
 1 APPPATH/Views/service_list.php(10): addslashes(null)
 2 SYSTEMPATH/View/View.php(224): include('/home/u810214334/domains/embellish-beauty.co.uk/public_html/app/Views/service_list.php')
 3 SYSTEMPATH/View/View.php(227): CodeIgniter\View\View->CodeIgniter\View\{closure}()
 4 SYSTEMPATH/Common.php(1173): CodeIgniter\View\View->render('service_list', [], true)
 5 APPPATH/Controllers/Home.php(129): view('service_list', [...])
 6 SYSTEMPATH/CodeIgniter.php(933): App\Controllers\Home->fetch_services()
 7 SYSTEMPATH/CodeIgniter.php(507): CodeIgniter\CodeIgniter->runController(Object(App\Controllers\Home))
 8 SYSTEMPATH/CodeIgniter.php(354): CodeIgniter\CodeIgniter->handleRequest(null, Object(Config\Cache), false)
 9 SYSTEMPATH/Boot.php(334): CodeIgniter\CodeIgniter->run()
10 SYSTEMPATH/Boot.php(67): CodeIgniter\Boot::runCodeIgniter(Object(CodeIgniter\CodeIgniter))
11 FCPATH/index.php(57): CodeIgniter\Boot::bootWeb(Object(Config\Paths))
WARNING - 2025-08-29 00:20:59 --> [DEPRECATED] addslashes(): Passing null to parameter #1 ($string) of type string is deprecated in APPPATH/Views/service_list.php on line 10.
 1 APPPATH/Views/service_list.php(10): addslashes(null)
 2 SYSTEMPATH/View/View.php(224): include('/home/u810214334/domains/embellish-beauty.co.uk/public_html/app/Views/service_list.php')
 3 SYSTEMPATH/View/View.php(227): CodeIgniter\View\View->CodeIgniter\View\{closure}()
 4 SYSTEMPATH/Common.php(1173): CodeIgniter\View\View->render('service_list', [], true)
 5 APPPATH/Controllers/Home.php(129): view('service_list', [...])
 6 SYSTEMPATH/CodeIgniter.php(933): App\Controllers\Home->fetch_services()
 7 SYSTEMPATH/CodeIgniter.php(507): CodeIgniter\CodeIgniter->runController(Object(App\Controllers\Home))
 8 SYSTEMPATH/CodeIgniter.php(354): CodeIgniter\CodeIgniter->handleRequest(null, Object(Config\Cache), false)
 9 SYSTEMPATH/Boot.php(334): CodeIgniter\CodeIgniter->run()
10 SYSTEMPATH/Boot.php(67): CodeIgniter\Boot::runCodeIgniter(Object(CodeIgniter\CodeIgniter))
11 FCPATH/index.php(57): CodeIgniter\Boot::bootWeb(Object(Config\Paths))
WARNING - 2025-08-29 00:20:59 --> [DEPRECATED] addslashes(): Passing null to parameter #1 ($string) of type string is deprecated in APPPATH/Views/service_list.php on line 10.
 1 APPPATH/Views/service_list.php(10): addslashes(null)
 2 SYSTEMPATH/View/View.php(224): include('/home/u810214334/domains/embellish-beauty.co.uk/public_html/app/Views/service_list.php')
 3 SYSTEMPATH/View/View.php(227): CodeIgniter\View\View->CodeIgniter\View\{closure}()
 4 SYSTEMPATH/Common.php(1173): CodeIgniter\View\View->render('service_list', [], true)
 5 APPPATH/Controllers/Home.php(129): view('service_list', [...])
 6 SYSTEMPATH/CodeIgniter.php(933): App\Controllers\Home->fetch_services()
 7 SYSTEMPATH/CodeIgniter.php(507): CodeIgniter\CodeIgniter->runController(Object(App\Controllers\Home))
 8 SYSTEMPATH/CodeIgniter.php(354): CodeIgniter\CodeIgniter->handleRequest(null, Object(Config\Cache), false)
 9 SYSTEMPATH/Boot.php(334): CodeIgniter\CodeIgniter->run()
10 SYSTEMPATH/Boot.php(67): CodeIgniter\Boot::runCodeIgniter(Object(CodeIgniter\CodeIgniter))
11 FCPATH/index.php(57): CodeIgniter\Boot::bootWeb(Object(Config\Paths))
DEBUG - 2025-08-29 00:21:00 --> Session: Class initialized using 'CodeIgniter\Session\Handlers\FileHandler' driver.
WARNING - 2025-08-29 00:21:00 --> [DEPRECATED] addslashes(): Passing null to parameter #1 ($string) of type string is deprecated in APPPATH/Views/service_list.php on line 10.
 1 APPPATH/Views/service_list.php(10): addslashes(null)
 2 SYSTEMPATH/View/View.php(224): include('/home/u810214334/domains/embellish-beauty.co.uk/public_html/app/Views/service_list.php')
 3 SYSTEMPATH/View/View.php(227): CodeIgniter\View\View->CodeIgniter\View\{closure}()
 4 SYSTEMPATH/Common.php(1173): CodeIgniter\View\View->render('service_list', [], true)
 5 APPPATH/Controllers/Home.php(129): view('service_list', [...])
 6 SYSTEMPATH/CodeIgniter.php(933): App\Controllers\Home->fetch_services()
 7 SYSTEMPATH/CodeIgniter.php(507): CodeIgniter\CodeIgniter->runController(Object(App\Controllers\Home))
 8 SYSTEMPATH/CodeIgniter.php(354): CodeIgniter\CodeIgniter->handleRequest(null, Object(Config\Cache), false)
 9 SYSTEMPATH/Boot.php(334): CodeIgniter\CodeIgniter->run()
10 SYSTEMPATH/Boot.php(67): CodeIgniter\Boot::runCodeIgniter(Object(CodeIgniter\CodeIgniter))
11 FCPATH/index.php(57): CodeIgniter\Boot::bootWeb(Object(Config\Paths))
WARNING - 2025-08-29 00:21:00 --> [DEPRECATED] addslashes(): Passing null to parameter #1 ($string) of type string is deprecated in APPPATH/Views/service_list.php on line 10.
 1 APPPATH/Views/service_list.php(10): addslashes(null)
 2 SYSTEMPATH/View/View.php(224): include('/home/u810214334/domains/embellish-beauty.co.uk/public_html/app/Views/service_list.php')
 3 SYSTEMPATH/View/View.php(227): CodeIgniter\View\View->CodeIgniter\View\{closure}()
 4 SYSTEMPATH/Common.php(1173): CodeIgniter\View\View->render('service_list', [], true)
 5 APPPATH/Controllers/Home.php(129): view('service_list', [...])
 6 SYSTEMPATH/CodeIgniter.php(933): App\Controllers\Home->fetch_services()
 7 SYSTEMPATH/CodeIgniter.php(507): CodeIgniter\CodeIgniter->runController(Object(App\Controllers\Home))
 8 SYSTEMPATH/CodeIgniter.php(354): CodeIgniter\CodeIgniter->handleRequest(null, Object(Config\Cache), false)
 9 SYSTEMPATH/Boot.php(334): CodeIgniter\CodeIgniter->run()
10 SYSTEMPATH/Boot.php(67): CodeIgniter\Boot::runCodeIgniter(Object(CodeIgniter\CodeIgniter))
11 FCPATH/index.php(57): CodeIgniter\Boot::bootWeb(Object(Config\Paths))
WARNING - 2025-08-29 00:21:00 --> [DEPRECATED] addslashes(): Passing null to parameter #1 ($string) of type string is deprecated in APPPATH/Views/service_list.php on line 10.
 1 APPPATH/Views/service_list.php(10): addslashes(null)
 2 SYSTEMPATH/View/View.php(224): include('/home/u810214334/domains/embellish-beauty.co.uk/public_html/app/Views/service_list.php')
 3 SYSTEMPATH/View/View.php(227): CodeIgniter\View\View->CodeIgniter\View\{closure}()
 4 SYSTEMPATH/Common.php(1173): CodeIgniter\View\View->render('service_list', [], true)
 5 APPPATH/Controllers/Home.php(129): view('service_list', [...])
 6 SYSTEMPATH/CodeIgniter.php(933): App\Controllers\Home->fetch_services()
 7 SYSTEMPATH/CodeIgniter.php(507): CodeIgniter\CodeIgniter->runController(Object(App\Controllers\Home))
 8 SYSTEMPATH/CodeIgniter.php(354): CodeIgniter\CodeIgniter->handleRequest(null, Object(Config\Cache), false)
 9 SYSTEMPATH/Boot.php(334): CodeIgniter\CodeIgniter->run()
10 SYSTEMPATH/Boot.php(67): CodeIgniter\Boot::runCodeIgniter(Object(CodeIgniter\CodeIgniter))
11 FCPATH/index.php(57): CodeIgniter\Boot::bootWeb(Object(Config\Paths))
WARNING - 2025-08-29 00:21:00 --> [DEPRECATED] addslashes(): Passing null to parameter #1 ($string) of type string is deprecated in APPPATH/Views/service_list.php on line 10.
 1 APPPATH/Views/service_list.php(10): addslashes(null)
 2 SYSTEMPATH/View/View.php(224): include('/home/u810214334/domains/embellish-beauty.co.uk/public_html/app/Views/service_list.php')
 3 SYSTEMPATH/View/View.php(227): CodeIgniter\View\View->CodeIgniter\View\{closure}()
 4 SYSTEMPATH/Common.php(1173): CodeIgniter\View\View->render('service_list', [], true)
 5 APPPATH/Controllers/Home.php(129): view('service_list', [...])
 6 SYSTEMPATH/CodeIgniter.php(933): App\Controllers\Home->fetch_services()
 7 SYSTEMPATH/CodeIgniter.php(507): CodeIgniter\CodeIgniter->runController(Object(App\Controllers\Home))
 8 SYSTEMPATH/CodeIgniter.php(354): CodeIgniter\CodeIgniter->handleRequest(null, Object(Config\Cache), false)
 9 SYSTEMPATH/Boot.php(334): CodeIgniter\CodeIgniter->run()
10 SYSTEMPATH/Boot.php(67): CodeIgniter\Boot::runCodeIgniter(Object(CodeIgniter\CodeIgniter))
11 FCPATH/index.php(57): CodeIgniter\Boot::bootWeb(Object(Config\Paths))
WARNING - 2025-08-29 00:21:00 --> [DEPRECATED] addslashes(): Passing null to parameter #1 ($string) of type string is deprecated in APPPATH/Views/service_list.php on line 10.
 1 APPPATH/Views/service_list.php(10): addslashes(null)
 2 SYSTEMPATH/View/View.php(224): include('/home/u810214334/domains/embellish-beauty.co.uk/public_html/app/Views/service_list.php')
 3 SYSTEMPATH/View/View.php(227): CodeIgniter\View\View->CodeIgniter\View\{closure}()
 4 SYSTEMPATH/Common.php(1173): CodeIgniter\View\View->render('service_list', [], true)
 5 APPPATH/Controllers/Home.php(129): view('service_list', [...])
 6 SYSTEMPATH/CodeIgniter.php(933): App\Controllers\Home->fetch_services()
 7 SYSTEMPATH/CodeIgniter.php(507): CodeIgniter\CodeIgniter->runController(Object(App\Controllers\Home))
 8 SYSTEMPATH/CodeIgniter.php(354): CodeIgniter\CodeIgniter->handleRequest(null, Object(Config\Cache), false)
 9 SYSTEMPATH/Boot.php(334): CodeIgniter\CodeIgniter->run()
10 SYSTEMPATH/Boot.php(67): CodeIgniter\Boot::runCodeIgniter(Object(CodeIgniter\CodeIgniter))
11 FCPATH/index.php(57): CodeIgniter\Boot::bootWeb(Object(Config\Paths))
WARNING - 2025-08-29 00:21:00 --> [DEPRECATED] addslashes(): Passing null to parameter #1 ($string) of type string is deprecated in APPPATH/Views/service_list.php on line 10.
 1 APPPATH/Views/service_list.php(10): addslashes(null)
 2 SYSTEMPATH/View/View.php(224): include('/home/u810214334/domains/embellish-beauty.co.uk/public_html/app/Views/service_list.php')
 3 SYSTEMPATH/View/View.php(227): CodeIgniter\View\View->CodeIgniter\View\{closure}()
 4 SYSTEMPATH/Common.php(1173): CodeIgniter\View\View->render('service_list', [], true)
 5 APPPATH/Controllers/Home.php(129): view('service_list', [...])
 6 SYSTEMPATH/CodeIgniter.php(933): App\Controllers\Home->fetch_services()
 7 SYSTEMPATH/CodeIgniter.php(507): CodeIgniter\CodeIgniter->runController(Object(App\Controllers\Home))
 8 SYSTEMPATH/CodeIgniter.php(354): CodeIgniter\CodeIgniter->handleRequest(null, Object(Config\Cache), false)
 9 SYSTEMPATH/Boot.php(334): CodeIgniter\CodeIgniter->run()
10 SYSTEMPATH/Boot.php(67): CodeIgniter\Boot::runCodeIgniter(Object(CodeIgniter\CodeIgniter))
11 FCPATH/index.php(57): CodeIgniter\Boot::bootWeb(Object(Config\Paths))
WARNING - 2025-08-29 00:21:00 --> [DEPRECATED] addslashes(): Passing null to parameter #1 ($string) of type string is deprecated in APPPATH/Views/service_list.php on line 10.
 1 APPPATH/Views/service_list.php(10): addslashes(null)
 2 SYSTEMPATH/View/View.php(224): include('/home/u810214334/domains/embellish-beauty.co.uk/public_html/app/Views/service_list.php')
 3 SYSTEMPATH/View/View.php(227): CodeIgniter\View\View->CodeIgniter\View\{closure}()
 4 SYSTEMPATH/Common.php(1173): CodeIgniter\View\View->render('service_list', [], true)
 5 APPPATH/Controllers/Home.php(129): view('service_list', [...])
 6 SYSTEMPATH/CodeIgniter.php(933): App\Controllers\Home->fetch_services()
 7 SYSTEMPATH/CodeIgniter.php(507): CodeIgniter\CodeIgniter->runController(Object(App\Controllers\Home))
 8 SYSTEMPATH/CodeIgniter.php(354): CodeIgniter\CodeIgniter->handleRequest(null, Object(Config\Cache), false)
 9 SYSTEMPATH/Boot.php(334): CodeIgniter\CodeIgniter->run()
10 SYSTEMPATH/Boot.php(67): CodeIgniter\Boot::runCodeIgniter(Object(CodeIgniter\CodeIgniter))
11 FCPATH/index.php(57): CodeIgniter\Boot::bootWeb(Object(Config\Paths))
WARNING - 2025-08-29 00:21:00 --> [DEPRECATED] addslashes(): Passing null to parameter #1 ($string) of type string is deprecated in APPPATH/Views/service_list.php on line 10.
 1 APPPATH/Views/service_list.php(10): addslashes(null)
 2 SYSTEMPATH/View/View.php(224): include('/home/u810214334/domains/embellish-beauty.co.uk/public_html/app/Views/service_list.php')
 3 SYSTEMPATH/View/View.php(227): CodeIgniter\View\View->CodeIgniter\View\{closure}()
 4 SYSTEMPATH/Common.php(1173): CodeIgniter\View\View->render('service_list', [], true)
 5 APPPATH/Controllers/Home.php(129): view('service_list', [...])
 6 SYSTEMPATH/CodeIgniter.php(933): App\Controllers\Home->fetch_services()
 7 SYSTEMPATH/CodeIgniter.php(507): CodeIgniter\CodeIgniter->runController(Object(App\Controllers\Home))
 8 SYSTEMPATH/CodeIgniter.php(354): CodeIgniter\CodeIgniter->handleRequest(null, Object(Config\Cache), false)
 9 SYSTEMPATH/Boot.php(334): CodeIgniter\CodeIgniter->run()
10 SYSTEMPATH/Boot.php(67): CodeIgniter\Boot::runCodeIgniter(Object(CodeIgniter\CodeIgniter))
11 FCPATH/index.php(57): CodeIgniter\Boot::bootWeb(Object(Config\Paths))
WARNING - 2025-08-29 00:21:00 --> [DEPRECATED] addslashes(): Passing null to parameter #1 ($string) of type string is deprecated in APPPATH/Views/service_list.php on line 10.
 1 APPPATH/Views/service_list.php(10): addslashes(null)
 2 SYSTEMPATH/View/View.php(224): include('/home/u810214334/domains/embellish-beauty.co.uk/public_html/app/Views/service_list.php')
 3 SYSTEMPATH/View/View.php(227): CodeIgniter\View\View->CodeIgniter\View\{closure}()
 4 SYSTEMPATH/Common.php(1173): CodeIgniter\View\View->render('service_list', [], true)
 5 APPPATH/Controllers/Home.php(129): view('service_list', [...])
 6 SYSTEMPATH/CodeIgniter.php(933): App\Controllers\Home->fetch_services()
 7 SYSTEMPATH/CodeIgniter.php(507): CodeIgniter\CodeIgniter->runController(Object(App\Controllers\Home))
 8 SYSTEMPATH/CodeIgniter.php(354): CodeIgniter\CodeIgniter->handleRequest(null, Object(Config\Cache), false)
 9 SYSTEMPATH/Boot.php(334): CodeIgniter\CodeIgniter->run()
10 SYSTEMPATH/Boot.php(67): CodeIgniter\Boot::runCodeIgniter(Object(CodeIgniter\CodeIgniter))
11 FCPATH/index.php(57): CodeIgniter\Boot::bootWeb(Object(Config\Paths))
DEBUG - 2025-08-29 00:21:00 --> Session: Class initialized using 'CodeIgniter\Session\Handlers\FileHandler' driver.
WARNING - 2025-08-29 00:21:00 --> [DEPRECATED] addslashes(): Passing null to parameter #1 ($string) of type string is deprecated in APPPATH/Views/service_list.php on line 10.
 1 APPPATH/Views/service_list.php(10): addslashes(null)
 2 SYSTEMPATH/View/View.php(224): include('/home/u810214334/domains/embellish-beauty.co.uk/public_html/app/Views/service_list.php')
 3 SYSTEMPATH/View/View.php(227): CodeIgniter\View\View->CodeIgniter\View\{closure}()
 4 SYSTEMPATH/Common.php(1173): CodeIgniter\View\View->render('service_list', [], true)
 5 APPPATH/Controllers/Home.php(129): view('service_list', [...])
 6 SYSTEMPATH/CodeIgniter.php(933): App\Controllers\Home->fetch_services()
 7 SYSTEMPATH/CodeIgniter.php(507): CodeIgniter\CodeIgniter->runController(Object(App\Controllers\Home))
 8 SYSTEMPATH/CodeIgniter.php(354): CodeIgniter\CodeIgniter->handleRequest(null, Object(Config\Cache), false)
 9 SYSTEMPATH/Boot.php(334): CodeIgniter\CodeIgniter->run()
10 SYSTEMPATH/Boot.php(67): CodeIgniter\Boot::runCodeIgniter(Object(CodeIgniter\CodeIgniter))
11 FCPATH/index.php(57): CodeIgniter\Boot::bootWeb(Object(Config\Paths))
WARNING - 2025-08-29 00:21:00 --> [DEPRECATED] addslashes(): Passing null to parameter #1 ($string) of type string is deprecated in APPPATH/Views/service_list.php on line 10.
 1 APPPATH/Views/service_list.php(10): addslashes(null)
 2 SYSTEMPATH/View/View.php(224): include('/home/u810214334/domains/embellish-beauty.co.uk/public_html/app/Views/service_list.php')
 3 SYSTEMPATH/View/View.php(227): CodeIgniter\View\View->CodeIgniter\View\{closure}()
 4 SYSTEMPATH/Common.php(1173): CodeIgniter\View\View->render('service_list', [], true)
 5 APPPATH/Controllers/Home.php(129): view('service_list', [...])
 6 SYSTEMPATH/CodeIgniter.php(933): App\Controllers\Home->fetch_services()
 7 SYSTEMPATH/CodeIgniter.php(507): CodeIgniter\CodeIgniter->runController(Object(App\Controllers\Home))
 8 SYSTEMPATH/CodeIgniter.php(354): CodeIgniter\CodeIgniter->handleRequest(null, Object(Config\Cache), false)
 9 SYSTEMPATH/Boot.php(334): CodeIgniter\CodeIgniter->run()
10 SYSTEMPATH/Boot.php(67): CodeIgniter\Boot::runCodeIgniter(Object(CodeIgniter\CodeIgniter))
11 FCPATH/index.php(57): CodeIgniter\Boot::bootWeb(Object(Config\Paths))
WARNING - 2025-08-29 00:21:00 --> [DEPRECATED] addslashes(): Passing null to parameter #1 ($string) of type string is deprecated in APPPATH/Views/service_list.php on line 10.
 1 APPPATH/Views/service_list.php(10): addslashes(null)
 2 SYSTEMPATH/View/View.php(224): include('/home/u810214334/domains/embellish-beauty.co.uk/public_html/app/Views/service_list.php')
 3 SYSTEMPATH/View/View.php(227): CodeIgniter\View\View->CodeIgniter\View\{closure}()
 4 SYSTEMPATH/Common.php(1173): CodeIgniter\View\View->render('service_list', [], true)
 5 APPPATH/Controllers/Home.php(129): view('service_list', [...])
 6 SYSTEMPATH/CodeIgniter.php(933): App\Controllers\Home->fetch_services()
 7 SYSTEMPATH/CodeIgniter.php(507): CodeIgniter\CodeIgniter->runController(Object(App\Controllers\Home))
 8 SYSTEMPATH/CodeIgniter.php(354): CodeIgniter\CodeIgniter->handleRequest(null, Object(Config\Cache), false)
 9 SYSTEMPATH/Boot.php(334): CodeIgniter\CodeIgniter->run()
10 SYSTEMPATH/Boot.php(67): CodeIgniter\Boot::runCodeIgniter(Object(CodeIgniter\CodeIgniter))
11 FCPATH/index.php(57): CodeIgniter\Boot::bootWeb(Object(Config\Paths))
WARNING - 2025-08-29 00:21:00 --> [DEPRECATED] addslashes(): Passing null to parameter #1 ($string) of type string is deprecated in APPPATH/Views/service_list.php on line 10.
 1 APPPATH/Views/service_list.php(10): addslashes(null)
 2 SYSTEMPATH/View/View.php(224): include('/home/u810214334/domains/embellish-beauty.co.uk/public_html/app/Views/service_list.php')
 3 SYSTEMPATH/View/View.php(227): CodeIgniter\View\View->CodeIgniter\View\{closure}()
 4 SYSTEMPATH/Common.php(1173): CodeIgniter\View\View->render('service_list', [], true)
 5 APPPATH/Controllers/Home.php(129): view('service_list', [...])
 6 SYSTEMPATH/CodeIgniter.php(933): App\Controllers\Home->fetch_services()
 7 SYSTEMPATH/CodeIgniter.php(507): CodeIgniter\CodeIgniter->runController(Object(App\Controllers\Home))
 8 SYSTEMPATH/CodeIgniter.php(354): CodeIgniter\CodeIgniter->handleRequest(null, Object(Config\Cache), false)
 9 SYSTEMPATH/Boot.php(334): CodeIgniter\CodeIgniter->run()
10 SYSTEMPATH/Boot.php(67): CodeIgniter\Boot::runCodeIgniter(Object(CodeIgniter\CodeIgniter))
11 FCPATH/index.php(57): CodeIgniter\Boot::bootWeb(Object(Config\Paths))
WARNING - 2025-08-29 00:21:00 --> [DEPRECATED] addslashes(): Passing null to parameter #1 ($string) of type string is deprecated in APPPATH/Views/service_list.php on line 10.
 1 APPPATH/Views/service_list.php(10): addslashes(null)
 2 SYSTEMPATH/View/View.php(224): include('/home/u810214334/domains/embellish-beauty.co.uk/public_html/app/Views/service_list.php')
 3 SYSTEMPATH/View/View.php(227): CodeIgniter\View\View->CodeIgniter\View\{closure}()
 4 SYSTEMPATH/Common.php(1173): CodeIgniter\View\View->render('service_list', [], true)
 5 APPPATH/Controllers/Home.php(129): view('service_list', [...])
 6 SYSTEMPATH/CodeIgniter.php(933): App\Controllers\Home->fetch_services()
 7 SYSTEMPATH/CodeIgniter.php(507): CodeIgniter\CodeIgniter->runController(Object(App\Controllers\Home))
 8 SYSTEMPATH/CodeIgniter.php(354): CodeIgniter\CodeIgniter->handleRequest(null, Object(Config\Cache), false)
 9 SYSTEMPATH/Boot.php(334): CodeIgniter\CodeIgniter->run()
10 SYSTEMPATH/Boot.php(67): CodeIgniter\Boot::runCodeIgniter(Object(CodeIgniter\CodeIgniter))
11 FCPATH/index.php(57): CodeIgniter\Boot::bootWeb(Object(Config\Paths))
WARNING - 2025-08-29 00:21:00 --> [DEPRECATED] addslashes(): Passing null to parameter #1 ($string) of type string is deprecated in APPPATH/Views/service_list.php on line 10.
 1 APPPATH/Views/service_list.php(10): addslashes(null)
 2 SYSTEMPATH/View/View.php(224): include('/home/u810214334/domains/embellish-beauty.co.uk/public_html/app/Views/service_list.php')
 3 SYSTEMPATH/View/View.php(227): CodeIgniter\View\View->CodeIgniter\View\{closure}()
 4 SYSTEMPATH/Common.php(1173): CodeIgniter\View\View->render('service_list', [], true)
 5 APPPATH/Controllers/Home.php(129): view('service_list', [...])
 6 SYSTEMPATH/CodeIgniter.php(933): App\Controllers\Home->fetch_services()
 7 SYSTEMPATH/CodeIgniter.php(507): CodeIgniter\CodeIgniter->runController(Object(App\Controllers\Home))
 8 SYSTEMPATH/CodeIgniter.php(354): CodeIgniter\CodeIgniter->handleRequest(null, Object(Config\Cache), false)
 9 SYSTEMPATH/Boot.php(334): CodeIgniter\CodeIgniter->run()
10 SYSTEMPATH/Boot.php(67): CodeIgniter\Boot::runCodeIgniter(Object(CodeIgniter\CodeIgniter))
11 FCPATH/index.php(57): CodeIgniter\Boot::bootWeb(Object(Config\Paths))
WARNING - 2025-08-29 00:21:00 --> [DEPRECATED] addslashes(): Passing null to parameter #1 ($string) of type string is deprecated in APPPATH/Views/service_list.php on line 10.
 1 APPPATH/Views/service_list.php(10): addslashes(null)
 2 SYSTEMPATH/View/View.php(224): include('/home/u810214334/domains/embellish-beauty.co.uk/public_html/app/Views/service_list.php')
 3 SYSTEMPATH/View/View.php(227): CodeIgniter\View\View->CodeIgniter\View\{closure}()
 4 SYSTEMPATH/Common.php(1173): CodeIgniter\View\View->render('service_list', [], true)
 5 APPPATH/Controllers/Home.php(129): view('service_list', [...])
 6 SYSTEMPATH/CodeIgniter.php(933): App\Controllers\Home->fetch_services()
 7 SYSTEMPATH/CodeIgniter.php(507): CodeIgniter\CodeIgniter->runController(Object(App\Controllers\Home))
 8 SYSTEMPATH/CodeIgniter.php(354): CodeIgniter\CodeIgniter->handleRequest(null, Object(Config\Cache), false)
 9 SYSTEMPATH/Boot.php(334): CodeIgniter\CodeIgniter->run()
10 SYSTEMPATH/Boot.php(67): CodeIgniter\Boot::runCodeIgniter(Object(CodeIgniter\CodeIgniter))
11 FCPATH/index.php(57): CodeIgniter\Boot::bootWeb(Object(Config\Paths))
WARNING - 2025-08-29 00:21:00 --> [DEPRECATED] addslashes(): Passing null to parameter #1 ($string) of type string is deprecated in APPPATH/Views/service_list.php on line 10.
 1 APPPATH/Views/service_list.php(10): addslashes(null)
 2 SYSTEMPATH/View/View.php(224): include('/home/u810214334/domains/embellish-beauty.co.uk/public_html/app/Views/service_list.php')
 3 SYSTEMPATH/View/View.php(227): CodeIgniter\View\View->CodeIgniter\View\{closure}()
 4 SYSTEMPATH/Common.php(1173): CodeIgniter\View\View->render('service_list', [], true)
 5 APPPATH/Controllers/Home.php(129): view('service_list', [...])
 6 SYSTEMPATH/CodeIgniter.php(933): App\Controllers\Home->fetch_services()
 7 SYSTEMPATH/CodeIgniter.php(507): CodeIgniter\CodeIgniter->runController(Object(App\Controllers\Home))
 8 SYSTEMPATH/CodeIgniter.php(354): CodeIgniter\CodeIgniter->handleRequest(null, Object(Config\Cache), false)
 9 SYSTEMPATH/Boot.php(334): CodeIgniter\CodeIgniter->run()
10 SYSTEMPATH/Boot.php(67): CodeIgniter\Boot::runCodeIgniter(Object(CodeIgniter\CodeIgniter))
11 FCPATH/index.php(57): CodeIgniter\Boot::bootWeb(Object(Config\Paths))
WARNING - 2025-08-29 00:21:00 --> [DEPRECATED] addslashes(): Passing null to parameter #1 ($string) of type string is deprecated in APPPATH/Views/service_list.php on line 10.
 1 APPPATH/Views/service_list.php(10): addslashes(null)
 2 SYSTEMPATH/View/View.php(224): include('/home/u810214334/domains/embellish-beauty.co.uk/public_html/app/Views/service_list.php')
 3 SYSTEMPATH/View/View.php(227): CodeIgniter\View\View->CodeIgniter\View\{closure}()
 4 SYSTEMPATH/Common.php(1173): CodeIgniter\View\View->render('service_list', [], true)
 5 APPPATH/Controllers/Home.php(129): view('service_list', [...])
 6 SYSTEMPATH/CodeIgniter.php(933): App\Controllers\Home->fetch_services()
 7 SYSTEMPATH/CodeIgniter.php(507): CodeIgniter\CodeIgniter->runController(Object(App\Controllers\Home))
 8 SYSTEMPATH/CodeIgniter.php(354): CodeIgniter\CodeIgniter->handleRequest(null, Object(Config\Cache), false)
 9 SYSTEMPATH/Boot.php(334): CodeIgniter\CodeIgniter->run()
10 SYSTEMPATH/Boot.php(67): CodeIgniter\Boot::runCodeIgniter(Object(CodeIgniter\CodeIgniter))
11 FCPATH/index.php(57): CodeIgniter\Boot::bootWeb(Object(Config\Paths))
DEBUG - 2025-08-29 00:21:01 --> Session: Class initialized using 'CodeIgniter\Session\Handlers\FileHandler' driver.
WARNING - 2025-08-29 00:21:02 --> [DEPRECATED] addslashes(): Passing null to parameter #1 ($string) of type string is deprecated in APPPATH/Views/service_list.php on line 10.
 1 APPPATH/Views/service_list.php(10): addslashes(null)
 2 SYSTEMPATH/View/View.php(224): include('/home/u810214334/domains/embellish-beauty.co.uk/public_html/app/Views/service_list.php')
 3 SYSTEMPATH/View/View.php(227): CodeIgniter\View\View->CodeIgniter\View\{closure}()
 4 SYSTEMPATH/Common.php(1173): CodeIgniter\View\View->render('service_list', [], true)
 5 APPPATH/Controllers/Home.php(129): view('service_list', [...])
 6 SYSTEMPATH/CodeIgniter.php(933): App\Controllers\Home->fetch_services()
 7 SYSTEMPATH/CodeIgniter.php(507): CodeIgniter\CodeIgniter->runController(Object(App\Controllers\Home))
 8 SYSTEMPATH/CodeIgniter.php(354): CodeIgniter\CodeIgniter->handleRequest(null, Object(Config\Cache), false)
 9 SYSTEMPATH/Boot.php(334): CodeIgniter\CodeIgniter->run()
10 SYSTEMPATH/Boot.php(67): CodeIgniter\Boot::runCodeIgniter(Object(CodeIgniter\CodeIgniter))
11 FCPATH/index.php(57): CodeIgniter\Boot::bootWeb(Object(Config\Paths))
WARNING - 2025-08-29 00:21:02 --> [DEPRECATED] addslashes(): Passing null to parameter #1 ($string) of type string is deprecated in APPPATH/Views/service_list.php on line 10.
 1 APPPATH/Views/service_list.php(10): addslashes(null)
 2 SYSTEMPATH/View/View.php(224): include('/home/u810214334/domains/embellish-beauty.co.uk/public_html/app/Views/service_list.php')
 3 SYSTEMPATH/View/View.php(227): CodeIgniter\View\View->CodeIgniter\View\{closure}()
 4 SYSTEMPATH/Common.php(1173): CodeIgniter\View\View->render('service_list', [], true)
 5 APPPATH/Controllers/Home.php(129): view('service_list', [...])
 6 SYSTEMPATH/CodeIgniter.php(933): App\Controllers\Home->fetch_services()
 7 SYSTEMPATH/CodeIgniter.php(507): CodeIgniter\CodeIgniter->runController(Object(App\Controllers\Home))
 8 SYSTEMPATH/CodeIgniter.php(354): CodeIgniter\CodeIgniter->handleRequest(null, Object(Config\Cache), false)
 9 SYSTEMPATH/Boot.php(334): CodeIgniter\CodeIgniter->run()
10 SYSTEMPATH/Boot.php(67): CodeIgniter\Boot::runCodeIgniter(Object(CodeIgniter\CodeIgniter))
11 FCPATH/index.php(57): CodeIgniter\Boot::bootWeb(Object(Config\Paths))
WARNING - 2025-08-29 00:21:02 --> [DEPRECATED] addslashes(): Passing null to parameter #1 ($string) of type string is deprecated in APPPATH/Views/service_list.php on line 10.
 1 APPPATH/Views/service_list.php(10): addslashes(null)
 2 SYSTEMPATH/View/View.php(224): include('/home/u810214334/domains/embellish-beauty.co.uk/public_html/app/Views/service_list.php')
 3 SYSTEMPATH/View/View.php(227): CodeIgniter\View\View->CodeIgniter\View\{closure}()
 4 SYSTEMPATH/Common.php(1173): CodeIgniter\View\View->render('service_list', [], true)
 5 APPPATH/Controllers/Home.php(129): view('service_list', [...])
 6 SYSTEMPATH/CodeIgniter.php(933): App\Controllers\Home->fetch_services()
 7 SYSTEMPATH/CodeIgniter.php(507): CodeIgniter\CodeIgniter->runController(Object(App\Controllers\Home))
 8 SYSTEMPATH/CodeIgniter.php(354): CodeIgniter\CodeIgniter->handleRequest(null, Object(Config\Cache), false)
 9 SYSTEMPATH/Boot.php(334): CodeIgniter\CodeIgniter->run()
10 SYSTEMPATH/Boot.php(67): CodeIgniter\Boot::runCodeIgniter(Object(CodeIgniter\CodeIgniter))
11 FCPATH/index.php(57): CodeIgniter\Boot::bootWeb(Object(Config\Paths))
WARNING - 2025-08-29 00:21:02 --> [DEPRECATED] addslashes(): Passing null to parameter #1 ($string) of type string is deprecated in APPPATH/Views/service_list.php on line 10.
 1 APPPATH/Views/service_list.php(10): addslashes(null)
 2 SYSTEMPATH/View/View.php(224): include('/home/u810214334/domains/embellish-beauty.co.uk/public_html/app/Views/service_list.php')
 3 SYSTEMPATH/View/View.php(227): CodeIgniter\View\View->CodeIgniter\View\{closure}()
 4 SYSTEMPATH/Common.php(1173): CodeIgniter\View\View->render('service_list', [], true)
 5 APPPATH/Controllers/Home.php(129): view('service_list', [...])
 6 SYSTEMPATH/CodeIgniter.php(933): App\Controllers\Home->fetch_services()
 7 SYSTEMPATH/CodeIgniter.php(507): CodeIgniter\CodeIgniter->runController(Object(App\Controllers\Home))
 8 SYSTEMPATH/CodeIgniter.php(354): CodeIgniter\CodeIgniter->handleRequest(null, Object(Config\Cache), false)
 9 SYSTEMPATH/Boot.php(334): CodeIgniter\CodeIgniter->run()
10 SYSTEMPATH/Boot.php(67): CodeIgniter\Boot::runCodeIgniter(Object(CodeIgniter\CodeIgniter))
11 FCPATH/index.php(57): CodeIgniter\Boot::bootWeb(Object(Config\Paths))
WARNING - 2025-08-29 00:21:02 --> [DEPRECATED] addslashes(): Passing null to parameter #1 ($string) of type string is deprecated in APPPATH/Views/service_list.php on line 10.
 1 APPPATH/Views/service_list.php(10): addslashes(null)
 2 SYSTEMPATH/View/View.php(224): include('/home/u810214334/domains/embellish-beauty.co.uk/public_html/app/Views/service_list.php')
 3 SYSTEMPATH/View/View.php(227): CodeIgniter\View\View->CodeIgniter\View\{closure}()
 4 SYSTEMPATH/Common.php(1173): CodeIgniter\View\View->render('service_list', [], true)
 5 APPPATH/Controllers/Home.php(129): view('service_list', [...])
 6 SYSTEMPATH/CodeIgniter.php(933): App\Controllers\Home->fetch_services()
 7 SYSTEMPATH/CodeIgniter.php(507): CodeIgniter\CodeIgniter->runController(Object(App\Controllers\Home))
 8 SYSTEMPATH/CodeIgniter.php(354): CodeIgniter\CodeIgniter->handleRequest(null, Object(Config\Cache), false)
 9 SYSTEMPATH/Boot.php(334): CodeIgniter\CodeIgniter->run()
10 SYSTEMPATH/Boot.php(67): CodeIgniter\Boot::runCodeIgniter(Object(CodeIgniter\CodeIgniter))
11 FCPATH/index.php(57): CodeIgniter\Boot::bootWeb(Object(Config\Paths))
WARNING - 2025-08-29 00:21:02 --> [DEPRECATED] addslashes(): Passing null to parameter #1 ($string) of type string is deprecated in APPPATH/Views/service_list.php on line 10.
 1 APPPATH/Views/service_list.php(10): addslashes(null)
 2 SYSTEMPATH/View/View.php(224): include('/home/u810214334/domains/embellish-beauty.co.uk/public_html/app/Views/service_list.php')
 3 SYSTEMPATH/View/View.php(227): CodeIgniter\View\View->CodeIgniter\View\{closure}()
 4 SYSTEMPATH/Common.php(1173): CodeIgniter\View\View->render('service_list', [], true)
 5 APPPATH/Controllers/Home.php(129): view('service_list', [...])
 6 SYSTEMPATH/CodeIgniter.php(933): App\Controllers\Home->fetch_services()
 7 SYSTEMPATH/CodeIgniter.php(507): CodeIgniter\CodeIgniter->runController(Object(App\Controllers\Home))
 8 SYSTEMPATH/CodeIgniter.php(354): CodeIgniter\CodeIgniter->handleRequest(null, Object(Config\Cache), false)
 9 SYSTEMPATH/Boot.php(334): CodeIgniter\CodeIgniter->run()
10 SYSTEMPATH/Boot.php(67): CodeIgniter\Boot::runCodeIgniter(Object(CodeIgniter\CodeIgniter))
11 FCPATH/index.php(57): CodeIgniter\Boot::bootWeb(Object(Config\Paths))
WARNING - 2025-08-29 00:21:02 --> [DEPRECATED] addslashes(): Passing null to parameter #1 ($string) of type string is deprecated in APPPATH/Views/service_list.php on line 10.
 1 APPPATH/Views/service_list.php(10): addslashes(null)
 2 SYSTEMPATH/View/View.php(224): include('/home/u810214334/domains/embellish-beauty.co.uk/public_html/app/Views/service_list.php')
 3 SYSTEMPATH/View/View.php(227): CodeIgniter\View\View->CodeIgniter\View\{closure}()
 4 SYSTEMPATH/Common.php(1173): CodeIgniter\View\View->render('service_list', [], true)
 5 APPPATH/Controllers/Home.php(129): view('service_list', [...])
 6 SYSTEMPATH/CodeIgniter.php(933): App\Controllers\Home->fetch_services()
 7 SYSTEMPATH/CodeIgniter.php(507): CodeIgniter\CodeIgniter->runController(Object(App\Controllers\Home))
 8 SYSTEMPATH/CodeIgniter.php(354): CodeIgniter\CodeIgniter->handleRequest(null, Object(Config\Cache), false)
 9 SYSTEMPATH/Boot.php(334): CodeIgniter\CodeIgniter->run()
10 SYSTEMPATH/Boot.php(67): CodeIgniter\Boot::runCodeIgniter(Object(CodeIgniter\CodeIgniter))
11 FCPATH/index.php(57): CodeIgniter\Boot::bootWeb(Object(Config\Paths))
WARNING - 2025-08-29 00:21:02 --> [DEPRECATED] addslashes(): Passing null to parameter #1 ($string) of type string is deprecated in APPPATH/Views/service_list.php on line 10.
 1 APPPATH/Views/service_list.php(10): addslashes(null)
 2 SYSTEMPATH/View/View.php(224): include('/home/u810214334/domains/embellish-beauty.co.uk/public_html/app/Views/service_list.php')
 3 SYSTEMPATH/View/View.php(227): CodeIgniter\View\View->CodeIgniter\View\{closure}()
 4 SYSTEMPATH/Common.php(1173): CodeIgniter\View\View->render('service_list', [], true)
 5 APPPATH/Controllers/Home.php(129): view('service_list', [...])
 6 SYSTEMPATH/CodeIgniter.php(933): App\Controllers\Home->fetch_services()
 7 SYSTEMPATH/CodeIgniter.php(507): CodeIgniter\CodeIgniter->runController(Object(App\Controllers\Home))
 8 SYSTEMPATH/CodeIgniter.php(354): CodeIgniter\CodeIgniter->handleRequest(null, Object(Config\Cache), false)
 9 SYSTEMPATH/Boot.php(334): CodeIgniter\CodeIgniter->run()
10 SYSTEMPATH/Boot.php(67): CodeIgniter\Boot::runCodeIgniter(Object(CodeIgniter\CodeIgniter))
11 FCPATH/index.php(57): CodeIgniter\Boot::bootWeb(Object(Config\Paths))
DEBUG - 2025-08-29 00:21:03 --> Session: Class initialized using 'CodeIgniter\Session\Handlers\FileHandler' driver.
WARNING - 2025-08-29 00:21:03 --> [DEPRECATED] addslashes(): Passing null to parameter #1 ($string) of type string is deprecated in APPPATH/Views/service_list.php on line 10.
 1 APPPATH/Views/service_list.php(10): addslashes(null)
 2 SYSTEMPATH/View/View.php(224): include('/home/u810214334/domains/embellish-beauty.co.uk/public_html/app/Views/service_list.php')
 3 SYSTEMPATH/View/View.php(227): CodeIgniter\View\View->CodeIgniter\View\{closure}()
 4 SYSTEMPATH/Common.php(1173): CodeIgniter\View\View->render('service_list', [], true)
 5 APPPATH/Controllers/Home.php(129): view('service_list', [...])
 6 SYSTEMPATH/CodeIgniter.php(933): App\Controllers\Home->fetch_services()
 7 SYSTEMPATH/CodeIgniter.php(507): CodeIgniter\CodeIgniter->runController(Object(App\Controllers\Home))
 8 SYSTEMPATH/CodeIgniter.php(354): CodeIgniter\CodeIgniter->handleRequest(null, Object(Config\Cache), false)
 9 SYSTEMPATH/Boot.php(334): CodeIgniter\CodeIgniter->run()
10 SYSTEMPATH/Boot.php(67): CodeIgniter\Boot::runCodeIgniter(Object(CodeIgniter\CodeIgniter))
11 FCPATH/index.php(57): CodeIgniter\Boot::bootWeb(Object(Config\Paths))
WARNING - 2025-08-29 00:21:03 --> [DEPRECATED] addslashes(): Passing null to parameter #1 ($string) of type string is deprecated in APPPATH/Views/service_list.php on line 10.
 1 APPPATH/Views/service_list.php(10): addslashes(null)
 2 SYSTEMPATH/View/View.php(224): include('/home/u810214334/domains/embellish-beauty.co.uk/public_html/app/Views/service_list.php')
 3 SYSTEMPATH/View/View.php(227): CodeIgniter\View\View->CodeIgniter\View\{closure}()
 4 SYSTEMPATH/Common.php(1173): CodeIgniter\View\View->render('service_list', [], true)
 5 APPPATH/Controllers/Home.php(129): view('service_list', [...])
 6 SYSTEMPATH/CodeIgniter.php(933): App\Controllers\Home->fetch_services()
 7 SYSTEMPATH/CodeIgniter.php(507): CodeIgniter\CodeIgniter->runController(Object(App\Controllers\Home))
 8 SYSTEMPATH/CodeIgniter.php(354): CodeIgniter\CodeIgniter->handleRequest(null, Object(Config\Cache), false)
 9 SYSTEMPATH/Boot.php(334): CodeIgniter\CodeIgniter->run()
10 SYSTEMPATH/Boot.php(67): CodeIgniter\Boot::runCodeIgniter(Object(CodeIgniter\CodeIgniter))
11 FCPATH/index.php(57): CodeIgniter\Boot::bootWeb(Object(Config\Paths))
WARNING - 2025-08-29 00:21:03 --> [DEPRECATED] addslashes(): Passing null to parameter #1 ($string) of type string is deprecated in APPPATH/Views/service_list.php on line 10.
 1 APPPATH/Views/service_list.php(10): addslashes(null)
 2 SYSTEMPATH/View/View.php(224): include('/home/u810214334/domains/embellish-beauty.co.uk/public_html/app/Views/service_list.php')
 3 SYSTEMPATH/View/View.php(227): CodeIgniter\View\View->CodeIgniter\View\{closure}()
 4 SYSTEMPATH/Common.php(1173): CodeIgniter\View\View->render('service_list', [], true)
 5 APPPATH/Controllers/Home.php(129): view('service_list', [...])
 6 SYSTEMPATH/CodeIgniter.php(933): App\Controllers\Home->fetch_services()
 7 SYSTEMPATH/CodeIgniter.php(507): CodeIgniter\CodeIgniter->runController(Object(App\Controllers\Home))
 8 SYSTEMPATH/CodeIgniter.php(354): CodeIgniter\CodeIgniter->handleRequest(null, Object(Config\Cache), false)
 9 SYSTEMPATH/Boot.php(334): CodeIgniter\CodeIgniter->run()
10 SYSTEMPATH/Boot.php(67): CodeIgniter\Boot::runCodeIgniter(Object(CodeIgniter\CodeIgniter))
11 FCPATH/index.php(57): CodeIgniter\Boot::bootWeb(Object(Config\Paths))
WARNING - 2025-08-29 00:21:03 --> [DEPRECATED] addslashes(): Passing null to parameter #1 ($string) of type string is deprecated in APPPATH/Views/service_list.php on line 10.
 1 APPPATH/Views/service_list.php(10): addslashes(null)
 2 SYSTEMPATH/View/View.php(224): include('/home/u810214334/domains/embellish-beauty.co.uk/public_html/app/Views/service_list.php')
 3 SYSTEMPATH/View/View.php(227): CodeIgniter\View\View->CodeIgniter\View\{closure}()
 4 SYSTEMPATH/Common.php(1173): CodeIgniter\View\View->render('service_list', [], true)
 5 APPPATH/Controllers/Home.php(129): view('service_list', [...])
 6 SYSTEMPATH/CodeIgniter.php(933): App\Controllers\Home->fetch_services()
 7 SYSTEMPATH/CodeIgniter.php(507): CodeIgniter\CodeIgniter->runController(Object(App\Controllers\Home))
 8 SYSTEMPATH/CodeIgniter.php(354): CodeIgniter\CodeIgniter->handleRequest(null, Object(Config\Cache), false)
 9 SYSTEMPATH/Boot.php(334): CodeIgniter\CodeIgniter->run()
10 SYSTEMPATH/Boot.php(67): CodeIgniter\Boot::runCodeIgniter(Object(CodeIgniter\CodeIgniter))
11 FCPATH/index.php(57): CodeIgniter\Boot::bootWeb(Object(Config\Paths))
WARNING - 2025-08-29 00:21:03 --> [DEPRECATED] addslashes(): Passing null to parameter #1 ($string) of type string is deprecated in APPPATH/Views/service_list.php on line 10.
 1 APPPATH/Views/service_list.php(10): addslashes(null)
 2 SYSTEMPATH/View/View.php(224): include('/home/u810214334/domains/embellish-beauty.co.uk/public_html/app/Views/service_list.php')
 3 SYSTEMPATH/View/View.php(227): CodeIgniter\View\View->CodeIgniter\View\{closure}()
 4 SYSTEMPATH/Common.php(1173): CodeIgniter\View\View->render('service_list', [], true)
 5 APPPATH/Controllers/Home.php(129): view('service_list', [...])
 6 SYSTEMPATH/CodeIgniter.php(933): App\Controllers\Home->fetch_services()
 7 SYSTEMPATH/CodeIgniter.php(507): CodeIgniter\CodeIgniter->runController(Object(App\Controllers\Home))
 8 SYSTEMPATH/CodeIgniter.php(354): CodeIgniter\CodeIgniter->handleRequest(null, Object(Config\Cache), false)
 9 SYSTEMPATH/Boot.php(334): CodeIgniter\CodeIgniter->run()
10 SYSTEMPATH/Boot.php(67): CodeIgniter\Boot::runCodeIgniter(Object(CodeIgniter\CodeIgniter))
11 FCPATH/index.php(57): CodeIgniter\Boot::bootWeb(Object(Config\Paths))
WARNING - 2025-08-29 00:21:03 --> [DEPRECATED] addslashes(): Passing null to parameter #1 ($string) of type string is deprecated in APPPATH/Views/service_list.php on line 10.
 1 APPPATH/Views/service_list.php(10): addslashes(null)
 2 SYSTEMPATH/View/View.php(224): include('/home/u810214334/domains/embellish-beauty.co.uk/public_html/app/Views/service_list.php')
 3 SYSTEMPATH/View/View.php(227): CodeIgniter\View\View->CodeIgniter\View\{closure}()
 4 SYSTEMPATH/Common.php(1173): CodeIgniter\View\View->render('service_list', [], true)
 5 APPPATH/Controllers/Home.php(129): view('service_list', [...])
 6 SYSTEMPATH/CodeIgniter.php(933): App\Controllers\Home->fetch_services()
 7 SYSTEMPATH/CodeIgniter.php(507): CodeIgniter\CodeIgniter->runController(Object(App\Controllers\Home))
 8 SYSTEMPATH/CodeIgniter.php(354): CodeIgniter\CodeIgniter->handleRequest(null, Object(Config\Cache), false)
 9 SYSTEMPATH/Boot.php(334): CodeIgniter\CodeIgniter->run()
10 SYSTEMPATH/Boot.php(67): CodeIgniter\Boot::runCodeIgniter(Object(CodeIgniter\CodeIgniter))
11 FCPATH/index.php(57): CodeIgniter\Boot::bootWeb(Object(Config\Paths))
WARNING - 2025-08-29 00:21:03 --> [DEPRECATED] addslashes(): Passing null to parameter #1 ($string) of type string is deprecated in APPPATH/Views/service_list.php on line 10.
 1 APPPATH/Views/service_list.php(10): addslashes(null)
 2 SYSTEMPATH/View/View.php(224): include('/home/u810214334/domains/embellish-beauty.co.uk/public_html/app/Views/service_list.php')
 3 SYSTEMPATH/View/View.php(227): CodeIgniter\View\View->CodeIgniter\View\{closure}()
 4 SYSTEMPATH/Common.php(1173): CodeIgniter\View\View->render('service_list', [], true)
 5 APPPATH/Controllers/Home.php(129): view('service_list', [...])
 6 SYSTEMPATH/CodeIgniter.php(933): App\Controllers\Home->fetch_services()
 7 SYSTEMPATH/CodeIgniter.php(507): CodeIgniter\CodeIgniter->runController(Object(App\Controllers\Home))
 8 SYSTEMPATH/CodeIgniter.php(354): CodeIgniter\CodeIgniter->handleRequest(null, Object(Config\Cache), false)
 9 SYSTEMPATH/Boot.php(334): CodeIgniter\CodeIgniter->run()
10 SYSTEMPATH/Boot.php(67): CodeIgniter\Boot::runCodeIgniter(Object(CodeIgniter\CodeIgniter))
11 FCPATH/index.php(57): CodeIgniter\Boot::bootWeb(Object(Config\Paths))
WARNING - 2025-08-29 00:21:03 --> [DEPRECATED] addslashes(): Passing null to parameter #1 ($string) of type string is deprecated in APPPATH/Views/service_list.php on line 10.
 1 APPPATH/Views/service_list.php(10): addslashes(null)
 2 SYSTEMPATH/View/View.php(224): include('/home/u810214334/domains/embellish-beauty.co.uk/public_html/app/Views/service_list.php')
 3 SYSTEMPATH/View/View.php(227): CodeIgniter\View\View->CodeIgniter\View\{closure}()
 4 SYSTEMPATH/Common.php(1173): CodeIgniter\View\View->render('service_list', [], true)
 5 APPPATH/Controllers/Home.php(129): view('service_list', [...])
 6 SYSTEMPATH/CodeIgniter.php(933): App\Controllers\Home->fetch_services()
 7 SYSTEMPATH/CodeIgniter.php(507): CodeIgniter\CodeIgniter->runController(Object(App\Controllers\Home))
 8 SYSTEMPATH/CodeIgniter.php(354): CodeIgniter\CodeIgniter->handleRequest(null, Object(Config\Cache), false)
 9 SYSTEMPATH/Boot.php(334): CodeIgniter\CodeIgniter->run()
10 SYSTEMPATH/Boot.php(67): CodeIgniter\Boot::runCodeIgniter(Object(CodeIgniter\CodeIgniter))
11 FCPATH/index.php(57): CodeIgniter\Boot::bootWeb(Object(Config\Paths))
WARNING - 2025-08-29 00:21:03 --> [DEPRECATED] addslashes(): Passing null to parameter #1 ($string) of type string is deprecated in APPPATH/Views/service_list.php on line 10.
 1 APPPATH/Views/service_list.php(10): addslashes(null)
 2 SYSTEMPATH/View/View.php(224): include('/home/u810214334/domains/embellish-beauty.co.uk/public_html/app/Views/service_list.php')
 3 SYSTEMPATH/View/View.php(227): CodeIgniter\View\View->CodeIgniter\View\{closure}()
 4 SYSTEMPATH/Common.php(1173): CodeIgniter\View\View->render('service_list', [], true)
 5 APPPATH/Controllers/Home.php(129): view('service_list', [...])
 6 SYSTEMPATH/CodeIgniter.php(933): App\Controllers\Home->fetch_services()
 7 SYSTEMPATH/CodeIgniter.php(507): CodeIgniter\CodeIgniter->runController(Object(App\Controllers\Home))
 8 SYSTEMPATH/CodeIgniter.php(354): CodeIgniter\CodeIgniter->handleRequest(null, Object(Config\Cache), false)
 9 SYSTEMPATH/Boot.php(334): CodeIgniter\CodeIgniter->run()
10 SYSTEMPATH/Boot.php(67): CodeIgniter\Boot::runCodeIgniter(Object(CodeIgniter\CodeIgniter))
11 FCPATH/index.php(57): CodeIgniter\Boot::bootWeb(Object(Config\Paths))
DEBUG - 2025-08-29 00:21:22 --> Session: Class initialized using 'CodeIgniter\Session\Handlers\FileHandler' driver.
DEBUG - 2025-08-29 00:29:17 --> Session: Class initialized using 'CodeIgniter\Session\Handlers\FileHandler' driver.
DEBUG - 2025-08-29 00:42:18 --> Session: Class initialized using 'CodeIgniter\Session\Handlers\FileHandler' driver.
DEBUG - 2025-08-29 00:42:18 --> Session: Class initialized using 'CodeIgniter\Session\Handlers\FileHandler' driver.
DEBUG - 2025-08-29 00:42:31 --> Session: Class initialized using 'CodeIgniter\Session\Handlers\FileHandler' driver.
DEBUG - 2025-08-29 00:42:31 --> Session: Class initialized using 'CodeIgniter\Session\Handlers\FileHandler' driver.
DEBUG - 2025-08-29 00:42:31 --> Session: Class initialized using 'CodeIgniter\Session\Handlers\FileHandler' driver.
DEBUG - 2025-08-29 00:42:50 --> Session: Class initialized using 'CodeIgniter\Session\Handlers\FileHandler' driver.
DEBUG - 2025-08-29 00:43:19 --> Session: Class initialized using 'CodeIgniter\Session\Handlers\FileHandler' driver.
DEBUG - 2025-08-29 00:43:20 --> Session: Class initialized using 'CodeIgniter\Session\Handlers\FileHandler' driver.
DEBUG - 2025-08-29 00:43:27 --> Session: Class initialized using 'CodeIgniter\Session\Handlers\FileHandler' driver.
DEBUG - 2025-08-29 00:43:27 --> Session: Class initialized using 'CodeIgniter\Session\Handlers\FileHandler' driver.
DEBUG - 2025-08-29 00:43:28 --> Session: Class initialized using 'CodeIgniter\Session\Handlers\FileHandler' driver.
DEBUG - 2025-08-29 00:43:29 --> Session: Class initialized using 'CodeIgniter\Session\Handlers\FileHandler' driver.
DEBUG - 2025-08-29 00:43:29 --> Session: Class initialized using 'CodeIgniter\Session\Handlers\FileHandler' driver.
WARNING - 2025-08-29 00:43:29 --> [DEPRECATED] addslashes(): Passing null to parameter #1 ($string) of type string is deprecated in APPPATH/Views/service_list.php on line 10.
 1 APPPATH/Views/service_list.php(10): addslashes(null)
 2 SYSTEMPATH/View/View.php(224): include('/home/u810214334/domains/embellish-beauty.co.uk/public_html/app/Views/service_list.php')
 3 SYSTEMPATH/View/View.php(227): CodeIgniter\View\View->CodeIgniter\View\{closure}()
 4 SYSTEMPATH/Common.php(1173): CodeIgniter\View\View->render('service_list', [], true)
 5 APPPATH/Controllers/Home.php(129): view('service_list', [...])
 6 SYSTEMPATH/CodeIgniter.php(933): App\Controllers\Home->fetch_services()
 7 SYSTEMPATH/CodeIgniter.php(507): CodeIgniter\CodeIgniter->runController(Object(App\Controllers\Home))
 8 SYSTEMPATH/CodeIgniter.php(354): CodeIgniter\CodeIgniter->handleRequest(null, Object(Config\Cache), false)
 9 SYSTEMPATH/Boot.php(334): CodeIgniter\CodeIgniter->run()
10 SYSTEMPATH/Boot.php(67): CodeIgniter\Boot::runCodeIgniter(Object(CodeIgniter\CodeIgniter))
11 FCPATH/index.php(57): CodeIgniter\Boot::bootWeb(Object(Config\Paths))
WARNING - 2025-08-29 00:43:29 --> [DEPRECATED] addslashes(): Passing null to parameter #1 ($string) of type string is deprecated in APPPATH/Views/service_list.php on line 10.
 1 APPPATH/Views/service_list.php(10): addslashes(null)
 2 SYSTEMPATH/View/View.php(224): include('/home/u810214334/domains/embellish-beauty.co.uk/public_html/app/Views/service_list.php')
 3 SYSTEMPATH/View/View.php(227): CodeIgniter\View\View->CodeIgniter\View\{closure}()
 4 SYSTEMPATH/Common.php(1173): CodeIgniter\View\View->render('service_list', [], true)
 5 APPPATH/Controllers/Home.php(129): view('service_list', [...])
 6 SYSTEMPATH/CodeIgniter.php(933): App\Controllers\Home->fetch_services()
 7 SYSTEMPATH/CodeIgniter.php(507): CodeIgniter\CodeIgniter->runController(Object(App\Controllers\Home))
 8 SYSTEMPATH/CodeIgniter.php(354): CodeIgniter\CodeIgniter->handleRequest(null, Object(Config\Cache), false)
 9 SYSTEMPATH/Boot.php(334): CodeIgniter\CodeIgniter->run()
10 SYSTEMPATH/Boot.php(67): CodeIgniter\Boot::runCodeIgniter(Object(CodeIgniter\CodeIgniter))
11 FCPATH/index.php(57): CodeIgniter\Boot::bootWeb(Object(Config\Paths))
WARNING - 2025-08-29 00:43:29 --> [DEPRECATED] addslashes(): Passing null to parameter #1 ($string) of type string is deprecated in APPPATH/Views/service_list.php on line 10.
 1 APPPATH/Views/service_list.php(10): addslashes(null)
 2 SYSTEMPATH/View/View.php(224): include('/home/u810214334/domains/embellish-beauty.co.uk/public_html/app/Views/service_list.php')
 3 SYSTEMPATH/View/View.php(227): CodeIgniter\View\View->CodeIgniter\View\{closure}()
 4 SYSTEMPATH/Common.php(1173): CodeIgniter\View\View->render('service_list', [], true)
 5 APPPATH/Controllers/Home.php(129): view('service_list', [...])
 6 SYSTEMPATH/CodeIgniter.php(933): App\Controllers\Home->fetch_services()
 7 SYSTEMPATH/CodeIgniter.php(507): CodeIgniter\CodeIgniter->runController(Object(App\Controllers\Home))
 8 SYSTEMPATH/CodeIgniter.php(354): CodeIgniter\CodeIgniter->handleRequest(null, Object(Config\Cache), false)
 9 SYSTEMPATH/Boot.php(334): CodeIgniter\CodeIgniter->run()
10 SYSTEMPATH/Boot.php(67): CodeIgniter\Boot::runCodeIgniter(Object(CodeIgniter\CodeIgniter))
11 FCPATH/index.php(57): CodeIgniter\Boot::bootWeb(Object(Config\Paths))
WARNING - 2025-08-29 00:43:29 --> [DEPRECATED] addslashes(): Passing null to parameter #1 ($string) of type string is deprecated in APPPATH/Views/service_list.php on line 10.
 1 APPPATH/Views/service_list.php(10): addslashes(null)
 2 SYSTEMPATH/View/View.php(224): include('/home/u810214334/domains/embellish-beauty.co.uk/public_html/app/Views/service_list.php')
 3 SYSTEMPATH/View/View.php(227): CodeIgniter\View\View->CodeIgniter\View\{closure}()
 4 SYSTEMPATH/Common.php(1173): CodeIgniter\View\View->render('service_list', [], true)
 5 APPPATH/Controllers/Home.php(129): view('service_list', [...])
 6 SYSTEMPATH/CodeIgniter.php(933): App\Controllers\Home->fetch_services()
 7 SYSTEMPATH/CodeIgniter.php(507): CodeIgniter\CodeIgniter->runController(Object(App\Controllers\Home))
 8 SYSTEMPATH/CodeIgniter.php(354): CodeIgniter\CodeIgniter->handleRequest(null, Object(Config\Cache), false)
 9 SYSTEMPATH/Boot.php(334): CodeIgniter\CodeIgniter->run()
10 SYSTEMPATH/Boot.php(67): CodeIgniter\Boot::runCodeIgniter(Object(CodeIgniter\CodeIgniter))
11 FCPATH/index.php(57): CodeIgniter\Boot::bootWeb(Object(Config\Paths))
WARNING - 2025-08-29 00:43:29 --> [DEPRECATED] addslashes(): Passing null to parameter #1 ($string) of type string is deprecated in APPPATH/Views/service_list.php on line 10.
 1 APPPATH/Views/service_list.php(10): addslashes(null)
 2 SYSTEMPATH/View/View.php(224): include('/home/u810214334/domains/embellish-beauty.co.uk/public_html/app/Views/service_list.php')
 3 SYSTEMPATH/View/View.php(227): CodeIgniter\View\View->CodeIgniter\View\{closure}()
 4 SYSTEMPATH/Common.php(1173): CodeIgniter\View\View->render('service_list', [], true)
 5 APPPATH/Controllers/Home.php(129): view('service_list', [...])
 6 SYSTEMPATH/CodeIgniter.php(933): App\Controllers\Home->fetch_services()
 7 SYSTEMPATH/CodeIgniter.php(507): CodeIgniter\CodeIgniter->runController(Object(App\Controllers\Home))
 8 SYSTEMPATH/CodeIgniter.php(354): CodeIgniter\CodeIgniter->handleRequest(null, Object(Config\Cache), false)
 9 SYSTEMPATH/Boot.php(334): CodeIgniter\CodeIgniter->run()
10 SYSTEMPATH/Boot.php(67): CodeIgniter\Boot::runCodeIgniter(Object(CodeIgniter\CodeIgniter))
11 FCPATH/index.php(57): CodeIgniter\Boot::bootWeb(Object(Config\Paths))
WARNING - 2025-08-29 00:43:29 --> [DEPRECATED] addslashes(): Passing null to parameter #1 ($string) of type string is deprecated in APPPATH/Views/service_list.php on line 10.
 1 APPPATH/Views/service_list.php(10): addslashes(null)
 2 SYSTEMPATH/View/View.php(224): include('/home/u810214334/domains/embellish-beauty.co.uk/public_html/app/Views/service_list.php')
 3 SYSTEMPATH/View/View.php(227): CodeIgniter\View\View->CodeIgniter\View\{closure}()
 4 SYSTEMPATH/Common.php(1173): CodeIgniter\View\View->render('service_list', [], true)
 5 APPPATH/Controllers/Home.php(129): view('service_list', [...])
 6 SYSTEMPATH/CodeIgniter.php(933): App\Controllers\Home->fetch_services()
 7 SYSTEMPATH/CodeIgniter.php(507): CodeIgniter\CodeIgniter->runController(Object(App\Controllers\Home))
 8 SYSTEMPATH/CodeIgniter.php(354): CodeIgniter\CodeIgniter->handleRequest(null, Object(Config\Cache), false)
 9 SYSTEMPATH/Boot.php(334): CodeIgniter\CodeIgniter->run()
10 SYSTEMPATH/Boot.php(67): CodeIgniter\Boot::runCodeIgniter(Object(CodeIgniter\CodeIgniter))
11 FCPATH/index.php(57): CodeIgniter\Boot::bootWeb(Object(Config\Paths))
WARNING - 2025-08-29 00:43:29 --> [DEPRECATED] addslashes(): Passing null to parameter #1 ($string) of type string is deprecated in APPPATH/Views/service_list.php on line 10.
 1 APPPATH/Views/service_list.php(10): addslashes(null)
 2 SYSTEMPATH/View/View.php(224): include('/home/u810214334/domains/embellish-beauty.co.uk/public_html/app/Views/service_list.php')
 3 SYSTEMPATH/View/View.php(227): CodeIgniter\View\View->CodeIgniter\View\{closure}()
 4 SYSTEMPATH/Common.php(1173): CodeIgniter\View\View->render('service_list', [], true)
 5 APPPATH/Controllers/Home.php(129): view('service_list', [...])
 6 SYSTEMPATH/CodeIgniter.php(933): App\Controllers\Home->fetch_services()
 7 SYSTEMPATH/CodeIgniter.php(507): CodeIgniter\CodeIgniter->runController(Object(App\Controllers\Home))
 8 SYSTEMPATH/CodeIgniter.php(354): CodeIgniter\CodeIgniter->handleRequest(null, Object(Config\Cache), false)
 9 SYSTEMPATH/Boot.php(334): CodeIgniter\CodeIgniter->run()
10 SYSTEMPATH/Boot.php(67): CodeIgniter\Boot::runCodeIgniter(Object(CodeIgniter\CodeIgniter))
11 FCPATH/index.php(57): CodeIgniter\Boot::bootWeb(Object(Config\Paths))
WARNING - 2025-08-29 00:43:29 --> [DEPRECATED] addslashes(): Passing null to parameter #1 ($string) of type string is deprecated in APPPATH/Views/service_list.php on line 10.
 1 APPPATH/Views/service_list.php(10): addslashes(null)
 2 SYSTEMPATH/View/View.php(224): include('/home/u810214334/domains/embellish-beauty.co.uk/public_html/app/Views/service_list.php')
 3 SYSTEMPATH/View/View.php(227): CodeIgniter\View\View->CodeIgniter\View\{closure}()
 4 SYSTEMPATH/Common.php(1173): CodeIgniter\View\View->render('service_list', [], true)
 5 APPPATH/Controllers/Home.php(129): view('service_list', [...])
 6 SYSTEMPATH/CodeIgniter.php(933): App\Controllers\Home->fetch_services()
 7 SYSTEMPATH/CodeIgniter.php(507): CodeIgniter\CodeIgniter->runController(Object(App\Controllers\Home))
 8 SYSTEMPATH/CodeIgniter.php(354): CodeIgniter\CodeIgniter->handleRequest(null, Object(Config\Cache), false)
 9 SYSTEMPATH/Boot.php(334): CodeIgniter\CodeIgniter->run()
10 SYSTEMPATH/Boot.php(67): CodeIgniter\Boot::runCodeIgniter(Object(CodeIgniter\CodeIgniter))
11 FCPATH/index.php(57): CodeIgniter\Boot::bootWeb(Object(Config\Paths))
WARNING - 2025-08-29 00:43:29 --> [DEPRECATED] addslashes(): Passing null to parameter #1 ($string) of type string is deprecated in APPPATH/Views/service_list.php on line 10.
 1 APPPATH/Views/service_list.php(10): addslashes(null)
 2 SYSTEMPATH/View/View.php(224): include('/home/u810214334/domains/embellish-beauty.co.uk/public_html/app/Views/service_list.php')
 3 SYSTEMPATH/View/View.php(227): CodeIgniter\View\View->CodeIgniter\View\{closure}()
 4 SYSTEMPATH/Common.php(1173): CodeIgniter\View\View->render('service_list', [], true)
 5 APPPATH/Controllers/Home.php(129): view('service_list', [...])
 6 SYSTEMPATH/CodeIgniter.php(933): App\Controllers\Home->fetch_services()
 7 SYSTEMPATH/CodeIgniter.php(507): CodeIgniter\CodeIgniter->runController(Object(App\Controllers\Home))
 8 SYSTEMPATH/CodeIgniter.php(354): CodeIgniter\CodeIgniter->handleRequest(null, Object(Config\Cache), false)
 9 SYSTEMPATH/Boot.php(334): CodeIgniter\CodeIgniter->run()
10 SYSTEMPATH/Boot.php(67): CodeIgniter\Boot::runCodeIgniter(Object(CodeIgniter\CodeIgniter))
11 FCPATH/index.php(57): CodeIgniter\Boot::bootWeb(Object(Config\Paths))
WARNING - 2025-08-29 00:43:29 --> [DEPRECATED] addslashes(): Passing null to parameter #1 ($string) of type string is deprecated in APPPATH/Views/service_list.php on line 10.
 1 APPPATH/Views/service_list.php(10): addslashes(null)
 2 SYSTEMPATH/View/View.php(224): include('/home/u810214334/domains/embellish-beauty.co.uk/public_html/app/Views/service_list.php')
 3 SYSTEMPATH/View/View.php(227): CodeIgniter\View\View->CodeIgniter\View\{closure}()
 4 SYSTEMPATH/Common.php(1173): CodeIgniter\View\View->render('service_list', [], true)
 5 APPPATH/Controllers/Home.php(129): view('service_list', [...])
 6 SYSTEMPATH/CodeIgniter.php(933): App\Controllers\Home->fetch_services()
 7 SYSTEMPATH/CodeIgniter.php(507): CodeIgniter\CodeIgniter->runController(Object(App\Controllers\Home))
 8 SYSTEMPATH/CodeIgniter.php(354): CodeIgniter\CodeIgniter->handleRequest(null, Object(Config\Cache), false)
 9 SYSTEMPATH/Boot.php(334): CodeIgniter\CodeIgniter->run()
10 SYSTEMPATH/Boot.php(67): CodeIgniter\Boot::runCodeIgniter(Object(CodeIgniter\CodeIgniter))
11 FCPATH/index.php(57): CodeIgniter\Boot::bootWeb(Object(Config\Paths))
WARNING - 2025-08-29 00:43:29 --> [DEPRECATED] addslashes(): Passing null to parameter #1 ($string) of type string is deprecated in APPPATH/Views/service_list.php on line 10.
 1 APPPATH/Views/service_list.php(10): addslashes(null)
 2 SYSTEMPATH/View/View.php(224): include('/home/u810214334/domains/embellish-beauty.co.uk/public_html/app/Views/service_list.php')
 3 SYSTEMPATH/View/View.php(227): CodeIgniter\View\View->CodeIgniter\View\{closure}()
 4 SYSTEMPATH/Common.php(1173): CodeIgniter\View\View->render('service_list', [], true)
 5 APPPATH/Controllers/Home.php(129): view('service_list', [...])
 6 SYSTEMPATH/CodeIgniter.php(933): App\Controllers\Home->fetch_services()
 7 SYSTEMPATH/CodeIgniter.php(507): CodeIgniter\CodeIgniter->runController(Object(App\Controllers\Home))
 8 SYSTEMPATH/CodeIgniter.php(354): CodeIgniter\CodeIgniter->handleRequest(null, Object(Config\Cache), false)
 9 SYSTEMPATH/Boot.php(334): CodeIgniter\CodeIgniter->run()
10 SYSTEMPATH/Boot.php(67): CodeIgniter\Boot::runCodeIgniter(Object(CodeIgniter\CodeIgniter))
11 FCPATH/index.php(57): CodeIgniter\Boot::bootWeb(Object(Config\Paths))
WARNING - 2025-08-29 00:43:29 --> [DEPRECATED] addslashes(): Passing null to parameter #1 ($string) of type string is deprecated in APPPATH/Views/service_list.php on line 10.
 1 APPPATH/Views/service_list.php(10): addslashes(null)
 2 SYSTEMPATH/View/View.php(224): include('/home/u810214334/domains/embellish-beauty.co.uk/public_html/app/Views/service_list.php')
 3 SYSTEMPATH/View/View.php(227): CodeIgniter\View\View->CodeIgniter\View\{closure}()
 4 SYSTEMPATH/Common.php(1173): CodeIgniter\View\View->render('service_list', [], true)
 5 APPPATH/Controllers/Home.php(129): view('service_list', [...])
 6 SYSTEMPATH/CodeIgniter.php(933): App\Controllers\Home->fetch_services()
 7 SYSTEMPATH/CodeIgniter.php(507): CodeIgniter\CodeIgniter->runController(Object(App\Controllers\Home))
 8 SYSTEMPATH/CodeIgniter.php(354): CodeIgniter\CodeIgniter->handleRequest(null, Object(Config\Cache), false)
 9 SYSTEMPATH/Boot.php(334): CodeIgniter\CodeIgniter->run()
10 SYSTEMPATH/Boot.php(67): CodeIgniter\Boot::runCodeIgniter(Object(CodeIgniter\CodeIgniter))
11 FCPATH/index.php(57): CodeIgniter\Boot::bootWeb(Object(Config\Paths))
WARNING - 2025-08-29 00:43:29 --> [DEPRECATED] addslashes(): Passing null to parameter #1 ($string) of type string is deprecated in APPPATH/Views/service_list.php on line 10.
 1 APPPATH/Views/service_list.php(10): addslashes(null)
 2 SYSTEMPATH/View/View.php(224): include('/home/u810214334/domains/embellish-beauty.co.uk/public_html/app/Views/service_list.php')
 3 SYSTEMPATH/View/View.php(227): CodeIgniter\View\View->CodeIgniter\View\{closure}()
 4 SYSTEMPATH/Common.php(1173): CodeIgniter\View\View->render('service_list', [], true)
 5 APPPATH/Controllers/Home.php(129): view('service_list', [...])
 6 SYSTEMPATH/CodeIgniter.php(933): App\Controllers\Home->fetch_services()
 7 SYSTEMPATH/CodeIgniter.php(507): CodeIgniter\CodeIgniter->runController(Object(App\Controllers\Home))
 8 SYSTEMPATH/CodeIgniter.php(354): CodeIgniter\CodeIgniter->handleRequest(null, Object(Config\Cache), false)
 9 SYSTEMPATH/Boot.php(334): CodeIgniter\CodeIgniter->run()
10 SYSTEMPATH/Boot.php(67): CodeIgniter\Boot::runCodeIgniter(Object(CodeIgniter\CodeIgniter))
11 FCPATH/index.php(57): CodeIgniter\Boot::bootWeb(Object(Config\Paths))
WARNING - 2025-08-29 00:43:29 --> [DEPRECATED] addslashes(): Passing null to parameter #1 ($string) of type string is deprecated in APPPATH/Views/service_list.php on line 10.
 1 APPPATH/Views/service_list.php(10): addslashes(null)
 2 SYSTEMPATH/View/View.php(224): include('/home/u810214334/domains/embellish-beauty.co.uk/public_html/app/Views/service_list.php')
 3 SYSTEMPATH/View/View.php(227): CodeIgniter\View\View->CodeIgniter\View\{closure}()
 4 SYSTEMPATH/Common.php(1173): CodeIgniter\View\View->render('service_list', [], true)
 5 APPPATH/Controllers/Home.php(129): view('service_list', [...])
 6 SYSTEMPATH/CodeIgniter.php(933): App\Controllers\Home->fetch_services()
 7 SYSTEMPATH/CodeIgniter.php(507): CodeIgniter\CodeIgniter->runController(Object(App\Controllers\Home))
 8 SYSTEMPATH/CodeIgniter.php(354): CodeIgniter\CodeIgniter->handleRequest(null, Object(Config\Cache), false)
 9 SYSTEMPATH/Boot.php(334): CodeIgniter\CodeIgniter->run()
10 SYSTEMPATH/Boot.php(67): CodeIgniter\Boot::runCodeIgniter(Object(CodeIgniter\CodeIgniter))
11 FCPATH/index.php(57): CodeIgniter\Boot::bootWeb(Object(Config\Paths))
WARNING - 2025-08-29 00:43:29 --> [DEPRECATED] addslashes(): Passing null to parameter #1 ($string) of type string is deprecated in APPPATH/Views/service_list.php on line 10.
 1 APPPATH/Views/service_list.php(10): addslashes(null)
 2 SYSTEMPATH/View/View.php(224): include('/home/u810214334/domains/embellish-beauty.co.uk/public_html/app/Views/service_list.php')
 3 SYSTEMPATH/View/View.php(227): CodeIgniter\View\View->CodeIgniter\View\{closure}()
 4 SYSTEMPATH/Common.php(1173): CodeIgniter\View\View->render('service_list', [], true)
 5 APPPATH/Controllers/Home.php(129): view('service_list', [...])
 6 SYSTEMPATH/CodeIgniter.php(933): App\Controllers\Home->fetch_services()
 7 SYSTEMPATH/CodeIgniter.php(507): CodeIgniter\CodeIgniter->runController(Object(App\Controllers\Home))
 8 SYSTEMPATH/CodeIgniter.php(354): CodeIgniter\CodeIgniter->handleRequest(null, Object(Config\Cache), false)
 9 SYSTEMPATH/Boot.php(334): CodeIgniter\CodeIgniter->run()
10 SYSTEMPATH/Boot.php(67): CodeIgniter\Boot::runCodeIgniter(Object(CodeIgniter\CodeIgniter))
11 FCPATH/index.php(57): CodeIgniter\Boot::bootWeb(Object(Config\Paths))
WARNING - 2025-08-29 00:43:29 --> [DEPRECATED] addslashes(): Passing null to parameter #1 ($string) of type string is deprecated in APPPATH/Views/service_list.php on line 10.
 1 APPPATH/Views/service_list.php(10): addslashes(null)
 2 SYSTEMPATH/View/View.php(224): include('/home/u810214334/domains/embellish-beauty.co.uk/public_html/app/Views/service_list.php')
 3 SYSTEMPATH/View/View.php(227): CodeIgniter\View\View->CodeIgniter\View\{closure}()
 4 SYSTEMPATH/Common.php(1173): CodeIgniter\View\View->render('service_list', [], true)
 5 APPPATH/Controllers/Home.php(129): view('service_list', [...])
 6 SYSTEMPATH/CodeIgniter.php(933): App\Controllers\Home->fetch_services()
 7 SYSTEMPATH/CodeIgniter.php(507): CodeIgniter\CodeIgniter->runController(Object(App\Controllers\Home))
 8 SYSTEMPATH/CodeIgniter.php(354): CodeIgniter\CodeIgniter->handleRequest(null, Object(Config\Cache), false)
 9 SYSTEMPATH/Boot.php(334): CodeIgniter\CodeIgniter->run()
10 SYSTEMPATH/Boot.php(67): CodeIgniter\Boot::runCodeIgniter(Object(CodeIgniter\CodeIgniter))
11 FCPATH/index.php(57): CodeIgniter\Boot::bootWeb(Object(Config\Paths))
WARNING - 2025-08-29 00:43:29 --> [DEPRECATED] addslashes(): Passing null to parameter #1 ($string) of type string is deprecated in APPPATH/Views/service_list.php on line 10.
 1 APPPATH/Views/service_list.php(10): addslashes(null)
 2 SYSTEMPATH/View/View.php(224): include('/home/u810214334/domains/embellish-beauty.co.uk/public_html/app/Views/service_list.php')
 3 SYSTEMPATH/View/View.php(227): CodeIgniter\View\View->CodeIgniter\View\{closure}()
 4 SYSTEMPATH/Common.php(1173): CodeIgniter\View\View->render('service_list', [], true)
 5 APPPATH/Controllers/Home.php(129): view('service_list', [...])
 6 SYSTEMPATH/CodeIgniter.php(933): App\Controllers\Home->fetch_services()
 7 SYSTEMPATH/CodeIgniter.php(507): CodeIgniter\CodeIgniter->runController(Object(App\Controllers\Home))
 8 SYSTEMPATH/CodeIgniter.php(354): CodeIgniter\CodeIgniter->handleRequest(null, Object(Config\Cache), false)
 9 SYSTEMPATH/Boot.php(334): CodeIgniter\CodeIgniter->run()
10 SYSTEMPATH/Boot.php(67): CodeIgniter\Boot::runCodeIgniter(Object(CodeIgniter\CodeIgniter))
11 FCPATH/index.php(57): CodeIgniter\Boot::bootWeb(Object(Config\Paths))
WARNING - 2025-08-29 00:43:29 --> [DEPRECATED] addslashes(): Passing null to parameter #1 ($string) of type string is deprecated in APPPATH/Views/service_list.php on line 10.
 1 APPPATH/Views/service_list.php(10): addslashes(null)
 2 SYSTEMPATH/View/View.php(224): include('/home/u810214334/domains/embellish-beauty.co.uk/public_html/app/Views/service_list.php')
 3 SYSTEMPATH/View/View.php(227): CodeIgniter\View\View->CodeIgniter\View\{closure}()
 4 SYSTEMPATH/Common.php(1173): CodeIgniter\View\View->render('service_list', [], true)
 5 APPPATH/Controllers/Home.php(129): view('service_list', [...])
 6 SYSTEMPATH/CodeIgniter.php(933): App\Controllers\Home->fetch_services()
 7 SYSTEMPATH/CodeIgniter.php(507): CodeIgniter\CodeIgniter->runController(Object(App\Controllers\Home))
 8 SYSTEMPATH/CodeIgniter.php(354): CodeIgniter\CodeIgniter->handleRequest(null, Object(Config\Cache), false)
 9 SYSTEMPATH/Boot.php(334): CodeIgniter\CodeIgniter->run()
10 SYSTEMPATH/Boot.php(67): CodeIgniter\Boot::runCodeIgniter(Object(CodeIgniter\CodeIgniter))
11 FCPATH/index.php(57): CodeIgniter\Boot::bootWeb(Object(Config\Paths))
WARNING - 2025-08-29 00:43:29 --> [DEPRECATED] addslashes(): Passing null to parameter #1 ($string) of type string is deprecated in APPPATH/Views/service_list.php on line 10.
 1 APPPATH/Views/service_list.php(10): addslashes(null)
 2 SYSTEMPATH/View/View.php(224): include('/home/u810214334/domains/embellish-beauty.co.uk/public_html/app/Views/service_list.php')
 3 SYSTEMPATH/View/View.php(227): CodeIgniter\View\View->CodeIgniter\View\{closure}()
 4 SYSTEMPATH/Common.php(1173): CodeIgniter\View\View->render('service_list', [], true)
 5 APPPATH/Controllers/Home.php(129): view('service_list', [...])
 6 SYSTEMPATH/CodeIgniter.php(933): App\Controllers\Home->fetch_services()
 7 SYSTEMPATH/CodeIgniter.php(507): CodeIgniter\CodeIgniter->runController(Object(App\Controllers\Home))
 8 SYSTEMPATH/CodeIgniter.php(354): CodeIgniter\CodeIgniter->handleRequest(null, Object(Config\Cache), false)
 9 SYSTEMPATH/Boot.php(334): CodeIgniter\CodeIgniter->run()
10 SYSTEMPATH/Boot.php(67): CodeIgniter\Boot::runCodeIgniter(Object(CodeIgniter\CodeIgniter))
11 FCPATH/index.php(57): CodeIgniter\Boot::bootWeb(Object(Config\Paths))
WARNING - 2025-08-29 00:43:29 --> [DEPRECATED] addslashes(): Passing null to parameter #1 ($string) of type string is deprecated in APPPATH/Views/service_list.php on line 10.
 1 APPPATH/Views/service_list.php(10): addslashes(null)
 2 SYSTEMPATH/View/View.php(224): include('/home/u810214334/domains/embellish-beauty.co.uk/public_html/app/Views/service_list.php')
 3 SYSTEMPATH/View/View.php(227): CodeIgniter\View\View->CodeIgniter\View\{closure}()
 4 SYSTEMPATH/Common.php(1173): CodeIgniter\View\View->render('service_list', [], true)
 5 APPPATH/Controllers/Home.php(129): view('service_list', [...])
 6 SYSTEMPATH/CodeIgniter.php(933): App\Controllers\Home->fetch_services()
 7 SYSTEMPATH/CodeIgniter.php(507): CodeIgniter\CodeIgniter->runController(Object(App\Controllers\Home))
 8 SYSTEMPATH/CodeIgniter.php(354): CodeIgniter\CodeIgniter->handleRequest(null, Object(Config\Cache), false)
 9 SYSTEMPATH/Boot.php(334): CodeIgniter\CodeIgniter->run()
10 SYSTEMPATH/Boot.php(67): CodeIgniter\Boot::runCodeIgniter(Object(CodeIgniter\CodeIgniter))
11 FCPATH/index.php(57): CodeIgniter\Boot::bootWeb(Object(Config\Paths))
DEBUG - 2025-08-29 00:43:29 --> Session: Class initialized using 'CodeIgniter\Session\Handlers\FileHandler' driver.
DEBUG - 2025-08-29 00:43:33 --> Session: Class initialized using 'CodeIgniter\Session\Handlers\FileHandler' driver.
WARNING - 2025-08-29 00:43:33 --> [DEPRECATED] addslashes(): Passing null to parameter #1 ($string) of type string is deprecated in APPPATH/Views/service_list.php on line 10.
 1 APPPATH/Views/service_list.php(10): addslashes(null)
 2 SYSTEMPATH/View/View.php(224): include('/home/u810214334/domains/embellish-beauty.co.uk/public_html/app/Views/service_list.php')
 3 SYSTEMPATH/View/View.php(227): CodeIgniter\View\View->CodeIgniter\View\{closure}()
 4 SYSTEMPATH/Common.php(1173): CodeIgniter\View\View->render('service_list', [], true)
 5 APPPATH/Controllers/Home.php(129): view('service_list', [...])
 6 SYSTEMPATH/CodeIgniter.php(933): App\Controllers\Home->fetch_services()
 7 SYSTEMPATH/CodeIgniter.php(507): CodeIgniter\CodeIgniter->runController(Object(App\Controllers\Home))
 8 SYSTEMPATH/CodeIgniter.php(354): CodeIgniter\CodeIgniter->handleRequest(null, Object(Config\Cache), false)
 9 SYSTEMPATH/Boot.php(334): CodeIgniter\CodeIgniter->run()
10 SYSTEMPATH/Boot.php(67): CodeIgniter\Boot::runCodeIgniter(Object(CodeIgniter\CodeIgniter))
11 FCPATH/index.php(57): CodeIgniter\Boot::bootWeb(Object(Config\Paths))
WARNING - 2025-08-29 00:43:33 --> [DEPRECATED] addslashes(): Passing null to parameter #1 ($string) of type string is deprecated in APPPATH/Views/service_list.php on line 10.
 1 APPPATH/Views/service_list.php(10): addslashes(null)
 2 SYSTEMPATH/View/View.php(224): include('/home/u810214334/domains/embellish-beauty.co.uk/public_html/app/Views/service_list.php')
 3 SYSTEMPATH/View/View.php(227): CodeIgniter\View\View->CodeIgniter\View\{closure}()
 4 SYSTEMPATH/Common.php(1173): CodeIgniter\View\View->render('service_list', [], true)
 5 APPPATH/Controllers/Home.php(129): view('service_list', [...])
 6 SYSTEMPATH/CodeIgniter.php(933): App\Controllers\Home->fetch_services()
 7 SYSTEMPATH/CodeIgniter.php(507): CodeIgniter\CodeIgniter->runController(Object(App\Controllers\Home))
 8 SYSTEMPATH/CodeIgniter.php(354): CodeIgniter\CodeIgniter->handleRequest(null, Object(Config\Cache), false)
 9 SYSTEMPATH/Boot.php(334): CodeIgniter\CodeIgniter->run()
10 SYSTEMPATH/Boot.php(67): CodeIgniter\Boot::runCodeIgniter(Object(CodeIgniter\CodeIgniter))
11 FCPATH/index.php(57): CodeIgniter\Boot::bootWeb(Object(Config\Paths))
WARNING - 2025-08-29 00:43:33 --> [DEPRECATED] addslashes(): Passing null to parameter #1 ($string) of type string is deprecated in APPPATH/Views/service_list.php on line 10.
 1 APPPATH/Views/service_list.php(10): addslashes(null)
 2 SYSTEMPATH/View/View.php(224): include('/home/u810214334/domains/embellish-beauty.co.uk/public_html/app/Views/service_list.php')
 3 SYSTEMPATH/View/View.php(227): CodeIgniter\View\View->CodeIgniter\View\{closure}()
 4 SYSTEMPATH/Common.php(1173): CodeIgniter\View\View->render('service_list', [], true)
 5 APPPATH/Controllers/Home.php(129): view('service_list', [...])
 6 SYSTEMPATH/CodeIgniter.php(933): App\Controllers\Home->fetch_services()
 7 SYSTEMPATH/CodeIgniter.php(507): CodeIgniter\CodeIgniter->runController(Object(App\Controllers\Home))
 8 SYSTEMPATH/CodeIgniter.php(354): CodeIgniter\CodeIgniter->handleRequest(null, Object(Config\Cache), false)
 9 SYSTEMPATH/Boot.php(334): CodeIgniter\CodeIgniter->run()
10 SYSTEMPATH/Boot.php(67): CodeIgniter\Boot::runCodeIgniter(Object(CodeIgniter\CodeIgniter))
11 FCPATH/index.php(57): CodeIgniter\Boot::bootWeb(Object(Config\Paths))
WARNING - 2025-08-29 00:43:33 --> [DEPRECATED] addslashes(): Passing null to parameter #1 ($string) of type string is deprecated in APPPATH/Views/service_list.php on line 10.
 1 APPPATH/Views/service_list.php(10): addslashes(null)
 2 SYSTEMPATH/View/View.php(224): include('/home/u810214334/domains/embellish-beauty.co.uk/public_html/app/Views/service_list.php')
 3 SYSTEMPATH/View/View.php(227): CodeIgniter\View\View->CodeIgniter\View\{closure}()
 4 SYSTEMPATH/Common.php(1173): CodeIgniter\View\View->render('service_list', [], true)
 5 APPPATH/Controllers/Home.php(129): view('service_list', [...])
 6 SYSTEMPATH/CodeIgniter.php(933): App\Controllers\Home->fetch_services()
 7 SYSTEMPATH/CodeIgniter.php(507): CodeIgniter\CodeIgniter->runController(Object(App\Controllers\Home))
 8 SYSTEMPATH/CodeIgniter.php(354): CodeIgniter\CodeIgniter->handleRequest(null, Object(Config\Cache), false)
 9 SYSTEMPATH/Boot.php(334): CodeIgniter\CodeIgniter->run()
10 SYSTEMPATH/Boot.php(67): CodeIgniter\Boot::runCodeIgniter(Object(CodeIgniter\CodeIgniter))
11 FCPATH/index.php(57): CodeIgniter\Boot::bootWeb(Object(Config\Paths))
WARNING - 2025-08-29 00:43:33 --> [DEPRECATED] addslashes(): Passing null to parameter #1 ($string) of type string is deprecated in APPPATH/Views/service_list.php on line 10.
 1 APPPATH/Views/service_list.php(10): addslashes(null)
 2 SYSTEMPATH/View/View.php(224): include('/home/u810214334/domains/embellish-beauty.co.uk/public_html/app/Views/service_list.php')
 3 SYSTEMPATH/View/View.php(227): CodeIgniter\View\View->CodeIgniter\View\{closure}()
 4 SYSTEMPATH/Common.php(1173): CodeIgniter\View\View->render('service_list', [], true)
 5 APPPATH/Controllers/Home.php(129): view('service_list', [...])
 6 SYSTEMPATH/CodeIgniter.php(933): App\Controllers\Home->fetch_services()
 7 SYSTEMPATH/CodeIgniter.php(507): CodeIgniter\CodeIgniter->runController(Object(App\Controllers\Home))
 8 SYSTEMPATH/CodeIgniter.php(354): CodeIgniter\CodeIgniter->handleRequest(null, Object(Config\Cache), false)
 9 SYSTEMPATH/Boot.php(334): CodeIgniter\CodeIgniter->run()
10 SYSTEMPATH/Boot.php(67): CodeIgniter\Boot::runCodeIgniter(Object(CodeIgniter\CodeIgniter))
11 FCPATH/index.php(57): CodeIgniter\Boot::bootWeb(Object(Config\Paths))
WARNING - 2025-08-29 00:43:33 --> [DEPRECATED] addslashes(): Passing null to parameter #1 ($string) of type string is deprecated in APPPATH/Views/service_list.php on line 10.
 1 APPPATH/Views/service_list.php(10): addslashes(null)
 2 SYSTEMPATH/View/View.php(224): include('/home/u810214334/domains/embellish-beauty.co.uk/public_html/app/Views/service_list.php')
 3 SYSTEMPATH/View/View.php(227): CodeIgniter\View\View->CodeIgniter\View\{closure}()
 4 SYSTEMPATH/Common.php(1173): CodeIgniter\View\View->render('service_list', [], true)
 5 APPPATH/Controllers/Home.php(129): view('service_list', [...])
 6 SYSTEMPATH/CodeIgniter.php(933): App\Controllers\Home->fetch_services()
 7 SYSTEMPATH/CodeIgniter.php(507): CodeIgniter\CodeIgniter->runController(Object(App\Controllers\Home))
 8 SYSTEMPATH/CodeIgniter.php(354): CodeIgniter\CodeIgniter->handleRequest(null, Object(Config\Cache), false)
 9 SYSTEMPATH/Boot.php(334): CodeIgniter\CodeIgniter->run()
10 SYSTEMPATH/Boot.php(67): CodeIgniter\Boot::runCodeIgniter(Object(CodeIgniter\CodeIgniter))
11 FCPATH/index.php(57): CodeIgniter\Boot::bootWeb(Object(Config\Paths))
WARNING - 2025-08-29 00:43:33 --> [DEPRECATED] addslashes(): Passing null to parameter #1 ($string) of type string is deprecated in APPPATH/Views/service_list.php on line 10.
 1 APPPATH/Views/service_list.php(10): addslashes(null)
 2 SYSTEMPATH/View/View.php(224): include('/home/u810214334/domains/embellish-beauty.co.uk/public_html/app/Views/service_list.php')
 3 SYSTEMPATH/View/View.php(227): CodeIgniter\View\View->CodeIgniter\View\{closure}()
 4 SYSTEMPATH/Common.php(1173): CodeIgniter\View\View->render('service_list', [], true)
 5 APPPATH/Controllers/Home.php(129): view('service_list', [...])
 6 SYSTEMPATH/CodeIgniter.php(933): App\Controllers\Home->fetch_services()
 7 SYSTEMPATH/CodeIgniter.php(507): CodeIgniter\CodeIgniter->runController(Object(App\Controllers\Home))
 8 SYSTEMPATH/CodeIgniter.php(354): CodeIgniter\CodeIgniter->handleRequest(null, Object(Config\Cache), false)
 9 SYSTEMPATH/Boot.php(334): CodeIgniter\CodeIgniter->run()
10 SYSTEMPATH/Boot.php(67): CodeIgniter\Boot::runCodeIgniter(Object(CodeIgniter\CodeIgniter))
11 FCPATH/index.php(57): CodeIgniter\Boot::bootWeb(Object(Config\Paths))
WARNING - 2025-08-29 00:43:33 --> [DEPRECATED] addslashes(): Passing null to parameter #1 ($string) of type string is deprecated in APPPATH/Views/service_list.php on line 10.
 1 APPPATH/Views/service_list.php(10): addslashes(null)
 2 SYSTEMPATH/View/View.php(224): include('/home/u810214334/domains/embellish-beauty.co.uk/public_html/app/Views/service_list.php')
 3 SYSTEMPATH/View/View.php(227): CodeIgniter\View\View->CodeIgniter\View\{closure}()
 4 SYSTEMPATH/Common.php(1173): CodeIgniter\View\View->render('service_list', [], true)
 5 APPPATH/Controllers/Home.php(129): view('service_list', [...])
 6 SYSTEMPATH/CodeIgniter.php(933): App\Controllers\Home->fetch_services()
 7 SYSTEMPATH/CodeIgniter.php(507): CodeIgniter\CodeIgniter->runController(Object(App\Controllers\Home))
 8 SYSTEMPATH/CodeIgniter.php(354): CodeIgniter\CodeIgniter->handleRequest(null, Object(Config\Cache), false)
 9 SYSTEMPATH/Boot.php(334): CodeIgniter\CodeIgniter->run()
10 SYSTEMPATH/Boot.php(67): CodeIgniter\Boot::runCodeIgniter(Object(CodeIgniter\CodeIgniter))
11 FCPATH/index.php(57): CodeIgniter\Boot::bootWeb(Object(Config\Paths))
WARNING - 2025-08-29 00:43:33 --> [DEPRECATED] addslashes(): Passing null to parameter #1 ($string) of type string is deprecated in APPPATH/Views/service_list.php on line 10.
 1 APPPATH/Views/service_list.php(10): addslashes(null)
 2 SYSTEMPATH/View/View.php(224): include('/home/u810214334/domains/embellish-beauty.co.uk/public_html/app/Views/service_list.php')
 3 SYSTEMPATH/View/View.php(227): CodeIgniter\View\View->CodeIgniter\View\{closure}()
 4 SYSTEMPATH/Common.php(1173): CodeIgniter\View\View->render('service_list', [], true)
 5 APPPATH/Controllers/Home.php(129): view('service_list', [...])
 6 SYSTEMPATH/CodeIgniter.php(933): App\Controllers\Home->fetch_services()
 7 SYSTEMPATH/CodeIgniter.php(507): CodeIgniter\CodeIgniter->runController(Object(App\Controllers\Home))
 8 SYSTEMPATH/CodeIgniter.php(354): CodeIgniter\CodeIgniter->handleRequest(null, Object(Config\Cache), false)
 9 SYSTEMPATH/Boot.php(334): CodeIgniter\CodeIgniter->run()
10 SYSTEMPATH/Boot.php(67): CodeIgniter\Boot::runCodeIgniter(Object(CodeIgniter\CodeIgniter))
11 FCPATH/index.php(57): CodeIgniter\Boot::bootWeb(Object(Config\Paths))
WARNING - 2025-08-29 00:43:33 --> [DEPRECATED] addslashes(): Passing null to parameter #1 ($string) of type string is deprecated in APPPATH/Views/service_list.php on line 10.
 1 APPPATH/Views/service_list.php(10): addslashes(null)
 2 SYSTEMPATH/View/View.php(224): include('/home/u810214334/domains/embellish-beauty.co.uk/public_html/app/Views/service_list.php')
 3 SYSTEMPATH/View/View.php(227): CodeIgniter\View\View->CodeIgniter\View\{closure}()
 4 SYSTEMPATH/Common.php(1173): CodeIgniter\View\View->render('service_list', [], true)
 5 APPPATH/Controllers/Home.php(129): view('service_list', [...])
 6 SYSTEMPATH/CodeIgniter.php(933): App\Controllers\Home->fetch_services()
 7 SYSTEMPATH/CodeIgniter.php(507): CodeIgniter\CodeIgniter->runController(Object(App\Controllers\Home))
 8 SYSTEMPATH/CodeIgniter.php(354): CodeIgniter\CodeIgniter->handleRequest(null, Object(Config\Cache), false)
 9 SYSTEMPATH/Boot.php(334): CodeIgniter\CodeIgniter->run()
10 SYSTEMPATH/Boot.php(67): CodeIgniter\Boot::runCodeIgniter(Object(CodeIgniter\CodeIgniter))
11 FCPATH/index.php(57): CodeIgniter\Boot::bootWeb(Object(Config\Paths))
WARNING - 2025-08-29 00:43:33 --> [DEPRECATED] addslashes(): Passing null to parameter #1 ($string) of type string is deprecated in APPPATH/Views/service_list.php on line 10.
 1 APPPATH/Views/service_list.php(10): addslashes(null)
 2 SYSTEMPATH/View/View.php(224): include('/home/u810214334/domains/embellish-beauty.co.uk/public_html/app/Views/service_list.php')
 3 SYSTEMPATH/View/View.php(227): CodeIgniter\View\View->CodeIgniter\View\{closure}()
 4 SYSTEMPATH/Common.php(1173): CodeIgniter\View\View->render('service_list', [], true)
 5 APPPATH/Controllers/Home.php(129): view('service_list', [...])
 6 SYSTEMPATH/CodeIgniter.php(933): App\Controllers\Home->fetch_services()
 7 SYSTEMPATH/CodeIgniter.php(507): CodeIgniter\CodeIgniter->runController(Object(App\Controllers\Home))
 8 SYSTEMPATH/CodeIgniter.php(354): CodeIgniter\CodeIgniter->handleRequest(null, Object(Config\Cache), false)
 9 SYSTEMPATH/Boot.php(334): CodeIgniter\CodeIgniter->run()
10 SYSTEMPATH/Boot.php(67): CodeIgniter\Boot::runCodeIgniter(Object(CodeIgniter\CodeIgniter))
11 FCPATH/index.php(57): CodeIgniter\Boot::bootWeb(Object(Config\Paths))
WARNING - 2025-08-29 00:43:33 --> [DEPRECATED] addslashes(): Passing null to parameter #1 ($string) of type string is deprecated in APPPATH/Views/service_list.php on line 10.
 1 APPPATH/Views/service_list.php(10): addslashes(null)
 2 SYSTEMPATH/View/View.php(224): include('/home/u810214334/domains/embellish-beauty.co.uk/public_html/app/Views/service_list.php')
 3 SYSTEMPATH/View/View.php(227): CodeIgniter\View\View->CodeIgniter\View\{closure}()
 4 SYSTEMPATH/Common.php(1173): CodeIgniter\View\View->render('service_list', [], true)
 5 APPPATH/Controllers/Home.php(129): view('service_list', [...])
 6 SYSTEMPATH/CodeIgniter.php(933): App\Controllers\Home->fetch_services()
 7 SYSTEMPATH/CodeIgniter.php(507): CodeIgniter\CodeIgniter->runController(Object(App\Controllers\Home))
 8 SYSTEMPATH/CodeIgniter.php(354): CodeIgniter\CodeIgniter->handleRequest(null, Object(Config\Cache), false)
 9 SYSTEMPATH/Boot.php(334): CodeIgniter\CodeIgniter->run()
10 SYSTEMPATH/Boot.php(67): CodeIgniter\Boot::runCodeIgniter(Object(CodeIgniter\CodeIgniter))
11 FCPATH/index.php(57): CodeIgniter\Boot::bootWeb(Object(Config\Paths))
WARNING - 2025-08-29 00:43:33 --> [DEPRECATED] addslashes(): Passing null to parameter #1 ($string) of type string is deprecated in APPPATH/Views/service_list.php on line 10.
 1 APPPATH/Views/service_list.php(10): addslashes(null)
 2 SYSTEMPATH/View/View.php(224): include('/home/u810214334/domains/embellish-beauty.co.uk/public_html/app/Views/service_list.php')
 3 SYSTEMPATH/View/View.php(227): CodeIgniter\View\View->CodeIgniter\View\{closure}()
 4 SYSTEMPATH/Common.php(1173): CodeIgniter\View\View->render('service_list', [], true)
 5 APPPATH/Controllers/Home.php(129): view('service_list', [...])
 6 SYSTEMPATH/CodeIgniter.php(933): App\Controllers\Home->fetch_services()
 7 SYSTEMPATH/CodeIgniter.php(507): CodeIgniter\CodeIgniter->runController(Object(App\Controllers\Home))
 8 SYSTEMPATH/CodeIgniter.php(354): CodeIgniter\CodeIgniter->handleRequest(null, Object(Config\Cache), false)
 9 SYSTEMPATH/Boot.php(334): CodeIgniter\CodeIgniter->run()
10 SYSTEMPATH/Boot.php(67): CodeIgniter\Boot::runCodeIgniter(Object(CodeIgniter\CodeIgniter))
11 FCPATH/index.php(57): CodeIgniter\Boot::bootWeb(Object(Config\Paths))
WARNING - 2025-08-29 00:43:33 --> [DEPRECATED] addslashes(): Passing null to parameter #1 ($string) of type string is deprecated in APPPATH/Views/service_list.php on line 10.
 1 APPPATH/Views/service_list.php(10): addslashes(null)
 2 SYSTEMPATH/View/View.php(224): include('/home/u810214334/domains/embellish-beauty.co.uk/public_html/app/Views/service_list.php')
 3 SYSTEMPATH/View/View.php(227): CodeIgniter\View\View->CodeIgniter\View\{closure}()
 4 SYSTEMPATH/Common.php(1173): CodeIgniter\View\View->render('service_list', [], true)
 5 APPPATH/Controllers/Home.php(129): view('service_list', [...])
 6 SYSTEMPATH/CodeIgniter.php(933): App\Controllers\Home->fetch_services()
 7 SYSTEMPATH/CodeIgniter.php(507): CodeIgniter\CodeIgniter->runController(Object(App\Controllers\Home))
 8 SYSTEMPATH/CodeIgniter.php(354): CodeIgniter\CodeIgniter->handleRequest(null, Object(Config\Cache), false)
 9 SYSTEMPATH/Boot.php(334): CodeIgniter\CodeIgniter->run()
10 SYSTEMPATH/Boot.php(67): CodeIgniter\Boot::runCodeIgniter(Object(CodeIgniter\CodeIgniter))
11 FCPATH/index.php(57): CodeIgniter\Boot::bootWeb(Object(Config\Paths))
WARNING - 2025-08-29 00:43:33 --> [DEPRECATED] addslashes(): Passing null to parameter #1 ($string) of type string is deprecated in APPPATH/Views/service_list.php on line 10.
 1 APPPATH/Views/service_list.php(10): addslashes(null)
 2 SYSTEMPATH/View/View.php(224): include('/home/u810214334/domains/embellish-beauty.co.uk/public_html/app/Views/service_list.php')
 3 SYSTEMPATH/View/View.php(227): CodeIgniter\View\View->CodeIgniter\View\{closure}()
 4 SYSTEMPATH/Common.php(1173): CodeIgniter\View\View->render('service_list', [], true)
 5 APPPATH/Controllers/Home.php(129): view('service_list', [...])
 6 SYSTEMPATH/CodeIgniter.php(933): App\Controllers\Home->fetch_services()
 7 SYSTEMPATH/CodeIgniter.php(507): CodeIgniter\CodeIgniter->runController(Object(App\Controllers\Home))
 8 SYSTEMPATH/CodeIgniter.php(354): CodeIgniter\CodeIgniter->handleRequest(null, Object(Config\Cache), false)
 9 SYSTEMPATH/Boot.php(334): CodeIgniter\CodeIgniter->run()
10 SYSTEMPATH/Boot.php(67): CodeIgniter\Boot::runCodeIgniter(Object(CodeIgniter\CodeIgniter))
11 FCPATH/index.php(57): CodeIgniter\Boot::bootWeb(Object(Config\Paths))
WARNING - 2025-08-29 00:43:33 --> [DEPRECATED] addslashes(): Passing null to parameter #1 ($string) of type string is deprecated in APPPATH/Views/service_list.php on line 10.
 1 APPPATH/Views/service_list.php(10): addslashes(null)
 2 SYSTEMPATH/View/View.php(224): include('/home/u810214334/domains/embellish-beauty.co.uk/public_html/app/Views/service_list.php')
 3 SYSTEMPATH/View/View.php(227): CodeIgniter\View\View->CodeIgniter\View\{closure}()
 4 SYSTEMPATH/Common.php(1173): CodeIgniter\View\View->render('service_list', [], true)
 5 APPPATH/Controllers/Home.php(129): view('service_list', [...])
 6 SYSTEMPATH/CodeIgniter.php(933): App\Controllers\Home->fetch_services()
 7 SYSTEMPATH/CodeIgniter.php(507): CodeIgniter\CodeIgniter->runController(Object(App\Controllers\Home))
 8 SYSTEMPATH/CodeIgniter.php(354): CodeIgniter\CodeIgniter->handleRequest(null, Object(Config\Cache), false)
 9 SYSTEMPATH/Boot.php(334): CodeIgniter\CodeIgniter->run()
10 SYSTEMPATH/Boot.php(67): CodeIgniter\Boot::runCodeIgniter(Object(CodeIgniter\CodeIgniter))
11 FCPATH/index.php(57): CodeIgniter\Boot::bootWeb(Object(Config\Paths))
WARNING - 2025-08-29 00:43:33 --> [DEPRECATED] addslashes(): Passing null to parameter #1 ($string) of type string is deprecated in APPPATH/Views/service_list.php on line 10.
 1 APPPATH/Views/service_list.php(10): addslashes(null)
 2 SYSTEMPATH/View/View.php(224): include('/home/u810214334/domains/embellish-beauty.co.uk/public_html/app/Views/service_list.php')
 3 SYSTEMPATH/View/View.php(227): CodeIgniter\View\View->CodeIgniter\View\{closure}()
 4 SYSTEMPATH/Common.php(1173): CodeIgniter\View\View->render('service_list', [], true)
 5 APPPATH/Controllers/Home.php(129): view('service_list', [...])
 6 SYSTEMPATH/CodeIgniter.php(933): App\Controllers\Home->fetch_services()
 7 SYSTEMPATH/CodeIgniter.php(507): CodeIgniter\CodeIgniter->runController(Object(App\Controllers\Home))
 8 SYSTEMPATH/CodeIgniter.php(354): CodeIgniter\CodeIgniter->handleRequest(null, Object(Config\Cache), false)
 9 SYSTEMPATH/Boot.php(334): CodeIgniter\CodeIgniter->run()
10 SYSTEMPATH/Boot.php(67): CodeIgniter\Boot::runCodeIgniter(Object(CodeIgniter\CodeIgniter))
11 FCPATH/index.php(57): CodeIgniter\Boot::bootWeb(Object(Config\Paths))
DEBUG - 2025-08-29 00:43:34 --> Session: Class initialized using 'CodeIgniter\Session\Handlers\FileHandler' driver.
WARNING - 2025-08-29 00:43:34 --> [DEPRECATED] addslashes(): Passing null to parameter #1 ($string) of type string is deprecated in APPPATH/Views/service_list.php on line 10.
 1 APPPATH/Views/service_list.php(10): addslashes(null)
 2 SYSTEMPATH/View/View.php(224): include('/home/u810214334/domains/embellish-beauty.co.uk/public_html/app/Views/service_list.php')
 3 SYSTEMPATH/View/View.php(227): CodeIgniter\View\View->CodeIgniter\View\{closure}()
 4 SYSTEMPATH/Common.php(1173): CodeIgniter\View\View->render('service_list', [], true)
 5 APPPATH/Controllers/Home.php(129): view('service_list', [...])
 6 SYSTEMPATH/CodeIgniter.php(933): App\Controllers\Home->fetch_services()
 7 SYSTEMPATH/CodeIgniter.php(507): CodeIgniter\CodeIgniter->runController(Object(App\Controllers\Home))
 8 SYSTEMPATH/CodeIgniter.php(354): CodeIgniter\CodeIgniter->handleRequest(null, Object(Config\Cache), false)
 9 SYSTEMPATH/Boot.php(334): CodeIgniter\CodeIgniter->run()
10 SYSTEMPATH/Boot.php(67): CodeIgniter\Boot::runCodeIgniter(Object(CodeIgniter\CodeIgniter))
11 FCPATH/index.php(57): CodeIgniter\Boot::bootWeb(Object(Config\Paths))
WARNING - 2025-08-29 00:43:34 --> [DEPRECATED] addslashes(): Passing null to parameter #1 ($string) of type string is deprecated in APPPATH/Views/service_list.php on line 10.
 1 APPPATH/Views/service_list.php(10): addslashes(null)
 2 SYSTEMPATH/View/View.php(224): include('/home/u810214334/domains/embellish-beauty.co.uk/public_html/app/Views/service_list.php')
 3 SYSTEMPATH/View/View.php(227): CodeIgniter\View\View->CodeIgniter\View\{closure}()
 4 SYSTEMPATH/Common.php(1173): CodeIgniter\View\View->render('service_list', [], true)
 5 APPPATH/Controllers/Home.php(129): view('service_list', [...])
 6 SYSTEMPATH/CodeIgniter.php(933): App\Controllers\Home->fetch_services()
 7 SYSTEMPATH/CodeIgniter.php(507): CodeIgniter\CodeIgniter->runController(Object(App\Controllers\Home))
 8 SYSTEMPATH/CodeIgniter.php(354): CodeIgniter\CodeIgniter->handleRequest(null, Object(Config\Cache), false)
 9 SYSTEMPATH/Boot.php(334): CodeIgniter\CodeIgniter->run()
10 SYSTEMPATH/Boot.php(67): CodeIgniter\Boot::runCodeIgniter(Object(CodeIgniter\CodeIgniter))
11 FCPATH/index.php(57): CodeIgniter\Boot::bootWeb(Object(Config\Paths))
WARNING - 2025-08-29 00:43:34 --> [DEPRECATED] addslashes(): Passing null to parameter #1 ($string) of type string is deprecated in APPPATH/Views/service_list.php on line 10.
 1 APPPATH/Views/service_list.php(10): addslashes(null)
 2 SYSTEMPATH/View/View.php(224): include('/home/u810214334/domains/embellish-beauty.co.uk/public_html/app/Views/service_list.php')
 3 SYSTEMPATH/View/View.php(227): CodeIgniter\View\View->CodeIgniter\View\{closure}()
 4 SYSTEMPATH/Common.php(1173): CodeIgniter\View\View->render('service_list', [], true)
 5 APPPATH/Controllers/Home.php(129): view('service_list', [...])
 6 SYSTEMPATH/CodeIgniter.php(933): App\Controllers\Home->fetch_services()
 7 SYSTEMPATH/CodeIgniter.php(507): CodeIgniter\CodeIgniter->runController(Object(App\Controllers\Home))
 8 SYSTEMPATH/CodeIgniter.php(354): CodeIgniter\CodeIgniter->handleRequest(null, Object(Config\Cache), false)
 9 SYSTEMPATH/Boot.php(334): CodeIgniter\CodeIgniter->run()
10 SYSTEMPATH/Boot.php(67): CodeIgniter\Boot::runCodeIgniter(Object(CodeIgniter\CodeIgniter))
11 FCPATH/index.php(57): CodeIgniter\Boot::bootWeb(Object(Config\Paths))
WARNING - 2025-08-29 00:43:34 --> [DEPRECATED] addslashes(): Passing null to parameter #1 ($string) of type string is deprecated in APPPATH/Views/service_list.php on line 10.
 1 APPPATH/Views/service_list.php(10): addslashes(null)
 2 SYSTEMPATH/View/View.php(224): include('/home/u810214334/domains/embellish-beauty.co.uk/public_html/app/Views/service_list.php')
 3 SYSTEMPATH/View/View.php(227): CodeIgniter\View\View->CodeIgniter\View\{closure}()
 4 SYSTEMPATH/Common.php(1173): CodeIgniter\View\View->render('service_list', [], true)
 5 APPPATH/Controllers/Home.php(129): view('service_list', [...])
 6 SYSTEMPATH/CodeIgniter.php(933): App\Controllers\Home->fetch_services()
 7 SYSTEMPATH/CodeIgniter.php(507): CodeIgniter\CodeIgniter->runController(Object(App\Controllers\Home))
 8 SYSTEMPATH/CodeIgniter.php(354): CodeIgniter\CodeIgniter->handleRequest(null, Object(Config\Cache), false)
 9 SYSTEMPATH/Boot.php(334): CodeIgniter\CodeIgniter->run()
10 SYSTEMPATH/Boot.php(67): CodeIgniter\Boot::runCodeIgniter(Object(CodeIgniter\CodeIgniter))
11 FCPATH/index.php(57): CodeIgniter\Boot::bootWeb(Object(Config\Paths))
WARNING - 2025-08-29 00:43:34 --> [DEPRECATED] addslashes(): Passing null to parameter #1 ($string) of type string is deprecated in APPPATH/Views/service_list.php on line 10.
 1 APPPATH/Views/service_list.php(10): addslashes(null)
 2 SYSTEMPATH/View/View.php(224): include('/home/u810214334/domains/embellish-beauty.co.uk/public_html/app/Views/service_list.php')
 3 SYSTEMPATH/View/View.php(227): CodeIgniter\View\View->CodeIgniter\View\{closure}()
 4 SYSTEMPATH/Common.php(1173): CodeIgniter\View\View->render('service_list', [], true)
 5 APPPATH/Controllers/Home.php(129): view('service_list', [...])
 6 SYSTEMPATH/CodeIgniter.php(933): App\Controllers\Home->fetch_services()
 7 SYSTEMPATH/CodeIgniter.php(507): CodeIgniter\CodeIgniter->runController(Object(App\Controllers\Home))
 8 SYSTEMPATH/CodeIgniter.php(354): CodeIgniter\CodeIgniter->handleRequest(null, Object(Config\Cache), false)
 9 SYSTEMPATH/Boot.php(334): CodeIgniter\CodeIgniter->run()
10 SYSTEMPATH/Boot.php(67): CodeIgniter\Boot::runCodeIgniter(Object(CodeIgniter\CodeIgniter))
11 FCPATH/index.php(57): CodeIgniter\Boot::bootWeb(Object(Config\Paths))
WARNING - 2025-08-29 00:43:34 --> [DEPRECATED] addslashes(): Passing null to parameter #1 ($string) of type string is deprecated in APPPATH/Views/service_list.php on line 10.
 1 APPPATH/Views/service_list.php(10): addslashes(null)
 2 SYSTEMPATH/View/View.php(224): include('/home/u810214334/domains/embellish-beauty.co.uk/public_html/app/Views/service_list.php')
 3 SYSTEMPATH/View/View.php(227): CodeIgniter\View\View->CodeIgniter\View\{closure}()
 4 SYSTEMPATH/Common.php(1173): CodeIgniter\View\View->render('service_list', [], true)
 5 APPPATH/Controllers/Home.php(129): view('service_list', [...])
 6 SYSTEMPATH/CodeIgniter.php(933): App\Controllers\Home->fetch_services()
 7 SYSTEMPATH/CodeIgniter.php(507): CodeIgniter\CodeIgniter->runController(Object(App\Controllers\Home))
 8 SYSTEMPATH/CodeIgniter.php(354): CodeIgniter\CodeIgniter->handleRequest(null, Object(Config\Cache), false)
 9 SYSTEMPATH/Boot.php(334): CodeIgniter\CodeIgniter->run()
10 SYSTEMPATH/Boot.php(67): CodeIgniter\Boot::runCodeIgniter(Object(CodeIgniter\CodeIgniter))
11 FCPATH/index.php(57): CodeIgniter\Boot::bootWeb(Object(Config\Paths))
WARNING - 2025-08-29 00:43:34 --> [DEPRECATED] addslashes(): Passing null to parameter #1 ($string) of type string is deprecated in APPPATH/Views/service_list.php on line 10.
 1 APPPATH/Views/service_list.php(10): addslashes(null)
 2 SYSTEMPATH/View/View.php(224): include('/home/u810214334/domains/embellish-beauty.co.uk/public_html/app/Views/service_list.php')
 3 SYSTEMPATH/View/View.php(227): CodeIgniter\View\View->CodeIgniter\View\{closure}()
 4 SYSTEMPATH/Common.php(1173): CodeIgniter\View\View->render('service_list', [], true)
 5 APPPATH/Controllers/Home.php(129): view('service_list', [...])
 6 SYSTEMPATH/CodeIgniter.php(933): App\Controllers\Home->fetch_services()
 7 SYSTEMPATH/CodeIgniter.php(507): CodeIgniter\CodeIgniter->runController(Object(App\Controllers\Home))
 8 SYSTEMPATH/CodeIgniter.php(354): CodeIgniter\CodeIgniter->handleRequest(null, Object(Config\Cache), false)
 9 SYSTEMPATH/Boot.php(334): CodeIgniter\CodeIgniter->run()
10 SYSTEMPATH/Boot.php(67): CodeIgniter\Boot::runCodeIgniter(Object(CodeIgniter\CodeIgniter))
11 FCPATH/index.php(57): CodeIgniter\Boot::bootWeb(Object(Config\Paths))
WARNING - 2025-08-29 00:43:34 --> [DEPRECATED] addslashes(): Passing null to parameter #1 ($string) of type string is deprecated in APPPATH/Views/service_list.php on line 10.
 1 APPPATH/Views/service_list.php(10): addslashes(null)
 2 SYSTEMPATH/View/View.php(224): include('/home/u810214334/domains/embellish-beauty.co.uk/public_html/app/Views/service_list.php')
 3 SYSTEMPATH/View/View.php(227): CodeIgniter\View\View->CodeIgniter\View\{closure}()
 4 SYSTEMPATH/Common.php(1173): CodeIgniter\View\View->render('service_list', [], true)
 5 APPPATH/Controllers/Home.php(129): view('service_list', [...])
 6 SYSTEMPATH/CodeIgniter.php(933): App\Controllers\Home->fetch_services()
 7 SYSTEMPATH/CodeIgniter.php(507): CodeIgniter\CodeIgniter->runController(Object(App\Controllers\Home))
 8 SYSTEMPATH/CodeIgniter.php(354): CodeIgniter\CodeIgniter->handleRequest(null, Object(Config\Cache), false)
 9 SYSTEMPATH/Boot.php(334): CodeIgniter\CodeIgniter->run()
10 SYSTEMPATH/Boot.php(67): CodeIgniter\Boot::runCodeIgniter(Object(CodeIgniter\CodeIgniter))
11 FCPATH/index.php(57): CodeIgniter\Boot::bootWeb(Object(Config\Paths))
WARNING - 2025-08-29 00:43:34 --> [DEPRECATED] addslashes(): Passing null to parameter #1 ($string) of type string is deprecated in APPPATH/Views/service_list.php on line 10.
 1 APPPATH/Views/service_list.php(10): addslashes(null)
 2 SYSTEMPATH/View/View.php(224): include('/home/u810214334/domains/embellish-beauty.co.uk/public_html/app/Views/service_list.php')
 3 SYSTEMPATH/View/View.php(227): CodeIgniter\View\View->CodeIgniter\View\{closure}()
 4 SYSTEMPATH/Common.php(1173): CodeIgniter\View\View->render('service_list', [], true)
 5 APPPATH/Controllers/Home.php(129): view('service_list', [...])
 6 SYSTEMPATH/CodeIgniter.php(933): App\Controllers\Home->fetch_services()
 7 SYSTEMPATH/CodeIgniter.php(507): CodeIgniter\CodeIgniter->runController(Object(App\Controllers\Home))
 8 SYSTEMPATH/CodeIgniter.php(354): CodeIgniter\CodeIgniter->handleRequest(null, Object(Config\Cache), false)
 9 SYSTEMPATH/Boot.php(334): CodeIgniter\CodeIgniter->run()
10 SYSTEMPATH/Boot.php(67): CodeIgniter\Boot::runCodeIgniter(Object(CodeIgniter\CodeIgniter))
11 FCPATH/index.php(57): CodeIgniter\Boot::bootWeb(Object(Config\Paths))
WARNING - 2025-08-29 00:43:34 --> [DEPRECATED] addslashes(): Passing null to parameter #1 ($string) of type string is deprecated in APPPATH/Views/service_list.php on line 10.
 1 APPPATH/Views/service_list.php(10): addslashes(null)
 2 SYSTEMPATH/View/View.php(224): include('/home/u810214334/domains/embellish-beauty.co.uk/public_html/app/Views/service_list.php')
 3 SYSTEMPATH/View/View.php(227): CodeIgniter\View\View->CodeIgniter\View\{closure}()
 4 SYSTEMPATH/Common.php(1173): CodeIgniter\View\View->render('service_list', [], true)
 5 APPPATH/Controllers/Home.php(129): view('service_list', [...])
 6 SYSTEMPATH/CodeIgniter.php(933): App\Controllers\Home->fetch_services()
 7 SYSTEMPATH/CodeIgniter.php(507): CodeIgniter\CodeIgniter->runController(Object(App\Controllers\Home))
 8 SYSTEMPATH/CodeIgniter.php(354): CodeIgniter\CodeIgniter->handleRequest(null, Object(Config\Cache), false)
 9 SYSTEMPATH/Boot.php(334): CodeIgniter\CodeIgniter->run()
10 SYSTEMPATH/Boot.php(67): CodeIgniter\Boot::runCodeIgniter(Object(CodeIgniter\CodeIgniter))
11 FCPATH/index.php(57): CodeIgniter\Boot::bootWeb(Object(Config\Paths))
WARNING - 2025-08-29 00:43:34 --> [DEPRECATED] addslashes(): Passing null to parameter #1 ($string) of type string is deprecated in APPPATH/Views/service_list.php on line 10.
 1 APPPATH/Views/service_list.php(10): addslashes(null)
 2 SYSTEMPATH/View/View.php(224): include('/home/u810214334/domains/embellish-beauty.co.uk/public_html/app/Views/service_list.php')
 3 SYSTEMPATH/View/View.php(227): CodeIgniter\View\View->CodeIgniter\View\{closure}()
 4 SYSTEMPATH/Common.php(1173): CodeIgniter\View\View->render('service_list', [], true)
 5 APPPATH/Controllers/Home.php(129): view('service_list', [...])
 6 SYSTEMPATH/CodeIgniter.php(933): App\Controllers\Home->fetch_services()
 7 SYSTEMPATH/CodeIgniter.php(507): CodeIgniter\CodeIgniter->runController(Object(App\Controllers\Home))
 8 SYSTEMPATH/CodeIgniter.php(354): CodeIgniter\CodeIgniter->handleRequest(null, Object(Config\Cache), false)
 9 SYSTEMPATH/Boot.php(334): CodeIgniter\CodeIgniter->run()
10 SYSTEMPATH/Boot.php(67): CodeIgniter\Boot::runCodeIgniter(Object(CodeIgniter\CodeIgniter))
11 FCPATH/index.php(57): CodeIgniter\Boot::bootWeb(Object(Config\Paths))
WARNING - 2025-08-29 00:43:34 --> [DEPRECATED] addslashes(): Passing null to parameter #1 ($string) of type string is deprecated in APPPATH/Views/service_list.php on line 10.
 1 APPPATH/Views/service_list.php(10): addslashes(null)
 2 SYSTEMPATH/View/View.php(224): include('/home/u810214334/domains/embellish-beauty.co.uk/public_html/app/Views/service_list.php')
 3 SYSTEMPATH/View/View.php(227): CodeIgniter\View\View->CodeIgniter\View\{closure}()
 4 SYSTEMPATH/Common.php(1173): CodeIgniter\View\View->render('service_list', [], true)
 5 APPPATH/Controllers/Home.php(129): view('service_list', [...])
 6 SYSTEMPATH/CodeIgniter.php(933): App\Controllers\Home->fetch_services()
 7 SYSTEMPATH/CodeIgniter.php(507): CodeIgniter\CodeIgniter->runController(Object(App\Controllers\Home))
 8 SYSTEMPATH/CodeIgniter.php(354): CodeIgniter\CodeIgniter->handleRequest(null, Object(Config\Cache), false)
 9 SYSTEMPATH/Boot.php(334): CodeIgniter\CodeIgniter->run()
10 SYSTEMPATH/Boot.php(67): CodeIgniter\Boot::runCodeIgniter(Object(CodeIgniter\CodeIgniter))
11 FCPATH/index.php(57): CodeIgniter\Boot::bootWeb(Object(Config\Paths))
WARNING - 2025-08-29 00:43:34 --> [DEPRECATED] addslashes(): Passing null to parameter #1 ($string) of type string is deprecated in APPPATH/Views/service_list.php on line 10.
 1 APPPATH/Views/service_list.php(10): addslashes(null)
 2 SYSTEMPATH/View/View.php(224): include('/home/u810214334/domains/embellish-beauty.co.uk/public_html/app/Views/service_list.php')
 3 SYSTEMPATH/View/View.php(227): CodeIgniter\View\View->CodeIgniter\View\{closure}()
 4 SYSTEMPATH/Common.php(1173): CodeIgniter\View\View->render('service_list', [], true)
 5 APPPATH/Controllers/Home.php(129): view('service_list', [...])
 6 SYSTEMPATH/CodeIgniter.php(933): App\Controllers\Home->fetch_services()
 7 SYSTEMPATH/CodeIgniter.php(507): CodeIgniter\CodeIgniter->runController(Object(App\Controllers\Home))
 8 SYSTEMPATH/CodeIgniter.php(354): CodeIgniter\CodeIgniter->handleRequest(null, Object(Config\Cache), false)
 9 SYSTEMPATH/Boot.php(334): CodeIgniter\CodeIgniter->run()
10 SYSTEMPATH/Boot.php(67): CodeIgniter\Boot::runCodeIgniter(Object(CodeIgniter\CodeIgniter))
11 FCPATH/index.php(57): CodeIgniter\Boot::bootWeb(Object(Config\Paths))
WARNING - 2025-08-29 00:43:34 --> [DEPRECATED] addslashes(): Passing null to parameter #1 ($string) of type string is deprecated in APPPATH/Views/service_list.php on line 10.
 1 APPPATH/Views/service_list.php(10): addslashes(null)
 2 SYSTEMPATH/View/View.php(224): include('/home/u810214334/domains/embellish-beauty.co.uk/public_html/app/Views/service_list.php')
 3 SYSTEMPATH/View/View.php(227): CodeIgniter\View\View->CodeIgniter\View\{closure}()
 4 SYSTEMPATH/Common.php(1173): CodeIgniter\View\View->render('service_list', [], true)
 5 APPPATH/Controllers/Home.php(129): view('service_list', [...])
 6 SYSTEMPATH/CodeIgniter.php(933): App\Controllers\Home->fetch_services()
 7 SYSTEMPATH/CodeIgniter.php(507): CodeIgniter\CodeIgniter->runController(Object(App\Controllers\Home))
 8 SYSTEMPATH/CodeIgniter.php(354): CodeIgniter\CodeIgniter->handleRequest(null, Object(Config\Cache), false)
 9 SYSTEMPATH/Boot.php(334): CodeIgniter\CodeIgniter->run()
10 SYSTEMPATH/Boot.php(67): CodeIgniter\Boot::runCodeIgniter(Object(CodeIgniter\CodeIgniter))
11 FCPATH/index.php(57): CodeIgniter\Boot::bootWeb(Object(Config\Paths))
WARNING - 2025-08-29 00:43:34 --> [DEPRECATED] addslashes(): Passing null to parameter #1 ($string) of type string is deprecated in APPPATH/Views/service_list.php on line 10.
 1 APPPATH/Views/service_list.php(10): addslashes(null)
 2 SYSTEMPATH/View/View.php(224): include('/home/u810214334/domains/embellish-beauty.co.uk/public_html/app/Views/service_list.php')
 3 SYSTEMPATH/View/View.php(227): CodeIgniter\View\View->CodeIgniter\View\{closure}()
 4 SYSTEMPATH/Common.php(1173): CodeIgniter\View\View->render('service_list', [], true)
 5 APPPATH/Controllers/Home.php(129): view('service_list', [...])
 6 SYSTEMPATH/CodeIgniter.php(933): App\Controllers\Home->fetch_services()
 7 SYSTEMPATH/CodeIgniter.php(507): CodeIgniter\CodeIgniter->runController(Object(App\Controllers\Home))
 8 SYSTEMPATH/CodeIgniter.php(354): CodeIgniter\CodeIgniter->handleRequest(null, Object(Config\Cache), false)
 9 SYSTEMPATH/Boot.php(334): CodeIgniter\CodeIgniter->run()
10 SYSTEMPATH/Boot.php(67): CodeIgniter\Boot::runCodeIgniter(Object(CodeIgniter\CodeIgniter))
11 FCPATH/index.php(57): CodeIgniter\Boot::bootWeb(Object(Config\Paths))
WARNING - 2025-08-29 00:43:34 --> [DEPRECATED] addslashes(): Passing null to parameter #1 ($string) of type string is deprecated in APPPATH/Views/service_list.php on line 10.
 1 APPPATH/Views/service_list.php(10): addslashes(null)
 2 SYSTEMPATH/View/View.php(224): include('/home/u810214334/domains/embellish-beauty.co.uk/public_html/app/Views/service_list.php')
 3 SYSTEMPATH/View/View.php(227): CodeIgniter\View\View->CodeIgniter\View\{closure}()
 4 SYSTEMPATH/Common.php(1173): CodeIgniter\View\View->render('service_list', [], true)
 5 APPPATH/Controllers/Home.php(129): view('service_list', [...])
 6 SYSTEMPATH/CodeIgniter.php(933): App\Controllers\Home->fetch_services()
 7 SYSTEMPATH/CodeIgniter.php(507): CodeIgniter\CodeIgniter->runController(Object(App\Controllers\Home))
 8 SYSTEMPATH/CodeIgniter.php(354): CodeIgniter\CodeIgniter->handleRequest(null, Object(Config\Cache), false)
 9 SYSTEMPATH/Boot.php(334): CodeIgniter\CodeIgniter->run()
10 SYSTEMPATH/Boot.php(67): CodeIgniter\Boot::runCodeIgniter(Object(CodeIgniter\CodeIgniter))
11 FCPATH/index.php(57): CodeIgniter\Boot::bootWeb(Object(Config\Paths))
WARNING - 2025-08-29 00:43:34 --> [DEPRECATED] addslashes(): Passing null to parameter #1 ($string) of type string is deprecated in APPPATH/Views/service_list.php on line 10.
 1 APPPATH/Views/service_list.php(10): addslashes(null)
 2 SYSTEMPATH/View/View.php(224): include('/home/u810214334/domains/embellish-beauty.co.uk/public_html/app/Views/service_list.php')
 3 SYSTEMPATH/View/View.php(227): CodeIgniter\View\View->CodeIgniter\View\{closure}()
 4 SYSTEMPATH/Common.php(1173): CodeIgniter\View\View->render('service_list', [], true)
 5 APPPATH/Controllers/Home.php(129): view('service_list', [...])
 6 SYSTEMPATH/CodeIgniter.php(933): App\Controllers\Home->fetch_services()
 7 SYSTEMPATH/CodeIgniter.php(507): CodeIgniter\CodeIgniter->runController(Object(App\Controllers\Home))
 8 SYSTEMPATH/CodeIgniter.php(354): CodeIgniter\CodeIgniter->handleRequest(null, Object(Config\Cache), false)
 9 SYSTEMPATH/Boot.php(334): CodeIgniter\CodeIgniter->run()
10 SYSTEMPATH/Boot.php(67): CodeIgniter\Boot::runCodeIgniter(Object(CodeIgniter\CodeIgniter))
11 FCPATH/index.php(57): CodeIgniter\Boot::bootWeb(Object(Config\Paths))
WARNING - 2025-08-29 00:43:34 --> [DEPRECATED] addslashes(): Passing null to parameter #1 ($string) of type string is deprecated in APPPATH/Views/service_list.php on line 10.
 1 APPPATH/Views/service_list.php(10): addslashes(null)
 2 SYSTEMPATH/View/View.php(224): include('/home/u810214334/domains/embellish-beauty.co.uk/public_html/app/Views/service_list.php')
 3 SYSTEMPATH/View/View.php(227): CodeIgniter\View\View->CodeIgniter\View\{closure}()
 4 SYSTEMPATH/Common.php(1173): CodeIgniter\View\View->render('service_list', [], true)
 5 APPPATH/Controllers/Home.php(129): view('service_list', [...])
 6 SYSTEMPATH/CodeIgniter.php(933): App\Controllers\Home->fetch_services()
 7 SYSTEMPATH/CodeIgniter.php(507): CodeIgniter\CodeIgniter->runController(Object(App\Controllers\Home))
 8 SYSTEMPATH/CodeIgniter.php(354): CodeIgniter\CodeIgniter->handleRequest(null, Object(Config\Cache), false)
 9 SYSTEMPATH/Boot.php(334): CodeIgniter\CodeIgniter->run()
10 SYSTEMPATH/Boot.php(67): CodeIgniter\Boot::runCodeIgniter(Object(CodeIgniter\CodeIgniter))
11 FCPATH/index.php(57): CodeIgniter\Boot::bootWeb(Object(Config\Paths))
WARNING - 2025-08-29 00:43:34 --> [DEPRECATED] addslashes(): Passing null to parameter #1 ($string) of type string is deprecated in APPPATH/Views/service_list.php on line 10.
 1 APPPATH/Views/service_list.php(10): addslashes(null)
 2 SYSTEMPATH/View/View.php(224): include('/home/u810214334/domains/embellish-beauty.co.uk/public_html/app/Views/service_list.php')
 3 SYSTEMPATH/View/View.php(227): CodeIgniter\View\View->CodeIgniter\View\{closure}()
 4 SYSTEMPATH/Common.php(1173): CodeIgniter\View\View->render('service_list', [], true)
 5 APPPATH/Controllers/Home.php(129): view('service_list', [...])
 6 SYSTEMPATH/CodeIgniter.php(933): App\Controllers\Home->fetch_services()
 7 SYSTEMPATH/CodeIgniter.php(507): CodeIgniter\CodeIgniter->runController(Object(App\Controllers\Home))
 8 SYSTEMPATH/CodeIgniter.php(354): CodeIgniter\CodeIgniter->handleRequest(null, Object(Config\Cache), false)
 9 SYSTEMPATH/Boot.php(334): CodeIgniter\CodeIgniter->run()
10 SYSTEMPATH/Boot.php(67): CodeIgniter\Boot::runCodeIgniter(Object(CodeIgniter\CodeIgniter))
11 FCPATH/index.php(57): CodeIgniter\Boot::bootWeb(Object(Config\Paths))
WARNING - 2025-08-29 00:43:34 --> [DEPRECATED] addslashes(): Passing null to parameter #1 ($string) of type string is deprecated in APPPATH/Views/service_list.php on line 10.
 1 APPPATH/Views/service_list.php(10): addslashes(null)
 2 SYSTEMPATH/View/View.php(224): include('/home/u810214334/domains/embellish-beauty.co.uk/public_html/app/Views/service_list.php')
 3 SYSTEMPATH/View/View.php(227): CodeIgniter\View\View->CodeIgniter\View\{closure}()
 4 SYSTEMPATH/Common.php(1173): CodeIgniter\View\View->render('service_list', [], true)
 5 APPPATH/Controllers/Home.php(129): view('service_list', [...])
 6 SYSTEMPATH/CodeIgniter.php(933): App\Controllers\Home->fetch_services()
 7 SYSTEMPATH/CodeIgniter.php(507): CodeIgniter\CodeIgniter->runController(Object(App\Controllers\Home))
 8 SYSTEMPATH/CodeIgniter.php(354): CodeIgniter\CodeIgniter->handleRequest(null, Object(Config\Cache), false)
 9 SYSTEMPATH/Boot.php(334): CodeIgniter\CodeIgniter->run()
10 SYSTEMPATH/Boot.php(67): CodeIgniter\Boot::runCodeIgniter(Object(CodeIgniter\CodeIgniter))
11 FCPATH/index.php(57): CodeIgniter\Boot::bootWeb(Object(Config\Paths))
DEBUG - 2025-08-29 00:43:35 --> Session: Class initialized using 'CodeIgniter\Session\Handlers\FileHandler' driver.
WARNING - 2025-08-29 00:43:35 --> [DEPRECATED] addslashes(): Passing null to parameter #1 ($string) of type string is deprecated in APPPATH/Views/service_list.php on line 10.
 1 APPPATH/Views/service_list.php(10): addslashes(null)
 2 SYSTEMPATH/View/View.php(224): include('/home/u810214334/domains/embellish-beauty.co.uk/public_html/app/Views/service_list.php')
 3 SYSTEMPATH/View/View.php(227): CodeIgniter\View\View->CodeIgniter\View\{closure}()
 4 SYSTEMPATH/Common.php(1173): CodeIgniter\View\View->render('service_list', [], true)
 5 APPPATH/Controllers/Home.php(129): view('service_list', [...])
 6 SYSTEMPATH/CodeIgniter.php(933): App\Controllers\Home->fetch_services()
 7 SYSTEMPATH/CodeIgniter.php(507): CodeIgniter\CodeIgniter->runController(Object(App\Controllers\Home))
 8 SYSTEMPATH/CodeIgniter.php(354): CodeIgniter\CodeIgniter->handleRequest(null, Object(Config\Cache), false)
 9 SYSTEMPATH/Boot.php(334): CodeIgniter\CodeIgniter->run()
10 SYSTEMPATH/Boot.php(67): CodeIgniter\Boot::runCodeIgniter(Object(CodeIgniter\CodeIgniter))
11 FCPATH/index.php(57): CodeIgniter\Boot::bootWeb(Object(Config\Paths))
WARNING - 2025-08-29 00:43:35 --> [DEPRECATED] addslashes(): Passing null to parameter #1 ($string) of type string is deprecated in APPPATH/Views/service_list.php on line 10.
 1 APPPATH/Views/service_list.php(10): addslashes(null)
 2 SYSTEMPATH/View/View.php(224): include('/home/u810214334/domains/embellish-beauty.co.uk/public_html/app/Views/service_list.php')
 3 SYSTEMPATH/View/View.php(227): CodeIgniter\View\View->CodeIgniter\View\{closure}()
 4 SYSTEMPATH/Common.php(1173): CodeIgniter\View\View->render('service_list', [], true)
 5 APPPATH/Controllers/Home.php(129): view('service_list', [...])
 6 SYSTEMPATH/CodeIgniter.php(933): App\Controllers\Home->fetch_services()
 7 SYSTEMPATH/CodeIgniter.php(507): CodeIgniter\CodeIgniter->runController(Object(App\Controllers\Home))
 8 SYSTEMPATH/CodeIgniter.php(354): CodeIgniter\CodeIgniter->handleRequest(null, Object(Config\Cache), false)
 9 SYSTEMPATH/Boot.php(334): CodeIgniter\CodeIgniter->run()
10 SYSTEMPATH/Boot.php(67): CodeIgniter\Boot::runCodeIgniter(Object(CodeIgniter\CodeIgniter))
11 FCPATH/index.php(57): CodeIgniter\Boot::bootWeb(Object(Config\Paths))
WARNING - 2025-08-29 00:43:35 --> [DEPRECATED] addslashes(): Passing null to parameter #1 ($string) of type string is deprecated in APPPATH/Views/service_list.php on line 10.
 1 APPPATH/Views/service_list.php(10): addslashes(null)
 2 SYSTEMPATH/View/View.php(224): include('/home/u810214334/domains/embellish-beauty.co.uk/public_html/app/Views/service_list.php')
 3 SYSTEMPATH/View/View.php(227): CodeIgniter\View\View->CodeIgniter\View\{closure}()
 4 SYSTEMPATH/Common.php(1173): CodeIgniter\View\View->render('service_list', [], true)
 5 APPPATH/Controllers/Home.php(129): view('service_list', [...])
 6 SYSTEMPATH/CodeIgniter.php(933): App\Controllers\Home->fetch_services()
 7 SYSTEMPATH/CodeIgniter.php(507): CodeIgniter\CodeIgniter->runController(Object(App\Controllers\Home))
 8 SYSTEMPATH/CodeIgniter.php(354): CodeIgniter\CodeIgniter->handleRequest(null, Object(Config\Cache), false)
 9 SYSTEMPATH/Boot.php(334): CodeIgniter\CodeIgniter->run()
10 SYSTEMPATH/Boot.php(67): CodeIgniter\Boot::runCodeIgniter(Object(CodeIgniter\CodeIgniter))
11 FCPATH/index.php(57): CodeIgniter\Boot::bootWeb(Object(Config\Paths))
WARNING - 2025-08-29 00:43:35 --> [DEPRECATED] addslashes(): Passing null to parameter #1 ($string) of type string is deprecated in APPPATH/Views/service_list.php on line 10.
 1 APPPATH/Views/service_list.php(10): addslashes(null)
 2 SYSTEMPATH/View/View.php(224): include('/home/u810214334/domains/embellish-beauty.co.uk/public_html/app/Views/service_list.php')
 3 SYSTEMPATH/View/View.php(227): CodeIgniter\View\View->CodeIgniter\View\{closure}()
 4 SYSTEMPATH/Common.php(1173): CodeIgniter\View\View->render('service_list', [], true)
 5 APPPATH/Controllers/Home.php(129): view('service_list', [...])
 6 SYSTEMPATH/CodeIgniter.php(933): App\Controllers\Home->fetch_services()
 7 SYSTEMPATH/CodeIgniter.php(507): CodeIgniter\CodeIgniter->runController(Object(App\Controllers\Home))
 8 SYSTEMPATH/CodeIgniter.php(354): CodeIgniter\CodeIgniter->handleRequest(null, Object(Config\Cache), false)
 9 SYSTEMPATH/Boot.php(334): CodeIgniter\CodeIgniter->run()
10 SYSTEMPATH/Boot.php(67): CodeIgniter\Boot::runCodeIgniter(Object(CodeIgniter\CodeIgniter))
11 FCPATH/index.php(57): CodeIgniter\Boot::bootWeb(Object(Config\Paths))
WARNING - 2025-08-29 00:43:35 --> [DEPRECATED] addslashes(): Passing null to parameter #1 ($string) of type string is deprecated in APPPATH/Views/service_list.php on line 10.
 1 APPPATH/Views/service_list.php(10): addslashes(null)
 2 SYSTEMPATH/View/View.php(224): include('/home/u810214334/domains/embellish-beauty.co.uk/public_html/app/Views/service_list.php')
 3 SYSTEMPATH/View/View.php(227): CodeIgniter\View\View->CodeIgniter\View\{closure}()
 4 SYSTEMPATH/Common.php(1173): CodeIgniter\View\View->render('service_list', [], true)
 5 APPPATH/Controllers/Home.php(129): view('service_list', [...])
 6 SYSTEMPATH/CodeIgniter.php(933): App\Controllers\Home->fetch_services()
 7 SYSTEMPATH/CodeIgniter.php(507): CodeIgniter\CodeIgniter->runController(Object(App\Controllers\Home))
 8 SYSTEMPATH/CodeIgniter.php(354): CodeIgniter\CodeIgniter->handleRequest(null, Object(Config\Cache), false)
 9 SYSTEMPATH/Boot.php(334): CodeIgniter\CodeIgniter->run()
10 SYSTEMPATH/Boot.php(67): CodeIgniter\Boot::runCodeIgniter(Object(CodeIgniter\CodeIgniter))
11 FCPATH/index.php(57): CodeIgniter\Boot::bootWeb(Object(Config\Paths))
WARNING - 2025-08-29 00:43:35 --> [DEPRECATED] addslashes(): Passing null to parameter #1 ($string) of type string is deprecated in APPPATH/Views/service_list.php on line 10.
 1 APPPATH/Views/service_list.php(10): addslashes(null)
 2 SYSTEMPATH/View/View.php(224): include('/home/u810214334/domains/embellish-beauty.co.uk/public_html/app/Views/service_list.php')
 3 SYSTEMPATH/View/View.php(227): CodeIgniter\View\View->CodeIgniter\View\{closure}()
 4 SYSTEMPATH/Common.php(1173): CodeIgniter\View\View->render('service_list', [], true)
 5 APPPATH/Controllers/Home.php(129): view('service_list', [...])
 6 SYSTEMPATH/CodeIgniter.php(933): App\Controllers\Home->fetch_services()
 7 SYSTEMPATH/CodeIgniter.php(507): CodeIgniter\CodeIgniter->runController(Object(App\Controllers\Home))
 8 SYSTEMPATH/CodeIgniter.php(354): CodeIgniter\CodeIgniter->handleRequest(null, Object(Config\Cache), false)
 9 SYSTEMPATH/Boot.php(334): CodeIgniter\CodeIgniter->run()
10 SYSTEMPATH/Boot.php(67): CodeIgniter\Boot::runCodeIgniter(Object(CodeIgniter\CodeIgniter))
11 FCPATH/index.php(57): CodeIgniter\Boot::bootWeb(Object(Config\Paths))
WARNING - 2025-08-29 00:43:35 --> [DEPRECATED] addslashes(): Passing null to parameter #1 ($string) of type string is deprecated in APPPATH/Views/service_list.php on line 10.
 1 APPPATH/Views/service_list.php(10): addslashes(null)
 2 SYSTEMPATH/View/View.php(224): include('/home/u810214334/domains/embellish-beauty.co.uk/public_html/app/Views/service_list.php')
 3 SYSTEMPATH/View/View.php(227): CodeIgniter\View\View->CodeIgniter\View\{closure}()
 4 SYSTEMPATH/Common.php(1173): CodeIgniter\View\View->render('service_list', [], true)
 5 APPPATH/Controllers/Home.php(129): view('service_list', [...])
 6 SYSTEMPATH/CodeIgniter.php(933): App\Controllers\Home->fetch_services()
 7 SYSTEMPATH/CodeIgniter.php(507): CodeIgniter\CodeIgniter->runController(Object(App\Controllers\Home))
 8 SYSTEMPATH/CodeIgniter.php(354): CodeIgniter\CodeIgniter->handleRequest(null, Object(Config\Cache), false)
 9 SYSTEMPATH/Boot.php(334): CodeIgniter\CodeIgniter->run()
10 SYSTEMPATH/Boot.php(67): CodeIgniter\Boot::runCodeIgniter(Object(CodeIgniter\CodeIgniter))
11 FCPATH/index.php(57): CodeIgniter\Boot::bootWeb(Object(Config\Paths))
WARNING - 2025-08-29 00:43:35 --> [DEPRECATED] addslashes(): Passing null to parameter #1 ($string) of type string is deprecated in APPPATH/Views/service_list.php on line 10.
 1 APPPATH/Views/service_list.php(10): addslashes(null)
 2 SYSTEMPATH/View/View.php(224): include('/home/u810214334/domains/embellish-beauty.co.uk/public_html/app/Views/service_list.php')
 3 SYSTEMPATH/View/View.php(227): CodeIgniter\View\View->CodeIgniter\View\{closure}()
 4 SYSTEMPATH/Common.php(1173): CodeIgniter\View\View->render('service_list', [], true)
 5 APPPATH/Controllers/Home.php(129): view('service_list', [...])
 6 SYSTEMPATH/CodeIgniter.php(933): App\Controllers\Home->fetch_services()
 7 SYSTEMPATH/CodeIgniter.php(507): CodeIgniter\CodeIgniter->runController(Object(App\Controllers\Home))
 8 SYSTEMPATH/CodeIgniter.php(354): CodeIgniter\CodeIgniter->handleRequest(null, Object(Config\Cache), false)
 9 SYSTEMPATH/Boot.php(334): CodeIgniter\CodeIgniter->run()
10 SYSTEMPATH/Boot.php(67): CodeIgniter\Boot::runCodeIgniter(Object(CodeIgniter\CodeIgniter))
11 FCPATH/index.php(57): CodeIgniter\Boot::bootWeb(Object(Config\Paths))
WARNING - 2025-08-29 00:43:35 --> [DEPRECATED] addslashes(): Passing null to parameter #1 ($string) of type string is deprecated in APPPATH/Views/service_list.php on line 10.
 1 APPPATH/Views/service_list.php(10): addslashes(null)
 2 SYSTEMPATH/View/View.php(224): include('/home/u810214334/domains/embellish-beauty.co.uk/public_html/app/Views/service_list.php')
 3 SYSTEMPATH/View/View.php(227): CodeIgniter\View\View->CodeIgniter\View\{closure}()
 4 SYSTEMPATH/Common.php(1173): CodeIgniter\View\View->render('service_list', [], true)
 5 APPPATH/Controllers/Home.php(129): view('service_list', [...])
 6 SYSTEMPATH/CodeIgniter.php(933): App\Controllers\Home->fetch_services()
 7 SYSTEMPATH/CodeIgniter.php(507): CodeIgniter\CodeIgniter->runController(Object(App\Controllers\Home))
 8 SYSTEMPATH/CodeIgniter.php(354): CodeIgniter\CodeIgniter->handleRequest(null, Object(Config\Cache), false)
 9 SYSTEMPATH/Boot.php(334): CodeIgniter\CodeIgniter->run()
10 SYSTEMPATH/Boot.php(67): CodeIgniter\Boot::runCodeIgniter(Object(CodeIgniter\CodeIgniter))
11 FCPATH/index.php(57): CodeIgniter\Boot::bootWeb(Object(Config\Paths))
WARNING - 2025-08-29 00:43:35 --> [DEPRECATED] addslashes(): Passing null to parameter #1 ($string) of type string is deprecated in APPPATH/Views/service_list.php on line 10.
 1 APPPATH/Views/service_list.php(10): addslashes(null)
 2 SYSTEMPATH/View/View.php(224): include('/home/u810214334/domains/embellish-beauty.co.uk/public_html/app/Views/service_list.php')
 3 SYSTEMPATH/View/View.php(227): CodeIgniter\View\View->CodeIgniter\View\{closure}()
 4 SYSTEMPATH/Common.php(1173): CodeIgniter\View\View->render('service_list', [], true)
 5 APPPATH/Controllers/Home.php(129): view('service_list', [...])
 6 SYSTEMPATH/CodeIgniter.php(933): App\Controllers\Home->fetch_services()
 7 SYSTEMPATH/CodeIgniter.php(507): CodeIgniter\CodeIgniter->runController(Object(App\Controllers\Home))
 8 SYSTEMPATH/CodeIgniter.php(354): CodeIgniter\CodeIgniter->handleRequest(null, Object(Config\Cache), false)
 9 SYSTEMPATH/Boot.php(334): CodeIgniter\CodeIgniter->run()
10 SYSTEMPATH/Boot.php(67): CodeIgniter\Boot::runCodeIgniter(Object(CodeIgniter\CodeIgniter))
11 FCPATH/index.php(57): CodeIgniter\Boot::bootWeb(Object(Config\Paths))
WARNING - 2025-08-29 00:43:35 --> [DEPRECATED] addslashes(): Passing null to parameter #1 ($string) of type string is deprecated in APPPATH/Views/service_list.php on line 10.
 1 APPPATH/Views/service_list.php(10): addslashes(null)
 2 SYSTEMPATH/View/View.php(224): include('/home/u810214334/domains/embellish-beauty.co.uk/public_html/app/Views/service_list.php')
 3 SYSTEMPATH/View/View.php(227): CodeIgniter\View\View->CodeIgniter\View\{closure}()
 4 SYSTEMPATH/Common.php(1173): CodeIgniter\View\View->render('service_list', [], true)
 5 APPPATH/Controllers/Home.php(129): view('service_list', [...])
 6 SYSTEMPATH/CodeIgniter.php(933): App\Controllers\Home->fetch_services()
 7 SYSTEMPATH/CodeIgniter.php(507): CodeIgniter\CodeIgniter->runController(Object(App\Controllers\Home))
 8 SYSTEMPATH/CodeIgniter.php(354): CodeIgniter\CodeIgniter->handleRequest(null, Object(Config\Cache), false)
 9 SYSTEMPATH/Boot.php(334): CodeIgniter\CodeIgniter->run()
10 SYSTEMPATH/Boot.php(67): CodeIgniter\Boot::runCodeIgniter(Object(CodeIgniter\CodeIgniter))
11 FCPATH/index.php(57): CodeIgniter\Boot::bootWeb(Object(Config\Paths))
WARNING - 2025-08-29 00:43:35 --> [DEPRECATED] addslashes(): Passing null to parameter #1 ($string) of type string is deprecated in APPPATH/Views/service_list.php on line 10.
 1 APPPATH/Views/service_list.php(10): addslashes(null)
 2 SYSTEMPATH/View/View.php(224): include('/home/u810214334/domains/embellish-beauty.co.uk/public_html/app/Views/service_list.php')
 3 SYSTEMPATH/View/View.php(227): CodeIgniter\View\View->CodeIgniter\View\{closure}()
 4 SYSTEMPATH/Common.php(1173): CodeIgniter\View\View->render('service_list', [], true)
 5 APPPATH/Controllers/Home.php(129): view('service_list', [...])
 6 SYSTEMPATH/CodeIgniter.php(933): App\Controllers\Home->fetch_services()
 7 SYSTEMPATH/CodeIgniter.php(507): CodeIgniter\CodeIgniter->runController(Object(App\Controllers\Home))
 8 SYSTEMPATH/CodeIgniter.php(354): CodeIgniter\CodeIgniter->handleRequest(null, Object(Config\Cache), false)
 9 SYSTEMPATH/Boot.php(334): CodeIgniter\CodeIgniter->run()
10 SYSTEMPATH/Boot.php(67): CodeIgniter\Boot::runCodeIgniter(Object(CodeIgniter\CodeIgniter))
11 FCPATH/index.php(57): CodeIgniter\Boot::bootWeb(Object(Config\Paths))
WARNING - 2025-08-29 00:43:35 --> [DEPRECATED] addslashes(): Passing null to parameter #1 ($string) of type string is deprecated in APPPATH/Views/service_list.php on line 10.
 1 APPPATH/Views/service_list.php(10): addslashes(null)
 2 SYSTEMPATH/View/View.php(224): include('/home/u810214334/domains/embellish-beauty.co.uk/public_html/app/Views/service_list.php')
 3 SYSTEMPATH/View/View.php(227): CodeIgniter\View\View->CodeIgniter\View\{closure}()
 4 SYSTEMPATH/Common.php(1173): CodeIgniter\View\View->render('service_list', [], true)
 5 APPPATH/Controllers/Home.php(129): view('service_list', [...])
 6 SYSTEMPATH/CodeIgniter.php(933): App\Controllers\Home->fetch_services()
 7 SYSTEMPATH/CodeIgniter.php(507): CodeIgniter\CodeIgniter->runController(Object(App\Controllers\Home))
 8 SYSTEMPATH/CodeIgniter.php(354): CodeIgniter\CodeIgniter->handleRequest(null, Object(Config\Cache), false)
 9 SYSTEMPATH/Boot.php(334): CodeIgniter\CodeIgniter->run()
10 SYSTEMPATH/Boot.php(67): CodeIgniter\Boot::runCodeIgniter(Object(CodeIgniter\CodeIgniter))
11 FCPATH/index.php(57): CodeIgniter\Boot::bootWeb(Object(Config\Paths))
WARNING - 2025-08-29 00:43:35 --> [DEPRECATED] addslashes(): Passing null to parameter #1 ($string) of type string is deprecated in APPPATH/Views/service_list.php on line 10.
 1 APPPATH/Views/service_list.php(10): addslashes(null)
 2 SYSTEMPATH/View/View.php(224): include('/home/u810214334/domains/embellish-beauty.co.uk/public_html/app/Views/service_list.php')
 3 SYSTEMPATH/View/View.php(227): CodeIgniter\View\View->CodeIgniter\View\{closure}()
 4 SYSTEMPATH/Common.php(1173): CodeIgniter\View\View->render('service_list', [], true)
 5 APPPATH/Controllers/Home.php(129): view('service_list', [...])
 6 SYSTEMPATH/CodeIgniter.php(933): App\Controllers\Home->fetch_services()
 7 SYSTEMPATH/CodeIgniter.php(507): CodeIgniter\CodeIgniter->runController(Object(App\Controllers\Home))
 8 SYSTEMPATH/CodeIgniter.php(354): CodeIgniter\CodeIgniter->handleRequest(null, Object(Config\Cache), false)
 9 SYSTEMPATH/Boot.php(334): CodeIgniter\CodeIgniter->run()
10 SYSTEMPATH/Boot.php(67): CodeIgniter\Boot::runCodeIgniter(Object(CodeIgniter\CodeIgniter))
11 FCPATH/index.php(57): CodeIgniter\Boot::bootWeb(Object(Config\Paths))
WARNING - 2025-08-29 00:43:35 --> [DEPRECATED] addslashes(): Passing null to parameter #1 ($string) of type string is deprecated in APPPATH/Views/service_list.php on line 10.
 1 APPPATH/Views/service_list.php(10): addslashes(null)
 2 SYSTEMPATH/View/View.php(224): include('/home/u810214334/domains/embellish-beauty.co.uk/public_html/app/Views/service_list.php')
 3 SYSTEMPATH/View/View.php(227): CodeIgniter\View\View->CodeIgniter\View\{closure}()
 4 SYSTEMPATH/Common.php(1173): CodeIgniter\View\View->render('service_list', [], true)
 5 APPPATH/Controllers/Home.php(129): view('service_list', [...])
 6 SYSTEMPATH/CodeIgniter.php(933): App\Controllers\Home->fetch_services()
 7 SYSTEMPATH/CodeIgniter.php(507): CodeIgniter\CodeIgniter->runController(Object(App\Controllers\Home))
 8 SYSTEMPATH/CodeIgniter.php(354): CodeIgniter\CodeIgniter->handleRequest(null, Object(Config\Cache), false)
 9 SYSTEMPATH/Boot.php(334): CodeIgniter\CodeIgniter->run()
10 SYSTEMPATH/Boot.php(67): CodeIgniter\Boot::runCodeIgniter(Object(CodeIgniter\CodeIgniter))
11 FCPATH/index.php(57): CodeIgniter\Boot::bootWeb(Object(Config\Paths))
WARNING - 2025-08-29 00:43:35 --> [DEPRECATED] addslashes(): Passing null to parameter #1 ($string) of type string is deprecated in APPPATH/Views/service_list.php on line 10.
 1 APPPATH/Views/service_list.php(10): addslashes(null)
 2 SYSTEMPATH/View/View.php(224): include('/home/u810214334/domains/embellish-beauty.co.uk/public_html/app/Views/service_list.php')
 3 SYSTEMPATH/View/View.php(227): CodeIgniter\View\View->CodeIgniter\View\{closure}()
 4 SYSTEMPATH/Common.php(1173): CodeIgniter\View\View->render('service_list', [], true)
 5 APPPATH/Controllers/Home.php(129): view('service_list', [...])
 6 SYSTEMPATH/CodeIgniter.php(933): App\Controllers\Home->fetch_services()
 7 SYSTEMPATH/CodeIgniter.php(507): CodeIgniter\CodeIgniter->runController(Object(App\Controllers\Home))
 8 SYSTEMPATH/CodeIgniter.php(354): CodeIgniter\CodeIgniter->handleRequest(null, Object(Config\Cache), false)
 9 SYSTEMPATH/Boot.php(334): CodeIgniter\CodeIgniter->run()
10 SYSTEMPATH/Boot.php(67): CodeIgniter\Boot::runCodeIgniter(Object(CodeIgniter\CodeIgniter))
11 FCPATH/index.php(57): CodeIgniter\Boot::bootWeb(Object(Config\Paths))
WARNING - 2025-08-29 00:43:35 --> [DEPRECATED] addslashes(): Passing null to parameter #1 ($string) of type string is deprecated in APPPATH/Views/service_list.php on line 10.
 1 APPPATH/Views/service_list.php(10): addslashes(null)
 2 SYSTEMPATH/View/View.php(224): include('/home/u810214334/domains/embellish-beauty.co.uk/public_html/app/Views/service_list.php')
 3 SYSTEMPATH/View/View.php(227): CodeIgniter\View\View->CodeIgniter\View\{closure}()
 4 SYSTEMPATH/Common.php(1173): CodeIgniter\View\View->render('service_list', [], true)
 5 APPPATH/Controllers/Home.php(129): view('service_list', [...])
 6 SYSTEMPATH/CodeIgniter.php(933): App\Controllers\Home->fetch_services()
 7 SYSTEMPATH/CodeIgniter.php(507): CodeIgniter\CodeIgniter->runController(Object(App\Controllers\Home))
 8 SYSTEMPATH/CodeIgniter.php(354): CodeIgniter\CodeIgniter->handleRequest(null, Object(Config\Cache), false)
 9 SYSTEMPATH/Boot.php(334): CodeIgniter\CodeIgniter->run()
10 SYSTEMPATH/Boot.php(67): CodeIgniter\Boot::runCodeIgniter(Object(CodeIgniter\CodeIgniter))
11 FCPATH/index.php(57): CodeIgniter\Boot::bootWeb(Object(Config\Paths))
WARNING - 2025-08-29 00:43:35 --> [DEPRECATED] addslashes(): Passing null to parameter #1 ($string) of type string is deprecated in APPPATH/Views/service_list.php on line 10.
 1 APPPATH/Views/service_list.php(10): addslashes(null)
 2 SYSTEMPATH/View/View.php(224): include('/home/u810214334/domains/embellish-beauty.co.uk/public_html/app/Views/service_list.php')
 3 SYSTEMPATH/View/View.php(227): CodeIgniter\View\View->CodeIgniter\View\{closure}()
 4 SYSTEMPATH/Common.php(1173): CodeIgniter\View\View->render('service_list', [], true)
 5 APPPATH/Controllers/Home.php(129): view('service_list', [...])
 6 SYSTEMPATH/CodeIgniter.php(933): App\Controllers\Home->fetch_services()
 7 SYSTEMPATH/CodeIgniter.php(507): CodeIgniter\CodeIgniter->runController(Object(App\Controllers\Home))
 8 SYSTEMPATH/CodeIgniter.php(354): CodeIgniter\CodeIgniter->handleRequest(null, Object(Config\Cache), false)
 9 SYSTEMPATH/Boot.php(334): CodeIgniter\CodeIgniter->run()
10 SYSTEMPATH/Boot.php(67): CodeIgniter\Boot::runCodeIgniter(Object(CodeIgniter\CodeIgniter))
11 FCPATH/index.php(57): CodeIgniter\Boot::bootWeb(Object(Config\Paths))
WARNING - 2025-08-29 00:43:35 --> [DEPRECATED] addslashes(): Passing null to parameter #1 ($string) of type string is deprecated in APPPATH/Views/service_list.php on line 10.
 1 APPPATH/Views/service_list.php(10): addslashes(null)
 2 SYSTEMPATH/View/View.php(224): include('/home/u810214334/domains/embellish-beauty.co.uk/public_html/app/Views/service_list.php')
 3 SYSTEMPATH/View/View.php(227): CodeIgniter\View\View->CodeIgniter\View\{closure}()
 4 SYSTEMPATH/Common.php(1173): CodeIgniter\View\View->render('service_list', [], true)
 5 APPPATH/Controllers/Home.php(129): view('service_list', [...])
 6 SYSTEMPATH/CodeIgniter.php(933): App\Controllers\Home->fetch_services()
 7 SYSTEMPATH/CodeIgniter.php(507): CodeIgniter\CodeIgniter->runController(Object(App\Controllers\Home))
 8 SYSTEMPATH/CodeIgniter.php(354): CodeIgniter\CodeIgniter->handleRequest(null, Object(Config\Cache), false)
 9 SYSTEMPATH/Boot.php(334): CodeIgniter\CodeIgniter->run()
10 SYSTEMPATH/Boot.php(67): CodeIgniter\Boot::runCodeIgniter(Object(CodeIgniter\CodeIgniter))
11 FCPATH/index.php(57): CodeIgniter\Boot::bootWeb(Object(Config\Paths))
WARNING - 2025-08-29 00:43:35 --> [DEPRECATED] addslashes(): Passing null to parameter #1 ($string) of type string is deprecated in APPPATH/Views/service_list.php on line 10.
 1 APPPATH/Views/service_list.php(10): addslashes(null)
 2 SYSTEMPATH/View/View.php(224): include('/home/u810214334/domains/embellish-beauty.co.uk/public_html/app/Views/service_list.php')
 3 SYSTEMPATH/View/View.php(227): CodeIgniter\View\View->CodeIgniter\View\{closure}()
 4 SYSTEMPATH/Common.php(1173): CodeIgniter\View\View->render('service_list', [], true)
 5 APPPATH/Controllers/Home.php(129): view('service_list', [...])
 6 SYSTEMPATH/CodeIgniter.php(933): App\Controllers\Home->fetch_services()
 7 SYSTEMPATH/CodeIgniter.php(507): CodeIgniter\CodeIgniter->runController(Object(App\Controllers\Home))
 8 SYSTEMPATH/CodeIgniter.php(354): CodeIgniter\CodeIgniter->handleRequest(null, Object(Config\Cache), false)
 9 SYSTEMPATH/Boot.php(334): CodeIgniter\CodeIgniter->run()
10 SYSTEMPATH/Boot.php(67): CodeIgniter\Boot::runCodeIgniter(Object(CodeIgniter\CodeIgniter))
11 FCPATH/index.php(57): CodeIgniter\Boot::bootWeb(Object(Config\Paths))
DEBUG - 2025-08-29 00:43:36 --> Session: Class initialized using 'CodeIgniter\Session\Handlers\FileHandler' driver.
WARNING - 2025-08-29 00:43:36 --> [DEPRECATED] addslashes(): Passing null to parameter #1 ($string) of type string is deprecated in APPPATH/Views/service_list.php on line 10.
 1 APPPATH/Views/service_list.php(10): addslashes(null)
 2 SYSTEMPATH/View/View.php(224): include('/home/u810214334/domains/embellish-beauty.co.uk/public_html/app/Views/service_list.php')
 3 SYSTEMPATH/View/View.php(227): CodeIgniter\View\View->CodeIgniter\View\{closure}()
 4 SYSTEMPATH/Common.php(1173): CodeIgniter\View\View->render('service_list', [], true)
 5 APPPATH/Controllers/Home.php(129): view('service_list', [...])
 6 SYSTEMPATH/CodeIgniter.php(933): App\Controllers\Home->fetch_services()
 7 SYSTEMPATH/CodeIgniter.php(507): CodeIgniter\CodeIgniter->runController(Object(App\Controllers\Home))
 8 SYSTEMPATH/CodeIgniter.php(354): CodeIgniter\CodeIgniter->handleRequest(null, Object(Config\Cache), false)
 9 SYSTEMPATH/Boot.php(334): CodeIgniter\CodeIgniter->run()
10 SYSTEMPATH/Boot.php(67): CodeIgniter\Boot::runCodeIgniter(Object(CodeIgniter\CodeIgniter))
11 FCPATH/index.php(57): CodeIgniter\Boot::bootWeb(Object(Config\Paths))
WARNING - 2025-08-29 00:43:36 --> [DEPRECATED] addslashes(): Passing null to parameter #1 ($string) of type string is deprecated in APPPATH/Views/service_list.php on line 10.
 1 APPPATH/Views/service_list.php(10): addslashes(null)
 2 SYSTEMPATH/View/View.php(224): include('/home/u810214334/domains/embellish-beauty.co.uk/public_html/app/Views/service_list.php')
 3 SYSTEMPATH/View/View.php(227): CodeIgniter\View\View->CodeIgniter\View\{closure}()
 4 SYSTEMPATH/Common.php(1173): CodeIgniter\View\View->render('service_list', [], true)
 5 APPPATH/Controllers/Home.php(129): view('service_list', [...])
 6 SYSTEMPATH/CodeIgniter.php(933): App\Controllers\Home->fetch_services()
 7 SYSTEMPATH/CodeIgniter.php(507): CodeIgniter\CodeIgniter->runController(Object(App\Controllers\Home))
 8 SYSTEMPATH/CodeIgniter.php(354): CodeIgniter\CodeIgniter->handleRequest(null, Object(Config\Cache), false)
 9 SYSTEMPATH/Boot.php(334): CodeIgniter\CodeIgniter->run()
10 SYSTEMPATH/Boot.php(67): CodeIgniter\Boot::runCodeIgniter(Object(CodeIgniter\CodeIgniter))
11 FCPATH/index.php(57): CodeIgniter\Boot::bootWeb(Object(Config\Paths))
WARNING - 2025-08-29 00:43:36 --> [DEPRECATED] addslashes(): Passing null to parameter #1 ($string) of type string is deprecated in APPPATH/Views/service_list.php on line 10.
 1 APPPATH/Views/service_list.php(10): addslashes(null)
 2 SYSTEMPATH/View/View.php(224): include('/home/u810214334/domains/embellish-beauty.co.uk/public_html/app/Views/service_list.php')
 3 SYSTEMPATH/View/View.php(227): CodeIgniter\View\View->CodeIgniter\View\{closure}()
 4 SYSTEMPATH/Common.php(1173): CodeIgniter\View\View->render('service_list', [], true)
 5 APPPATH/Controllers/Home.php(129): view('service_list', [...])
 6 SYSTEMPATH/CodeIgniter.php(933): App\Controllers\Home->fetch_services()
 7 SYSTEMPATH/CodeIgniter.php(507): CodeIgniter\CodeIgniter->runController(Object(App\Controllers\Home))
 8 SYSTEMPATH/CodeIgniter.php(354): CodeIgniter\CodeIgniter->handleRequest(null, Object(Config\Cache), false)
 9 SYSTEMPATH/Boot.php(334): CodeIgniter\CodeIgniter->run()
10 SYSTEMPATH/Boot.php(67): CodeIgniter\Boot::runCodeIgniter(Object(CodeIgniter\CodeIgniter))
11 FCPATH/index.php(57): CodeIgniter\Boot::bootWeb(Object(Config\Paths))
WARNING - 2025-08-29 00:43:36 --> [DEPRECATED] addslashes(): Passing null to parameter #1 ($string) of type string is deprecated in APPPATH/Views/service_list.php on line 10.
 1 APPPATH/Views/service_list.php(10): addslashes(null)
 2 SYSTEMPATH/View/View.php(224): include('/home/u810214334/domains/embellish-beauty.co.uk/public_html/app/Views/service_list.php')
 3 SYSTEMPATH/View/View.php(227): CodeIgniter\View\View->CodeIgniter\View\{closure}()
 4 SYSTEMPATH/Common.php(1173): CodeIgniter\View\View->render('service_list', [], true)
 5 APPPATH/Controllers/Home.php(129): view('service_list', [...])
 6 SYSTEMPATH/CodeIgniter.php(933): App\Controllers\Home->fetch_services()
 7 SYSTEMPATH/CodeIgniter.php(507): CodeIgniter\CodeIgniter->runController(Object(App\Controllers\Home))
 8 SYSTEMPATH/CodeIgniter.php(354): CodeIgniter\CodeIgniter->handleRequest(null, Object(Config\Cache), false)
 9 SYSTEMPATH/Boot.php(334): CodeIgniter\CodeIgniter->run()
10 SYSTEMPATH/Boot.php(67): CodeIgniter\Boot::runCodeIgniter(Object(CodeIgniter\CodeIgniter))
11 FCPATH/index.php(57): CodeIgniter\Boot::bootWeb(Object(Config\Paths))
WARNING - 2025-08-29 00:43:36 --> [DEPRECATED] addslashes(): Passing null to parameter #1 ($string) of type string is deprecated in APPPATH/Views/service_list.php on line 10.
 1 APPPATH/Views/service_list.php(10): addslashes(null)
 2 SYSTEMPATH/View/View.php(224): include('/home/u810214334/domains/embellish-beauty.co.uk/public_html/app/Views/service_list.php')
 3 SYSTEMPATH/View/View.php(227): CodeIgniter\View\View->CodeIgniter\View\{closure}()
 4 SYSTEMPATH/Common.php(1173): CodeIgniter\View\View->render('service_list', [], true)
 5 APPPATH/Controllers/Home.php(129): view('service_list', [...])
 6 SYSTEMPATH/CodeIgniter.php(933): App\Controllers\Home->fetch_services()
 7 SYSTEMPATH/CodeIgniter.php(507): CodeIgniter\CodeIgniter->runController(Object(App\Controllers\Home))
 8 SYSTEMPATH/CodeIgniter.php(354): CodeIgniter\CodeIgniter->handleRequest(null, Object(Config\Cache), false)
 9 SYSTEMPATH/Boot.php(334): CodeIgniter\CodeIgniter->run()
10 SYSTEMPATH/Boot.php(67): CodeIgniter\Boot::runCodeIgniter(Object(CodeIgniter\CodeIgniter))
11 FCPATH/index.php(57): CodeIgniter\Boot::bootWeb(Object(Config\Paths))
WARNING - 2025-08-29 00:43:36 --> [DEPRECATED] addslashes(): Passing null to parameter #1 ($string) of type string is deprecated in APPPATH/Views/service_list.php on line 10.
 1 APPPATH/Views/service_list.php(10): addslashes(null)
 2 SYSTEMPATH/View/View.php(224): include('/home/u810214334/domains/embellish-beauty.co.uk/public_html/app/Views/service_list.php')
 3 SYSTEMPATH/View/View.php(227): CodeIgniter\View\View->CodeIgniter\View\{closure}()
 4 SYSTEMPATH/Common.php(1173): CodeIgniter\View\View->render('service_list', [], true)
 5 APPPATH/Controllers/Home.php(129): view('service_list', [...])
 6 SYSTEMPATH/CodeIgniter.php(933): App\Controllers\Home->fetch_services()
 7 SYSTEMPATH/CodeIgniter.php(507): CodeIgniter\CodeIgniter->runController(Object(App\Controllers\Home))
 8 SYSTEMPATH/CodeIgniter.php(354): CodeIgniter\CodeIgniter->handleRequest(null, Object(Config\Cache), false)
 9 SYSTEMPATH/Boot.php(334): CodeIgniter\CodeIgniter->run()
10 SYSTEMPATH/Boot.php(67): CodeIgniter\Boot::runCodeIgniter(Object(CodeIgniter\CodeIgniter))
11 FCPATH/index.php(57): CodeIgniter\Boot::bootWeb(Object(Config\Paths))
WARNING - 2025-08-29 00:43:36 --> [DEPRECATED] addslashes(): Passing null to parameter #1 ($string) of type string is deprecated in APPPATH/Views/service_list.php on line 10.
 1 APPPATH/Views/service_list.php(10): addslashes(null)
 2 SYSTEMPATH/View/View.php(224): include('/home/u810214334/domains/embellish-beauty.co.uk/public_html/app/Views/service_list.php')
 3 SYSTEMPATH/View/View.php(227): CodeIgniter\View\View->CodeIgniter\View\{closure}()
 4 SYSTEMPATH/Common.php(1173): CodeIgniter\View\View->render('service_list', [], true)
 5 APPPATH/Controllers/Home.php(129): view('service_list', [...])
 6 SYSTEMPATH/CodeIgniter.php(933): App\Controllers\Home->fetch_services()
 7 SYSTEMPATH/CodeIgniter.php(507): CodeIgniter\CodeIgniter->runController(Object(App\Controllers\Home))
 8 SYSTEMPATH/CodeIgniter.php(354): CodeIgniter\CodeIgniter->handleRequest(null, Object(Config\Cache), false)
 9 SYSTEMPATH/Boot.php(334): CodeIgniter\CodeIgniter->run()
10 SYSTEMPATH/Boot.php(67): CodeIgniter\Boot::runCodeIgniter(Object(CodeIgniter\CodeIgniter))
11 FCPATH/index.php(57): CodeIgniter\Boot::bootWeb(Object(Config\Paths))
WARNING - 2025-08-29 00:43:36 --> [DEPRECATED] addslashes(): Passing null to parameter #1 ($string) of type string is deprecated in APPPATH/Views/service_list.php on line 10.
 1 APPPATH/Views/service_list.php(10): addslashes(null)
 2 SYSTEMPATH/View/View.php(224): include('/home/u810214334/domains/embellish-beauty.co.uk/public_html/app/Views/service_list.php')
 3 SYSTEMPATH/View/View.php(227): CodeIgniter\View\View->CodeIgniter\View\{closure}()
 4 SYSTEMPATH/Common.php(1173): CodeIgniter\View\View->render('service_list', [], true)
 5 APPPATH/Controllers/Home.php(129): view('service_list', [...])
 6 SYSTEMPATH/CodeIgniter.php(933): App\Controllers\Home->fetch_services()
 7 SYSTEMPATH/CodeIgniter.php(507): CodeIgniter\CodeIgniter->runController(Object(App\Controllers\Home))
 8 SYSTEMPATH/CodeIgniter.php(354): CodeIgniter\CodeIgniter->handleRequest(null, Object(Config\Cache), false)
 9 SYSTEMPATH/Boot.php(334): CodeIgniter\CodeIgniter->run()
10 SYSTEMPATH/Boot.php(67): CodeIgniter\Boot::runCodeIgniter(Object(CodeIgniter\CodeIgniter))
11 FCPATH/index.php(57): CodeIgniter\Boot::bootWeb(Object(Config\Paths))
WARNING - 2025-08-29 00:43:36 --> [DEPRECATED] addslashes(): Passing null to parameter #1 ($string) of type string is deprecated in APPPATH/Views/service_list.php on line 10.
 1 APPPATH/Views/service_list.php(10): addslashes(null)
 2 SYSTEMPATH/View/View.php(224): include('/home/u810214334/domains/embellish-beauty.co.uk/public_html/app/Views/service_list.php')
 3 SYSTEMPATH/View/View.php(227): CodeIgniter\View\View->CodeIgniter\View\{closure}()
 4 SYSTEMPATH/Common.php(1173): CodeIgniter\View\View->render('service_list', [], true)
 5 APPPATH/Controllers/Home.php(129): view('service_list', [...])
 6 SYSTEMPATH/CodeIgniter.php(933): App\Controllers\Home->fetch_services()
 7 SYSTEMPATH/CodeIgniter.php(507): CodeIgniter\CodeIgniter->runController(Object(App\Controllers\Home))
 8 SYSTEMPATH/CodeIgniter.php(354): CodeIgniter\CodeIgniter->handleRequest(null, Object(Config\Cache), false)
 9 SYSTEMPATH/Boot.php(334): CodeIgniter\CodeIgniter->run()
10 SYSTEMPATH/Boot.php(67): CodeIgniter\Boot::runCodeIgniter(Object(CodeIgniter\CodeIgniter))
11 FCPATH/index.php(57): CodeIgniter\Boot::bootWeb(Object(Config\Paths))
WARNING - 2025-08-29 00:43:36 --> [DEPRECATED] addslashes(): Passing null to parameter #1 ($string) of type string is deprecated in APPPATH/Views/service_list.php on line 10.
 1 APPPATH/Views/service_list.php(10): addslashes(null)
 2 SYSTEMPATH/View/View.php(224): include('/home/u810214334/domains/embellish-beauty.co.uk/public_html/app/Views/service_list.php')
 3 SYSTEMPATH/View/View.php(227): CodeIgniter\View\View->CodeIgniter\View\{closure}()
 4 SYSTEMPATH/Common.php(1173): CodeIgniter\View\View->render('service_list', [], true)
 5 APPPATH/Controllers/Home.php(129): view('service_list', [...])
 6 SYSTEMPATH/CodeIgniter.php(933): App\Controllers\Home->fetch_services()
 7 SYSTEMPATH/CodeIgniter.php(507): CodeIgniter\CodeIgniter->runController(Object(App\Controllers\Home))
 8 SYSTEMPATH/CodeIgniter.php(354): CodeIgniter\CodeIgniter->handleRequest(null, Object(Config\Cache), false)
 9 SYSTEMPATH/Boot.php(334): CodeIgniter\CodeIgniter->run()
10 SYSTEMPATH/Boot.php(67): CodeIgniter\Boot::runCodeIgniter(Object(CodeIgniter\CodeIgniter))
11 FCPATH/index.php(57): CodeIgniter\Boot::bootWeb(Object(Config\Paths))
WARNING - 2025-08-29 00:43:36 --> [DEPRECATED] addslashes(): Passing null to parameter #1 ($string) of type string is deprecated in APPPATH/Views/service_list.php on line 10.
 1 APPPATH/Views/service_list.php(10): addslashes(null)
 2 SYSTEMPATH/View/View.php(224): include('/home/u810214334/domains/embellish-beauty.co.uk/public_html/app/Views/service_list.php')
 3 SYSTEMPATH/View/View.php(227): CodeIgniter\View\View->CodeIgniter\View\{closure}()
 4 SYSTEMPATH/Common.php(1173): CodeIgniter\View\View->render('service_list', [], true)
 5 APPPATH/Controllers/Home.php(129): view('service_list', [...])
 6 SYSTEMPATH/CodeIgniter.php(933): App\Controllers\Home->fetch_services()
 7 SYSTEMPATH/CodeIgniter.php(507): CodeIgniter\CodeIgniter->runController(Object(App\Controllers\Home))
 8 SYSTEMPATH/CodeIgniter.php(354): CodeIgniter\CodeIgniter->handleRequest(null, Object(Config\Cache), false)
 9 SYSTEMPATH/Boot.php(334): CodeIgniter\CodeIgniter->run()
10 SYSTEMPATH/Boot.php(67): CodeIgniter\Boot::runCodeIgniter(Object(CodeIgniter\CodeIgniter))
11 FCPATH/index.php(57): CodeIgniter\Boot::bootWeb(Object(Config\Paths))
WARNING - 2025-08-29 00:43:36 --> [DEPRECATED] addslashes(): Passing null to parameter #1 ($string) of type string is deprecated in APPPATH/Views/service_list.php on line 10.
 1 APPPATH/Views/service_list.php(10): addslashes(null)
 2 SYSTEMPATH/View/View.php(224): include('/home/u810214334/domains/embellish-beauty.co.uk/public_html/app/Views/service_list.php')
 3 SYSTEMPATH/View/View.php(227): CodeIgniter\View\View->CodeIgniter\View\{closure}()
 4 SYSTEMPATH/Common.php(1173): CodeIgniter\View\View->render('service_list', [], true)
 5 APPPATH/Controllers/Home.php(129): view('service_list', [...])
 6 SYSTEMPATH/CodeIgniter.php(933): App\Controllers\Home->fetch_services()
 7 SYSTEMPATH/CodeIgniter.php(507): CodeIgniter\CodeIgniter->runController(Object(App\Controllers\Home))
 8 SYSTEMPATH/CodeIgniter.php(354): CodeIgniter\CodeIgniter->handleRequest(null, Object(Config\Cache), false)
 9 SYSTEMPATH/Boot.php(334): CodeIgniter\CodeIgniter->run()
10 SYSTEMPATH/Boot.php(67): CodeIgniter\Boot::runCodeIgniter(Object(CodeIgniter\CodeIgniter))
11 FCPATH/index.php(57): CodeIgniter\Boot::bootWeb(Object(Config\Paths))
WARNING - 2025-08-29 00:43:36 --> [DEPRECATED] addslashes(): Passing null to parameter #1 ($string) of type string is deprecated in APPPATH/Views/service_list.php on line 10.
 1 APPPATH/Views/service_list.php(10): addslashes(null)
 2 SYSTEMPATH/View/View.php(224): include('/home/u810214334/domains/embellish-beauty.co.uk/public_html/app/Views/service_list.php')
 3 SYSTEMPATH/View/View.php(227): CodeIgniter\View\View->CodeIgniter\View\{closure}()
 4 SYSTEMPATH/Common.php(1173): CodeIgniter\View\View->render('service_list', [], true)
 5 APPPATH/Controllers/Home.php(129): view('service_list', [...])
 6 SYSTEMPATH/CodeIgniter.php(933): App\Controllers\Home->fetch_services()
 7 SYSTEMPATH/CodeIgniter.php(507): CodeIgniter\CodeIgniter->runController(Object(App\Controllers\Home))
 8 SYSTEMPATH/CodeIgniter.php(354): CodeIgniter\CodeIgniter->handleRequest(null, Object(Config\Cache), false)
 9 SYSTEMPATH/Boot.php(334): CodeIgniter\CodeIgniter->run()
10 SYSTEMPATH/Boot.php(67): CodeIgniter\Boot::runCodeIgniter(Object(CodeIgniter\CodeIgniter))
11 FCPATH/index.php(57): CodeIgniter\Boot::bootWeb(Object(Config\Paths))
WARNING - 2025-08-29 00:43:36 --> [DEPRECATED] addslashes(): Passing null to parameter #1 ($string) of type string is deprecated in APPPATH/Views/service_list.php on line 10.
 1 APPPATH/Views/service_list.php(10): addslashes(null)
 2 SYSTEMPATH/View/View.php(224): include('/home/u810214334/domains/embellish-beauty.co.uk/public_html/app/Views/service_list.php')
 3 SYSTEMPATH/View/View.php(227): CodeIgniter\View\View->CodeIgniter\View\{closure}()
 4 SYSTEMPATH/Common.php(1173): CodeIgniter\View\View->render('service_list', [], true)
 5 APPPATH/Controllers/Home.php(129): view('service_list', [...])
 6 SYSTEMPATH/CodeIgniter.php(933): App\Controllers\Home->fetch_services()
 7 SYSTEMPATH/CodeIgniter.php(507): CodeIgniter\CodeIgniter->runController(Object(App\Controllers\Home))
 8 SYSTEMPATH/CodeIgniter.php(354): CodeIgniter\CodeIgniter->handleRequest(null, Object(Config\Cache), false)
 9 SYSTEMPATH/Boot.php(334): CodeIgniter\CodeIgniter->run()
10 SYSTEMPATH/Boot.php(67): CodeIgniter\Boot::runCodeIgniter(Object(CodeIgniter\CodeIgniter))
11 FCPATH/index.php(57): CodeIgniter\Boot::bootWeb(Object(Config\Paths))
WARNING - 2025-08-29 00:43:36 --> [DEPRECATED] addslashes(): Passing null to parameter #1 ($string) of type string is deprecated in APPPATH/Views/service_list.php on line 10.
 1 APPPATH/Views/service_list.php(10): addslashes(null)
 2 SYSTEMPATH/View/View.php(224): include('/home/u810214334/domains/embellish-beauty.co.uk/public_html/app/Views/service_list.php')
 3 SYSTEMPATH/View/View.php(227): CodeIgniter\View\View->CodeIgniter\View\{closure}()
 4 SYSTEMPATH/Common.php(1173): CodeIgniter\View\View->render('service_list', [], true)
 5 APPPATH/Controllers/Home.php(129): view('service_list', [...])
 6 SYSTEMPATH/CodeIgniter.php(933): App\Controllers\Home->fetch_services()
 7 SYSTEMPATH/CodeIgniter.php(507): CodeIgniter\CodeIgniter->runController(Object(App\Controllers\Home))
 8 SYSTEMPATH/CodeIgniter.php(354): CodeIgniter\CodeIgniter->handleRequest(null, Object(Config\Cache), false)
 9 SYSTEMPATH/Boot.php(334): CodeIgniter\CodeIgniter->run()
10 SYSTEMPATH/Boot.php(67): CodeIgniter\Boot::runCodeIgniter(Object(CodeIgniter\CodeIgniter))
11 FCPATH/index.php(57): CodeIgniter\Boot::bootWeb(Object(Config\Paths))
WARNING - 2025-08-29 00:43:36 --> [DEPRECATED] addslashes(): Passing null to parameter #1 ($string) of type string is deprecated in APPPATH/Views/service_list.php on line 10.
 1 APPPATH/Views/service_list.php(10): addslashes(null)
 2 SYSTEMPATH/View/View.php(224): include('/home/u810214334/domains/embellish-beauty.co.uk/public_html/app/Views/service_list.php')
 3 SYSTEMPATH/View/View.php(227): CodeIgniter\View\View->CodeIgniter\View\{closure}()
 4 SYSTEMPATH/Common.php(1173): CodeIgniter\View\View->render('service_list', [], true)
 5 APPPATH/Controllers/Home.php(129): view('service_list', [...])
 6 SYSTEMPATH/CodeIgniter.php(933): App\Controllers\Home->fetch_services()
 7 SYSTEMPATH/CodeIgniter.php(507): CodeIgniter\CodeIgniter->runController(Object(App\Controllers\Home))
 8 SYSTEMPATH/CodeIgniter.php(354): CodeIgniter\CodeIgniter->handleRequest(null, Object(Config\Cache), false)
 9 SYSTEMPATH/Boot.php(334): CodeIgniter\CodeIgniter->run()
10 SYSTEMPATH/Boot.php(67): CodeIgniter\Boot::runCodeIgniter(Object(CodeIgniter\CodeIgniter))
11 FCPATH/index.php(57): CodeIgniter\Boot::bootWeb(Object(Config\Paths))
WARNING - 2025-08-29 00:43:36 --> [DEPRECATED] addslashes(): Passing null to parameter #1 ($string) of type string is deprecated in APPPATH/Views/service_list.php on line 10.
 1 APPPATH/Views/service_list.php(10): addslashes(null)
 2 SYSTEMPATH/View/View.php(224): include('/home/u810214334/domains/embellish-beauty.co.uk/public_html/app/Views/service_list.php')
 3 SYSTEMPATH/View/View.php(227): CodeIgniter\View\View->CodeIgniter\View\{closure}()
 4 SYSTEMPATH/Common.php(1173): CodeIgniter\View\View->render('service_list', [], true)
 5 APPPATH/Controllers/Home.php(129): view('service_list', [...])
 6 SYSTEMPATH/CodeIgniter.php(933): App\Controllers\Home->fetch_services()
 7 SYSTEMPATH/CodeIgniter.php(507): CodeIgniter\CodeIgniter->runController(Object(App\Controllers\Home))
 8 SYSTEMPATH/CodeIgniter.php(354): CodeIgniter\CodeIgniter->handleRequest(null, Object(Config\Cache), false)
 9 SYSTEMPATH/Boot.php(334): CodeIgniter\CodeIgniter->run()
10 SYSTEMPATH/Boot.php(67): CodeIgniter\Boot::runCodeIgniter(Object(CodeIgniter\CodeIgniter))
11 FCPATH/index.php(57): CodeIgniter\Boot::bootWeb(Object(Config\Paths))
WARNING - 2025-08-29 00:43:36 --> [DEPRECATED] addslashes(): Passing null to parameter #1 ($string) of type string is deprecated in APPPATH/Views/service_list.php on line 10.
 1 APPPATH/Views/service_list.php(10): addslashes(null)
 2 SYSTEMPATH/View/View.php(224): include('/home/u810214334/domains/embellish-beauty.co.uk/public_html/app/Views/service_list.php')
 3 SYSTEMPATH/View/View.php(227): CodeIgniter\View\View->CodeIgniter\View\{closure}()
 4 SYSTEMPATH/Common.php(1173): CodeIgniter\View\View->render('service_list', [], true)
 5 APPPATH/Controllers/Home.php(129): view('service_list', [...])
 6 SYSTEMPATH/CodeIgniter.php(933): App\Controllers\Home->fetch_services()
 7 SYSTEMPATH/CodeIgniter.php(507): CodeIgniter\CodeIgniter->runController(Object(App\Controllers\Home))
 8 SYSTEMPATH/CodeIgniter.php(354): CodeIgniter\CodeIgniter->handleRequest(null, Object(Config\Cache), false)
 9 SYSTEMPATH/Boot.php(334): CodeIgniter\CodeIgniter->run()
10 SYSTEMPATH/Boot.php(67): CodeIgniter\Boot::runCodeIgniter(Object(CodeIgniter\CodeIgniter))
11 FCPATH/index.php(57): CodeIgniter\Boot::bootWeb(Object(Config\Paths))
WARNING - 2025-08-29 00:43:36 --> [DEPRECATED] addslashes(): Passing null to parameter #1 ($string) of type string is deprecated in APPPATH/Views/service_list.php on line 10.
 1 APPPATH/Views/service_list.php(10): addslashes(null)
 2 SYSTEMPATH/View/View.php(224): include('/home/u810214334/domains/embellish-beauty.co.uk/public_html/app/Views/service_list.php')
 3 SYSTEMPATH/View/View.php(227): CodeIgniter\View\View->CodeIgniter\View\{closure}()
 4 SYSTEMPATH/Common.php(1173): CodeIgniter\View\View->render('service_list', [], true)
 5 APPPATH/Controllers/Home.php(129): view('service_list', [...])
 6 SYSTEMPATH/CodeIgniter.php(933): App\Controllers\Home->fetch_services()
 7 SYSTEMPATH/CodeIgniter.php(507): CodeIgniter\CodeIgniter->runController(Object(App\Controllers\Home))
 8 SYSTEMPATH/CodeIgniter.php(354): CodeIgniter\CodeIgniter->handleRequest(null, Object(Config\Cache), false)
 9 SYSTEMPATH/Boot.php(334): CodeIgniter\CodeIgniter->run()
10 SYSTEMPATH/Boot.php(67): CodeIgniter\Boot::runCodeIgniter(Object(CodeIgniter\CodeIgniter))
11 FCPATH/index.php(57): CodeIgniter\Boot::bootWeb(Object(Config\Paths))
WARNING - 2025-08-29 00:43:36 --> [DEPRECATED] addslashes(): Passing null to parameter #1 ($string) of type string is deprecated in APPPATH/Views/service_list.php on line 10.
 1 APPPATH/Views/service_list.php(10): addslashes(null)
 2 SYSTEMPATH/View/View.php(224): include('/home/u810214334/domains/embellish-beauty.co.uk/public_html/app/Views/service_list.php')
 3 SYSTEMPATH/View/View.php(227): CodeIgniter\View\View->CodeIgniter\View\{closure}()
 4 SYSTEMPATH/Common.php(1173): CodeIgniter\View\View->render('service_list', [], true)
 5 APPPATH/Controllers/Home.php(129): view('service_list', [...])
 6 SYSTEMPATH/CodeIgniter.php(933): App\Controllers\Home->fetch_services()
 7 SYSTEMPATH/CodeIgniter.php(507): CodeIgniter\CodeIgniter->runController(Object(App\Controllers\Home))
 8 SYSTEMPATH/CodeIgniter.php(354): CodeIgniter\CodeIgniter->handleRequest(null, Object(Config\Cache), false)
 9 SYSTEMPATH/Boot.php(334): CodeIgniter\CodeIgniter->run()
10 SYSTEMPATH/Boot.php(67): CodeIgniter\Boot::runCodeIgniter(Object(CodeIgniter\CodeIgniter))
11 FCPATH/index.php(57): CodeIgniter\Boot::bootWeb(Object(Config\Paths))
DEBUG - 2025-08-29 00:43:37 --> Session: Class initialized using 'CodeIgniter\Session\Handlers\FileHandler' driver.
WARNING - 2025-08-29 00:43:37 --> [DEPRECATED] addslashes(): Passing null to parameter #1 ($string) of type string is deprecated in APPPATH/Views/service_list.php on line 10.
 1 APPPATH/Views/service_list.php(10): addslashes(null)
 2 SYSTEMPATH/View/View.php(224): include('/home/u810214334/domains/embellish-beauty.co.uk/public_html/app/Views/service_list.php')
 3 SYSTEMPATH/View/View.php(227): CodeIgniter\View\View->CodeIgniter\View\{closure}()
 4 SYSTEMPATH/Common.php(1173): CodeIgniter\View\View->render('service_list', [], true)
 5 APPPATH/Controllers/Home.php(129): view('service_list', [...])
 6 SYSTEMPATH/CodeIgniter.php(933): App\Controllers\Home->fetch_services()
 7 SYSTEMPATH/CodeIgniter.php(507): CodeIgniter\CodeIgniter->runController(Object(App\Controllers\Home))
 8 SYSTEMPATH/CodeIgniter.php(354): CodeIgniter\CodeIgniter->handleRequest(null, Object(Config\Cache), false)
 9 SYSTEMPATH/Boot.php(334): CodeIgniter\CodeIgniter->run()
10 SYSTEMPATH/Boot.php(67): CodeIgniter\Boot::runCodeIgniter(Object(CodeIgniter\CodeIgniter))
11 FCPATH/index.php(57): CodeIgniter\Boot::bootWeb(Object(Config\Paths))
WARNING - 2025-08-29 00:43:37 --> [DEPRECATED] addslashes(): Passing null to parameter #1 ($string) of type string is deprecated in APPPATH/Views/service_list.php on line 10.
 1 APPPATH/Views/service_list.php(10): addslashes(null)
 2 SYSTEMPATH/View/View.php(224): include('/home/u810214334/domains/embellish-beauty.co.uk/public_html/app/Views/service_list.php')
 3 SYSTEMPATH/View/View.php(227): CodeIgniter\View\View->CodeIgniter\View\{closure}()
 4 SYSTEMPATH/Common.php(1173): CodeIgniter\View\View->render('service_list', [], true)
 5 APPPATH/Controllers/Home.php(129): view('service_list', [...])
 6 SYSTEMPATH/CodeIgniter.php(933): App\Controllers\Home->fetch_services()
 7 SYSTEMPATH/CodeIgniter.php(507): CodeIgniter\CodeIgniter->runController(Object(App\Controllers\Home))
 8 SYSTEMPATH/CodeIgniter.php(354): CodeIgniter\CodeIgniter->handleRequest(null, Object(Config\Cache), false)
 9 SYSTEMPATH/Boot.php(334): CodeIgniter\CodeIgniter->run()
10 SYSTEMPATH/Boot.php(67): CodeIgniter\Boot::runCodeIgniter(Object(CodeIgniter\CodeIgniter))
11 FCPATH/index.php(57): CodeIgniter\Boot::bootWeb(Object(Config\Paths))
WARNING - 2025-08-29 00:43:37 --> [DEPRECATED] addslashes(): Passing null to parameter #1 ($string) of type string is deprecated in APPPATH/Views/service_list.php on line 10.
 1 APPPATH/Views/service_list.php(10): addslashes(null)
 2 SYSTEMPATH/View/View.php(224): include('/home/u810214334/domains/embellish-beauty.co.uk/public_html/app/Views/service_list.php')
 3 SYSTEMPATH/View/View.php(227): CodeIgniter\View\View->CodeIgniter\View\{closure}()
 4 SYSTEMPATH/Common.php(1173): CodeIgniter\View\View->render('service_list', [], true)
 5 APPPATH/Controllers/Home.php(129): view('service_list', [...])
 6 SYSTEMPATH/CodeIgniter.php(933): App\Controllers\Home->fetch_services()
 7 SYSTEMPATH/CodeIgniter.php(507): CodeIgniter\CodeIgniter->runController(Object(App\Controllers\Home))
 8 SYSTEMPATH/CodeIgniter.php(354): CodeIgniter\CodeIgniter->handleRequest(null, Object(Config\Cache), false)
 9 SYSTEMPATH/Boot.php(334): CodeIgniter\CodeIgniter->run()
10 SYSTEMPATH/Boot.php(67): CodeIgniter\Boot::runCodeIgniter(Object(CodeIgniter\CodeIgniter))
11 FCPATH/index.php(57): CodeIgniter\Boot::bootWeb(Object(Config\Paths))
WARNING - 2025-08-29 00:43:37 --> [DEPRECATED] addslashes(): Passing null to parameter #1 ($string) of type string is deprecated in APPPATH/Views/service_list.php on line 10.
 1 APPPATH/Views/service_list.php(10): addslashes(null)
 2 SYSTEMPATH/View/View.php(224): include('/home/u810214334/domains/embellish-beauty.co.uk/public_html/app/Views/service_list.php')
 3 SYSTEMPATH/View/View.php(227): CodeIgniter\View\View->CodeIgniter\View\{closure}()
 4 SYSTEMPATH/Common.php(1173): CodeIgniter\View\View->render('service_list', [], true)
 5 APPPATH/Controllers/Home.php(129): view('service_list', [...])
 6 SYSTEMPATH/CodeIgniter.php(933): App\Controllers\Home->fetch_services()
 7 SYSTEMPATH/CodeIgniter.php(507): CodeIgniter\CodeIgniter->runController(Object(App\Controllers\Home))
 8 SYSTEMPATH/CodeIgniter.php(354): CodeIgniter\CodeIgniter->handleRequest(null, Object(Config\Cache), false)
 9 SYSTEMPATH/Boot.php(334): CodeIgniter\CodeIgniter->run()
10 SYSTEMPATH/Boot.php(67): CodeIgniter\Boot::runCodeIgniter(Object(CodeIgniter\CodeIgniter))
11 FCPATH/index.php(57): CodeIgniter\Boot::bootWeb(Object(Config\Paths))
WARNING - 2025-08-29 00:43:37 --> [DEPRECATED] addslashes(): Passing null to parameter #1 ($string) of type string is deprecated in APPPATH/Views/service_list.php on line 10.
 1 APPPATH/Views/service_list.php(10): addslashes(null)
 2 SYSTEMPATH/View/View.php(224): include('/home/u810214334/domains/embellish-beauty.co.uk/public_html/app/Views/service_list.php')
 3 SYSTEMPATH/View/View.php(227): CodeIgniter\View\View->CodeIgniter\View\{closure}()
 4 SYSTEMPATH/Common.php(1173): CodeIgniter\View\View->render('service_list', [], true)
 5 APPPATH/Controllers/Home.php(129): view('service_list', [...])
 6 SYSTEMPATH/CodeIgniter.php(933): App\Controllers\Home->fetch_services()
 7 SYSTEMPATH/CodeIgniter.php(507): CodeIgniter\CodeIgniter->runController(Object(App\Controllers\Home))
 8 SYSTEMPATH/CodeIgniter.php(354): CodeIgniter\CodeIgniter->handleRequest(null, Object(Config\Cache), false)
 9 SYSTEMPATH/Boot.php(334): CodeIgniter\CodeIgniter->run()
10 SYSTEMPATH/Boot.php(67): CodeIgniter\Boot::runCodeIgniter(Object(CodeIgniter\CodeIgniter))
11 FCPATH/index.php(57): CodeIgniter\Boot::bootWeb(Object(Config\Paths))
WARNING - 2025-08-29 00:43:37 --> [DEPRECATED] addslashes(): Passing null to parameter #1 ($string) of type string is deprecated in APPPATH/Views/service_list.php on line 10.
 1 APPPATH/Views/service_list.php(10): addslashes(null)
 2 SYSTEMPATH/View/View.php(224): include('/home/u810214334/domains/embellish-beauty.co.uk/public_html/app/Views/service_list.php')
 3 SYSTEMPATH/View/View.php(227): CodeIgniter\View\View->CodeIgniter\View\{closure}()
 4 SYSTEMPATH/Common.php(1173): CodeIgniter\View\View->render('service_list', [], true)
 5 APPPATH/Controllers/Home.php(129): view('service_list', [...])
 6 SYSTEMPATH/CodeIgniter.php(933): App\Controllers\Home->fetch_services()
 7 SYSTEMPATH/CodeIgniter.php(507): CodeIgniter\CodeIgniter->runController(Object(App\Controllers\Home))
 8 SYSTEMPATH/CodeIgniter.php(354): CodeIgniter\CodeIgniter->handleRequest(null, Object(Config\Cache), false)
 9 SYSTEMPATH/Boot.php(334): CodeIgniter\CodeIgniter->run()
10 SYSTEMPATH/Boot.php(67): CodeIgniter\Boot::runCodeIgniter(Object(CodeIgniter\CodeIgniter))
11 FCPATH/index.php(57): CodeIgniter\Boot::bootWeb(Object(Config\Paths))
WARNING - 2025-08-29 00:43:37 --> [DEPRECATED] addslashes(): Passing null to parameter #1 ($string) of type string is deprecated in APPPATH/Views/service_list.php on line 10.
 1 APPPATH/Views/service_list.php(10): addslashes(null)
 2 SYSTEMPATH/View/View.php(224): include('/home/u810214334/domains/embellish-beauty.co.uk/public_html/app/Views/service_list.php')
 3 SYSTEMPATH/View/View.php(227): CodeIgniter\View\View->CodeIgniter\View\{closure}()
 4 SYSTEMPATH/Common.php(1173): CodeIgniter\View\View->render('service_list', [], true)
 5 APPPATH/Controllers/Home.php(129): view('service_list', [...])
 6 SYSTEMPATH/CodeIgniter.php(933): App\Controllers\Home->fetch_services()
 7 SYSTEMPATH/CodeIgniter.php(507): CodeIgniter\CodeIgniter->runController(Object(App\Controllers\Home))
 8 SYSTEMPATH/CodeIgniter.php(354): CodeIgniter\CodeIgniter->handleRequest(null, Object(Config\Cache), false)
 9 SYSTEMPATH/Boot.php(334): CodeIgniter\CodeIgniter->run()
10 SYSTEMPATH/Boot.php(67): CodeIgniter\Boot::runCodeIgniter(Object(CodeIgniter\CodeIgniter))
11 FCPATH/index.php(57): CodeIgniter\Boot::bootWeb(Object(Config\Paths))
WARNING - 2025-08-29 00:43:37 --> [DEPRECATED] addslashes(): Passing null to parameter #1 ($string) of type string is deprecated in APPPATH/Views/service_list.php on line 10.
 1 APPPATH/Views/service_list.php(10): addslashes(null)
 2 SYSTEMPATH/View/View.php(224): include('/home/u810214334/domains/embellish-beauty.co.uk/public_html/app/Views/service_list.php')
 3 SYSTEMPATH/View/View.php(227): CodeIgniter\View\View->CodeIgniter\View\{closure}()
 4 SYSTEMPATH/Common.php(1173): CodeIgniter\View\View->render('service_list', [], true)
 5 APPPATH/Controllers/Home.php(129): view('service_list', [...])
 6 SYSTEMPATH/CodeIgniter.php(933): App\Controllers\Home->fetch_services()
 7 SYSTEMPATH/CodeIgniter.php(507): CodeIgniter\CodeIgniter->runController(Object(App\Controllers\Home))
 8 SYSTEMPATH/CodeIgniter.php(354): CodeIgniter\CodeIgniter->handleRequest(null, Object(Config\Cache), false)
 9 SYSTEMPATH/Boot.php(334): CodeIgniter\CodeIgniter->run()
10 SYSTEMPATH/Boot.php(67): CodeIgniter\Boot::runCodeIgniter(Object(CodeIgniter\CodeIgniter))
11 FCPATH/index.php(57): CodeIgniter\Boot::bootWeb(Object(Config\Paths))
WARNING - 2025-08-29 00:43:37 --> [DEPRECATED] addslashes(): Passing null to parameter #1 ($string) of type string is deprecated in APPPATH/Views/service_list.php on line 10.
 1 APPPATH/Views/service_list.php(10): addslashes(null)
 2 SYSTEMPATH/View/View.php(224): include('/home/u810214334/domains/embellish-beauty.co.uk/public_html/app/Views/service_list.php')
 3 SYSTEMPATH/View/View.php(227): CodeIgniter\View\View->CodeIgniter\View\{closure}()
 4 SYSTEMPATH/Common.php(1173): CodeIgniter\View\View->render('service_list', [], true)
 5 APPPATH/Controllers/Home.php(129): view('service_list', [...])
 6 SYSTEMPATH/CodeIgniter.php(933): App\Controllers\Home->fetch_services()
 7 SYSTEMPATH/CodeIgniter.php(507): CodeIgniter\CodeIgniter->runController(Object(App\Controllers\Home))
 8 SYSTEMPATH/CodeIgniter.php(354): CodeIgniter\CodeIgniter->handleRequest(null, Object(Config\Cache), false)
 9 SYSTEMPATH/Boot.php(334): CodeIgniter\CodeIgniter->run()
10 SYSTEMPATH/Boot.php(67): CodeIgniter\Boot::runCodeIgniter(Object(CodeIgniter\CodeIgniter))
11 FCPATH/index.php(57): CodeIgniter\Boot::bootWeb(Object(Config\Paths))
WARNING - 2025-08-29 00:43:37 --> [DEPRECATED] addslashes(): Passing null to parameter #1 ($string) of type string is deprecated in APPPATH/Views/service_list.php on line 10.
 1 APPPATH/Views/service_list.php(10): addslashes(null)
 2 SYSTEMPATH/View/View.php(224): include('/home/u810214334/domains/embellish-beauty.co.uk/public_html/app/Views/service_list.php')
 3 SYSTEMPATH/View/View.php(227): CodeIgniter\View\View->CodeIgniter\View\{closure}()
 4 SYSTEMPATH/Common.php(1173): CodeIgniter\View\View->render('service_list', [], true)
 5 APPPATH/Controllers/Home.php(129): view('service_list', [...])
 6 SYSTEMPATH/CodeIgniter.php(933): App\Controllers\Home->fetch_services()
 7 SYSTEMPATH/CodeIgniter.php(507): CodeIgniter\CodeIgniter->runController(Object(App\Controllers\Home))
 8 SYSTEMPATH/CodeIgniter.php(354): CodeIgniter\CodeIgniter->handleRequest(null, Object(Config\Cache), false)
 9 SYSTEMPATH/Boot.php(334): CodeIgniter\CodeIgniter->run()
10 SYSTEMPATH/Boot.php(67): CodeIgniter\Boot::runCodeIgniter(Object(CodeIgniter\CodeIgniter))
11 FCPATH/index.php(57): CodeIgniter\Boot::bootWeb(Object(Config\Paths))
WARNING - 2025-08-29 00:43:37 --> [DEPRECATED] addslashes(): Passing null to parameter #1 ($string) of type string is deprecated in APPPATH/Views/service_list.php on line 10.
 1 APPPATH/Views/service_list.php(10): addslashes(null)
 2 SYSTEMPATH/View/View.php(224): include('/home/u810214334/domains/embellish-beauty.co.uk/public_html/app/Views/service_list.php')
 3 SYSTEMPATH/View/View.php(227): CodeIgniter\View\View->CodeIgniter\View\{closure}()
 4 SYSTEMPATH/Common.php(1173): CodeIgniter\View\View->render('service_list', [], true)
 5 APPPATH/Controllers/Home.php(129): view('service_list', [...])
 6 SYSTEMPATH/CodeIgniter.php(933): App\Controllers\Home->fetch_services()
 7 SYSTEMPATH/CodeIgniter.php(507): CodeIgniter\CodeIgniter->runController(Object(App\Controllers\Home))
 8 SYSTEMPATH/CodeIgniter.php(354): CodeIgniter\CodeIgniter->handleRequest(null, Object(Config\Cache), false)
 9 SYSTEMPATH/Boot.php(334): CodeIgniter\CodeIgniter->run()
10 SYSTEMPATH/Boot.php(67): CodeIgniter\Boot::runCodeIgniter(Object(CodeIgniter\CodeIgniter))
11 FCPATH/index.php(57): CodeIgniter\Boot::bootWeb(Object(Config\Paths))
WARNING - 2025-08-29 00:43:37 --> [DEPRECATED] addslashes(): Passing null to parameter #1 ($string) of type string is deprecated in APPPATH/Views/service_list.php on line 10.
 1 APPPATH/Views/service_list.php(10): addslashes(null)
 2 SYSTEMPATH/View/View.php(224): include('/home/u810214334/domains/embellish-beauty.co.uk/public_html/app/Views/service_list.php')
 3 SYSTEMPATH/View/View.php(227): CodeIgniter\View\View->CodeIgniter\View\{closure}()
 4 SYSTEMPATH/Common.php(1173): CodeIgniter\View\View->render('service_list', [], true)
 5 APPPATH/Controllers/Home.php(129): view('service_list', [...])
 6 SYSTEMPATH/CodeIgniter.php(933): App\Controllers\Home->fetch_services()
 7 SYSTEMPATH/CodeIgniter.php(507): CodeIgniter\CodeIgniter->runController(Object(App\Controllers\Home))
 8 SYSTEMPATH/CodeIgniter.php(354): CodeIgniter\CodeIgniter->handleRequest(null, Object(Config\Cache), false)
 9 SYSTEMPATH/Boot.php(334): CodeIgniter\CodeIgniter->run()
10 SYSTEMPATH/Boot.php(67): CodeIgniter\Boot::runCodeIgniter(Object(CodeIgniter\CodeIgniter))
11 FCPATH/index.php(57): CodeIgniter\Boot::bootWeb(Object(Config\Paths))
WARNING - 2025-08-29 00:43:37 --> [DEPRECATED] addslashes(): Passing null to parameter #1 ($string) of type string is deprecated in APPPATH/Views/service_list.php on line 10.
 1 APPPATH/Views/service_list.php(10): addslashes(null)
 2 SYSTEMPATH/View/View.php(224): include('/home/u810214334/domains/embellish-beauty.co.uk/public_html/app/Views/service_list.php')
 3 SYSTEMPATH/View/View.php(227): CodeIgniter\View\View->CodeIgniter\View\{closure}()
 4 SYSTEMPATH/Common.php(1173): CodeIgniter\View\View->render('service_list', [], true)
 5 APPPATH/Controllers/Home.php(129): view('service_list', [...])
 6 SYSTEMPATH/CodeIgniter.php(933): App\Controllers\Home->fetch_services()
 7 SYSTEMPATH/CodeIgniter.php(507): CodeIgniter\CodeIgniter->runController(Object(App\Controllers\Home))
 8 SYSTEMPATH/CodeIgniter.php(354): CodeIgniter\CodeIgniter->handleRequest(null, Object(Config\Cache), false)
 9 SYSTEMPATH/Boot.php(334): CodeIgniter\CodeIgniter->run()
10 SYSTEMPATH/Boot.php(67): CodeIgniter\Boot::runCodeIgniter(Object(CodeIgniter\CodeIgniter))
11 FCPATH/index.php(57): CodeIgniter\Boot::bootWeb(Object(Config\Paths))
WARNING - 2025-08-29 00:43:37 --> [DEPRECATED] addslashes(): Passing null to parameter #1 ($string) of type string is deprecated in APPPATH/Views/service_list.php on line 10.
 1 APPPATH/Views/service_list.php(10): addslashes(null)
 2 SYSTEMPATH/View/View.php(224): include('/home/u810214334/domains/embellish-beauty.co.uk/public_html/app/Views/service_list.php')
 3 SYSTEMPATH/View/View.php(227): CodeIgniter\View\View->CodeIgniter\View\{closure}()
 4 SYSTEMPATH/Common.php(1173): CodeIgniter\View\View->render('service_list', [], true)
 5 APPPATH/Controllers/Home.php(129): view('service_list', [...])
 6 SYSTEMPATH/CodeIgniter.php(933): App\Controllers\Home->fetch_services()
 7 SYSTEMPATH/CodeIgniter.php(507): CodeIgniter\CodeIgniter->runController(Object(App\Controllers\Home))
 8 SYSTEMPATH/CodeIgniter.php(354): CodeIgniter\CodeIgniter->handleRequest(null, Object(Config\Cache), false)
 9 SYSTEMPATH/Boot.php(334): CodeIgniter\CodeIgniter->run()
10 SYSTEMPATH/Boot.php(67): CodeIgniter\Boot::runCodeIgniter(Object(CodeIgniter\CodeIgniter))
11 FCPATH/index.php(57): CodeIgniter\Boot::bootWeb(Object(Config\Paths))
WARNING - 2025-08-29 00:43:37 --> [DEPRECATED] addslashes(): Passing null to parameter #1 ($string) of type string is deprecated in APPPATH/Views/service_list.php on line 10.
 1 APPPATH/Views/service_list.php(10): addslashes(null)
 2 SYSTEMPATH/View/View.php(224): include('/home/u810214334/domains/embellish-beauty.co.uk/public_html/app/Views/service_list.php')
 3 SYSTEMPATH/View/View.php(227): CodeIgniter\View\View->CodeIgniter\View\{closure}()
 4 SYSTEMPATH/Common.php(1173): CodeIgniter\View\View->render('service_list', [], true)
 5 APPPATH/Controllers/Home.php(129): view('service_list', [...])
 6 SYSTEMPATH/CodeIgniter.php(933): App\Controllers\Home->fetch_services()
 7 SYSTEMPATH/CodeIgniter.php(507): CodeIgniter\CodeIgniter->runController(Object(App\Controllers\Home))
 8 SYSTEMPATH/CodeIgniter.php(354): CodeIgniter\CodeIgniter->handleRequest(null, Object(Config\Cache), false)
 9 SYSTEMPATH/Boot.php(334): CodeIgniter\CodeIgniter->run()
10 SYSTEMPATH/Boot.php(67): CodeIgniter\Boot::runCodeIgniter(Object(CodeIgniter\CodeIgniter))
11 FCPATH/index.php(57): CodeIgniter\Boot::bootWeb(Object(Config\Paths))
WARNING - 2025-08-29 00:43:37 --> [DEPRECATED] addslashes(): Passing null to parameter #1 ($string) of type string is deprecated in APPPATH/Views/service_list.php on line 10.
 1 APPPATH/Views/service_list.php(10): addslashes(null)
 2 SYSTEMPATH/View/View.php(224): include('/home/u810214334/domains/embellish-beauty.co.uk/public_html/app/Views/service_list.php')
 3 SYSTEMPATH/View/View.php(227): CodeIgniter\View\View->CodeIgniter\View\{closure}()
 4 SYSTEMPATH/Common.php(1173): CodeIgniter\View\View->render('service_list', [], true)
 5 APPPATH/Controllers/Home.php(129): view('service_list', [...])
 6 SYSTEMPATH/CodeIgniter.php(933): App\Controllers\Home->fetch_services()
 7 SYSTEMPATH/CodeIgniter.php(507): CodeIgniter\CodeIgniter->runController(Object(App\Controllers\Home))
 8 SYSTEMPATH/CodeIgniter.php(354): CodeIgniter\CodeIgniter->handleRequest(null, Object(Config\Cache), false)
 9 SYSTEMPATH/Boot.php(334): CodeIgniter\CodeIgniter->run()
10 SYSTEMPATH/Boot.php(67): CodeIgniter\Boot::runCodeIgniter(Object(CodeIgniter\CodeIgniter))
11 FCPATH/index.php(57): CodeIgniter\Boot::bootWeb(Object(Config\Paths))
WARNING - 2025-08-29 00:43:37 --> [DEPRECATED] addslashes(): Passing null to parameter #1 ($string) of type string is deprecated in APPPATH/Views/service_list.php on line 10.
 1 APPPATH/Views/service_list.php(10): addslashes(null)
 2 SYSTEMPATH/View/View.php(224): include('/home/u810214334/domains/embellish-beauty.co.uk/public_html/app/Views/service_list.php')
 3 SYSTEMPATH/View/View.php(227): CodeIgniter\View\View->CodeIgniter\View\{closure}()
 4 SYSTEMPATH/Common.php(1173): CodeIgniter\View\View->render('service_list', [], true)
 5 APPPATH/Controllers/Home.php(129): view('service_list', [...])
 6 SYSTEMPATH/CodeIgniter.php(933): App\Controllers\Home->fetch_services()
 7 SYSTEMPATH/CodeIgniter.php(507): CodeIgniter\CodeIgniter->runController(Object(App\Controllers\Home))
 8 SYSTEMPATH/CodeIgniter.php(354): CodeIgniter\CodeIgniter->handleRequest(null, Object(Config\Cache), false)
 9 SYSTEMPATH/Boot.php(334): CodeIgniter\CodeIgniter->run()
10 SYSTEMPATH/Boot.php(67): CodeIgniter\Boot::runCodeIgniter(Object(CodeIgniter\CodeIgniter))
11 FCPATH/index.php(57): CodeIgniter\Boot::bootWeb(Object(Config\Paths))
WARNING - 2025-08-29 00:43:37 --> [DEPRECATED] addslashes(): Passing null to parameter #1 ($string) of type string is deprecated in APPPATH/Views/service_list.php on line 10.
 1 APPPATH/Views/service_list.php(10): addslashes(null)
 2 SYSTEMPATH/View/View.php(224): include('/home/u810214334/domains/embellish-beauty.co.uk/public_html/app/Views/service_list.php')
 3 SYSTEMPATH/View/View.php(227): CodeIgniter\View\View->CodeIgniter\View\{closure}()
 4 SYSTEMPATH/Common.php(1173): CodeIgniter\View\View->render('service_list', [], true)
 5 APPPATH/Controllers/Home.php(129): view('service_list', [...])
 6 SYSTEMPATH/CodeIgniter.php(933): App\Controllers\Home->fetch_services()
 7 SYSTEMPATH/CodeIgniter.php(507): CodeIgniter\CodeIgniter->runController(Object(App\Controllers\Home))
 8 SYSTEMPATH/CodeIgniter.php(354): CodeIgniter\CodeIgniter->handleRequest(null, Object(Config\Cache), false)
 9 SYSTEMPATH/Boot.php(334): CodeIgniter\CodeIgniter->run()
10 SYSTEMPATH/Boot.php(67): CodeIgniter\Boot::runCodeIgniter(Object(CodeIgniter\CodeIgniter))
11 FCPATH/index.php(57): CodeIgniter\Boot::bootWeb(Object(Config\Paths))
WARNING - 2025-08-29 00:43:37 --> [DEPRECATED] addslashes(): Passing null to parameter #1 ($string) of type string is deprecated in APPPATH/Views/service_list.php on line 10.
 1 APPPATH/Views/service_list.php(10): addslashes(null)
 2 SYSTEMPATH/View/View.php(224): include('/home/u810214334/domains/embellish-beauty.co.uk/public_html/app/Views/service_list.php')
 3 SYSTEMPATH/View/View.php(227): CodeIgniter\View\View->CodeIgniter\View\{closure}()
 4 SYSTEMPATH/Common.php(1173): CodeIgniter\View\View->render('service_list', [], true)
 5 APPPATH/Controllers/Home.php(129): view('service_list', [...])
 6 SYSTEMPATH/CodeIgniter.php(933): App\Controllers\Home->fetch_services()
 7 SYSTEMPATH/CodeIgniter.php(507): CodeIgniter\CodeIgniter->runController(Object(App\Controllers\Home))
 8 SYSTEMPATH/CodeIgniter.php(354): CodeIgniter\CodeIgniter->handleRequest(null, Object(Config\Cache), false)
 9 SYSTEMPATH/Boot.php(334): CodeIgniter\CodeIgniter->run()
10 SYSTEMPATH/Boot.php(67): CodeIgniter\Boot::runCodeIgniter(Object(CodeIgniter\CodeIgniter))
11 FCPATH/index.php(57): CodeIgniter\Boot::bootWeb(Object(Config\Paths))
WARNING - 2025-08-29 00:43:37 --> [DEPRECATED] addslashes(): Passing null to parameter #1 ($string) of type string is deprecated in APPPATH/Views/service_list.php on line 10.
 1 APPPATH/Views/service_list.php(10): addslashes(null)
 2 SYSTEMPATH/View/View.php(224): include('/home/u810214334/domains/embellish-beauty.co.uk/public_html/app/Views/service_list.php')
 3 SYSTEMPATH/View/View.php(227): CodeIgniter\View\View->CodeIgniter\View\{closure}()
 4 SYSTEMPATH/Common.php(1173): CodeIgniter\View\View->render('service_list', [], true)
 5 APPPATH/Controllers/Home.php(129): view('service_list', [...])
 6 SYSTEMPATH/CodeIgniter.php(933): App\Controllers\Home->fetch_services()
 7 SYSTEMPATH/CodeIgniter.php(507): CodeIgniter\CodeIgniter->runController(Object(App\Controllers\Home))
 8 SYSTEMPATH/CodeIgniter.php(354): CodeIgniter\CodeIgniter->handleRequest(null, Object(Config\Cache), false)
 9 SYSTEMPATH/Boot.php(334): CodeIgniter\CodeIgniter->run()
10 SYSTEMPATH/Boot.php(67): CodeIgniter\Boot::runCodeIgniter(Object(CodeIgniter\CodeIgniter))
11 FCPATH/index.php(57): CodeIgniter\Boot::bootWeb(Object(Config\Paths))
DEBUG - 2025-08-29 00:44:58 --> Session: Class initialized using 'CodeIgniter\Session\Handlers\FileHandler' driver.
DEBUG - 2025-08-29 00:45:08 --> Session: Class initialized using 'CodeIgniter\Session\Handlers\FileHandler' driver.
WARNING - 2025-08-29 00:45:08 --> [DEPRECATED] addslashes(): Passing null to parameter #1 ($string) of type string is deprecated in APPPATH/Views/service_list.php on line 10.
 1 APPPATH/Views/service_list.php(10): addslashes(null)
 2 SYSTEMPATH/View/View.php(224): include('/home/u810214334/domains/embellish-beauty.co.uk/public_html/app/Views/service_list.php')
 3 SYSTEMPATH/View/View.php(227): CodeIgniter\View\View->CodeIgniter\View\{closure}()
 4 SYSTEMPATH/Common.php(1173): CodeIgniter\View\View->render('service_list', [], true)
 5 APPPATH/Controllers/Home.php(129): view('service_list', [...])
 6 SYSTEMPATH/CodeIgniter.php(933): App\Controllers\Home->fetch_services()
 7 SYSTEMPATH/CodeIgniter.php(507): CodeIgniter\CodeIgniter->runController(Object(App\Controllers\Home))
 8 SYSTEMPATH/CodeIgniter.php(354): CodeIgniter\CodeIgniter->handleRequest(null, Object(Config\Cache), false)
 9 SYSTEMPATH/Boot.php(334): CodeIgniter\CodeIgniter->run()
10 SYSTEMPATH/Boot.php(67): CodeIgniter\Boot::runCodeIgniter(Object(CodeIgniter\CodeIgniter))
11 FCPATH/index.php(57): CodeIgniter\Boot::bootWeb(Object(Config\Paths))
WARNING - 2025-08-29 00:45:08 --> [DEPRECATED] addslashes(): Passing null to parameter #1 ($string) of type string is deprecated in APPPATH/Views/service_list.php on line 10.
 1 APPPATH/Views/service_list.php(10): addslashes(null)
 2 SYSTEMPATH/View/View.php(224): include('/home/u810214334/domains/embellish-beauty.co.uk/public_html/app/Views/service_list.php')
 3 SYSTEMPATH/View/View.php(227): CodeIgniter\View\View->CodeIgniter\View\{closure}()
 4 SYSTEMPATH/Common.php(1173): CodeIgniter\View\View->render('service_list', [], true)
 5 APPPATH/Controllers/Home.php(129): view('service_list', [...])
 6 SYSTEMPATH/CodeIgniter.php(933): App\Controllers\Home->fetch_services()
 7 SYSTEMPATH/CodeIgniter.php(507): CodeIgniter\CodeIgniter->runController(Object(App\Controllers\Home))
 8 SYSTEMPATH/CodeIgniter.php(354): CodeIgniter\CodeIgniter->handleRequest(null, Object(Config\Cache), false)
 9 SYSTEMPATH/Boot.php(334): CodeIgniter\CodeIgniter->run()
10 SYSTEMPATH/Boot.php(67): CodeIgniter\Boot::runCodeIgniter(Object(CodeIgniter\CodeIgniter))
11 FCPATH/index.php(57): CodeIgniter\Boot::bootWeb(Object(Config\Paths))
WARNING - 2025-08-29 00:45:08 --> [DEPRECATED] addslashes(): Passing null to parameter #1 ($string) of type string is deprecated in APPPATH/Views/service_list.php on line 10.
 1 APPPATH/Views/service_list.php(10): addslashes(null)
 2 SYSTEMPATH/View/View.php(224): include('/home/u810214334/domains/embellish-beauty.co.uk/public_html/app/Views/service_list.php')
 3 SYSTEMPATH/View/View.php(227): CodeIgniter\View\View->CodeIgniter\View\{closure}()
 4 SYSTEMPATH/Common.php(1173): CodeIgniter\View\View->render('service_list', [], true)
 5 APPPATH/Controllers/Home.php(129): view('service_list', [...])
 6 SYSTEMPATH/CodeIgniter.php(933): App\Controllers\Home->fetch_services()
 7 SYSTEMPATH/CodeIgniter.php(507): CodeIgniter\CodeIgniter->runController(Object(App\Controllers\Home))
 8 SYSTEMPATH/CodeIgniter.php(354): CodeIgniter\CodeIgniter->handleRequest(null, Object(Config\Cache), false)
 9 SYSTEMPATH/Boot.php(334): CodeIgniter\CodeIgniter->run()
10 SYSTEMPATH/Boot.php(67): CodeIgniter\Boot::runCodeIgniter(Object(CodeIgniter\CodeIgniter))
11 FCPATH/index.php(57): CodeIgniter\Boot::bootWeb(Object(Config\Paths))
WARNING - 2025-08-29 00:45:08 --> [DEPRECATED] addslashes(): Passing null to parameter #1 ($string) of type string is deprecated in APPPATH/Views/service_list.php on line 10.
 1 APPPATH/Views/service_list.php(10): addslashes(null)
 2 SYSTEMPATH/View/View.php(224): include('/home/u810214334/domains/embellish-beauty.co.uk/public_html/app/Views/service_list.php')
 3 SYSTEMPATH/View/View.php(227): CodeIgniter\View\View->CodeIgniter\View\{closure}()
 4 SYSTEMPATH/Common.php(1173): CodeIgniter\View\View->render('service_list', [], true)
 5 APPPATH/Controllers/Home.php(129): view('service_list', [...])
 6 SYSTEMPATH/CodeIgniter.php(933): App\Controllers\Home->fetch_services()
 7 SYSTEMPATH/CodeIgniter.php(507): CodeIgniter\CodeIgniter->runController(Object(App\Controllers\Home))
 8 SYSTEMPATH/CodeIgniter.php(354): CodeIgniter\CodeIgniter->handleRequest(null, Object(Config\Cache), false)
 9 SYSTEMPATH/Boot.php(334): CodeIgniter\CodeIgniter->run()
10 SYSTEMPATH/Boot.php(67): CodeIgniter\Boot::runCodeIgniter(Object(CodeIgniter\CodeIgniter))
11 FCPATH/index.php(57): CodeIgniter\Boot::bootWeb(Object(Config\Paths))
WARNING - 2025-08-29 00:45:08 --> [DEPRECATED] addslashes(): Passing null to parameter #1 ($string) of type string is deprecated in APPPATH/Views/service_list.php on line 10.
 1 APPPATH/Views/service_list.php(10): addslashes(null)
 2 SYSTEMPATH/View/View.php(224): include('/home/u810214334/domains/embellish-beauty.co.uk/public_html/app/Views/service_list.php')
 3 SYSTEMPATH/View/View.php(227): CodeIgniter\View\View->CodeIgniter\View\{closure}()
 4 SYSTEMPATH/Common.php(1173): CodeIgniter\View\View->render('service_list', [], true)
 5 APPPATH/Controllers/Home.php(129): view('service_list', [...])
 6 SYSTEMPATH/CodeIgniter.php(933): App\Controllers\Home->fetch_services()
 7 SYSTEMPATH/CodeIgniter.php(507): CodeIgniter\CodeIgniter->runController(Object(App\Controllers\Home))
 8 SYSTEMPATH/CodeIgniter.php(354): CodeIgniter\CodeIgniter->handleRequest(null, Object(Config\Cache), false)
 9 SYSTEMPATH/Boot.php(334): CodeIgniter\CodeIgniter->run()
10 SYSTEMPATH/Boot.php(67): CodeIgniter\Boot::runCodeIgniter(Object(CodeIgniter\CodeIgniter))
11 FCPATH/index.php(57): CodeIgniter\Boot::bootWeb(Object(Config\Paths))
WARNING - 2025-08-29 00:45:08 --> [DEPRECATED] addslashes(): Passing null to parameter #1 ($string) of type string is deprecated in APPPATH/Views/service_list.php on line 10.
 1 APPPATH/Views/service_list.php(10): addslashes(null)
 2 SYSTEMPATH/View/View.php(224): include('/home/u810214334/domains/embellish-beauty.co.uk/public_html/app/Views/service_list.php')
 3 SYSTEMPATH/View/View.php(227): CodeIgniter\View\View->CodeIgniter\View\{closure}()
 4 SYSTEMPATH/Common.php(1173): CodeIgniter\View\View->render('service_list', [], true)
 5 APPPATH/Controllers/Home.php(129): view('service_list', [...])
 6 SYSTEMPATH/CodeIgniter.php(933): App\Controllers\Home->fetch_services()
 7 SYSTEMPATH/CodeIgniter.php(507): CodeIgniter\CodeIgniter->runController(Object(App\Controllers\Home))
 8 SYSTEMPATH/CodeIgniter.php(354): CodeIgniter\CodeIgniter->handleRequest(null, Object(Config\Cache), false)
 9 SYSTEMPATH/Boot.php(334): CodeIgniter\CodeIgniter->run()
10 SYSTEMPATH/Boot.php(67): CodeIgniter\Boot::runCodeIgniter(Object(CodeIgniter\CodeIgniter))
11 FCPATH/index.php(57): CodeIgniter\Boot::bootWeb(Object(Config\Paths))
WARNING - 2025-08-29 00:45:08 --> [DEPRECATED] addslashes(): Passing null to parameter #1 ($string) of type string is deprecated in APPPATH/Views/service_list.php on line 10.
 1 APPPATH/Views/service_list.php(10): addslashes(null)
 2 SYSTEMPATH/View/View.php(224): include('/home/u810214334/domains/embellish-beauty.co.uk/public_html/app/Views/service_list.php')
 3 SYSTEMPATH/View/View.php(227): CodeIgniter\View\View->CodeIgniter\View\{closure}()
 4 SYSTEMPATH/Common.php(1173): CodeIgniter\View\View->render('service_list', [], true)
 5 APPPATH/Controllers/Home.php(129): view('service_list', [...])
 6 SYSTEMPATH/CodeIgniter.php(933): App\Controllers\Home->fetch_services()
 7 SYSTEMPATH/CodeIgniter.php(507): CodeIgniter\CodeIgniter->runController(Object(App\Controllers\Home))
 8 SYSTEMPATH/CodeIgniter.php(354): CodeIgniter\CodeIgniter->handleRequest(null, Object(Config\Cache), false)
 9 SYSTEMPATH/Boot.php(334): CodeIgniter\CodeIgniter->run()
10 SYSTEMPATH/Boot.php(67): CodeIgniter\Boot::runCodeIgniter(Object(CodeIgniter\CodeIgniter))
11 FCPATH/index.php(57): CodeIgniter\Boot::bootWeb(Object(Config\Paths))
WARNING - 2025-08-29 00:45:08 --> [DEPRECATED] addslashes(): Passing null to parameter #1 ($string) of type string is deprecated in APPPATH/Views/service_list.php on line 10.
 1 APPPATH/Views/service_list.php(10): addslashes(null)
 2 SYSTEMPATH/View/View.php(224): include('/home/u810214334/domains/embellish-beauty.co.uk/public_html/app/Views/service_list.php')
 3 SYSTEMPATH/View/View.php(227): CodeIgniter\View\View->CodeIgniter\View\{closure}()
 4 SYSTEMPATH/Common.php(1173): CodeIgniter\View\View->render('service_list', [], true)
 5 APPPATH/Controllers/Home.php(129): view('service_list', [...])
 6 SYSTEMPATH/CodeIgniter.php(933): App\Controllers\Home->fetch_services()
 7 SYSTEMPATH/CodeIgniter.php(507): CodeIgniter\CodeIgniter->runController(Object(App\Controllers\Home))
 8 SYSTEMPATH/CodeIgniter.php(354): CodeIgniter\CodeIgniter->handleRequest(null, Object(Config\Cache), false)
 9 SYSTEMPATH/Boot.php(334): CodeIgniter\CodeIgniter->run()
10 SYSTEMPATH/Boot.php(67): CodeIgniter\Boot::runCodeIgniter(Object(CodeIgniter\CodeIgniter))
11 FCPATH/index.php(57): CodeIgniter\Boot::bootWeb(Object(Config\Paths))
WARNING - 2025-08-29 00:45:08 --> [DEPRECATED] addslashes(): Passing null to parameter #1 ($string) of type string is deprecated in APPPATH/Views/service_list.php on line 10.
 1 APPPATH/Views/service_list.php(10): addslashes(null)
 2 SYSTEMPATH/View/View.php(224): include('/home/u810214334/domains/embellish-beauty.co.uk/public_html/app/Views/service_list.php')
 3 SYSTEMPATH/View/View.php(227): CodeIgniter\View\View->CodeIgniter\View\{closure}()
 4 SYSTEMPATH/Common.php(1173): CodeIgniter\View\View->render('service_list', [], true)
 5 APPPATH/Controllers/Home.php(129): view('service_list', [...])
 6 SYSTEMPATH/CodeIgniter.php(933): App\Controllers\Home->fetch_services()
 7 SYSTEMPATH/CodeIgniter.php(507): CodeIgniter\CodeIgniter->runController(Object(App\Controllers\Home))
 8 SYSTEMPATH/CodeIgniter.php(354): CodeIgniter\CodeIgniter->handleRequest(null, Object(Config\Cache), false)
 9 SYSTEMPATH/Boot.php(334): CodeIgniter\CodeIgniter->run()
10 SYSTEMPATH/Boot.php(67): CodeIgniter\Boot::runCodeIgniter(Object(CodeIgniter\CodeIgniter))
11 FCPATH/index.php(57): CodeIgniter\Boot::bootWeb(Object(Config\Paths))
WARNING - 2025-08-29 00:45:08 --> [DEPRECATED] addslashes(): Passing null to parameter #1 ($string) of type string is deprecated in APPPATH/Views/service_list.php on line 10.
 1 APPPATH/Views/service_list.php(10): addslashes(null)
 2 SYSTEMPATH/View/View.php(224): include('/home/u810214334/domains/embellish-beauty.co.uk/public_html/app/Views/service_list.php')
 3 SYSTEMPATH/View/View.php(227): CodeIgniter\View\View->CodeIgniter\View\{closure}()
 4 SYSTEMPATH/Common.php(1173): CodeIgniter\View\View->render('service_list', [], true)
 5 APPPATH/Controllers/Home.php(129): view('service_list', [...])
 6 SYSTEMPATH/CodeIgniter.php(933): App\Controllers\Home->fetch_services()
 7 SYSTEMPATH/CodeIgniter.php(507): CodeIgniter\CodeIgniter->runController(Object(App\Controllers\Home))
 8 SYSTEMPATH/CodeIgniter.php(354): CodeIgniter\CodeIgniter->handleRequest(null, Object(Config\Cache), false)
 9 SYSTEMPATH/Boot.php(334): CodeIgniter\CodeIgniter->run()
10 SYSTEMPATH/Boot.php(67): CodeIgniter\Boot::runCodeIgniter(Object(CodeIgniter\CodeIgniter))
11 FCPATH/index.php(57): CodeIgniter\Boot::bootWeb(Object(Config\Paths))
WARNING - 2025-08-29 00:45:08 --> [DEPRECATED] addslashes(): Passing null to parameter #1 ($string) of type string is deprecated in APPPATH/Views/service_list.php on line 10.
 1 APPPATH/Views/service_list.php(10): addslashes(null)
 2 SYSTEMPATH/View/View.php(224): include('/home/u810214334/domains/embellish-beauty.co.uk/public_html/app/Views/service_list.php')
 3 SYSTEMPATH/View/View.php(227): CodeIgniter\View\View->CodeIgniter\View\{closure}()
 4 SYSTEMPATH/Common.php(1173): CodeIgniter\View\View->render('service_list', [], true)
 5 APPPATH/Controllers/Home.php(129): view('service_list', [...])
 6 SYSTEMPATH/CodeIgniter.php(933): App\Controllers\Home->fetch_services()
 7 SYSTEMPATH/CodeIgniter.php(507): CodeIgniter\CodeIgniter->runController(Object(App\Controllers\Home))
 8 SYSTEMPATH/CodeIgniter.php(354): CodeIgniter\CodeIgniter->handleRequest(null, Object(Config\Cache), false)
 9 SYSTEMPATH/Boot.php(334): CodeIgniter\CodeIgniter->run()
10 SYSTEMPATH/Boot.php(67): CodeIgniter\Boot::runCodeIgniter(Object(CodeIgniter\CodeIgniter))
11 FCPATH/index.php(57): CodeIgniter\Boot::bootWeb(Object(Config\Paths))
WARNING - 2025-08-29 00:45:08 --> [DEPRECATED] addslashes(): Passing null to parameter #1 ($string) of type string is deprecated in APPPATH/Views/service_list.php on line 10.
 1 APPPATH/Views/service_list.php(10): addslashes(null)
 2 SYSTEMPATH/View/View.php(224): include('/home/u810214334/domains/embellish-beauty.co.uk/public_html/app/Views/service_list.php')
 3 SYSTEMPATH/View/View.php(227): CodeIgniter\View\View->CodeIgniter\View\{closure}()
 4 SYSTEMPATH/Common.php(1173): CodeIgniter\View\View->render('service_list', [], true)
 5 APPPATH/Controllers/Home.php(129): view('service_list', [...])
 6 SYSTEMPATH/CodeIgniter.php(933): App\Controllers\Home->fetch_services()
 7 SYSTEMPATH/CodeIgniter.php(507): CodeIgniter\CodeIgniter->runController(Object(App\Controllers\Home))
 8 SYSTEMPATH/CodeIgniter.php(354): CodeIgniter\CodeIgniter->handleRequest(null, Object(Config\Cache), false)
 9 SYSTEMPATH/Boot.php(334): CodeIgniter\CodeIgniter->run()
10 SYSTEMPATH/Boot.php(67): CodeIgniter\Boot::runCodeIgniter(Object(CodeIgniter\CodeIgniter))
11 FCPATH/index.php(57): CodeIgniter\Boot::bootWeb(Object(Config\Paths))
WARNING - 2025-08-29 00:45:08 --> [DEPRECATED] addslashes(): Passing null to parameter #1 ($string) of type string is deprecated in APPPATH/Views/service_list.php on line 10.
 1 APPPATH/Views/service_list.php(10): addslashes(null)
 2 SYSTEMPATH/View/View.php(224): include('/home/u810214334/domains/embellish-beauty.co.uk/public_html/app/Views/service_list.php')
 3 SYSTEMPATH/View/View.php(227): CodeIgniter\View\View->CodeIgniter\View\{closure}()
 4 SYSTEMPATH/Common.php(1173): CodeIgniter\View\View->render('service_list', [], true)
 5 APPPATH/Controllers/Home.php(129): view('service_list', [...])
 6 SYSTEMPATH/CodeIgniter.php(933): App\Controllers\Home->fetch_services()
 7 SYSTEMPATH/CodeIgniter.php(507): CodeIgniter\CodeIgniter->runController(Object(App\Controllers\Home))
 8 SYSTEMPATH/CodeIgniter.php(354): CodeIgniter\CodeIgniter->handleRequest(null, Object(Config\Cache), false)
 9 SYSTEMPATH/Boot.php(334): CodeIgniter\CodeIgniter->run()
10 SYSTEMPATH/Boot.php(67): CodeIgniter\Boot::runCodeIgniter(Object(CodeIgniter\CodeIgniter))
11 FCPATH/index.php(57): CodeIgniter\Boot::bootWeb(Object(Config\Paths))
WARNING - 2025-08-29 00:45:08 --> [DEPRECATED] addslashes(): Passing null to parameter #1 ($string) of type string is deprecated in APPPATH/Views/service_list.php on line 10.
 1 APPPATH/Views/service_list.php(10): addslashes(null)
 2 SYSTEMPATH/View/View.php(224): include('/home/u810214334/domains/embellish-beauty.co.uk/public_html/app/Views/service_list.php')
 3 SYSTEMPATH/View/View.php(227): CodeIgniter\View\View->CodeIgniter\View\{closure}()
 4 SYSTEMPATH/Common.php(1173): CodeIgniter\View\View->render('service_list', [], true)
 5 APPPATH/Controllers/Home.php(129): view('service_list', [...])
 6 SYSTEMPATH/CodeIgniter.php(933): App\Controllers\Home->fetch_services()
 7 SYSTEMPATH/CodeIgniter.php(507): CodeIgniter\CodeIgniter->runController(Object(App\Controllers\Home))
 8 SYSTEMPATH/CodeIgniter.php(354): CodeIgniter\CodeIgniter->handleRequest(null, Object(Config\Cache), false)
 9 SYSTEMPATH/Boot.php(334): CodeIgniter\CodeIgniter->run()
10 SYSTEMPATH/Boot.php(67): CodeIgniter\Boot::runCodeIgniter(Object(CodeIgniter\CodeIgniter))
11 FCPATH/index.php(57): CodeIgniter\Boot::bootWeb(Object(Config\Paths))
WARNING - 2025-08-29 00:45:08 --> [DEPRECATED] addslashes(): Passing null to parameter #1 ($string) of type string is deprecated in APPPATH/Views/service_list.php on line 10.
 1 APPPATH/Views/service_list.php(10): addslashes(null)
 2 SYSTEMPATH/View/View.php(224): include('/home/u810214334/domains/embellish-beauty.co.uk/public_html/app/Views/service_list.php')
 3 SYSTEMPATH/View/View.php(227): CodeIgniter\View\View->CodeIgniter\View\{closure}()
 4 SYSTEMPATH/Common.php(1173): CodeIgniter\View\View->render('service_list', [], true)
 5 APPPATH/Controllers/Home.php(129): view('service_list', [...])
 6 SYSTEMPATH/CodeIgniter.php(933): App\Controllers\Home->fetch_services()
 7 SYSTEMPATH/CodeIgniter.php(507): CodeIgniter\CodeIgniter->runController(Object(App\Controllers\Home))
 8 SYSTEMPATH/CodeIgniter.php(354): CodeIgniter\CodeIgniter->handleRequest(null, Object(Config\Cache), false)
 9 SYSTEMPATH/Boot.php(334): CodeIgniter\CodeIgniter->run()
10 SYSTEMPATH/Boot.php(67): CodeIgniter\Boot::runCodeIgniter(Object(CodeIgniter\CodeIgniter))
11 FCPATH/index.php(57): CodeIgniter\Boot::bootWeb(Object(Config\Paths))
WARNING - 2025-08-29 00:45:08 --> [DEPRECATED] addslashes(): Passing null to parameter #1 ($string) of type string is deprecated in APPPATH/Views/service_list.php on line 10.
 1 APPPATH/Views/service_list.php(10): addslashes(null)
 2 SYSTEMPATH/View/View.php(224): include('/home/u810214334/domains/embellish-beauty.co.uk/public_html/app/Views/service_list.php')
 3 SYSTEMPATH/View/View.php(227): CodeIgniter\View\View->CodeIgniter\View\{closure}()
 4 SYSTEMPATH/Common.php(1173): CodeIgniter\View\View->render('service_list', [], true)
 5 APPPATH/Controllers/Home.php(129): view('service_list', [...])
 6 SYSTEMPATH/CodeIgniter.php(933): App\Controllers\Home->fetch_services()
 7 SYSTEMPATH/CodeIgniter.php(507): CodeIgniter\CodeIgniter->runController(Object(App\Controllers\Home))
 8 SYSTEMPATH/CodeIgniter.php(354): CodeIgniter\CodeIgniter->handleRequest(null, Object(Config\Cache), false)
 9 SYSTEMPATH/Boot.php(334): CodeIgniter\CodeIgniter->run()
10 SYSTEMPATH/Boot.php(67): CodeIgniter\Boot::runCodeIgniter(Object(CodeIgniter\CodeIgniter))
11 FCPATH/index.php(57): CodeIgniter\Boot::bootWeb(Object(Config\Paths))
WARNING - 2025-08-29 00:45:08 --> [DEPRECATED] addslashes(): Passing null to parameter #1 ($string) of type string is deprecated in APPPATH/Views/service_list.php on line 10.
 1 APPPATH/Views/service_list.php(10): addslashes(null)
 2 SYSTEMPATH/View/View.php(224): include('/home/u810214334/domains/embellish-beauty.co.uk/public_html/app/Views/service_list.php')
 3 SYSTEMPATH/View/View.php(227): CodeIgniter\View\View->CodeIgniter\View\{closure}()
 4 SYSTEMPATH/Common.php(1173): CodeIgniter\View\View->render('service_list', [], true)
 5 APPPATH/Controllers/Home.php(129): view('service_list', [...])
 6 SYSTEMPATH/CodeIgniter.php(933): App\Controllers\Home->fetch_services()
 7 SYSTEMPATH/CodeIgniter.php(507): CodeIgniter\CodeIgniter->runController(Object(App\Controllers\Home))
 8 SYSTEMPATH/CodeIgniter.php(354): CodeIgniter\CodeIgniter->handleRequest(null, Object(Config\Cache), false)
 9 SYSTEMPATH/Boot.php(334): CodeIgniter\CodeIgniter->run()
10 SYSTEMPATH/Boot.php(67): CodeIgniter\Boot::runCodeIgniter(Object(CodeIgniter\CodeIgniter))
11 FCPATH/index.php(57): CodeIgniter\Boot::bootWeb(Object(Config\Paths))
DEBUG - 2025-08-29 00:45:32 --> Session: Class initialized using 'CodeIgniter\Session\Handlers\FileHandler' driver.
DEBUG - 2025-08-29 00:45:46 --> Session: Class initialized using 'CodeIgniter\Session\Handlers\FileHandler' driver.
DEBUG - 2025-08-29 00:57:19 --> Session: Class initialized using 'CodeIgniter\Session\Handlers\FileHandler' driver.
DEBUG - 2025-08-29 01:01:30 --> Session: Class initialized using 'CodeIgniter\Session\Handlers\FileHandler' driver.
DEBUG - 2025-08-29 01:01:32 --> Session: Class initialized using 'CodeIgniter\Session\Handlers\FileHandler' driver.
DEBUG - 2025-08-29 01:34:24 --> Session: Class initialized using 'CodeIgniter\Session\Handlers\FileHandler' driver.
DEBUG - 2025-08-29 01:39:17 --> Session: Class initialized using 'CodeIgniter\Session\Handlers\FileHandler' driver.
DEBUG - 2025-08-29 01:42:45 --> Session: Class initialized using 'CodeIgniter\Session\Handlers\FileHandler' driver.
DEBUG - 2025-08-29 01:49:35 --> Session: Class initialized using 'CodeIgniter\Session\Handlers\FileHandler' driver.
DEBUG - 2025-08-29 01:59:15 --> Session: Class initialized using 'CodeIgniter\Session\Handlers\FileHandler' driver.
DEBUG - 2025-08-29 02:04:57 --> Session: Class initialized using 'CodeIgniter\Session\Handlers\FileHandler' driver.
DEBUG - 2025-08-29 02:09:18 --> Session: Class initialized using 'CodeIgniter\Session\Handlers\FileHandler' driver.
DEBUG - 2025-08-29 02:14:51 --> Session: Class initialized using 'CodeIgniter\Session\Handlers\FileHandler' driver.
DEBUG - 2025-08-29 02:24:34 --> Session: Class initialized using 'CodeIgniter\Session\Handlers\FileHandler' driver.
DEBUG - 2025-08-29 02:35:41 --> Session: Class initialized using 'CodeIgniter\Session\Handlers\FileHandler' driver.
DEBUG - 2025-08-29 02:48:51 --> Session: Class initialized using 'CodeIgniter\Session\Handlers\FileHandler' driver.
DEBUG - 2025-08-29 03:16:58 --> Session: Class initialized using 'CodeIgniter\Session\Handlers\FileHandler' driver.
DEBUG - 2025-08-29 03:28:38 --> Session: Class initialized using 'CodeIgniter\Session\Handlers\FileHandler' driver.
DEBUG - 2025-08-29 03:34:17 --> Session: Class initialized using 'CodeIgniter\Session\Handlers\FileHandler' driver.
DEBUG - 2025-08-29 03:57:11 --> Session: Class initialized using 'CodeIgniter\Session\Handlers\FileHandler' driver.
DEBUG - 2025-08-29 03:57:14 --> Session: Class initialized using 'CodeIgniter\Session\Handlers\FileHandler' driver.
DEBUG - 2025-08-29 03:59:55 --> Session: Class initialized using 'CodeIgniter\Session\Handlers\FileHandler' driver.
DEBUG - 2025-08-29 04:26:04 --> Session: Class initialized using 'CodeIgniter\Session\Handlers\FileHandler' driver.
DEBUG - 2025-08-29 05:50:03 --> Session: Class initialized using 'CodeIgniter\Session\Handlers\FileHandler' driver.
DEBUG - 2025-08-29 06:05:28 --> Session: Class initialized using 'CodeIgniter\Session\Handlers\FileHandler' driver.
DEBUG - 2025-08-29 06:05:28 --> Session: Class initialized using 'CodeIgniter\Session\Handlers\FileHandler' driver.
DEBUG - 2025-08-29 06:05:28 --> Session: Class initialized using 'CodeIgniter\Session\Handlers\FileHandler' driver.
DEBUG - 2025-08-29 06:05:41 --> Session: Class initialized using 'CodeIgniter\Session\Handlers\FileHandler' driver.
DEBUG - 2025-08-29 06:05:41 --> Session: Class initialized using 'CodeIgniter\Session\Handlers\FileHandler' driver.
DEBUG - 2025-08-29 06:05:41 --> Session: Class initialized using 'CodeIgniter\Session\Handlers\FileHandler' driver.
DEBUG - 2025-08-29 06:13:04 --> Session: Class initialized using 'CodeIgniter\Session\Handlers\FileHandler' driver.
DEBUG - 2025-08-29 06:36:41 --> Session: Class initialized using 'CodeIgniter\Session\Handlers\FileHandler' driver.
DEBUG - 2025-08-29 07:12:38 --> Session: Class initialized using 'CodeIgniter\Session\Handlers\FileHandler' driver.
DEBUG - 2025-08-29 07:12:40 --> Session: Class initialized using 'CodeIgniter\Session\Handlers\FileHandler' driver.
DEBUG - 2025-08-29 07:20:44 --> Session: Class initialized using 'CodeIgniter\Session\Handlers\FileHandler' driver.
DEBUG - 2025-08-29 07:25:05 --> Session: Class initialized using 'CodeIgniter\Session\Handlers\FileHandler' driver.
DEBUG - 2025-08-29 07:25:10 --> Session: Class initialized using 'CodeIgniter\Session\Handlers\FileHandler' driver.
DEBUG - 2025-08-29 07:49:57 --> Session: Class initialized using 'CodeIgniter\Session\Handlers\FileHandler' driver.
DEBUG - 2025-08-29 07:50:00 --> Session: Class initialized using 'CodeIgniter\Session\Handlers\FileHandler' driver.
DEBUG - 2025-08-29 08:12:13 --> Session: Class initialized using 'CodeIgniter\Session\Handlers\FileHandler' driver.
DEBUG - 2025-08-29 08:28:57 --> Session: Class initialized using 'CodeIgniter\Session\Handlers\FileHandler' driver.
DEBUG - 2025-08-29 08:38:07 --> Session: Class initialized using 'CodeIgniter\Session\Handlers\FileHandler' driver.
DEBUG - 2025-08-29 08:40:19 --> Session: Class initialized using 'CodeIgniter\Session\Handlers\FileHandler' driver.
DEBUG - 2025-08-29 08:48:18 --> Session: Class initialized using 'CodeIgniter\Session\Handlers\FileHandler' driver.
DEBUG - 2025-08-29 08:57:56 --> Session: Class initialized using 'CodeIgniter\Session\Handlers\FileHandler' driver.
DEBUG - 2025-08-29 09:07:17 --> Session: Class initialized using 'CodeIgniter\Session\Handlers\FileHandler' driver.
WARNING - 2025-08-29 09:07:17 --> [DEPRECATED] strtotime(): Passing null to parameter #1 ($datetime) of type string is deprecated in APPPATH/Controllers/Dashboard.php on line 318.
 1 APPPATH/Controllers/Dashboard.php(318): strtotime(null)
 2 SYSTEMPATH/CodeIgniter.php(933): App\Controllers\Dashboard->check_discount()
 3 SYSTEMPATH/CodeIgniter.php(507): CodeIgniter\CodeIgniter->runController(Object(App\Controllers\Dashboard))
 4 SYSTEMPATH/CodeIgniter.php(354): CodeIgniter\CodeIgniter->handleRequest(null, Object(Config\Cache), false)
 5 SYSTEMPATH/Boot.php(334): CodeIgniter\CodeIgniter->run()
 6 SYSTEMPATH/Boot.php(67): CodeIgniter\Boot::runCodeIgniter(Object(CodeIgniter\CodeIgniter))
 7 FCPATH/index.php(57): CodeIgniter\Boot::bootWeb(Object(Config\Paths))
CRITICAL - 2025-08-29 09:07:17 --> ErrorException: Trying to access array offset on value of type null
[Method: GET, Route: check-discount]
in APPPATH/Controllers/Dashboard.php on line 319.
 1 APPPATH/Controllers/Dashboard.php(319): CodeIgniter\Debug\Exceptions->errorHandler()
 2 SYSTEMPATH/CodeIgniter.php(933): App\Controllers\Dashboard->check_discount()
 3 SYSTEMPATH/CodeIgniter.php(507): CodeIgniter\CodeIgniter->runController()
 4 SYSTEMPATH/CodeIgniter.php(354): CodeIgniter\CodeIgniter->handleRequest()
 5 SYSTEMPATH/Boot.php(334): CodeIgniter\CodeIgniter->run()
 6 SYSTEMPATH/Boot.php(67): CodeIgniter\Boot::runCodeIgniter()
 7 FCPATH/index.php(57): CodeIgniter\Boot::bootWeb()
DEBUG - 2025-08-29 09:18:25 --> Session: Class initialized using 'CodeIgniter\Session\Handlers\FileHandler' driver.
DEBUG - 2025-08-29 09:26:36 --> Session: Class initialized using 'CodeIgniter\Session\Handlers\FileHandler' driver.
DEBUG - 2025-08-29 09:42:00 --> Session: Class initialized using 'CodeIgniter\Session\Handlers\FileHandler' driver.
CRITICAL - 2025-08-29 09:42:00 --> ErrorException: Trying to access array offset on value of type null
[Method: GET, Route: my-cart-items]
in APPPATH/Controllers/Dashboard.php on line 109.
 1 APPPATH/Controllers/Dashboard.php(109): CodeIgniter\Debug\Exceptions->errorHandler()
 2 SYSTEMPATH/CodeIgniter.php(933): App\Controllers\Dashboard->my_cart_items()
 3 SYSTEMPATH/CodeIgniter.php(507): CodeIgniter\CodeIgniter->runController()
 4 SYSTEMPATH/CodeIgniter.php(354): CodeIgniter\CodeIgniter->handleRequest()
 5 SYSTEMPATH/Boot.php(334): CodeIgniter\CodeIgniter->run()
 6 SYSTEMPATH/Boot.php(67): CodeIgniter\Boot::runCodeIgniter()
 7 FCPATH/index.php(57): CodeIgniter\Boot::bootWeb()
DEBUG - 2025-08-29 09:52:30 --> Session: Class initialized using 'CodeIgniter\Session\Handlers\FileHandler' driver.
DEBUG - 2025-08-29 10:00:05 --> Session: Class initialized using 'CodeIgniter\Session\Handlers\FileHandler' driver.
DEBUG - 2025-08-29 10:00:37 --> Session: Class initialized using 'CodeIgniter\Session\Handlers\FileHandler' driver.
DEBUG - 2025-08-29 10:07:55 --> Session: Class initialized using 'CodeIgniter\Session\Handlers\FileHandler' driver.
DEBUG - 2025-08-29 10:08:09 --> Session: Class initialized using 'CodeIgniter\Session\Handlers\FileHandler' driver.
DEBUG - 2025-08-29 10:11:56 --> Session: Class initialized using 'CodeIgniter\Session\Handlers\FileHandler' driver.
DEBUG - 2025-08-29 10:59:34 --> Session: Class initialized using 'CodeIgniter\Session\Handlers\FileHandler' driver.
DEBUG - 2025-08-29 11:05:32 --> Session: Class initialized using 'CodeIgniter\Session\Handlers\FileHandler' driver.
DEBUG - 2025-08-29 11:05:32 --> Session: Class initialized using 'CodeIgniter\Session\Handlers\FileHandler' driver.
DEBUG - 2025-08-29 11:05:39 --> Session: Class initialized using 'CodeIgniter\Session\Handlers\FileHandler' driver.
DEBUG - 2025-08-29 11:05:40 --> Session: Class initialized using 'CodeIgniter\Session\Handlers\FileHandler' driver.
DEBUG - 2025-08-29 11:05:40 --> Session: Class initialized using 'CodeIgniter\Session\Handlers\FileHandler' driver.
DEBUG - 2025-08-29 11:05:48 --> Session: Class initialized using 'CodeIgniter\Session\Handlers\FileHandler' driver.
DEBUG - 2025-08-29 11:12:07 --> Session: Class initialized using 'CodeIgniter\Session\Handlers\FileHandler' driver.
DEBUG - 2025-08-29 11:12:07 --> Session: Class initialized using 'CodeIgniter\Session\Handlers\FileHandler' driver.
DEBUG - 2025-08-29 11:12:08 --> Session: Class initialized using 'CodeIgniter\Session\Handlers\FileHandler' driver.
DEBUG - 2025-08-29 11:12:09 --> Session: Class initialized using 'CodeIgniter\Session\Handlers\FileHandler' driver.
DEBUG - 2025-08-29 11:12:09 --> Session: Class initialized using 'CodeIgniter\Session\Handlers\FileHandler' driver.
DEBUG - 2025-08-29 11:12:12 --> Session: Class initialized using 'CodeIgniter\Session\Handlers\FileHandler' driver.
DEBUG - 2025-08-29 11:12:19 --> Session: Class initialized using 'CodeIgniter\Session\Handlers\FileHandler' driver.
DEBUG - 2025-08-29 11:12:21 --> Session: Class initialized using 'CodeIgniter\Session\Handlers\FileHandler' driver.
DEBUG - 2025-08-29 11:12:22 --> Session: Class initialized using 'CodeIgniter\Session\Handlers\FileHandler' driver.
DEBUG - 2025-08-29 11:12:22 --> Session: Class initialized using 'CodeIgniter\Session\Handlers\FileHandler' driver.
DEBUG - 2025-08-29 11:16:42 --> Session: Class initialized using 'CodeIgniter\Session\Handlers\FileHandler' driver.
DEBUG - 2025-08-29 11:16:45 --> Session: Class initialized using 'CodeIgniter\Session\Handlers\FileHandler' driver.
DEBUG - 2025-08-29 11:16:49 --> Session: Class initialized using 'CodeIgniter\Session\Handlers\FileHandler' driver.
DEBUG - 2025-08-29 11:16:53 --> Session: Class initialized using 'CodeIgniter\Session\Handlers\FileHandler' driver.
DEBUG - 2025-08-29 11:16:56 --> Session: Class initialized using 'CodeIgniter\Session\Handlers\FileHandler' driver.
DEBUG - 2025-08-29 11:16:59 --> Session: Class initialized using 'CodeIgniter\Session\Handlers\FileHandler' driver.
DEBUG - 2025-08-29 11:17:01 --> Session: Class initialized using 'CodeIgniter\Session\Handlers\FileHandler' driver.
DEBUG - 2025-08-29 11:17:02 --> Session: Class initialized using 'CodeIgniter\Session\Handlers\FileHandler' driver.
DEBUG - 2025-08-29 11:17:02 --> Session: Class initialized using 'CodeIgniter\Session\Handlers\FileHandler' driver.
DEBUG - 2025-08-29 11:17:11 --> Session: Class initialized using 'CodeIgniter\Session\Handlers\FileHandler' driver.
DEBUG - 2025-08-29 11:17:11 --> Session: Class initialized using 'CodeIgniter\Session\Handlers\FileHandler' driver.
DEBUG - 2025-08-29 11:17:12 --> Session: Class initialized using 'CodeIgniter\Session\Handlers\FileHandler' driver.
DEBUG - 2025-08-29 11:17:12 --> Session: Class initialized using 'CodeIgniter\Session\Handlers\FileHandler' driver.
DEBUG - 2025-08-29 11:17:12 --> Session: Class initialized using 'CodeIgniter\Session\Handlers\FileHandler' driver.
WARNING - 2025-08-29 11:17:12 --> [DEPRECATED] addslashes(): Passing null to parameter #1 ($string) of type string is deprecated in APPPATH/Views/service_list.php on line 10.
 1 APPPATH/Views/service_list.php(10): addslashes(null)
 2 SYSTEMPATH/View/View.php(224): include('/home/u810214334/domains/embellish-beauty.co.uk/public_html/app/Views/service_list.php')
 3 SYSTEMPATH/View/View.php(227): CodeIgniter\View\View->CodeIgniter\View\{closure}()
 4 SYSTEMPATH/Common.php(1173): CodeIgniter\View\View->render('service_list', [], true)
 5 APPPATH/Controllers/Home.php(129): view('service_list', [...])
 6 SYSTEMPATH/CodeIgniter.php(933): App\Controllers\Home->fetch_services()
 7 SYSTEMPATH/CodeIgniter.php(507): CodeIgniter\CodeIgniter->runController(Object(App\Controllers\Home))
 8 SYSTEMPATH/CodeIgniter.php(354): CodeIgniter\CodeIgniter->handleRequest(null, Object(Config\Cache), false)
 9 SYSTEMPATH/Boot.php(334): CodeIgniter\CodeIgniter->run()
10 SYSTEMPATH/Boot.php(67): CodeIgniter\Boot::runCodeIgniter(Object(CodeIgniter\CodeIgniter))
11 FCPATH/index.php(57): CodeIgniter\Boot::bootWeb(Object(Config\Paths))
WARNING - 2025-08-29 11:17:12 --> [DEPRECATED] addslashes(): Passing null to parameter #1 ($string) of type string is deprecated in APPPATH/Views/service_list.php on line 10.
 1 APPPATH/Views/service_list.php(10): addslashes(null)
 2 SYSTEMPATH/View/View.php(224): include('/home/u810214334/domains/embellish-beauty.co.uk/public_html/app/Views/service_list.php')
 3 SYSTEMPATH/View/View.php(227): CodeIgniter\View\View->CodeIgniter\View\{closure}()
 4 SYSTEMPATH/Common.php(1173): CodeIgniter\View\View->render('service_list', [], true)
 5 APPPATH/Controllers/Home.php(129): view('service_list', [...])
 6 SYSTEMPATH/CodeIgniter.php(933): App\Controllers\Home->fetch_services()
 7 SYSTEMPATH/CodeIgniter.php(507): CodeIgniter\CodeIgniter->runController(Object(App\Controllers\Home))
 8 SYSTEMPATH/CodeIgniter.php(354): CodeIgniter\CodeIgniter->handleRequest(null, Object(Config\Cache), false)
 9 SYSTEMPATH/Boot.php(334): CodeIgniter\CodeIgniter->run()
10 SYSTEMPATH/Boot.php(67): CodeIgniter\Boot::runCodeIgniter(Object(CodeIgniter\CodeIgniter))
11 FCPATH/index.php(57): CodeIgniter\Boot::bootWeb(Object(Config\Paths))
WARNING - 2025-08-29 11:17:12 --> [DEPRECATED] addslashes(): Passing null to parameter #1 ($string) of type string is deprecated in APPPATH/Views/service_list.php on line 10.
 1 APPPATH/Views/service_list.php(10): addslashes(null)
 2 SYSTEMPATH/View/View.php(224): include('/home/u810214334/domains/embellish-beauty.co.uk/public_html/app/Views/service_list.php')
 3 SYSTEMPATH/View/View.php(227): CodeIgniter\View\View->CodeIgniter\View\{closure}()
 4 SYSTEMPATH/Common.php(1173): CodeIgniter\View\View->render('service_list', [], true)
 5 APPPATH/Controllers/Home.php(129): view('service_list', [...])
 6 SYSTEMPATH/CodeIgniter.php(933): App\Controllers\Home->fetch_services()
 7 SYSTEMPATH/CodeIgniter.php(507): CodeIgniter\CodeIgniter->runController(Object(App\Controllers\Home))
 8 SYSTEMPATH/CodeIgniter.php(354): CodeIgniter\CodeIgniter->handleRequest(null, Object(Config\Cache), false)
 9 SYSTEMPATH/Boot.php(334): CodeIgniter\CodeIgniter->run()
10 SYSTEMPATH/Boot.php(67): CodeIgniter\Boot::runCodeIgniter(Object(CodeIgniter\CodeIgniter))
11 FCPATH/index.php(57): CodeIgniter\Boot::bootWeb(Object(Config\Paths))
WARNING - 2025-08-29 11:17:12 --> [DEPRECATED] addslashes(): Passing null to parameter #1 ($string) of type string is deprecated in APPPATH/Views/service_list.php on line 10.
 1 APPPATH/Views/service_list.php(10): addslashes(null)
 2 SYSTEMPATH/View/View.php(224): include('/home/u810214334/domains/embellish-beauty.co.uk/public_html/app/Views/service_list.php')
 3 SYSTEMPATH/View/View.php(227): CodeIgniter\View\View->CodeIgniter\View\{closure}()
 4 SYSTEMPATH/Common.php(1173): CodeIgniter\View\View->render('service_list', [], true)
 5 APPPATH/Controllers/Home.php(129): view('service_list', [...])
 6 SYSTEMPATH/CodeIgniter.php(933): App\Controllers\Home->fetch_services()
 7 SYSTEMPATH/CodeIgniter.php(507): CodeIgniter\CodeIgniter->runController(Object(App\Controllers\Home))
 8 SYSTEMPATH/CodeIgniter.php(354): CodeIgniter\CodeIgniter->handleRequest(null, Object(Config\Cache), false)
 9 SYSTEMPATH/Boot.php(334): CodeIgniter\CodeIgniter->run()
10 SYSTEMPATH/Boot.php(67): CodeIgniter\Boot::runCodeIgniter(Object(CodeIgniter\CodeIgniter))
11 FCPATH/index.php(57): CodeIgniter\Boot::bootWeb(Object(Config\Paths))
WARNING - 2025-08-29 11:17:12 --> [DEPRECATED] addslashes(): Passing null to parameter #1 ($string) of type string is deprecated in APPPATH/Views/service_list.php on line 10.
 1 APPPATH/Views/service_list.php(10): addslashes(null)
 2 SYSTEMPATH/View/View.php(224): include('/home/u810214334/domains/embellish-beauty.co.uk/public_html/app/Views/service_list.php')
 3 SYSTEMPATH/View/View.php(227): CodeIgniter\View\View->CodeIgniter\View\{closure}()
 4 SYSTEMPATH/Common.php(1173): CodeIgniter\View\View->render('service_list', [], true)
 5 APPPATH/Controllers/Home.php(129): view('service_list', [...])
 6 SYSTEMPATH/CodeIgniter.php(933): App\Controllers\Home->fetch_services()
 7 SYSTEMPATH/CodeIgniter.php(507): CodeIgniter\CodeIgniter->runController(Object(App\Controllers\Home))
 8 SYSTEMPATH/CodeIgniter.php(354): CodeIgniter\CodeIgniter->handleRequest(null, Object(Config\Cache), false)
 9 SYSTEMPATH/Boot.php(334): CodeIgniter\CodeIgniter->run()
10 SYSTEMPATH/Boot.php(67): CodeIgniter\Boot::runCodeIgniter(Object(CodeIgniter\CodeIgniter))
11 FCPATH/index.php(57): CodeIgniter\Boot::bootWeb(Object(Config\Paths))
WARNING - 2025-08-29 11:17:12 --> [DEPRECATED] addslashes(): Passing null to parameter #1 ($string) of type string is deprecated in APPPATH/Views/service_list.php on line 10.
 1 APPPATH/Views/service_list.php(10): addslashes(null)
 2 SYSTEMPATH/View/View.php(224): include('/home/u810214334/domains/embellish-beauty.co.uk/public_html/app/Views/service_list.php')
 3 SYSTEMPATH/View/View.php(227): CodeIgniter\View\View->CodeIgniter\View\{closure}()
 4 SYSTEMPATH/Common.php(1173): CodeIgniter\View\View->render('service_list', [], true)
 5 APPPATH/Controllers/Home.php(129): view('service_list', [...])
 6 SYSTEMPATH/CodeIgniter.php(933): App\Controllers\Home->fetch_services()
 7 SYSTEMPATH/CodeIgniter.php(507): CodeIgniter\CodeIgniter->runController(Object(App\Controllers\Home))
 8 SYSTEMPATH/CodeIgniter.php(354): CodeIgniter\CodeIgniter->handleRequest(null, Object(Config\Cache), false)
 9 SYSTEMPATH/Boot.php(334): CodeIgniter\CodeIgniter->run()
10 SYSTEMPATH/Boot.php(67): CodeIgniter\Boot::runCodeIgniter(Object(CodeIgniter\CodeIgniter))
11 FCPATH/index.php(57): CodeIgniter\Boot::bootWeb(Object(Config\Paths))
WARNING - 2025-08-29 11:17:12 --> [DEPRECATED] addslashes(): Passing null to parameter #1 ($string) of type string is deprecated in APPPATH/Views/service_list.php on line 10.
 1 APPPATH/Views/service_list.php(10): addslashes(null)
 2 SYSTEMPATH/View/View.php(224): include('/home/u810214334/domains/embellish-beauty.co.uk/public_html/app/Views/service_list.php')
 3 SYSTEMPATH/View/View.php(227): CodeIgniter\View\View->CodeIgniter\View\{closure}()
 4 SYSTEMPATH/Common.php(1173): CodeIgniter\View\View->render('service_list', [], true)
 5 APPPATH/Controllers/Home.php(129): view('service_list', [...])
 6 SYSTEMPATH/CodeIgniter.php(933): App\Controllers\Home->fetch_services()
 7 SYSTEMPATH/CodeIgniter.php(507): CodeIgniter\CodeIgniter->runController(Object(App\Controllers\Home))
 8 SYSTEMPATH/CodeIgniter.php(354): CodeIgniter\CodeIgniter->handleRequest(null, Object(Config\Cache), false)
 9 SYSTEMPATH/Boot.php(334): CodeIgniter\CodeIgniter->run()
10 SYSTEMPATH/Boot.php(67): CodeIgniter\Boot::runCodeIgniter(Object(CodeIgniter\CodeIgniter))
11 FCPATH/index.php(57): CodeIgniter\Boot::bootWeb(Object(Config\Paths))
WARNING - 2025-08-29 11:17:12 --> [DEPRECATED] addslashes(): Passing null to parameter #1 ($string) of type string is deprecated in APPPATH/Views/service_list.php on line 10.
 1 APPPATH/Views/service_list.php(10): addslashes(null)
 2 SYSTEMPATH/View/View.php(224): include('/home/u810214334/domains/embellish-beauty.co.uk/public_html/app/Views/service_list.php')
 3 SYSTEMPATH/View/View.php(227): CodeIgniter\View\View->CodeIgniter\View\{closure}()
 4 SYSTEMPATH/Common.php(1173): CodeIgniter\View\View->render('service_list', [], true)
 5 APPPATH/Controllers/Home.php(129): view('service_list', [...])
 6 SYSTEMPATH/CodeIgniter.php(933): App\Controllers\Home->fetch_services()
 7 SYSTEMPATH/CodeIgniter.php(507): CodeIgniter\CodeIgniter->runController(Object(App\Controllers\Home))
 8 SYSTEMPATH/CodeIgniter.php(354): CodeIgniter\CodeIgniter->handleRequest(null, Object(Config\Cache), false)
 9 SYSTEMPATH/Boot.php(334): CodeIgniter\CodeIgniter->run()
10 SYSTEMPATH/Boot.php(67): CodeIgniter\Boot::runCodeIgniter(Object(CodeIgniter\CodeIgniter))
11 FCPATH/index.php(57): CodeIgniter\Boot::bootWeb(Object(Config\Paths))
WARNING - 2025-08-29 11:17:12 --> [DEPRECATED] addslashes(): Passing null to parameter #1 ($string) of type string is deprecated in APPPATH/Views/service_list.php on line 10.
 1 APPPATH/Views/service_list.php(10): addslashes(null)
 2 SYSTEMPATH/View/View.php(224): include('/home/u810214334/domains/embellish-beauty.co.uk/public_html/app/Views/service_list.php')
 3 SYSTEMPATH/View/View.php(227): CodeIgniter\View\View->CodeIgniter\View\{closure}()
 4 SYSTEMPATH/Common.php(1173): CodeIgniter\View\View->render('service_list', [], true)
 5 APPPATH/Controllers/Home.php(129): view('service_list', [...])
 6 SYSTEMPATH/CodeIgniter.php(933): App\Controllers\Home->fetch_services()
 7 SYSTEMPATH/CodeIgniter.php(507): CodeIgniter\CodeIgniter->runController(Object(App\Controllers\Home))
 8 SYSTEMPATH/CodeIgniter.php(354): CodeIgniter\CodeIgniter->handleRequest(null, Object(Config\Cache), false)
 9 SYSTEMPATH/Boot.php(334): CodeIgniter\CodeIgniter->run()
10 SYSTEMPATH/Boot.php(67): CodeIgniter\Boot::runCodeIgniter(Object(CodeIgniter\CodeIgniter))
11 FCPATH/index.php(57): CodeIgniter\Boot::bootWeb(Object(Config\Paths))
WARNING - 2025-08-29 11:17:12 --> [DEPRECATED] addslashes(): Passing null to parameter #1 ($string) of type string is deprecated in APPPATH/Views/service_list.php on line 10.
 1 APPPATH/Views/service_list.php(10): addslashes(null)
 2 SYSTEMPATH/View/View.php(224): include('/home/u810214334/domains/embellish-beauty.co.uk/public_html/app/Views/service_list.php')
 3 SYSTEMPATH/View/View.php(227): CodeIgniter\View\View->CodeIgniter\View\{closure}()
 4 SYSTEMPATH/Common.php(1173): CodeIgniter\View\View->render('service_list', [], true)
 5 APPPATH/Controllers/Home.php(129): view('service_list', [...])
 6 SYSTEMPATH/CodeIgniter.php(933): App\Controllers\Home->fetch_services()
 7 SYSTEMPATH/CodeIgniter.php(507): CodeIgniter\CodeIgniter->runController(Object(App\Controllers\Home))
 8 SYSTEMPATH/CodeIgniter.php(354): CodeIgniter\CodeIgniter->handleRequest(null, Object(Config\Cache), false)
 9 SYSTEMPATH/Boot.php(334): CodeIgniter\CodeIgniter->run()
10 SYSTEMPATH/Boot.php(67): CodeIgniter\Boot::runCodeIgniter(Object(CodeIgniter\CodeIgniter))
11 FCPATH/index.php(57): CodeIgniter\Boot::bootWeb(Object(Config\Paths))
WARNING - 2025-08-29 11:17:12 --> [DEPRECATED] addslashes(): Passing null to parameter #1 ($string) of type string is deprecated in APPPATH/Views/service_list.php on line 10.
 1 APPPATH/Views/service_list.php(10): addslashes(null)
 2 SYSTEMPATH/View/View.php(224): include('/home/u810214334/domains/embellish-beauty.co.uk/public_html/app/Views/service_list.php')
 3 SYSTEMPATH/View/View.php(227): CodeIgniter\View\View->CodeIgniter\View\{closure}()
 4 SYSTEMPATH/Common.php(1173): CodeIgniter\View\View->render('service_list', [], true)
 5 APPPATH/Controllers/Home.php(129): view('service_list', [...])
 6 SYSTEMPATH/CodeIgniter.php(933): App\Controllers\Home->fetch_services()
 7 SYSTEMPATH/CodeIgniter.php(507): CodeIgniter\CodeIgniter->runController(Object(App\Controllers\Home))
 8 SYSTEMPATH/CodeIgniter.php(354): CodeIgniter\CodeIgniter->handleRequest(null, Object(Config\Cache), false)
 9 SYSTEMPATH/Boot.php(334): CodeIgniter\CodeIgniter->run()
10 SYSTEMPATH/Boot.php(67): CodeIgniter\Boot::runCodeIgniter(Object(CodeIgniter\CodeIgniter))
11 FCPATH/index.php(57): CodeIgniter\Boot::bootWeb(Object(Config\Paths))
WARNING - 2025-08-29 11:17:12 --> [DEPRECATED] addslashes(): Passing null to parameter #1 ($string) of type string is deprecated in APPPATH/Views/service_list.php on line 10.
 1 APPPATH/Views/service_list.php(10): addslashes(null)
 2 SYSTEMPATH/View/View.php(224): include('/home/u810214334/domains/embellish-beauty.co.uk/public_html/app/Views/service_list.php')
 3 SYSTEMPATH/View/View.php(227): CodeIgniter\View\View->CodeIgniter\View\{closure}()
 4 SYSTEMPATH/Common.php(1173): CodeIgniter\View\View->render('service_list', [], true)
 5 APPPATH/Controllers/Home.php(129): view('service_list', [...])
 6 SYSTEMPATH/CodeIgniter.php(933): App\Controllers\Home->fetch_services()
 7 SYSTEMPATH/CodeIgniter.php(507): CodeIgniter\CodeIgniter->runController(Object(App\Controllers\Home))
 8 SYSTEMPATH/CodeIgniter.php(354): CodeIgniter\CodeIgniter->handleRequest(null, Object(Config\Cache), false)
 9 SYSTEMPATH/Boot.php(334): CodeIgniter\CodeIgniter->run()
10 SYSTEMPATH/Boot.php(67): CodeIgniter\Boot::runCodeIgniter(Object(CodeIgniter\CodeIgniter))
11 FCPATH/index.php(57): CodeIgniter\Boot::bootWeb(Object(Config\Paths))
WARNING - 2025-08-29 11:17:12 --> [DEPRECATED] addslashes(): Passing null to parameter #1 ($string) of type string is deprecated in APPPATH/Views/service_list.php on line 10.
 1 APPPATH/Views/service_list.php(10): addslashes(null)
 2 SYSTEMPATH/View/View.php(224): include('/home/u810214334/domains/embellish-beauty.co.uk/public_html/app/Views/service_list.php')
 3 SYSTEMPATH/View/View.php(227): CodeIgniter\View\View->CodeIgniter\View\{closure}()
 4 SYSTEMPATH/Common.php(1173): CodeIgniter\View\View->render('service_list', [], true)
 5 APPPATH/Controllers/Home.php(129): view('service_list', [...])
 6 SYSTEMPATH/CodeIgniter.php(933): App\Controllers\Home->fetch_services()
 7 SYSTEMPATH/CodeIgniter.php(507): CodeIgniter\CodeIgniter->runController(Object(App\Controllers\Home))
 8 SYSTEMPATH/CodeIgniter.php(354): CodeIgniter\CodeIgniter->handleRequest(null, Object(Config\Cache), false)
 9 SYSTEMPATH/Boot.php(334): CodeIgniter\CodeIgniter->run()
10 SYSTEMPATH/Boot.php(67): CodeIgniter\Boot::runCodeIgniter(Object(CodeIgniter\CodeIgniter))
11 FCPATH/index.php(57): CodeIgniter\Boot::bootWeb(Object(Config\Paths))
WARNING - 2025-08-29 11:17:12 --> [DEPRECATED] addslashes(): Passing null to parameter #1 ($string) of type string is deprecated in APPPATH/Views/service_list.php on line 10.
 1 APPPATH/Views/service_list.php(10): addslashes(null)
 2 SYSTEMPATH/View/View.php(224): include('/home/u810214334/domains/embellish-beauty.co.uk/public_html/app/Views/service_list.php')
 3 SYSTEMPATH/View/View.php(227): CodeIgniter\View\View->CodeIgniter\View\{closure}()
 4 SYSTEMPATH/Common.php(1173): CodeIgniter\View\View->render('service_list', [], true)
 5 APPPATH/Controllers/Home.php(129): view('service_list', [...])
 6 SYSTEMPATH/CodeIgniter.php(933): App\Controllers\Home->fetch_services()
 7 SYSTEMPATH/CodeIgniter.php(507): CodeIgniter\CodeIgniter->runController(Object(App\Controllers\Home))
 8 SYSTEMPATH/CodeIgniter.php(354): CodeIgniter\CodeIgniter->handleRequest(null, Object(Config\Cache), false)
 9 SYSTEMPATH/Boot.php(334): CodeIgniter\CodeIgniter->run()
10 SYSTEMPATH/Boot.php(67): CodeIgniter\Boot::runCodeIgniter(Object(CodeIgniter\CodeIgniter))
11 FCPATH/index.php(57): CodeIgniter\Boot::bootWeb(Object(Config\Paths))
WARNING - 2025-08-29 11:17:12 --> [DEPRECATED] addslashes(): Passing null to parameter #1 ($string) of type string is deprecated in APPPATH/Views/service_list.php on line 10.
 1 APPPATH/Views/service_list.php(10): addslashes(null)
 2 SYSTEMPATH/View/View.php(224): include('/home/u810214334/domains/embellish-beauty.co.uk/public_html/app/Views/service_list.php')
 3 SYSTEMPATH/View/View.php(227): CodeIgniter\View\View->CodeIgniter\View\{closure}()
 4 SYSTEMPATH/Common.php(1173): CodeIgniter\View\View->render('service_list', [], true)
 5 APPPATH/Controllers/Home.php(129): view('service_list', [...])
 6 SYSTEMPATH/CodeIgniter.php(933): App\Controllers\Home->fetch_services()
 7 SYSTEMPATH/CodeIgniter.php(507): CodeIgniter\CodeIgniter->runController(Object(App\Controllers\Home))
 8 SYSTEMPATH/CodeIgniter.php(354): CodeIgniter\CodeIgniter->handleRequest(null, Object(Config\Cache), false)
 9 SYSTEMPATH/Boot.php(334): CodeIgniter\CodeIgniter->run()
10 SYSTEMPATH/Boot.php(67): CodeIgniter\Boot::runCodeIgniter(Object(CodeIgniter\CodeIgniter))
11 FCPATH/index.php(57): CodeIgniter\Boot::bootWeb(Object(Config\Paths))
WARNING - 2025-08-29 11:17:12 --> [DEPRECATED] addslashes(): Passing null to parameter #1 ($string) of type string is deprecated in APPPATH/Views/service_list.php on line 10.
 1 APPPATH/Views/service_list.php(10): addslashes(null)
 2 SYSTEMPATH/View/View.php(224): include('/home/u810214334/domains/embellish-beauty.co.uk/public_html/app/Views/service_list.php')
 3 SYSTEMPATH/View/View.php(227): CodeIgniter\View\View->CodeIgniter\View\{closure}()
 4 SYSTEMPATH/Common.php(1173): CodeIgniter\View\View->render('service_list', [], true)
 5 APPPATH/Controllers/Home.php(129): view('service_list', [...])
 6 SYSTEMPATH/CodeIgniter.php(933): App\Controllers\Home->fetch_services()
 7 SYSTEMPATH/CodeIgniter.php(507): CodeIgniter\CodeIgniter->runController(Object(App\Controllers\Home))
 8 SYSTEMPATH/CodeIgniter.php(354): CodeIgniter\CodeIgniter->handleRequest(null, Object(Config\Cache), false)
 9 SYSTEMPATH/Boot.php(334): CodeIgniter\CodeIgniter->run()
10 SYSTEMPATH/Boot.php(67): CodeIgniter\Boot::runCodeIgniter(Object(CodeIgniter\CodeIgniter))
11 FCPATH/index.php(57): CodeIgniter\Boot::bootWeb(Object(Config\Paths))
WARNING - 2025-08-29 11:17:12 --> [DEPRECATED] addslashes(): Passing null to parameter #1 ($string) of type string is deprecated in APPPATH/Views/service_list.php on line 10.
 1 APPPATH/Views/service_list.php(10): addslashes(null)
 2 SYSTEMPATH/View/View.php(224): include('/home/u810214334/domains/embellish-beauty.co.uk/public_html/app/Views/service_list.php')
 3 SYSTEMPATH/View/View.php(227): CodeIgniter\View\View->CodeIgniter\View\{closure}()
 4 SYSTEMPATH/Common.php(1173): CodeIgniter\View\View->render('service_list', [], true)
 5 APPPATH/Controllers/Home.php(129): view('service_list', [...])
 6 SYSTEMPATH/CodeIgniter.php(933): App\Controllers\Home->fetch_services()
 7 SYSTEMPATH/CodeIgniter.php(507): CodeIgniter\CodeIgniter->runController(Object(App\Controllers\Home))
 8 SYSTEMPATH/CodeIgniter.php(354): CodeIgniter\CodeIgniter->handleRequest(null, Object(Config\Cache), false)
 9 SYSTEMPATH/Boot.php(334): CodeIgniter\CodeIgniter->run()
10 SYSTEMPATH/Boot.php(67): CodeIgniter\Boot::runCodeIgniter(Object(CodeIgniter\CodeIgniter))
11 FCPATH/index.php(57): CodeIgniter\Boot::bootWeb(Object(Config\Paths))
WARNING - 2025-08-29 11:17:12 --> [DEPRECATED] addslashes(): Passing null to parameter #1 ($string) of type string is deprecated in APPPATH/Views/service_list.php on line 10.
 1 APPPATH/Views/service_list.php(10): addslashes(null)
 2 SYSTEMPATH/View/View.php(224): include('/home/u810214334/domains/embellish-beauty.co.uk/public_html/app/Views/service_list.php')
 3 SYSTEMPATH/View/View.php(227): CodeIgniter\View\View->CodeIgniter\View\{closure}()
 4 SYSTEMPATH/Common.php(1173): CodeIgniter\View\View->render('service_list', [], true)
 5 APPPATH/Controllers/Home.php(129): view('service_list', [...])
 6 SYSTEMPATH/CodeIgniter.php(933): App\Controllers\Home->fetch_services()
 7 SYSTEMPATH/CodeIgniter.php(507): CodeIgniter\CodeIgniter->runController(Object(App\Controllers\Home))
 8 SYSTEMPATH/CodeIgniter.php(354): CodeIgniter\CodeIgniter->handleRequest(null, Object(Config\Cache), false)
 9 SYSTEMPATH/Boot.php(334): CodeIgniter\CodeIgniter->run()
10 SYSTEMPATH/Boot.php(67): CodeIgniter\Boot::runCodeIgniter(Object(CodeIgniter\CodeIgniter))
11 FCPATH/index.php(57): CodeIgniter\Boot::bootWeb(Object(Config\Paths))
WARNING - 2025-08-29 11:17:12 --> [DEPRECATED] addslashes(): Passing null to parameter #1 ($string) of type string is deprecated in APPPATH/Views/service_list.php on line 10.
 1 APPPATH/Views/service_list.php(10): addslashes(null)
 2 SYSTEMPATH/View/View.php(224): include('/home/u810214334/domains/embellish-beauty.co.uk/public_html/app/Views/service_list.php')
 3 SYSTEMPATH/View/View.php(227): CodeIgniter\View\View->CodeIgniter\View\{closure}()
 4 SYSTEMPATH/Common.php(1173): CodeIgniter\View\View->render('service_list', [], true)
 5 APPPATH/Controllers/Home.php(129): view('service_list', [...])
 6 SYSTEMPATH/CodeIgniter.php(933): App\Controllers\Home->fetch_services()
 7 SYSTEMPATH/CodeIgniter.php(507): CodeIgniter\CodeIgniter->runController(Object(App\Controllers\Home))
 8 SYSTEMPATH/CodeIgniter.php(354): CodeIgniter\CodeIgniter->handleRequest(null, Object(Config\Cache), false)
 9 SYSTEMPATH/Boot.php(334): CodeIgniter\CodeIgniter->run()
10 SYSTEMPATH/Boot.php(67): CodeIgniter\Boot::runCodeIgniter(Object(CodeIgniter\CodeIgniter))
11 FCPATH/index.php(57): CodeIgniter\Boot::bootWeb(Object(Config\Paths))
WARNING - 2025-08-29 11:17:12 --> [DEPRECATED] addslashes(): Passing null to parameter #1 ($string) of type string is deprecated in APPPATH/Views/service_list.php on line 10.
 1 APPPATH/Views/service_list.php(10): addslashes(null)
 2 SYSTEMPATH/View/View.php(224): include('/home/u810214334/domains/embellish-beauty.co.uk/public_html/app/Views/service_list.php')
 3 SYSTEMPATH/View/View.php(227): CodeIgniter\View\View->CodeIgniter\View\{closure}()
 4 SYSTEMPATH/Common.php(1173): CodeIgniter\View\View->render('service_list', [], true)
 5 APPPATH/Controllers/Home.php(129): view('service_list', [...])
 6 SYSTEMPATH/CodeIgniter.php(933): App\Controllers\Home->fetch_services()
 7 SYSTEMPATH/CodeIgniter.php(507): CodeIgniter\CodeIgniter->runController(Object(App\Controllers\Home))
 8 SYSTEMPATH/CodeIgniter.php(354): CodeIgniter\CodeIgniter->handleRequest(null, Object(Config\Cache), false)
 9 SYSTEMPATH/Boot.php(334): CodeIgniter\CodeIgniter->run()
10 SYSTEMPATH/Boot.php(67): CodeIgniter\Boot::runCodeIgniter(Object(CodeIgniter\CodeIgniter))
11 FCPATH/index.php(57): CodeIgniter\Boot::bootWeb(Object(Config\Paths))
WARNING - 2025-08-29 11:17:12 --> [DEPRECATED] addslashes(): Passing null to parameter #1 ($string) of type string is deprecated in APPPATH/Views/service_list.php on line 10.
 1 APPPATH/Views/service_list.php(10): addslashes(null)
 2 SYSTEMPATH/View/View.php(224): include('/home/u810214334/domains/embellish-beauty.co.uk/public_html/app/Views/service_list.php')
 3 SYSTEMPATH/View/View.php(227): CodeIgniter\View\View->CodeIgniter\View\{closure}()
 4 SYSTEMPATH/Common.php(1173): CodeIgniter\View\View->render('service_list', [], true)
 5 APPPATH/Controllers/Home.php(129): view('service_list', [...])
 6 SYSTEMPATH/CodeIgniter.php(933): App\Controllers\Home->fetch_services()
 7 SYSTEMPATH/CodeIgniter.php(507): CodeIgniter\CodeIgniter->runController(Object(App\Controllers\Home))
 8 SYSTEMPATH/CodeIgniter.php(354): CodeIgniter\CodeIgniter->handleRequest(null, Object(Config\Cache), false)
 9 SYSTEMPATH/Boot.php(334): CodeIgniter\CodeIgniter->run()
10 SYSTEMPATH/Boot.php(67): CodeIgniter\Boot::runCodeIgniter(Object(CodeIgniter\CodeIgniter))
11 FCPATH/index.php(57): CodeIgniter\Boot::bootWeb(Object(Config\Paths))
WARNING - 2025-08-29 11:17:12 --> [DEPRECATED] addslashes(): Passing null to parameter #1 ($string) of type string is deprecated in APPPATH/Views/service_list.php on line 10.
 1 APPPATH/Views/service_list.php(10): addslashes(null)
 2 SYSTEMPATH/View/View.php(224): include('/home/u810214334/domains/embellish-beauty.co.uk/public_html/app/Views/service_list.php')
 3 SYSTEMPATH/View/View.php(227): CodeIgniter\View\View->CodeIgniter\View\{closure}()
 4 SYSTEMPATH/Common.php(1173): CodeIgniter\View\View->render('service_list', [], true)
 5 APPPATH/Controllers/Home.php(129): view('service_list', [...])
 6 SYSTEMPATH/CodeIgniter.php(933): App\Controllers\Home->fetch_services()
 7 SYSTEMPATH/CodeIgniter.php(507): CodeIgniter\CodeIgniter->runController(Object(App\Controllers\Home))
 8 SYSTEMPATH/CodeIgniter.php(354): CodeIgniter\CodeIgniter->handleRequest(null, Object(Config\Cache), false)
 9 SYSTEMPATH/Boot.php(334): CodeIgniter\CodeIgniter->run()
10 SYSTEMPATH/Boot.php(67): CodeIgniter\Boot::runCodeIgniter(Object(CodeIgniter\CodeIgniter))
11 FCPATH/index.php(57): CodeIgniter\Boot::bootWeb(Object(Config\Paths))
WARNING - 2025-08-29 11:17:12 --> [DEPRECATED] addslashes(): Passing null to parameter #1 ($string) of type string is deprecated in APPPATH/Views/service_list.php on line 10.
 1 APPPATH/Views/service_list.php(10): addslashes(null)
 2 SYSTEMPATH/View/View.php(224): include('/home/u810214334/domains/embellish-beauty.co.uk/public_html/app/Views/service_list.php')
 3 SYSTEMPATH/View/View.php(227): CodeIgniter\View\View->CodeIgniter\View\{closure}()
 4 SYSTEMPATH/Common.php(1173): CodeIgniter\View\View->render('service_list', [], true)
 5 APPPATH/Controllers/Home.php(129): view('service_list', [...])
 6 SYSTEMPATH/CodeIgniter.php(933): App\Controllers\Home->fetch_services()
 7 SYSTEMPATH/CodeIgniter.php(507): CodeIgniter\CodeIgniter->runController(Object(App\Controllers\Home))
 8 SYSTEMPATH/CodeIgniter.php(354): CodeIgniter\CodeIgniter->handleRequest(null, Object(Config\Cache), false)
 9 SYSTEMPATH/Boot.php(334): CodeIgniter\CodeIgniter->run()
10 SYSTEMPATH/Boot.php(67): CodeIgniter\Boot::runCodeIgniter(Object(CodeIgniter\CodeIgniter))
11 FCPATH/index.php(57): CodeIgniter\Boot::bootWeb(Object(Config\Paths))
WARNING - 2025-08-29 11:17:12 --> [DEPRECATED] addslashes(): Passing null to parameter #1 ($string) of type string is deprecated in APPPATH/Views/service_list.php on line 10.
 1 APPPATH/Views/service_list.php(10): addslashes(null)
 2 SYSTEMPATH/View/View.php(224): include('/home/u810214334/domains/embellish-beauty.co.uk/public_html/app/Views/service_list.php')
 3 SYSTEMPATH/View/View.php(227): CodeIgniter\View\View->CodeIgniter\View\{closure}()
 4 SYSTEMPATH/Common.php(1173): CodeIgniter\View\View->render('service_list', [], true)
 5 APPPATH/Controllers/Home.php(129): view('service_list', [...])
 6 SYSTEMPATH/CodeIgniter.php(933): App\Controllers\Home->fetch_services()
 7 SYSTEMPATH/CodeIgniter.php(507): CodeIgniter\CodeIgniter->runController(Object(App\Controllers\Home))
 8 SYSTEMPATH/CodeIgniter.php(354): CodeIgniter\CodeIgniter->handleRequest(null, Object(Config\Cache), false)
 9 SYSTEMPATH/Boot.php(334): CodeIgniter\CodeIgniter->run()
10 SYSTEMPATH/Boot.php(67): CodeIgniter\Boot::runCodeIgniter(Object(CodeIgniter\CodeIgniter))
11 FCPATH/index.php(57): CodeIgniter\Boot::bootWeb(Object(Config\Paths))
WARNING - 2025-08-29 11:17:12 --> [DEPRECATED] addslashes(): Passing null to parameter #1 ($string) of type string is deprecated in APPPATH/Views/service_list.php on line 10.
 1 APPPATH/Views/service_list.php(10): addslashes(null)
 2 SYSTEMPATH/View/View.php(224): include('/home/u810214334/domains/embellish-beauty.co.uk/public_html/app/Views/service_list.php')
 3 SYSTEMPATH/View/View.php(227): CodeIgniter\View\View->CodeIgniter\View\{closure}()
 4 SYSTEMPATH/Common.php(1173): CodeIgniter\View\View->render('service_list', [], true)
 5 APPPATH/Controllers/Home.php(129): view('service_list', [...])
 6 SYSTEMPATH/CodeIgniter.php(933): App\Controllers\Home->fetch_services()
 7 SYSTEMPATH/CodeIgniter.php(507): CodeIgniter\CodeIgniter->runController(Object(App\Controllers\Home))
 8 SYSTEMPATH/CodeIgniter.php(354): CodeIgniter\CodeIgniter->handleRequest(null, Object(Config\Cache), false)
 9 SYSTEMPATH/Boot.php(334): CodeIgniter\CodeIgniter->run()
10 SYSTEMPATH/Boot.php(67): CodeIgniter\Boot::runCodeIgniter(Object(CodeIgniter\CodeIgniter))
11 FCPATH/index.php(57): CodeIgniter\Boot::bootWeb(Object(Config\Paths))
WARNING - 2025-08-29 11:17:12 --> [DEPRECATED] addslashes(): Passing null to parameter #1 ($string) of type string is deprecated in APPPATH/Views/service_list.php on line 10.
 1 APPPATH/Views/service_list.php(10): addslashes(null)
 2 SYSTEMPATH/View/View.php(224): include('/home/u810214334/domains/embellish-beauty.co.uk/public_html/app/Views/service_list.php')
 3 SYSTEMPATH/View/View.php(227): CodeIgniter\View\View->CodeIgniter\View\{closure}()
 4 SYSTEMPATH/Common.php(1173): CodeIgniter\View\View->render('service_list', [], true)
 5 APPPATH/Controllers/Home.php(129): view('service_list', [...])
 6 SYSTEMPATH/CodeIgniter.php(933): App\Controllers\Home->fetch_services()
 7 SYSTEMPATH/CodeIgniter.php(507): CodeIgniter\CodeIgniter->runController(Object(App\Controllers\Home))
 8 SYSTEMPATH/CodeIgniter.php(354): CodeIgniter\CodeIgniter->handleRequest(null, Object(Config\Cache), false)
 9 SYSTEMPATH/Boot.php(334): CodeIgniter\CodeIgniter->run()
10 SYSTEMPATH/Boot.php(67): CodeIgniter\Boot::runCodeIgniter(Object(CodeIgniter\CodeIgniter))
11 FCPATH/index.php(57): CodeIgniter\Boot::bootWeb(Object(Config\Paths))
WARNING - 2025-08-29 11:17:12 --> [DEPRECATED] addslashes(): Passing null to parameter #1 ($string) of type string is deprecated in APPPATH/Views/service_list.php on line 10.
 1 APPPATH/Views/service_list.php(10): addslashes(null)
 2 SYSTEMPATH/View/View.php(224): include('/home/u810214334/domains/embellish-beauty.co.uk/public_html/app/Views/service_list.php')
 3 SYSTEMPATH/View/View.php(227): CodeIgniter\View\View->CodeIgniter\View\{closure}()
 4 SYSTEMPATH/Common.php(1173): CodeIgniter\View\View->render('service_list', [], true)
 5 APPPATH/Controllers/Home.php(129): view('service_list', [...])
 6 SYSTEMPATH/CodeIgniter.php(933): App\Controllers\Home->fetch_services()
 7 SYSTEMPATH/CodeIgniter.php(507): CodeIgniter\CodeIgniter->runController(Object(App\Controllers\Home))
 8 SYSTEMPATH/CodeIgniter.php(354): CodeIgniter\CodeIgniter->handleRequest(null, Object(Config\Cache), false)
 9 SYSTEMPATH/Boot.php(334): CodeIgniter\CodeIgniter->run()
10 SYSTEMPATH/Boot.php(67): CodeIgniter\Boot::runCodeIgniter(Object(CodeIgniter\CodeIgniter))
11 FCPATH/index.php(57): CodeIgniter\Boot::bootWeb(Object(Config\Paths))
DEBUG - 2025-08-29 11:17:17 --> Session: Class initialized using 'CodeIgniter\Session\Handlers\FileHandler' driver.
WARNING - 2025-08-29 11:17:17 --> [DEPRECATED] addslashes(): Passing null to parameter #1 ($string) of type string is deprecated in APPPATH/Views/service_list.php on line 10.
 1 APPPATH/Views/service_list.php(10): addslashes(null)
 2 SYSTEMPATH/View/View.php(224): include('/home/u810214334/domains/embellish-beauty.co.uk/public_html/app/Views/service_list.php')
 3 SYSTEMPATH/View/View.php(227): CodeIgniter\View\View->CodeIgniter\View\{closure}()
 4 SYSTEMPATH/Common.php(1173): CodeIgniter\View\View->render('service_list', [], true)
 5 APPPATH/Controllers/Home.php(129): view('service_list', [...])
 6 SYSTEMPATH/CodeIgniter.php(933): App\Controllers\Home->fetch_services()
 7 SYSTEMPATH/CodeIgniter.php(507): CodeIgniter\CodeIgniter->runController(Object(App\Controllers\Home))
 8 SYSTEMPATH/CodeIgniter.php(354): CodeIgniter\CodeIgniter->handleRequest(null, Object(Config\Cache), false)
 9 SYSTEMPATH/Boot.php(334): CodeIgniter\CodeIgniter->run()
10 SYSTEMPATH/Boot.php(67): CodeIgniter\Boot::runCodeIgniter(Object(CodeIgniter\CodeIgniter))
11 FCPATH/index.php(57): CodeIgniter\Boot::bootWeb(Object(Config\Paths))
WARNING - 2025-08-29 11:17:17 --> [DEPRECATED] addslashes(): Passing null to parameter #1 ($string) of type string is deprecated in APPPATH/Views/service_list.php on line 10.
 1 APPPATH/Views/service_list.php(10): addslashes(null)
 2 SYSTEMPATH/View/View.php(224): include('/home/u810214334/domains/embellish-beauty.co.uk/public_html/app/Views/service_list.php')
 3 SYSTEMPATH/View/View.php(227): CodeIgniter\View\View->CodeIgniter\View\{closure}()
 4 SYSTEMPATH/Common.php(1173): CodeIgniter\View\View->render('service_list', [], true)
 5 APPPATH/Controllers/Home.php(129): view('service_list', [...])
 6 SYSTEMPATH/CodeIgniter.php(933): App\Controllers\Home->fetch_services()
 7 SYSTEMPATH/CodeIgniter.php(507): CodeIgniter\CodeIgniter->runController(Object(App\Controllers\Home))
 8 SYSTEMPATH/CodeIgniter.php(354): CodeIgniter\CodeIgniter->handleRequest(null, Object(Config\Cache), false)
 9 SYSTEMPATH/Boot.php(334): CodeIgniter\CodeIgniter->run()
10 SYSTEMPATH/Boot.php(67): CodeIgniter\Boot::runCodeIgniter(Object(CodeIgniter\CodeIgniter))
11 FCPATH/index.php(57): CodeIgniter\Boot::bootWeb(Object(Config\Paths))
WARNING - 2025-08-29 11:17:17 --> [DEPRECATED] addslashes(): Passing null to parameter #1 ($string) of type string is deprecated in APPPATH/Views/service_list.php on line 10.
 1 APPPATH/Views/service_list.php(10): addslashes(null)
 2 SYSTEMPATH/View/View.php(224): include('/home/u810214334/domains/embellish-beauty.co.uk/public_html/app/Views/service_list.php')
 3 SYSTEMPATH/View/View.php(227): CodeIgniter\View\View->CodeIgniter\View\{closure}()
 4 SYSTEMPATH/Common.php(1173): CodeIgniter\View\View->render('service_list', [], true)
 5 APPPATH/Controllers/Home.php(129): view('service_list', [...])
 6 SYSTEMPATH/CodeIgniter.php(933): App\Controllers\Home->fetch_services()
 7 SYSTEMPATH/CodeIgniter.php(507): CodeIgniter\CodeIgniter->runController(Object(App\Controllers\Home))
 8 SYSTEMPATH/CodeIgniter.php(354): CodeIgniter\CodeIgniter->handleRequest(null, Object(Config\Cache), false)
 9 SYSTEMPATH/Boot.php(334): CodeIgniter\CodeIgniter->run()
10 SYSTEMPATH/Boot.php(67): CodeIgniter\Boot::runCodeIgniter(Object(CodeIgniter\CodeIgniter))
11 FCPATH/index.php(57): CodeIgniter\Boot::bootWeb(Object(Config\Paths))
WARNING - 2025-08-29 11:17:17 --> [DEPRECATED] addslashes(): Passing null to parameter #1 ($string) of type string is deprecated in APPPATH/Views/service_list.php on line 10.
 1 APPPATH/Views/service_list.php(10): addslashes(null)
 2 SYSTEMPATH/View/View.php(224): include('/home/u810214334/domains/embellish-beauty.co.uk/public_html/app/Views/service_list.php')
 3 SYSTEMPATH/View/View.php(227): CodeIgniter\View\View->CodeIgniter\View\{closure}()
 4 SYSTEMPATH/Common.php(1173): CodeIgniter\View\View->render('service_list', [], true)
 5 APPPATH/Controllers/Home.php(129): view('service_list', [...])
 6 SYSTEMPATH/CodeIgniter.php(933): App\Controllers\Home->fetch_services()
 7 SYSTEMPATH/CodeIgniter.php(507): CodeIgniter\CodeIgniter->runController(Object(App\Controllers\Home))
 8 SYSTEMPATH/CodeIgniter.php(354): CodeIgniter\CodeIgniter->handleRequest(null, Object(Config\Cache), false)
 9 SYSTEMPATH/Boot.php(334): CodeIgniter\CodeIgniter->run()
10 SYSTEMPATH/Boot.php(67): CodeIgniter\Boot::runCodeIgniter(Object(CodeIgniter\CodeIgniter))
11 FCPATH/index.php(57): CodeIgniter\Boot::bootWeb(Object(Config\Paths))
WARNING - 2025-08-29 11:17:17 --> [DEPRECATED] addslashes(): Passing null to parameter #1 ($string) of type string is deprecated in APPPATH/Views/service_list.php on line 10.
 1 APPPATH/Views/service_list.php(10): addslashes(null)
 2 SYSTEMPATH/View/View.php(224): include('/home/u810214334/domains/embellish-beauty.co.uk/public_html/app/Views/service_list.php')
 3 SYSTEMPATH/View/View.php(227): CodeIgniter\View\View->CodeIgniter\View\{closure}()
 4 SYSTEMPATH/Common.php(1173): CodeIgniter\View\View->render('service_list', [], true)
 5 APPPATH/Controllers/Home.php(129): view('service_list', [...])
 6 SYSTEMPATH/CodeIgniter.php(933): App\Controllers\Home->fetch_services()
 7 SYSTEMPATH/CodeIgniter.php(507): CodeIgniter\CodeIgniter->runController(Object(App\Controllers\Home))
 8 SYSTEMPATH/CodeIgniter.php(354): CodeIgniter\CodeIgniter->handleRequest(null, Object(Config\Cache), false)
 9 SYSTEMPATH/Boot.php(334): CodeIgniter\CodeIgniter->run()
10 SYSTEMPATH/Boot.php(67): CodeIgniter\Boot::runCodeIgniter(Object(CodeIgniter\CodeIgniter))
11 FCPATH/index.php(57): CodeIgniter\Boot::bootWeb(Object(Config\Paths))
WARNING - 2025-08-29 11:17:17 --> [DEPRECATED] addslashes(): Passing null to parameter #1 ($string) of type string is deprecated in APPPATH/Views/service_list.php on line 10.
 1 APPPATH/Views/service_list.php(10): addslashes(null)
 2 SYSTEMPATH/View/View.php(224): include('/home/u810214334/domains/embellish-beauty.co.uk/public_html/app/Views/service_list.php')
 3 SYSTEMPATH/View/View.php(227): CodeIgniter\View\View->CodeIgniter\View\{closure}()
 4 SYSTEMPATH/Common.php(1173): CodeIgniter\View\View->render('service_list', [], true)
 5 APPPATH/Controllers/Home.php(129): view('service_list', [...])
 6 SYSTEMPATH/CodeIgniter.php(933): App\Controllers\Home->fetch_services()
 7 SYSTEMPATH/CodeIgniter.php(507): CodeIgniter\CodeIgniter->runController(Object(App\Controllers\Home))
 8 SYSTEMPATH/CodeIgniter.php(354): CodeIgniter\CodeIgniter->handleRequest(null, Object(Config\Cache), false)
 9 SYSTEMPATH/Boot.php(334): CodeIgniter\CodeIgniter->run()
10 SYSTEMPATH/Boot.php(67): CodeIgniter\Boot::runCodeIgniter(Object(CodeIgniter\CodeIgniter))
11 FCPATH/index.php(57): CodeIgniter\Boot::bootWeb(Object(Config\Paths))
WARNING - 2025-08-29 11:17:17 --> [DEPRECATED] addslashes(): Passing null to parameter #1 ($string) of type string is deprecated in APPPATH/Views/service_list.php on line 10.
 1 APPPATH/Views/service_list.php(10): addslashes(null)
 2 SYSTEMPATH/View/View.php(224): include('/home/u810214334/domains/embellish-beauty.co.uk/public_html/app/Views/service_list.php')
 3 SYSTEMPATH/View/View.php(227): CodeIgniter\View\View->CodeIgniter\View\{closure}()
 4 SYSTEMPATH/Common.php(1173): CodeIgniter\View\View->render('service_list', [], true)
 5 APPPATH/Controllers/Home.php(129): view('service_list', [...])
 6 SYSTEMPATH/CodeIgniter.php(933): App\Controllers\Home->fetch_services()
 7 SYSTEMPATH/CodeIgniter.php(507): CodeIgniter\CodeIgniter->runController(Object(App\Controllers\Home))
 8 SYSTEMPATH/CodeIgniter.php(354): CodeIgniter\CodeIgniter->handleRequest(null, Object(Config\Cache), false)
 9 SYSTEMPATH/Boot.php(334): CodeIgniter\CodeIgniter->run()
10 SYSTEMPATH/Boot.php(67): CodeIgniter\Boot::runCodeIgniter(Object(CodeIgniter\CodeIgniter))
11 FCPATH/index.php(57): CodeIgniter\Boot::bootWeb(Object(Config\Paths))
WARNING - 2025-08-29 11:17:17 --> [DEPRECATED] addslashes(): Passing null to parameter #1 ($string) of type string is deprecated in APPPATH/Views/service_list.php on line 10.
 1 APPPATH/Views/service_list.php(10): addslashes(null)
 2 SYSTEMPATH/View/View.php(224): include('/home/u810214334/domains/embellish-beauty.co.uk/public_html/app/Views/service_list.php')
 3 SYSTEMPATH/View/View.php(227): CodeIgniter\View\View->CodeIgniter\View\{closure}()
 4 SYSTEMPATH/Common.php(1173): CodeIgniter\View\View->render('service_list', [], true)
 5 APPPATH/Controllers/Home.php(129): view('service_list', [...])
 6 SYSTEMPATH/CodeIgniter.php(933): App\Controllers\Home->fetch_services()
 7 SYSTEMPATH/CodeIgniter.php(507): CodeIgniter\CodeIgniter->runController(Object(App\Controllers\Home))
 8 SYSTEMPATH/CodeIgniter.php(354): CodeIgniter\CodeIgniter->handleRequest(null, Object(Config\Cache), false)
 9 SYSTEMPATH/Boot.php(334): CodeIgniter\CodeIgniter->run()
10 SYSTEMPATH/Boot.php(67): CodeIgniter\Boot::runCodeIgniter(Object(CodeIgniter\CodeIgniter))
11 FCPATH/index.php(57): CodeIgniter\Boot::bootWeb(Object(Config\Paths))
WARNING - 2025-08-29 11:17:17 --> [DEPRECATED] addslashes(): Passing null to parameter #1 ($string) of type string is deprecated in APPPATH/Views/service_list.php on line 10.
 1 APPPATH/Views/service_list.php(10): addslashes(null)
 2 SYSTEMPATH/View/View.php(224): include('/home/u810214334/domains/embellish-beauty.co.uk/public_html/app/Views/service_list.php')
 3 SYSTEMPATH/View/View.php(227): CodeIgniter\View\View->CodeIgniter\View\{closure}()
 4 SYSTEMPATH/Common.php(1173): CodeIgniter\View\View->render('service_list', [], true)
 5 APPPATH/Controllers/Home.php(129): view('service_list', [...])
 6 SYSTEMPATH/CodeIgniter.php(933): App\Controllers\Home->fetch_services()
 7 SYSTEMPATH/CodeIgniter.php(507): CodeIgniter\CodeIgniter->runController(Object(App\Controllers\Home))
 8 SYSTEMPATH/CodeIgniter.php(354): CodeIgniter\CodeIgniter->handleRequest(null, Object(Config\Cache), false)
 9 SYSTEMPATH/Boot.php(334): CodeIgniter\CodeIgniter->run()
10 SYSTEMPATH/Boot.php(67): CodeIgniter\Boot::runCodeIgniter(Object(CodeIgniter\CodeIgniter))
11 FCPATH/index.php(57): CodeIgniter\Boot::bootWeb(Object(Config\Paths))
WARNING - 2025-08-29 11:17:17 --> [DEPRECATED] addslashes(): Passing null to parameter #1 ($string) of type string is deprecated in APPPATH/Views/service_list.php on line 10.
 1 APPPATH/Views/service_list.php(10): addslashes(null)
 2 SYSTEMPATH/View/View.php(224): include('/home/u810214334/domains/embellish-beauty.co.uk/public_html/app/Views/service_list.php')
 3 SYSTEMPATH/View/View.php(227): CodeIgniter\View\View->CodeIgniter\View\{closure}()
 4 SYSTEMPATH/Common.php(1173): CodeIgniter\View\View->render('service_list', [], true)
 5 APPPATH/Controllers/Home.php(129): view('service_list', [...])
 6 SYSTEMPATH/CodeIgniter.php(933): App\Controllers\Home->fetch_services()
 7 SYSTEMPATH/CodeIgniter.php(507): CodeIgniter\CodeIgniter->runController(Object(App\Controllers\Home))
 8 SYSTEMPATH/CodeIgniter.php(354): CodeIgniter\CodeIgniter->handleRequest(null, Object(Config\Cache), false)
 9 SYSTEMPATH/Boot.php(334): CodeIgniter\CodeIgniter->run()
10 SYSTEMPATH/Boot.php(67): CodeIgniter\Boot::runCodeIgniter(Object(CodeIgniter\CodeIgniter))
11 FCPATH/index.php(57): CodeIgniter\Boot::bootWeb(Object(Config\Paths))
WARNING - 2025-08-29 11:17:17 --> [DEPRECATED] addslashes(): Passing null to parameter #1 ($string) of type string is deprecated in APPPATH/Views/service_list.php on line 10.
 1 APPPATH/Views/service_list.php(10): addslashes(null)
 2 SYSTEMPATH/View/View.php(224): include('/home/u810214334/domains/embellish-beauty.co.uk/public_html/app/Views/service_list.php')
 3 SYSTEMPATH/View/View.php(227): CodeIgniter\View\View->CodeIgniter\View\{closure}()
 4 SYSTEMPATH/Common.php(1173): CodeIgniter\View\View->render('service_list', [], true)
 5 APPPATH/Controllers/Home.php(129): view('service_list', [...])
 6 SYSTEMPATH/CodeIgniter.php(933): App\Controllers\Home->fetch_services()
 7 SYSTEMPATH/CodeIgniter.php(507): CodeIgniter\CodeIgniter->runController(Object(App\Controllers\Home))
 8 SYSTEMPATH/CodeIgniter.php(354): CodeIgniter\CodeIgniter->handleRequest(null, Object(Config\Cache), false)
 9 SYSTEMPATH/Boot.php(334): CodeIgniter\CodeIgniter->run()
10 SYSTEMPATH/Boot.php(67): CodeIgniter\Boot::runCodeIgniter(Object(CodeIgniter\CodeIgniter))
11 FCPATH/index.php(57): CodeIgniter\Boot::bootWeb(Object(Config\Paths))
WARNING - 2025-08-29 11:17:17 --> [DEPRECATED] addslashes(): Passing null to parameter #1 ($string) of type string is deprecated in APPPATH/Views/service_list.php on line 10.
 1 APPPATH/Views/service_list.php(10): addslashes(null)
 2 SYSTEMPATH/View/View.php(224): include('/home/u810214334/domains/embellish-beauty.co.uk/public_html/app/Views/service_list.php')
 3 SYSTEMPATH/View/View.php(227): CodeIgniter\View\View->CodeIgniter\View\{closure}()
 4 SYSTEMPATH/Common.php(1173): CodeIgniter\View\View->render('service_list', [], true)
 5 APPPATH/Controllers/Home.php(129): view('service_list', [...])
 6 SYSTEMPATH/CodeIgniter.php(933): App\Controllers\Home->fetch_services()
 7 SYSTEMPATH/CodeIgniter.php(507): CodeIgniter\CodeIgniter->runController(Object(App\Controllers\Home))
 8 SYSTEMPATH/CodeIgniter.php(354): CodeIgniter\CodeIgniter->handleRequest(null, Object(Config\Cache), false)
 9 SYSTEMPATH/Boot.php(334): CodeIgniter\CodeIgniter->run()
10 SYSTEMPATH/Boot.php(67): CodeIgniter\Boot::runCodeIgniter(Object(CodeIgniter\CodeIgniter))
11 FCPATH/index.php(57): CodeIgniter\Boot::bootWeb(Object(Config\Paths))
WARNING - 2025-08-29 11:17:17 --> [DEPRECATED] addslashes(): Passing null to parameter #1 ($string) of type string is deprecated in APPPATH/Views/service_list.php on line 10.
 1 APPPATH/Views/service_list.php(10): addslashes(null)
 2 SYSTEMPATH/View/View.php(224): include('/home/u810214334/domains/embellish-beauty.co.uk/public_html/app/Views/service_list.php')
 3 SYSTEMPATH/View/View.php(227): CodeIgniter\View\View->CodeIgniter\View\{closure}()
 4 SYSTEMPATH/Common.php(1173): CodeIgniter\View\View->render('service_list', [], true)
 5 APPPATH/Controllers/Home.php(129): view('service_list', [...])
 6 SYSTEMPATH/CodeIgniter.php(933): App\Controllers\Home->fetch_services()
 7 SYSTEMPATH/CodeIgniter.php(507): CodeIgniter\CodeIgniter->runController(Object(App\Controllers\Home))
 8 SYSTEMPATH/CodeIgniter.php(354): CodeIgniter\CodeIgniter->handleRequest(null, Object(Config\Cache), false)
 9 SYSTEMPATH/Boot.php(334): CodeIgniter\CodeIgniter->run()
10 SYSTEMPATH/Boot.php(67): CodeIgniter\Boot::runCodeIgniter(Object(CodeIgniter\CodeIgniter))
11 FCPATH/index.php(57): CodeIgniter\Boot::bootWeb(Object(Config\Paths))
DEBUG - 2025-08-29 11:17:19 --> Session: Class initialized using 'CodeIgniter\Session\Handlers\FileHandler' driver.
WARNING - 2025-08-29 11:17:19 --> [DEPRECATED] addslashes(): Passing null to parameter #1 ($string) of type string is deprecated in APPPATH/Views/service_list.php on line 10.
 1 APPPATH/Views/service_list.php(10): addslashes(null)
 2 SYSTEMPATH/View/View.php(224): include('/home/u810214334/domains/embellish-beauty.co.uk/public_html/app/Views/service_list.php')
 3 SYSTEMPATH/View/View.php(227): CodeIgniter\View\View->CodeIgniter\View\{closure}()
 4 SYSTEMPATH/Common.php(1173): CodeIgniter\View\View->render('service_list', [], true)
 5 APPPATH/Controllers/Home.php(129): view('service_list', [...])
 6 SYSTEMPATH/CodeIgniter.php(933): App\Controllers\Home->fetch_services()
 7 SYSTEMPATH/CodeIgniter.php(507): CodeIgniter\CodeIgniter->runController(Object(App\Controllers\Home))
 8 SYSTEMPATH/CodeIgniter.php(354): CodeIgniter\CodeIgniter->handleRequest(null, Object(Config\Cache), false)
 9 SYSTEMPATH/Boot.php(334): CodeIgniter\CodeIgniter->run()
10 SYSTEMPATH/Boot.php(67): CodeIgniter\Boot::runCodeIgniter(Object(CodeIgniter\CodeIgniter))
11 FCPATH/index.php(57): CodeIgniter\Boot::bootWeb(Object(Config\Paths))
WARNING - 2025-08-29 11:17:19 --> [DEPRECATED] addslashes(): Passing null to parameter #1 ($string) of type string is deprecated in APPPATH/Views/service_list.php on line 10.
 1 APPPATH/Views/service_list.php(10): addslashes(null)
 2 SYSTEMPATH/View/View.php(224): include('/home/u810214334/domains/embellish-beauty.co.uk/public_html/app/Views/service_list.php')
 3 SYSTEMPATH/View/View.php(227): CodeIgniter\View\View->CodeIgniter\View\{closure}()
 4 SYSTEMPATH/Common.php(1173): CodeIgniter\View\View->render('service_list', [], true)
 5 APPPATH/Controllers/Home.php(129): view('service_list', [...])
 6 SYSTEMPATH/CodeIgniter.php(933): App\Controllers\Home->fetch_services()
 7 SYSTEMPATH/CodeIgniter.php(507): CodeIgniter\CodeIgniter->runController(Object(App\Controllers\Home))
 8 SYSTEMPATH/CodeIgniter.php(354): CodeIgniter\CodeIgniter->handleRequest(null, Object(Config\Cache), false)
 9 SYSTEMPATH/Boot.php(334): CodeIgniter\CodeIgniter->run()
10 SYSTEMPATH/Boot.php(67): CodeIgniter\Boot::runCodeIgniter(Object(CodeIgniter\CodeIgniter))
11 FCPATH/index.php(57): CodeIgniter\Boot::bootWeb(Object(Config\Paths))
WARNING - 2025-08-29 11:17:19 --> [DEPRECATED] addslashes(): Passing null to parameter #1 ($string) of type string is deprecated in APPPATH/Views/service_list.php on line 10.
 1 APPPATH/Views/service_list.php(10): addslashes(null)
 2 SYSTEMPATH/View/View.php(224): include('/home/u810214334/domains/embellish-beauty.co.uk/public_html/app/Views/service_list.php')
 3 SYSTEMPATH/View/View.php(227): CodeIgniter\View\View->CodeIgniter\View\{closure}()
 4 SYSTEMPATH/Common.php(1173): CodeIgniter\View\View->render('service_list', [], true)
 5 APPPATH/Controllers/Home.php(129): view('service_list', [...])
 6 SYSTEMPATH/CodeIgniter.php(933): App\Controllers\Home->fetch_services()
 7 SYSTEMPATH/CodeIgniter.php(507): CodeIgniter\CodeIgniter->runController(Object(App\Controllers\Home))
 8 SYSTEMPATH/CodeIgniter.php(354): CodeIgniter\CodeIgniter->handleRequest(null, Object(Config\Cache), false)
 9 SYSTEMPATH/Boot.php(334): CodeIgniter\CodeIgniter->run()
10 SYSTEMPATH/Boot.php(67): CodeIgniter\Boot::runCodeIgniter(Object(CodeIgniter\CodeIgniter))
11 FCPATH/index.php(57): CodeIgniter\Boot::bootWeb(Object(Config\Paths))
WARNING - 2025-08-29 11:17:19 --> [DEPRECATED] addslashes(): Passing null to parameter #1 ($string) of type string is deprecated in APPPATH/Views/service_list.php on line 10.
 1 APPPATH/Views/service_list.php(10): addslashes(null)
 2 SYSTEMPATH/View/View.php(224): include('/home/u810214334/domains/embellish-beauty.co.uk/public_html/app/Views/service_list.php')
 3 SYSTEMPATH/View/View.php(227): CodeIgniter\View\View->CodeIgniter\View\{closure}()
 4 SYSTEMPATH/Common.php(1173): CodeIgniter\View\View->render('service_list', [], true)
 5 APPPATH/Controllers/Home.php(129): view('service_list', [...])
 6 SYSTEMPATH/CodeIgniter.php(933): App\Controllers\Home->fetch_services()
 7 SYSTEMPATH/CodeIgniter.php(507): CodeIgniter\CodeIgniter->runController(Object(App\Controllers\Home))
 8 SYSTEMPATH/CodeIgniter.php(354): CodeIgniter\CodeIgniter->handleRequest(null, Object(Config\Cache), false)
 9 SYSTEMPATH/Boot.php(334): CodeIgniter\CodeIgniter->run()
10 SYSTEMPATH/Boot.php(67): CodeIgniter\Boot::runCodeIgniter(Object(CodeIgniter\CodeIgniter))
11 FCPATH/index.php(57): CodeIgniter\Boot::bootWeb(Object(Config\Paths))
WARNING - 2025-08-29 11:17:19 --> [DEPRECATED] addslashes(): Passing null to parameter #1 ($string) of type string is deprecated in APPPATH/Views/service_list.php on line 10.
 1 APPPATH/Views/service_list.php(10): addslashes(null)
 2 SYSTEMPATH/View/View.php(224): include('/home/u810214334/domains/embellish-beauty.co.uk/public_html/app/Views/service_list.php')
 3 SYSTEMPATH/View/View.php(227): CodeIgniter\View\View->CodeIgniter\View\{closure}()
 4 SYSTEMPATH/Common.php(1173): CodeIgniter\View\View->render('service_list', [], true)
 5 APPPATH/Controllers/Home.php(129): view('service_list', [...])
 6 SYSTEMPATH/CodeIgniter.php(933): App\Controllers\Home->fetch_services()
 7 SYSTEMPATH/CodeIgniter.php(507): CodeIgniter\CodeIgniter->runController(Object(App\Controllers\Home))
 8 SYSTEMPATH/CodeIgniter.php(354): CodeIgniter\CodeIgniter->handleRequest(null, Object(Config\Cache), false)
 9 SYSTEMPATH/Boot.php(334): CodeIgniter\CodeIgniter->run()
10 SYSTEMPATH/Boot.php(67): CodeIgniter\Boot::runCodeIgniter(Object(CodeIgniter\CodeIgniter))
11 FCPATH/index.php(57): CodeIgniter\Boot::bootWeb(Object(Config\Paths))
WARNING - 2025-08-29 11:17:19 --> [DEPRECATED] addslashes(): Passing null to parameter #1 ($string) of type string is deprecated in APPPATH/Views/service_list.php on line 10.
 1 APPPATH/Views/service_list.php(10): addslashes(null)
 2 SYSTEMPATH/View/View.php(224): include('/home/u810214334/domains/embellish-beauty.co.uk/public_html/app/Views/service_list.php')
 3 SYSTEMPATH/View/View.php(227): CodeIgniter\View\View->CodeIgniter\View\{closure}()
 4 SYSTEMPATH/Common.php(1173): CodeIgniter\View\View->render('service_list', [], true)
 5 APPPATH/Controllers/Home.php(129): view('service_list', [...])
 6 SYSTEMPATH/CodeIgniter.php(933): App\Controllers\Home->fetch_services()
 7 SYSTEMPATH/CodeIgniter.php(507): CodeIgniter\CodeIgniter->runController(Object(App\Controllers\Home))
 8 SYSTEMPATH/CodeIgniter.php(354): CodeIgniter\CodeIgniter->handleRequest(null, Object(Config\Cache), false)
 9 SYSTEMPATH/Boot.php(334): CodeIgniter\CodeIgniter->run()
10 SYSTEMPATH/Boot.php(67): CodeIgniter\Boot::runCodeIgniter(Object(CodeIgniter\CodeIgniter))
11 FCPATH/index.php(57): CodeIgniter\Boot::bootWeb(Object(Config\Paths))
WARNING - 2025-08-29 11:17:19 --> [DEPRECATED] addslashes(): Passing null to parameter #1 ($string) of type string is deprecated in APPPATH/Views/service_list.php on line 10.
 1 APPPATH/Views/service_list.php(10): addslashes(null)
 2 SYSTEMPATH/View/View.php(224): include('/home/u810214334/domains/embellish-beauty.co.uk/public_html/app/Views/service_list.php')
 3 SYSTEMPATH/View/View.php(227): CodeIgniter\View\View->CodeIgniter\View\{closure}()
 4 SYSTEMPATH/Common.php(1173): CodeIgniter\View\View->render('service_list', [], true)
 5 APPPATH/Controllers/Home.php(129): view('service_list', [...])
 6 SYSTEMPATH/CodeIgniter.php(933): App\Controllers\Home->fetch_services()
 7 SYSTEMPATH/CodeIgniter.php(507): CodeIgniter\CodeIgniter->runController(Object(App\Controllers\Home))
 8 SYSTEMPATH/CodeIgniter.php(354): CodeIgniter\CodeIgniter->handleRequest(null, Object(Config\Cache), false)
 9 SYSTEMPATH/Boot.php(334): CodeIgniter\CodeIgniter->run()
10 SYSTEMPATH/Boot.php(67): CodeIgniter\Boot::runCodeIgniter(Object(CodeIgniter\CodeIgniter))
11 FCPATH/index.php(57): CodeIgniter\Boot::bootWeb(Object(Config\Paths))
WARNING - 2025-08-29 11:17:19 --> [DEPRECATED] addslashes(): Passing null to parameter #1 ($string) of type string is deprecated in APPPATH/Views/service_list.php on line 10.
 1 APPPATH/Views/service_list.php(10): addslashes(null)
 2 SYSTEMPATH/View/View.php(224): include('/home/u810214334/domains/embellish-beauty.co.uk/public_html/app/Views/service_list.php')
 3 SYSTEMPATH/View/View.php(227): CodeIgniter\View\View->CodeIgniter\View\{closure}()
 4 SYSTEMPATH/Common.php(1173): CodeIgniter\View\View->render('service_list', [], true)
 5 APPPATH/Controllers/Home.php(129): view('service_list', [...])
 6 SYSTEMPATH/CodeIgniter.php(933): App\Controllers\Home->fetch_services()
 7 SYSTEMPATH/CodeIgniter.php(507): CodeIgniter\CodeIgniter->runController(Object(App\Controllers\Home))
 8 SYSTEMPATH/CodeIgniter.php(354): CodeIgniter\CodeIgniter->handleRequest(null, Object(Config\Cache), false)
 9 SYSTEMPATH/Boot.php(334): CodeIgniter\CodeIgniter->run()
10 SYSTEMPATH/Boot.php(67): CodeIgniter\Boot::runCodeIgniter(Object(CodeIgniter\CodeIgniter))
11 FCPATH/index.php(57): CodeIgniter\Boot::bootWeb(Object(Config\Paths))
DEBUG - 2025-08-29 11:17:21 --> Session: Class initialized using 'CodeIgniter\Session\Handlers\FileHandler' driver.
WARNING - 2025-08-29 11:17:21 --> [DEPRECATED] addslashes(): Passing null to parameter #1 ($string) of type string is deprecated in APPPATH/Views/service_list.php on line 10.
 1 APPPATH/Views/service_list.php(10): addslashes(null)
 2 SYSTEMPATH/View/View.php(224): include('/home/u810214334/domains/embellish-beauty.co.uk/public_html/app/Views/service_list.php')
 3 SYSTEMPATH/View/View.php(227): CodeIgniter\View\View->CodeIgniter\View\{closure}()
 4 SYSTEMPATH/Common.php(1173): CodeIgniter\View\View->render('service_list', [], true)
 5 APPPATH/Controllers/Home.php(129): view('service_list', [...])
 6 SYSTEMPATH/CodeIgniter.php(933): App\Controllers\Home->fetch_services()
 7 SYSTEMPATH/CodeIgniter.php(507): CodeIgniter\CodeIgniter->runController(Object(App\Controllers\Home))
 8 SYSTEMPATH/CodeIgniter.php(354): CodeIgniter\CodeIgniter->handleRequest(null, Object(Config\Cache), false)
 9 SYSTEMPATH/Boot.php(334): CodeIgniter\CodeIgniter->run()
10 SYSTEMPATH/Boot.php(67): CodeIgniter\Boot::runCodeIgniter(Object(CodeIgniter\CodeIgniter))
11 FCPATH/index.php(57): CodeIgniter\Boot::bootWeb(Object(Config\Paths))
WARNING - 2025-08-29 11:17:21 --> [DEPRECATED] addslashes(): Passing null to parameter #1 ($string) of type string is deprecated in APPPATH/Views/service_list.php on line 10.
 1 APPPATH/Views/service_list.php(10): addslashes(null)
 2 SYSTEMPATH/View/View.php(224): include('/home/u810214334/domains/embellish-beauty.co.uk/public_html/app/Views/service_list.php')
 3 SYSTEMPATH/View/View.php(227): CodeIgniter\View\View->CodeIgniter\View\{closure}()
 4 SYSTEMPATH/Common.php(1173): CodeIgniter\View\View->render('service_list', [], true)
 5 APPPATH/Controllers/Home.php(129): view('service_list', [...])
 6 SYSTEMPATH/CodeIgniter.php(933): App\Controllers\Home->fetch_services()
 7 SYSTEMPATH/CodeIgniter.php(507): CodeIgniter\CodeIgniter->runController(Object(App\Controllers\Home))
 8 SYSTEMPATH/CodeIgniter.php(354): CodeIgniter\CodeIgniter->handleRequest(null, Object(Config\Cache), false)
 9 SYSTEMPATH/Boot.php(334): CodeIgniter\CodeIgniter->run()
10 SYSTEMPATH/Boot.php(67): CodeIgniter\Boot::runCodeIgniter(Object(CodeIgniter\CodeIgniter))
11 FCPATH/index.php(57): CodeIgniter\Boot::bootWeb(Object(Config\Paths))
WARNING - 2025-08-29 11:17:21 --> [DEPRECATED] addslashes(): Passing null to parameter #1 ($string) of type string is deprecated in APPPATH/Views/service_list.php on line 10.
 1 APPPATH/Views/service_list.php(10): addslashes(null)
 2 SYSTEMPATH/View/View.php(224): include('/home/u810214334/domains/embellish-beauty.co.uk/public_html/app/Views/service_list.php')
 3 SYSTEMPATH/View/View.php(227): CodeIgniter\View\View->CodeIgniter\View\{closure}()
 4 SYSTEMPATH/Common.php(1173): CodeIgniter\View\View->render('service_list', [], true)
 5 APPPATH/Controllers/Home.php(129): view('service_list', [...])
 6 SYSTEMPATH/CodeIgniter.php(933): App\Controllers\Home->fetch_services()
 7 SYSTEMPATH/CodeIgniter.php(507): CodeIgniter\CodeIgniter->runController(Object(App\Controllers\Home))
 8 SYSTEMPATH/CodeIgniter.php(354): CodeIgniter\CodeIgniter->handleRequest(null, Object(Config\Cache), false)
 9 SYSTEMPATH/Boot.php(334): CodeIgniter\CodeIgniter->run()
10 SYSTEMPATH/Boot.php(67): CodeIgniter\Boot::runCodeIgniter(Object(CodeIgniter\CodeIgniter))
11 FCPATH/index.php(57): CodeIgniter\Boot::bootWeb(Object(Config\Paths))
WARNING - 2025-08-29 11:17:21 --> [DEPRECATED] addslashes(): Passing null to parameter #1 ($string) of type string is deprecated in APPPATH/Views/service_list.php on line 10.
 1 APPPATH/Views/service_list.php(10): addslashes(null)
 2 SYSTEMPATH/View/View.php(224): include('/home/u810214334/domains/embellish-beauty.co.uk/public_html/app/Views/service_list.php')
 3 SYSTEMPATH/View/View.php(227): CodeIgniter\View\View->CodeIgniter\View\{closure}()
 4 SYSTEMPATH/Common.php(1173): CodeIgniter\View\View->render('service_list', [], true)
 5 APPPATH/Controllers/Home.php(129): view('service_list', [...])
 6 SYSTEMPATH/CodeIgniter.php(933): App\Controllers\Home->fetch_services()
 7 SYSTEMPATH/CodeIgniter.php(507): CodeIgniter\CodeIgniter->runController(Object(App\Controllers\Home))
 8 SYSTEMPATH/CodeIgniter.php(354): CodeIgniter\CodeIgniter->handleRequest(null, Object(Config\Cache), false)
 9 SYSTEMPATH/Boot.php(334): CodeIgniter\CodeIgniter->run()
10 SYSTEMPATH/Boot.php(67): CodeIgniter\Boot::runCodeIgniter(Object(CodeIgniter\CodeIgniter))
11 FCPATH/index.php(57): CodeIgniter\Boot::bootWeb(Object(Config\Paths))
WARNING - 2025-08-29 11:17:21 --> [DEPRECATED] addslashes(): Passing null to parameter #1 ($string) of type string is deprecated in APPPATH/Views/service_list.php on line 10.
 1 APPPATH/Views/service_list.php(10): addslashes(null)
 2 SYSTEMPATH/View/View.php(224): include('/home/u810214334/domains/embellish-beauty.co.uk/public_html/app/Views/service_list.php')
 3 SYSTEMPATH/View/View.php(227): CodeIgniter\View\View->CodeIgniter\View\{closure}()
 4 SYSTEMPATH/Common.php(1173): CodeIgniter\View\View->render('service_list', [], true)
 5 APPPATH/Controllers/Home.php(129): view('service_list', [...])
 6 SYSTEMPATH/CodeIgniter.php(933): App\Controllers\Home->fetch_services()
 7 SYSTEMPATH/CodeIgniter.php(507): CodeIgniter\CodeIgniter->runController(Object(App\Controllers\Home))
 8 SYSTEMPATH/CodeIgniter.php(354): CodeIgniter\CodeIgniter->handleRequest(null, Object(Config\Cache), false)
 9 SYSTEMPATH/Boot.php(334): CodeIgniter\CodeIgniter->run()
10 SYSTEMPATH/Boot.php(67): CodeIgniter\Boot::runCodeIgniter(Object(CodeIgniter\CodeIgniter))
11 FCPATH/index.php(57): CodeIgniter\Boot::bootWeb(Object(Config\Paths))
WARNING - 2025-08-29 11:17:21 --> [DEPRECATED] addslashes(): Passing null to parameter #1 ($string) of type string is deprecated in APPPATH/Views/service_list.php on line 10.
 1 APPPATH/Views/service_list.php(10): addslashes(null)
 2 SYSTEMPATH/View/View.php(224): include('/home/u810214334/domains/embellish-beauty.co.uk/public_html/app/Views/service_list.php')
 3 SYSTEMPATH/View/View.php(227): CodeIgniter\View\View->CodeIgniter\View\{closure}()
 4 SYSTEMPATH/Common.php(1173): CodeIgniter\View\View->render('service_list', [], true)
 5 APPPATH/Controllers/Home.php(129): view('service_list', [...])
 6 SYSTEMPATH/CodeIgniter.php(933): App\Controllers\Home->fetch_services()
 7 SYSTEMPATH/CodeIgniter.php(507): CodeIgniter\CodeIgniter->runController(Object(App\Controllers\Home))
 8 SYSTEMPATH/CodeIgniter.php(354): CodeIgniter\CodeIgniter->handleRequest(null, Object(Config\Cache), false)
 9 SYSTEMPATH/Boot.php(334): CodeIgniter\CodeIgniter->run()
10 SYSTEMPATH/Boot.php(67): CodeIgniter\Boot::runCodeIgniter(Object(CodeIgniter\CodeIgniter))
11 FCPATH/index.php(57): CodeIgniter\Boot::bootWeb(Object(Config\Paths))
WARNING - 2025-08-29 11:17:21 --> [DEPRECATED] addslashes(): Passing null to parameter #1 ($string) of type string is deprecated in APPPATH/Views/service_list.php on line 10.
 1 APPPATH/Views/service_list.php(10): addslashes(null)
 2 SYSTEMPATH/View/View.php(224): include('/home/u810214334/domains/embellish-beauty.co.uk/public_html/app/Views/service_list.php')
 3 SYSTEMPATH/View/View.php(227): CodeIgniter\View\View->CodeIgniter\View\{closure}()
 4 SYSTEMPATH/Common.php(1173): CodeIgniter\View\View->render('service_list', [], true)
 5 APPPATH/Controllers/Home.php(129): view('service_list', [...])
 6 SYSTEMPATH/CodeIgniter.php(933): App\Controllers\Home->fetch_services()
 7 SYSTEMPATH/CodeIgniter.php(507): CodeIgniter\CodeIgniter->runController(Object(App\Controllers\Home))
 8 SYSTEMPATH/CodeIgniter.php(354): CodeIgniter\CodeIgniter->handleRequest(null, Object(Config\Cache), false)
 9 SYSTEMPATH/Boot.php(334): CodeIgniter\CodeIgniter->run()
10 SYSTEMPATH/Boot.php(67): CodeIgniter\Boot::runCodeIgniter(Object(CodeIgniter\CodeIgniter))
11 FCPATH/index.php(57): CodeIgniter\Boot::bootWeb(Object(Config\Paths))
WARNING - 2025-08-29 11:17:21 --> [DEPRECATED] addslashes(): Passing null to parameter #1 ($string) of type string is deprecated in APPPATH/Views/service_list.php on line 10.
 1 APPPATH/Views/service_list.php(10): addslashes(null)
 2 SYSTEMPATH/View/View.php(224): include('/home/u810214334/domains/embellish-beauty.co.uk/public_html/app/Views/service_list.php')
 3 SYSTEMPATH/View/View.php(227): CodeIgniter\View\View->CodeIgniter\View\{closure}()
 4 SYSTEMPATH/Common.php(1173): CodeIgniter\View\View->render('service_list', [], true)
 5 APPPATH/Controllers/Home.php(129): view('service_list', [...])
 6 SYSTEMPATH/CodeIgniter.php(933): App\Controllers\Home->fetch_services()
 7 SYSTEMPATH/CodeIgniter.php(507): CodeIgniter\CodeIgniter->runController(Object(App\Controllers\Home))
 8 SYSTEMPATH/CodeIgniter.php(354): CodeIgniter\CodeIgniter->handleRequest(null, Object(Config\Cache), false)
 9 SYSTEMPATH/Boot.php(334): CodeIgniter\CodeIgniter->run()
10 SYSTEMPATH/Boot.php(67): CodeIgniter\Boot::runCodeIgniter(Object(CodeIgniter\CodeIgniter))
11 FCPATH/index.php(57): CodeIgniter\Boot::bootWeb(Object(Config\Paths))
WARNING - 2025-08-29 11:17:21 --> [DEPRECATED] addslashes(): Passing null to parameter #1 ($string) of type string is deprecated in APPPATH/Views/service_list.php on line 10.
 1 APPPATH/Views/service_list.php(10): addslashes(null)
 2 SYSTEMPATH/View/View.php(224): include('/home/u810214334/domains/embellish-beauty.co.uk/public_html/app/Views/service_list.php')
 3 SYSTEMPATH/View/View.php(227): CodeIgniter\View\View->CodeIgniter\View\{closure}()
 4 SYSTEMPATH/Common.php(1173): CodeIgniter\View\View->render('service_list', [], true)
 5 APPPATH/Controllers/Home.php(129): view('service_list', [...])
 6 SYSTEMPATH/CodeIgniter.php(933): App\Controllers\Home->fetch_services()
 7 SYSTEMPATH/CodeIgniter.php(507): CodeIgniter\CodeIgniter->runController(Object(App\Controllers\Home))
 8 SYSTEMPATH/CodeIgniter.php(354): CodeIgniter\CodeIgniter->handleRequest(null, Object(Config\Cache), false)
 9 SYSTEMPATH/Boot.php(334): CodeIgniter\CodeIgniter->run()
10 SYSTEMPATH/Boot.php(67): CodeIgniter\Boot::runCodeIgniter(Object(CodeIgniter\CodeIgniter))
11 FCPATH/index.php(57): CodeIgniter\Boot::bootWeb(Object(Config\Paths))
WARNING - 2025-08-29 11:17:21 --> [DEPRECATED] addslashes(): Passing null to parameter #1 ($string) of type string is deprecated in APPPATH/Views/service_list.php on line 10.
 1 APPPATH/Views/service_list.php(10): addslashes(null)
 2 SYSTEMPATH/View/View.php(224): include('/home/u810214334/domains/embellish-beauty.co.uk/public_html/app/Views/service_list.php')
 3 SYSTEMPATH/View/View.php(227): CodeIgniter\View\View->CodeIgniter\View\{closure}()
 4 SYSTEMPATH/Common.php(1173): CodeIgniter\View\View->render('service_list', [], true)
 5 APPPATH/Controllers/Home.php(129): view('service_list', [...])
 6 SYSTEMPATH/CodeIgniter.php(933): App\Controllers\Home->fetch_services()
 7 SYSTEMPATH/CodeIgniter.php(507): CodeIgniter\CodeIgniter->runController(Object(App\Controllers\Home))
 8 SYSTEMPATH/CodeIgniter.php(354): CodeIgniter\CodeIgniter->handleRequest(null, Object(Config\Cache), false)
 9 SYSTEMPATH/Boot.php(334): CodeIgniter\CodeIgniter->run()
10 SYSTEMPATH/Boot.php(67): CodeIgniter\Boot::runCodeIgniter(Object(CodeIgniter\CodeIgniter))
11 FCPATH/index.php(57): CodeIgniter\Boot::bootWeb(Object(Config\Paths))
DEBUG - 2025-08-29 11:17:22 --> Session: Class initialized using 'CodeIgniter\Session\Handlers\FileHandler' driver.
WARNING - 2025-08-29 11:17:22 --> [DEPRECATED] addslashes(): Passing null to parameter #1 ($string) of type string is deprecated in APPPATH/Views/service_list.php on line 10.
 1 APPPATH/Views/service_list.php(10): addslashes(null)
 2 SYSTEMPATH/View/View.php(224): include('/home/u810214334/domains/embellish-beauty.co.uk/public_html/app/Views/service_list.php')
 3 SYSTEMPATH/View/View.php(227): CodeIgniter\View\View->CodeIgniter\View\{closure}()
 4 SYSTEMPATH/Common.php(1173): CodeIgniter\View\View->render('service_list', [], true)
 5 APPPATH/Controllers/Home.php(129): view('service_list', [...])
 6 SYSTEMPATH/CodeIgniter.php(933): App\Controllers\Home->fetch_services()
 7 SYSTEMPATH/CodeIgniter.php(507): CodeIgniter\CodeIgniter->runController(Object(App\Controllers\Home))
 8 SYSTEMPATH/CodeIgniter.php(354): CodeIgniter\CodeIgniter->handleRequest(null, Object(Config\Cache), false)
 9 SYSTEMPATH/Boot.php(334): CodeIgniter\CodeIgniter->run()
10 SYSTEMPATH/Boot.php(67): CodeIgniter\Boot::runCodeIgniter(Object(CodeIgniter\CodeIgniter))
11 FCPATH/index.php(57): CodeIgniter\Boot::bootWeb(Object(Config\Paths))
WARNING - 2025-08-29 11:17:22 --> [DEPRECATED] addslashes(): Passing null to parameter #1 ($string) of type string is deprecated in APPPATH/Views/service_list.php on line 10.
 1 APPPATH/Views/service_list.php(10): addslashes(null)
 2 SYSTEMPATH/View/View.php(224): include('/home/u810214334/domains/embellish-beauty.co.uk/public_html/app/Views/service_list.php')
 3 SYSTEMPATH/View/View.php(227): CodeIgniter\View\View->CodeIgniter\View\{closure}()
 4 SYSTEMPATH/Common.php(1173): CodeIgniter\View\View->render('service_list', [], true)
 5 APPPATH/Controllers/Home.php(129): view('service_list', [...])
 6 SYSTEMPATH/CodeIgniter.php(933): App\Controllers\Home->fetch_services()
 7 SYSTEMPATH/CodeIgniter.php(507): CodeIgniter\CodeIgniter->runController(Object(App\Controllers\Home))
 8 SYSTEMPATH/CodeIgniter.php(354): CodeIgniter\CodeIgniter->handleRequest(null, Object(Config\Cache), false)
 9 SYSTEMPATH/Boot.php(334): CodeIgniter\CodeIgniter->run()
10 SYSTEMPATH/Boot.php(67): CodeIgniter\Boot::runCodeIgniter(Object(CodeIgniter\CodeIgniter))
11 FCPATH/index.php(57): CodeIgniter\Boot::bootWeb(Object(Config\Paths))
WARNING - 2025-08-29 11:17:22 --> [DEPRECATED] addslashes(): Passing null to parameter #1 ($string) of type string is deprecated in APPPATH/Views/service_list.php on line 10.
 1 APPPATH/Views/service_list.php(10): addslashes(null)
 2 SYSTEMPATH/View/View.php(224): include('/home/u810214334/domains/embellish-beauty.co.uk/public_html/app/Views/service_list.php')
 3 SYSTEMPATH/View/View.php(227): CodeIgniter\View\View->CodeIgniter\View\{closure}()
 4 SYSTEMPATH/Common.php(1173): CodeIgniter\View\View->render('service_list', [], true)
 5 APPPATH/Controllers/Home.php(129): view('service_list', [...])
 6 SYSTEMPATH/CodeIgniter.php(933): App\Controllers\Home->fetch_services()
 7 SYSTEMPATH/CodeIgniter.php(507): CodeIgniter\CodeIgniter->runController(Object(App\Controllers\Home))
 8 SYSTEMPATH/CodeIgniter.php(354): CodeIgniter\CodeIgniter->handleRequest(null, Object(Config\Cache), false)
 9 SYSTEMPATH/Boot.php(334): CodeIgniter\CodeIgniter->run()
10 SYSTEMPATH/Boot.php(67): CodeIgniter\Boot::runCodeIgniter(Object(CodeIgniter\CodeIgniter))
11 FCPATH/index.php(57): CodeIgniter\Boot::bootWeb(Object(Config\Paths))
WARNING - 2025-08-29 11:17:22 --> [DEPRECATED] addslashes(): Passing null to parameter #1 ($string) of type string is deprecated in APPPATH/Views/service_list.php on line 10.
 1 APPPATH/Views/service_list.php(10): addslashes(null)
 2 SYSTEMPATH/View/View.php(224): include('/home/u810214334/domains/embellish-beauty.co.uk/public_html/app/Views/service_list.php')
 3 SYSTEMPATH/View/View.php(227): CodeIgniter\View\View->CodeIgniter\View\{closure}()
 4 SYSTEMPATH/Common.php(1173): CodeIgniter\View\View->render('service_list', [], true)
 5 APPPATH/Controllers/Home.php(129): view('service_list', [...])
 6 SYSTEMPATH/CodeIgniter.php(933): App\Controllers\Home->fetch_services()
 7 SYSTEMPATH/CodeIgniter.php(507): CodeIgniter\CodeIgniter->runController(Object(App\Controllers\Home))
 8 SYSTEMPATH/CodeIgniter.php(354): CodeIgniter\CodeIgniter->handleRequest(null, Object(Config\Cache), false)
 9 SYSTEMPATH/Boot.php(334): CodeIgniter\CodeIgniter->run()
10 SYSTEMPATH/Boot.php(67): CodeIgniter\Boot::runCodeIgniter(Object(CodeIgniter\CodeIgniter))
11 FCPATH/index.php(57): CodeIgniter\Boot::bootWeb(Object(Config\Paths))
WARNING - 2025-08-29 11:17:22 --> [DEPRECATED] addslashes(): Passing null to parameter #1 ($string) of type string is deprecated in APPPATH/Views/service_list.php on line 10.
 1 APPPATH/Views/service_list.php(10): addslashes(null)
 2 SYSTEMPATH/View/View.php(224): include('/home/u810214334/domains/embellish-beauty.co.uk/public_html/app/Views/service_list.php')
 3 SYSTEMPATH/View/View.php(227): CodeIgniter\View\View->CodeIgniter\View\{closure}()
 4 SYSTEMPATH/Common.php(1173): CodeIgniter\View\View->render('service_list', [], true)
 5 APPPATH/Controllers/Home.php(129): view('service_list', [...])
 6 SYSTEMPATH/CodeIgniter.php(933): App\Controllers\Home->fetch_services()
 7 SYSTEMPATH/CodeIgniter.php(507): CodeIgniter\CodeIgniter->runController(Object(App\Controllers\Home))
 8 SYSTEMPATH/CodeIgniter.php(354): CodeIgniter\CodeIgniter->handleRequest(null, Object(Config\Cache), false)
 9 SYSTEMPATH/Boot.php(334): CodeIgniter\CodeIgniter->run()
10 SYSTEMPATH/Boot.php(67): CodeIgniter\Boot::runCodeIgniter(Object(CodeIgniter\CodeIgniter))
11 FCPATH/index.php(57): CodeIgniter\Boot::bootWeb(Object(Config\Paths))
WARNING - 2025-08-29 11:17:22 --> [DEPRECATED] addslashes(): Passing null to parameter #1 ($string) of type string is deprecated in APPPATH/Views/service_list.php on line 10.
 1 APPPATH/Views/service_list.php(10): addslashes(null)
 2 SYSTEMPATH/View/View.php(224): include('/home/u810214334/domains/embellish-beauty.co.uk/public_html/app/Views/service_list.php')
 3 SYSTEMPATH/View/View.php(227): CodeIgniter\View\View->CodeIgniter\View\{closure}()
 4 SYSTEMPATH/Common.php(1173): CodeIgniter\View\View->render('service_list', [], true)
 5 APPPATH/Controllers/Home.php(129): view('service_list', [...])
 6 SYSTEMPATH/CodeIgniter.php(933): App\Controllers\Home->fetch_services()
 7 SYSTEMPATH/CodeIgniter.php(507): CodeIgniter\CodeIgniter->runController(Object(App\Controllers\Home))
 8 SYSTEMPATH/CodeIgniter.php(354): CodeIgniter\CodeIgniter->handleRequest(null, Object(Config\Cache), false)
 9 SYSTEMPATH/Boot.php(334): CodeIgniter\CodeIgniter->run()
10 SYSTEMPATH/Boot.php(67): CodeIgniter\Boot::runCodeIgniter(Object(CodeIgniter\CodeIgniter))
11 FCPATH/index.php(57): CodeIgniter\Boot::bootWeb(Object(Config\Paths))
WARNING - 2025-08-29 11:17:22 --> [DEPRECATED] addslashes(): Passing null to parameter #1 ($string) of type string is deprecated in APPPATH/Views/service_list.php on line 10.
 1 APPPATH/Views/service_list.php(10): addslashes(null)
 2 SYSTEMPATH/View/View.php(224): include('/home/u810214334/domains/embellish-beauty.co.uk/public_html/app/Views/service_list.php')
 3 SYSTEMPATH/View/View.php(227): CodeIgniter\View\View->CodeIgniter\View\{closure}()
 4 SYSTEMPATH/Common.php(1173): CodeIgniter\View\View->render('service_list', [], true)
 5 APPPATH/Controllers/Home.php(129): view('service_list', [...])
 6 SYSTEMPATH/CodeIgniter.php(933): App\Controllers\Home->fetch_services()
 7 SYSTEMPATH/CodeIgniter.php(507): CodeIgniter\CodeIgniter->runController(Object(App\Controllers\Home))
 8 SYSTEMPATH/CodeIgniter.php(354): CodeIgniter\CodeIgniter->handleRequest(null, Object(Config\Cache), false)
 9 SYSTEMPATH/Boot.php(334): CodeIgniter\CodeIgniter->run()
10 SYSTEMPATH/Boot.php(67): CodeIgniter\Boot::runCodeIgniter(Object(CodeIgniter\CodeIgniter))
11 FCPATH/index.php(57): CodeIgniter\Boot::bootWeb(Object(Config\Paths))
WARNING - 2025-08-29 11:17:22 --> [DEPRECATED] addslashes(): Passing null to parameter #1 ($string) of type string is deprecated in APPPATH/Views/service_list.php on line 10.
 1 APPPATH/Views/service_list.php(10): addslashes(null)
 2 SYSTEMPATH/View/View.php(224): include('/home/u810214334/domains/embellish-beauty.co.uk/public_html/app/Views/service_list.php')
 3 SYSTEMPATH/View/View.php(227): CodeIgniter\View\View->CodeIgniter\View\{closure}()
 4 SYSTEMPATH/Common.php(1173): CodeIgniter\View\View->render('service_list', [], true)
 5 APPPATH/Controllers/Home.php(129): view('service_list', [...])
 6 SYSTEMPATH/CodeIgniter.php(933): App\Controllers\Home->fetch_services()
 7 SYSTEMPATH/CodeIgniter.php(507): CodeIgniter\CodeIgniter->runController(Object(App\Controllers\Home))
 8 SYSTEMPATH/CodeIgniter.php(354): CodeIgniter\CodeIgniter->handleRequest(null, Object(Config\Cache), false)
 9 SYSTEMPATH/Boot.php(334): CodeIgniter\CodeIgniter->run()
10 SYSTEMPATH/Boot.php(67): CodeIgniter\Boot::runCodeIgniter(Object(CodeIgniter\CodeIgniter))
11 FCPATH/index.php(57): CodeIgniter\Boot::bootWeb(Object(Config\Paths))
WARNING - 2025-08-29 11:17:22 --> [DEPRECATED] addslashes(): Passing null to parameter #1 ($string) of type string is deprecated in APPPATH/Views/service_list.php on line 10.
 1 APPPATH/Views/service_list.php(10): addslashes(null)
 2 SYSTEMPATH/View/View.php(224): include('/home/u810214334/domains/embellish-beauty.co.uk/public_html/app/Views/service_list.php')
 3 SYSTEMPATH/View/View.php(227): CodeIgniter\View\View->CodeIgniter\View\{closure}()
 4 SYSTEMPATH/Common.php(1173): CodeIgniter\View\View->render('service_list', [], true)
 5 APPPATH/Controllers/Home.php(129): view('service_list', [...])
 6 SYSTEMPATH/CodeIgniter.php(933): App\Controllers\Home->fetch_services()
 7 SYSTEMPATH/CodeIgniter.php(507): CodeIgniter\CodeIgniter->runController(Object(App\Controllers\Home))
 8 SYSTEMPATH/CodeIgniter.php(354): CodeIgniter\CodeIgniter->handleRequest(null, Object(Config\Cache), false)
 9 SYSTEMPATH/Boot.php(334): CodeIgniter\CodeIgniter->run()
10 SYSTEMPATH/Boot.php(67): CodeIgniter\Boot::runCodeIgniter(Object(CodeIgniter\CodeIgniter))
11 FCPATH/index.php(57): CodeIgniter\Boot::bootWeb(Object(Config\Paths))
WARNING - 2025-08-29 11:17:22 --> [DEPRECATED] addslashes(): Passing null to parameter #1 ($string) of type string is deprecated in APPPATH/Views/service_list.php on line 10.
 1 APPPATH/Views/service_list.php(10): addslashes(null)
 2 SYSTEMPATH/View/View.php(224): include('/home/u810214334/domains/embellish-beauty.co.uk/public_html/app/Views/service_list.php')
 3 SYSTEMPATH/View/View.php(227): CodeIgniter\View\View->CodeIgniter\View\{closure}()
 4 SYSTEMPATH/Common.php(1173): CodeIgniter\View\View->render('service_list', [], true)
 5 APPPATH/Controllers/Home.php(129): view('service_list', [...])
 6 SYSTEMPATH/CodeIgniter.php(933): App\Controllers\Home->fetch_services()
 7 SYSTEMPATH/CodeIgniter.php(507): CodeIgniter\CodeIgniter->runController(Object(App\Controllers\Home))
 8 SYSTEMPATH/CodeIgniter.php(354): CodeIgniter\CodeIgniter->handleRequest(null, Object(Config\Cache), false)
 9 SYSTEMPATH/Boot.php(334): CodeIgniter\CodeIgniter->run()
10 SYSTEMPATH/Boot.php(67): CodeIgniter\Boot::runCodeIgniter(Object(CodeIgniter\CodeIgniter))
11 FCPATH/index.php(57): CodeIgniter\Boot::bootWeb(Object(Config\Paths))
WARNING - 2025-08-29 11:17:22 --> [DEPRECATED] addslashes(): Passing null to parameter #1 ($string) of type string is deprecated in APPPATH/Views/service_list.php on line 10.
 1 APPPATH/Views/service_list.php(10): addslashes(null)
 2 SYSTEMPATH/View/View.php(224): include('/home/u810214334/domains/embellish-beauty.co.uk/public_html/app/Views/service_list.php')
 3 SYSTEMPATH/View/View.php(227): CodeIgniter\View\View->CodeIgniter\View\{closure}()
 4 SYSTEMPATH/Common.php(1173): CodeIgniter\View\View->render('service_list', [], true)
 5 APPPATH/Controllers/Home.php(129): view('service_list', [...])
 6 SYSTEMPATH/CodeIgniter.php(933): App\Controllers\Home->fetch_services()
 7 SYSTEMPATH/CodeIgniter.php(507): CodeIgniter\CodeIgniter->runController(Object(App\Controllers\Home))
 8 SYSTEMPATH/CodeIgniter.php(354): CodeIgniter\CodeIgniter->handleRequest(null, Object(Config\Cache), false)
 9 SYSTEMPATH/Boot.php(334): CodeIgniter\CodeIgniter->run()
10 SYSTEMPATH/Boot.php(67): CodeIgniter\Boot::runCodeIgniter(Object(CodeIgniter\CodeIgniter))
11 FCPATH/index.php(57): CodeIgniter\Boot::bootWeb(Object(Config\Paths))
WARNING - 2025-08-29 11:17:22 --> [DEPRECATED] addslashes(): Passing null to parameter #1 ($string) of type string is deprecated in APPPATH/Views/service_list.php on line 10.
 1 APPPATH/Views/service_list.php(10): addslashes(null)
 2 SYSTEMPATH/View/View.php(224): include('/home/u810214334/domains/embellish-beauty.co.uk/public_html/app/Views/service_list.php')
 3 SYSTEMPATH/View/View.php(227): CodeIgniter\View\View->CodeIgniter\View\{closure}()
 4 SYSTEMPATH/Common.php(1173): CodeIgniter\View\View->render('service_list', [], true)
 5 APPPATH/Controllers/Home.php(129): view('service_list', [...])
 6 SYSTEMPATH/CodeIgniter.php(933): App\Controllers\Home->fetch_services()
 7 SYSTEMPATH/CodeIgniter.php(507): CodeIgniter\CodeIgniter->runController(Object(App\Controllers\Home))
 8 SYSTEMPATH/CodeIgniter.php(354): CodeIgniter\CodeIgniter->handleRequest(null, Object(Config\Cache), false)
 9 SYSTEMPATH/Boot.php(334): CodeIgniter\CodeIgniter->run()
10 SYSTEMPATH/Boot.php(67): CodeIgniter\Boot::runCodeIgniter(Object(CodeIgniter\CodeIgniter))
11 FCPATH/index.php(57): CodeIgniter\Boot::bootWeb(Object(Config\Paths))
WARNING - 2025-08-29 11:17:22 --> [DEPRECATED] addslashes(): Passing null to parameter #1 ($string) of type string is deprecated in APPPATH/Views/service_list.php on line 10.
 1 APPPATH/Views/service_list.php(10): addslashes(null)
 2 SYSTEMPATH/View/View.php(224): include('/home/u810214334/domains/embellish-beauty.co.uk/public_html/app/Views/service_list.php')
 3 SYSTEMPATH/View/View.php(227): CodeIgniter\View\View->CodeIgniter\View\{closure}()
 4 SYSTEMPATH/Common.php(1173): CodeIgniter\View\View->render('service_list', [], true)
 5 APPPATH/Controllers/Home.php(129): view('service_list', [...])
 6 SYSTEMPATH/CodeIgniter.php(933): App\Controllers\Home->fetch_services()
 7 SYSTEMPATH/CodeIgniter.php(507): CodeIgniter\CodeIgniter->runController(Object(App\Controllers\Home))
 8 SYSTEMPATH/CodeIgniter.php(354): CodeIgniter\CodeIgniter->handleRequest(null, Object(Config\Cache), false)
 9 SYSTEMPATH/Boot.php(334): CodeIgniter\CodeIgniter->run()
10 SYSTEMPATH/Boot.php(67): CodeIgniter\Boot::runCodeIgniter(Object(CodeIgniter\CodeIgniter))
11 FCPATH/index.php(57): CodeIgniter\Boot::bootWeb(Object(Config\Paths))
WARNING - 2025-08-29 11:17:22 --> [DEPRECATED] addslashes(): Passing null to parameter #1 ($string) of type string is deprecated in APPPATH/Views/service_list.php on line 10.
 1 APPPATH/Views/service_list.php(10): addslashes(null)
 2 SYSTEMPATH/View/View.php(224): include('/home/u810214334/domains/embellish-beauty.co.uk/public_html/app/Views/service_list.php')
 3 SYSTEMPATH/View/View.php(227): CodeIgniter\View\View->CodeIgniter\View\{closure}()
 4 SYSTEMPATH/Common.php(1173): CodeIgniter\View\View->render('service_list', [], true)
 5 APPPATH/Controllers/Home.php(129): view('service_list', [...])
 6 SYSTEMPATH/CodeIgniter.php(933): App\Controllers\Home->fetch_services()
 7 SYSTEMPATH/CodeIgniter.php(507): CodeIgniter\CodeIgniter->runController(Object(App\Controllers\Home))
 8 SYSTEMPATH/CodeIgniter.php(354): CodeIgniter\CodeIgniter->handleRequest(null, Object(Config\Cache), false)
 9 SYSTEMPATH/Boot.php(334): CodeIgniter\CodeIgniter->run()
10 SYSTEMPATH/Boot.php(67): CodeIgniter\Boot::runCodeIgniter(Object(CodeIgniter\CodeIgniter))
11 FCPATH/index.php(57): CodeIgniter\Boot::bootWeb(Object(Config\Paths))
WARNING - 2025-08-29 11:17:22 --> [DEPRECATED] addslashes(): Passing null to parameter #1 ($string) of type string is deprecated in APPPATH/Views/service_list.php on line 10.
 1 APPPATH/Views/service_list.php(10): addslashes(null)
 2 SYSTEMPATH/View/View.php(224): include('/home/u810214334/domains/embellish-beauty.co.uk/public_html/app/Views/service_list.php')
 3 SYSTEMPATH/View/View.php(227): CodeIgniter\View\View->CodeIgniter\View\{closure}()
 4 SYSTEMPATH/Common.php(1173): CodeIgniter\View\View->render('service_list', [], true)
 5 APPPATH/Controllers/Home.php(129): view('service_list', [...])
 6 SYSTEMPATH/CodeIgniter.php(933): App\Controllers\Home->fetch_services()
 7 SYSTEMPATH/CodeIgniter.php(507): CodeIgniter\CodeIgniter->runController(Object(App\Controllers\Home))
 8 SYSTEMPATH/CodeIgniter.php(354): CodeIgniter\CodeIgniter->handleRequest(null, Object(Config\Cache), false)
 9 SYSTEMPATH/Boot.php(334): CodeIgniter\CodeIgniter->run()
10 SYSTEMPATH/Boot.php(67): CodeIgniter\Boot::runCodeIgniter(Object(CodeIgniter\CodeIgniter))
11 FCPATH/index.php(57): CodeIgniter\Boot::bootWeb(Object(Config\Paths))
WARNING - 2025-08-29 11:17:22 --> [DEPRECATED] addslashes(): Passing null to parameter #1 ($string) of type string is deprecated in APPPATH/Views/service_list.php on line 10.
 1 APPPATH/Views/service_list.php(10): addslashes(null)
 2 SYSTEMPATH/View/View.php(224): include('/home/u810214334/domains/embellish-beauty.co.uk/public_html/app/Views/service_list.php')
 3 SYSTEMPATH/View/View.php(227): CodeIgniter\View\View->CodeIgniter\View\{closure}()
 4 SYSTEMPATH/Common.php(1173): CodeIgniter\View\View->render('service_list', [], true)
 5 APPPATH/Controllers/Home.php(129): view('service_list', [...])
 6 SYSTEMPATH/CodeIgniter.php(933): App\Controllers\Home->fetch_services()
 7 SYSTEMPATH/CodeIgniter.php(507): CodeIgniter\CodeIgniter->runController(Object(App\Controllers\Home))
 8 SYSTEMPATH/CodeIgniter.php(354): CodeIgniter\CodeIgniter->handleRequest(null, Object(Config\Cache), false)
 9 SYSTEMPATH/Boot.php(334): CodeIgniter\CodeIgniter->run()
10 SYSTEMPATH/Boot.php(67): CodeIgniter\Boot::runCodeIgniter(Object(CodeIgniter\CodeIgniter))
11 FCPATH/index.php(57): CodeIgniter\Boot::bootWeb(Object(Config\Paths))
WARNING - 2025-08-29 11:17:22 --> [DEPRECATED] addslashes(): Passing null to parameter #1 ($string) of type string is deprecated in APPPATH/Views/service_list.php on line 10.
 1 APPPATH/Views/service_list.php(10): addslashes(null)
 2 SYSTEMPATH/View/View.php(224): include('/home/u810214334/domains/embellish-beauty.co.uk/public_html/app/Views/service_list.php')
 3 SYSTEMPATH/View/View.php(227): CodeIgniter\View\View->CodeIgniter\View\{closure}()
 4 SYSTEMPATH/Common.php(1173): CodeIgniter\View\View->render('service_list', [], true)
 5 APPPATH/Controllers/Home.php(129): view('service_list', [...])
 6 SYSTEMPATH/CodeIgniter.php(933): App\Controllers\Home->fetch_services()
 7 SYSTEMPATH/CodeIgniter.php(507): CodeIgniter\CodeIgniter->runController(Object(App\Controllers\Home))
 8 SYSTEMPATH/CodeIgniter.php(354): CodeIgniter\CodeIgniter->handleRequest(null, Object(Config\Cache), false)
 9 SYSTEMPATH/Boot.php(334): CodeIgniter\CodeIgniter->run()
10 SYSTEMPATH/Boot.php(67): CodeIgniter\Boot::runCodeIgniter(Object(CodeIgniter\CodeIgniter))
11 FCPATH/index.php(57): CodeIgniter\Boot::bootWeb(Object(Config\Paths))
WARNING - 2025-08-29 11:17:22 --> [DEPRECATED] addslashes(): Passing null to parameter #1 ($string) of type string is deprecated in APPPATH/Views/service_list.php on line 10.
 1 APPPATH/Views/service_list.php(10): addslashes(null)
 2 SYSTEMPATH/View/View.php(224): include('/home/u810214334/domains/embellish-beauty.co.uk/public_html/app/Views/service_list.php')
 3 SYSTEMPATH/View/View.php(227): CodeIgniter\View\View->CodeIgniter\View\{closure}()
 4 SYSTEMPATH/Common.php(1173): CodeIgniter\View\View->render('service_list', [], true)
 5 APPPATH/Controllers/Home.php(129): view('service_list', [...])
 6 SYSTEMPATH/CodeIgniter.php(933): App\Controllers\Home->fetch_services()
 7 SYSTEMPATH/CodeIgniter.php(507): CodeIgniter\CodeIgniter->runController(Object(App\Controllers\Home))
 8 SYSTEMPATH/CodeIgniter.php(354): CodeIgniter\CodeIgniter->handleRequest(null, Object(Config\Cache), false)
 9 SYSTEMPATH/Boot.php(334): CodeIgniter\CodeIgniter->run()
10 SYSTEMPATH/Boot.php(67): CodeIgniter\Boot::runCodeIgniter(Object(CodeIgniter\CodeIgniter))
11 FCPATH/index.php(57): CodeIgniter\Boot::bootWeb(Object(Config\Paths))
WARNING - 2025-08-29 11:17:22 --> [DEPRECATED] addslashes(): Passing null to parameter #1 ($string) of type string is deprecated in APPPATH/Views/service_list.php on line 10.
 1 APPPATH/Views/service_list.php(10): addslashes(null)
 2 SYSTEMPATH/View/View.php(224): include('/home/u810214334/domains/embellish-beauty.co.uk/public_html/app/Views/service_list.php')
 3 SYSTEMPATH/View/View.php(227): CodeIgniter\View\View->CodeIgniter\View\{closure}()
 4 SYSTEMPATH/Common.php(1173): CodeIgniter\View\View->render('service_list', [], true)
 5 APPPATH/Controllers/Home.php(129): view('service_list', [...])
 6 SYSTEMPATH/CodeIgniter.php(933): App\Controllers\Home->fetch_services()
 7 SYSTEMPATH/CodeIgniter.php(507): CodeIgniter\CodeIgniter->runController(Object(App\Controllers\Home))
 8 SYSTEMPATH/CodeIgniter.php(354): CodeIgniter\CodeIgniter->handleRequest(null, Object(Config\Cache), false)
 9 SYSTEMPATH/Boot.php(334): CodeIgniter\CodeIgniter->run()
10 SYSTEMPATH/Boot.php(67): CodeIgniter\Boot::runCodeIgniter(Object(CodeIgniter\CodeIgniter))
11 FCPATH/index.php(57): CodeIgniter\Boot::bootWeb(Object(Config\Paths))
WARNING - 2025-08-29 11:17:22 --> [DEPRECATED] addslashes(): Passing null to parameter #1 ($string) of type string is deprecated in APPPATH/Views/service_list.php on line 10.
 1 APPPATH/Views/service_list.php(10): addslashes(null)
 2 SYSTEMPATH/View/View.php(224): include('/home/u810214334/domains/embellish-beauty.co.uk/public_html/app/Views/service_list.php')
 3 SYSTEMPATH/View/View.php(227): CodeIgniter\View\View->CodeIgniter\View\{closure}()
 4 SYSTEMPATH/Common.php(1173): CodeIgniter\View\View->render('service_list', [], true)
 5 APPPATH/Controllers/Home.php(129): view('service_list', [...])
 6 SYSTEMPATH/CodeIgniter.php(933): App\Controllers\Home->fetch_services()
 7 SYSTEMPATH/CodeIgniter.php(507): CodeIgniter\CodeIgniter->runController(Object(App\Controllers\Home))
 8 SYSTEMPATH/CodeIgniter.php(354): CodeIgniter\CodeIgniter->handleRequest(null, Object(Config\Cache), false)
 9 SYSTEMPATH/Boot.php(334): CodeIgniter\CodeIgniter->run()
10 SYSTEMPATH/Boot.php(67): CodeIgniter\Boot::runCodeIgniter(Object(CodeIgniter\CodeIgniter))
11 FCPATH/index.php(57): CodeIgniter\Boot::bootWeb(Object(Config\Paths))
WARNING - 2025-08-29 11:17:22 --> [DEPRECATED] addslashes(): Passing null to parameter #1 ($string) of type string is deprecated in APPPATH/Views/service_list.php on line 10.
 1 APPPATH/Views/service_list.php(10): addslashes(null)
 2 SYSTEMPATH/View/View.php(224): include('/home/u810214334/domains/embellish-beauty.co.uk/public_html/app/Views/service_list.php')
 3 SYSTEMPATH/View/View.php(227): CodeIgniter\View\View->CodeIgniter\View\{closure}()
 4 SYSTEMPATH/Common.php(1173): CodeIgniter\View\View->render('service_list', [], true)
 5 APPPATH/Controllers/Home.php(129): view('service_list', [...])
 6 SYSTEMPATH/CodeIgniter.php(933): App\Controllers\Home->fetch_services()
 7 SYSTEMPATH/CodeIgniter.php(507): CodeIgniter\CodeIgniter->runController(Object(App\Controllers\Home))
 8 SYSTEMPATH/CodeIgniter.php(354): CodeIgniter\CodeIgniter->handleRequest(null, Object(Config\Cache), false)
 9 SYSTEMPATH/Boot.php(334): CodeIgniter\CodeIgniter->run()
10 SYSTEMPATH/Boot.php(67): CodeIgniter\Boot::runCodeIgniter(Object(CodeIgniter\CodeIgniter))
11 FCPATH/index.php(57): CodeIgniter\Boot::bootWeb(Object(Config\Paths))
DEBUG - 2025-08-29 11:17:35 --> Session: Class initialized using 'CodeIgniter\Session\Handlers\FileHandler' driver.
DEBUG - 2025-08-29 11:17:46 --> Session: Class initialized using 'CodeIgniter\Session\Handlers\FileHandler' driver.
WARNING - 2025-08-29 11:17:46 --> [DEPRECATED] addslashes(): Passing null to parameter #1 ($string) of type string is deprecated in APPPATH/Views/service_list.php on line 10.
 1 APPPATH/Views/service_list.php(10): addslashes(null)
 2 SYSTEMPATH/View/View.php(224): include('/home/u810214334/domains/embellish-beauty.co.uk/public_html/app/Views/service_list.php')
 3 SYSTEMPATH/View/View.php(227): CodeIgniter\View\View->CodeIgniter\View\{closure}()
 4 SYSTEMPATH/Common.php(1173): CodeIgniter\View\View->render('service_list', [], true)
 5 APPPATH/Controllers/Home.php(129): view('service_list', [...])
 6 SYSTEMPATH/CodeIgniter.php(933): App\Controllers\Home->fetch_services()
 7 SYSTEMPATH/CodeIgniter.php(507): CodeIgniter\CodeIgniter->runController(Object(App\Controllers\Home))
 8 SYSTEMPATH/CodeIgniter.php(354): CodeIgniter\CodeIgniter->handleRequest(null, Object(Config\Cache), false)
 9 SYSTEMPATH/Boot.php(334): CodeIgniter\CodeIgniter->run()
10 SYSTEMPATH/Boot.php(67): CodeIgniter\Boot::runCodeIgniter(Object(CodeIgniter\CodeIgniter))
11 FCPATH/index.php(57): CodeIgniter\Boot::bootWeb(Object(Config\Paths))
WARNING - 2025-08-29 11:17:46 --> [DEPRECATED] addslashes(): Passing null to parameter #1 ($string) of type string is deprecated in APPPATH/Views/service_list.php on line 10.
 1 APPPATH/Views/service_list.php(10): addslashes(null)
 2 SYSTEMPATH/View/View.php(224): include('/home/u810214334/domains/embellish-beauty.co.uk/public_html/app/Views/service_list.php')
 3 SYSTEMPATH/View/View.php(227): CodeIgniter\View\View->CodeIgniter\View\{closure}()
 4 SYSTEMPATH/Common.php(1173): CodeIgniter\View\View->render('service_list', [], true)
 5 APPPATH/Controllers/Home.php(129): view('service_list', [...])
 6 SYSTEMPATH/CodeIgniter.php(933): App\Controllers\Home->fetch_services()
 7 SYSTEMPATH/CodeIgniter.php(507): CodeIgniter\CodeIgniter->runController(Object(App\Controllers\Home))
 8 SYSTEMPATH/CodeIgniter.php(354): CodeIgniter\CodeIgniter->handleRequest(null, Object(Config\Cache), false)
 9 SYSTEMPATH/Boot.php(334): CodeIgniter\CodeIgniter->run()
10 SYSTEMPATH/Boot.php(67): CodeIgniter\Boot::runCodeIgniter(Object(CodeIgniter\CodeIgniter))
11 FCPATH/index.php(57): CodeIgniter\Boot::bootWeb(Object(Config\Paths))
WARNING - 2025-08-29 11:17:46 --> [DEPRECATED] addslashes(): Passing null to parameter #1 ($string) of type string is deprecated in APPPATH/Views/service_list.php on line 10.
 1 APPPATH/Views/service_list.php(10): addslashes(null)
 2 SYSTEMPATH/View/View.php(224): include('/home/u810214334/domains/embellish-beauty.co.uk/public_html/app/Views/service_list.php')
 3 SYSTEMPATH/View/View.php(227): CodeIgniter\View\View->CodeIgniter\View\{closure}()
 4 SYSTEMPATH/Common.php(1173): CodeIgniter\View\View->render('service_list', [], true)
 5 APPPATH/Controllers/Home.php(129): view('service_list', [...])
 6 SYSTEMPATH/CodeIgniter.php(933): App\Controllers\Home->fetch_services()
 7 SYSTEMPATH/CodeIgniter.php(507): CodeIgniter\CodeIgniter->runController(Object(App\Controllers\Home))
 8 SYSTEMPATH/CodeIgniter.php(354): CodeIgniter\CodeIgniter->handleRequest(null, Object(Config\Cache), false)
 9 SYSTEMPATH/Boot.php(334): CodeIgniter\CodeIgniter->run()
10 SYSTEMPATH/Boot.php(67): CodeIgniter\Boot::runCodeIgniter(Object(CodeIgniter\CodeIgniter))
11 FCPATH/index.php(57): CodeIgniter\Boot::bootWeb(Object(Config\Paths))
WARNING - 2025-08-29 11:17:46 --> [DEPRECATED] addslashes(): Passing null to parameter #1 ($string) of type string is deprecated in APPPATH/Views/service_list.php on line 10.
 1 APPPATH/Views/service_list.php(10): addslashes(null)
 2 SYSTEMPATH/View/View.php(224): include('/home/u810214334/domains/embellish-beauty.co.uk/public_html/app/Views/service_list.php')
 3 SYSTEMPATH/View/View.php(227): CodeIgniter\View\View->CodeIgniter\View\{closure}()
 4 SYSTEMPATH/Common.php(1173): CodeIgniter\View\View->render('service_list', [], true)
 5 APPPATH/Controllers/Home.php(129): view('service_list', [...])
 6 SYSTEMPATH/CodeIgniter.php(933): App\Controllers\Home->fetch_services()
 7 SYSTEMPATH/CodeIgniter.php(507): CodeIgniter\CodeIgniter->runController(Object(App\Controllers\Home))
 8 SYSTEMPATH/CodeIgniter.php(354): CodeIgniter\CodeIgniter->handleRequest(null, Object(Config\Cache), false)
 9 SYSTEMPATH/Boot.php(334): CodeIgniter\CodeIgniter->run()
10 SYSTEMPATH/Boot.php(67): CodeIgniter\Boot::runCodeIgniter(Object(CodeIgniter\CodeIgniter))
11 FCPATH/index.php(57): CodeIgniter\Boot::bootWeb(Object(Config\Paths))
WARNING - 2025-08-29 11:17:46 --> [DEPRECATED] addslashes(): Passing null to parameter #1 ($string) of type string is deprecated in APPPATH/Views/service_list.php on line 10.
 1 APPPATH/Views/service_list.php(10): addslashes(null)
 2 SYSTEMPATH/View/View.php(224): include('/home/u810214334/domains/embellish-beauty.co.uk/public_html/app/Views/service_list.php')
 3 SYSTEMPATH/View/View.php(227): CodeIgniter\View\View->CodeIgniter\View\{closure}()
 4 SYSTEMPATH/Common.php(1173): CodeIgniter\View\View->render('service_list', [], true)
 5 APPPATH/Controllers/Home.php(129): view('service_list', [...])
 6 SYSTEMPATH/CodeIgniter.php(933): App\Controllers\Home->fetch_services()
 7 SYSTEMPATH/CodeIgniter.php(507): CodeIgniter\CodeIgniter->runController(Object(App\Controllers\Home))
 8 SYSTEMPATH/CodeIgniter.php(354): CodeIgniter\CodeIgniter->handleRequest(null, Object(Config\Cache), false)
 9 SYSTEMPATH/Boot.php(334): CodeIgniter\CodeIgniter->run()
10 SYSTEMPATH/Boot.php(67): CodeIgniter\Boot::runCodeIgniter(Object(CodeIgniter\CodeIgniter))
11 FCPATH/index.php(57): CodeIgniter\Boot::bootWeb(Object(Config\Paths))
WARNING - 2025-08-29 11:17:46 --> [DEPRECATED] addslashes(): Passing null to parameter #1 ($string) of type string is deprecated in APPPATH/Views/service_list.php on line 10.
 1 APPPATH/Views/service_list.php(10): addslashes(null)
 2 SYSTEMPATH/View/View.php(224): include('/home/u810214334/domains/embellish-beauty.co.uk/public_html/app/Views/service_list.php')
 3 SYSTEMPATH/View/View.php(227): CodeIgniter\View\View->CodeIgniter\View\{closure}()
 4 SYSTEMPATH/Common.php(1173): CodeIgniter\View\View->render('service_list', [], true)
 5 APPPATH/Controllers/Home.php(129): view('service_list', [...])
 6 SYSTEMPATH/CodeIgniter.php(933): App\Controllers\Home->fetch_services()
 7 SYSTEMPATH/CodeIgniter.php(507): CodeIgniter\CodeIgniter->runController(Object(App\Controllers\Home))
 8 SYSTEMPATH/CodeIgniter.php(354): CodeIgniter\CodeIgniter->handleRequest(null, Object(Config\Cache), false)
 9 SYSTEMPATH/Boot.php(334): CodeIgniter\CodeIgniter->run()
10 SYSTEMPATH/Boot.php(67): CodeIgniter\Boot::runCodeIgniter(Object(CodeIgniter\CodeIgniter))
11 FCPATH/index.php(57): CodeIgniter\Boot::bootWeb(Object(Config\Paths))
WARNING - 2025-08-29 11:17:46 --> [DEPRECATED] addslashes(): Passing null to parameter #1 ($string) of type string is deprecated in APPPATH/Views/service_list.php on line 10.
 1 APPPATH/Views/service_list.php(10): addslashes(null)
 2 SYSTEMPATH/View/View.php(224): include('/home/u810214334/domains/embellish-beauty.co.uk/public_html/app/Views/service_list.php')
 3 SYSTEMPATH/View/View.php(227): CodeIgniter\View\View->CodeIgniter\View\{closure}()
 4 SYSTEMPATH/Common.php(1173): CodeIgniter\View\View->render('service_list', [], true)
 5 APPPATH/Controllers/Home.php(129): view('service_list', [...])
 6 SYSTEMPATH/CodeIgniter.php(933): App\Controllers\Home->fetch_services()
 7 SYSTEMPATH/CodeIgniter.php(507): CodeIgniter\CodeIgniter->runController(Object(App\Controllers\Home))
 8 SYSTEMPATH/CodeIgniter.php(354): CodeIgniter\CodeIgniter->handleRequest(null, Object(Config\Cache), false)
 9 SYSTEMPATH/Boot.php(334): CodeIgniter\CodeIgniter->run()
10 SYSTEMPATH/Boot.php(67): CodeIgniter\Boot::runCodeIgniter(Object(CodeIgniter\CodeIgniter))
11 FCPATH/index.php(57): CodeIgniter\Boot::bootWeb(Object(Config\Paths))
WARNING - 2025-08-29 11:17:46 --> [DEPRECATED] addslashes(): Passing null to parameter #1 ($string) of type string is deprecated in APPPATH/Views/service_list.php on line 10.
 1 APPPATH/Views/service_list.php(10): addslashes(null)
 2 SYSTEMPATH/View/View.php(224): include('/home/u810214334/domains/embellish-beauty.co.uk/public_html/app/Views/service_list.php')
 3 SYSTEMPATH/View/View.php(227): CodeIgniter\View\View->CodeIgniter\View\{closure}()
 4 SYSTEMPATH/Common.php(1173): CodeIgniter\View\View->render('service_list', [], true)
 5 APPPATH/Controllers/Home.php(129): view('service_list', [...])
 6 SYSTEMPATH/CodeIgniter.php(933): App\Controllers\Home->fetch_services()
 7 SYSTEMPATH/CodeIgniter.php(507): CodeIgniter\CodeIgniter->runController(Object(App\Controllers\Home))
 8 SYSTEMPATH/CodeIgniter.php(354): CodeIgniter\CodeIgniter->handleRequest(null, Object(Config\Cache), false)
 9 SYSTEMPATH/Boot.php(334): CodeIgniter\CodeIgniter->run()
10 SYSTEMPATH/Boot.php(67): CodeIgniter\Boot::runCodeIgniter(Object(CodeIgniter\CodeIgniter))
11 FCPATH/index.php(57): CodeIgniter\Boot::bootWeb(Object(Config\Paths))
DEBUG - 2025-08-29 11:17:47 --> Session: Class initialized using 'CodeIgniter\Session\Handlers\FileHandler' driver.
WARNING - 2025-08-29 11:17:47 --> [DEPRECATED] addslashes(): Passing null to parameter #1 ($string) of type string is deprecated in APPPATH/Views/service_list.php on line 10.
 1 APPPATH/Views/service_list.php(10): addslashes(null)
 2 SYSTEMPATH/View/View.php(224): include('/home/u810214334/domains/embellish-beauty.co.uk/public_html/app/Views/service_list.php')
 3 SYSTEMPATH/View/View.php(227): CodeIgniter\View\View->CodeIgniter\View\{closure}()
 4 SYSTEMPATH/Common.php(1173): CodeIgniter\View\View->render('service_list', [], true)
 5 APPPATH/Controllers/Home.php(129): view('service_list', [...])
 6 SYSTEMPATH/CodeIgniter.php(933): App\Controllers\Home->fetch_services()
 7 SYSTEMPATH/CodeIgniter.php(507): CodeIgniter\CodeIgniter->runController(Object(App\Controllers\Home))
 8 SYSTEMPATH/CodeIgniter.php(354): CodeIgniter\CodeIgniter->handleRequest(null, Object(Config\Cache), false)
 9 SYSTEMPATH/Boot.php(334): CodeIgniter\CodeIgniter->run()
10 SYSTEMPATH/Boot.php(67): CodeIgniter\Boot::runCodeIgniter(Object(CodeIgniter\CodeIgniter))
11 FCPATH/index.php(57): CodeIgniter\Boot::bootWeb(Object(Config\Paths))
WARNING - 2025-08-29 11:17:47 --> [DEPRECATED] addslashes(): Passing null to parameter #1 ($string) of type string is deprecated in APPPATH/Views/service_list.php on line 10.
 1 APPPATH/Views/service_list.php(10): addslashes(null)
 2 SYSTEMPATH/View/View.php(224): include('/home/u810214334/domains/embellish-beauty.co.uk/public_html/app/Views/service_list.php')
 3 SYSTEMPATH/View/View.php(227): CodeIgniter\View\View->CodeIgniter\View\{closure}()
 4 SYSTEMPATH/Common.php(1173): CodeIgniter\View\View->render('service_list', [], true)
 5 APPPATH/Controllers/Home.php(129): view('service_list', [...])
 6 SYSTEMPATH/CodeIgniter.php(933): App\Controllers\Home->fetch_services()
 7 SYSTEMPATH/CodeIgniter.php(507): CodeIgniter\CodeIgniter->runController(Object(App\Controllers\Home))
 8 SYSTEMPATH/CodeIgniter.php(354): CodeIgniter\CodeIgniter->handleRequest(null, Object(Config\Cache), false)
 9 SYSTEMPATH/Boot.php(334): CodeIgniter\CodeIgniter->run()
10 SYSTEMPATH/Boot.php(67): CodeIgniter\Boot::runCodeIgniter(Object(CodeIgniter\CodeIgniter))
11 FCPATH/index.php(57): CodeIgniter\Boot::bootWeb(Object(Config\Paths))
WARNING - 2025-08-29 11:17:47 --> [DEPRECATED] addslashes(): Passing null to parameter #1 ($string) of type string is deprecated in APPPATH/Views/service_list.php on line 10.
 1 APPPATH/Views/service_list.php(10): addslashes(null)
 2 SYSTEMPATH/View/View.php(224): include('/home/u810214334/domains/embellish-beauty.co.uk/public_html/app/Views/service_list.php')
 3 SYSTEMPATH/View/View.php(227): CodeIgniter\View\View->CodeIgniter\View\{closure}()
 4 SYSTEMPATH/Common.php(1173): CodeIgniter\View\View->render('service_list', [], true)
 5 APPPATH/Controllers/Home.php(129): view('service_list', [...])
 6 SYSTEMPATH/CodeIgniter.php(933): App\Controllers\Home->fetch_services()
 7 SYSTEMPATH/CodeIgniter.php(507): CodeIgniter\CodeIgniter->runController(Object(App\Controllers\Home))
 8 SYSTEMPATH/CodeIgniter.php(354): CodeIgniter\CodeIgniter->handleRequest(null, Object(Config\Cache), false)
 9 SYSTEMPATH/Boot.php(334): CodeIgniter\CodeIgniter->run()
10 SYSTEMPATH/Boot.php(67): CodeIgniter\Boot::runCodeIgniter(Object(CodeIgniter\CodeIgniter))
11 FCPATH/index.php(57): CodeIgniter\Boot::bootWeb(Object(Config\Paths))
WARNING - 2025-08-29 11:17:47 --> [DEPRECATED] addslashes(): Passing null to parameter #1 ($string) of type string is deprecated in APPPATH/Views/service_list.php on line 10.
 1 APPPATH/Views/service_list.php(10): addslashes(null)
 2 SYSTEMPATH/View/View.php(224): include('/home/u810214334/domains/embellish-beauty.co.uk/public_html/app/Views/service_list.php')
 3 SYSTEMPATH/View/View.php(227): CodeIgniter\View\View->CodeIgniter\View\{closure}()
 4 SYSTEMPATH/Common.php(1173): CodeIgniter\View\View->render('service_list', [], true)
 5 APPPATH/Controllers/Home.php(129): view('service_list', [...])
 6 SYSTEMPATH/CodeIgniter.php(933): App\Controllers\Home->fetch_services()
 7 SYSTEMPATH/CodeIgniter.php(507): CodeIgniter\CodeIgniter->runController(Object(App\Controllers\Home))
 8 SYSTEMPATH/CodeIgniter.php(354): CodeIgniter\CodeIgniter->handleRequest(null, Object(Config\Cache), false)
 9 SYSTEMPATH/Boot.php(334): CodeIgniter\CodeIgniter->run()
10 SYSTEMPATH/Boot.php(67): CodeIgniter\Boot::runCodeIgniter(Object(CodeIgniter\CodeIgniter))
11 FCPATH/index.php(57): CodeIgniter\Boot::bootWeb(Object(Config\Paths))
WARNING - 2025-08-29 11:17:47 --> [DEPRECATED] addslashes(): Passing null to parameter #1 ($string) of type string is deprecated in APPPATH/Views/service_list.php on line 10.
 1 APPPATH/Views/service_list.php(10): addslashes(null)
 2 SYSTEMPATH/View/View.php(224): include('/home/u810214334/domains/embellish-beauty.co.uk/public_html/app/Views/service_list.php')
 3 SYSTEMPATH/View/View.php(227): CodeIgniter\View\View->CodeIgniter\View\{closure}()
 4 SYSTEMPATH/Common.php(1173): CodeIgniter\View\View->render('service_list', [], true)
 5 APPPATH/Controllers/Home.php(129): view('service_list', [...])
 6 SYSTEMPATH/CodeIgniter.php(933): App\Controllers\Home->fetch_services()
 7 SYSTEMPATH/CodeIgniter.php(507): CodeIgniter\CodeIgniter->runController(Object(App\Controllers\Home))
 8 SYSTEMPATH/CodeIgniter.php(354): CodeIgniter\CodeIgniter->handleRequest(null, Object(Config\Cache), false)
 9 SYSTEMPATH/Boot.php(334): CodeIgniter\CodeIgniter->run()
10 SYSTEMPATH/Boot.php(67): CodeIgniter\Boot::runCodeIgniter(Object(CodeIgniter\CodeIgniter))
11 FCPATH/index.php(57): CodeIgniter\Boot::bootWeb(Object(Config\Paths))
WARNING - 2025-08-29 11:17:47 --> [DEPRECATED] addslashes(): Passing null to parameter #1 ($string) of type string is deprecated in APPPATH/Views/service_list.php on line 10.
 1 APPPATH/Views/service_list.php(10): addslashes(null)
 2 SYSTEMPATH/View/View.php(224): include('/home/u810214334/domains/embellish-beauty.co.uk/public_html/app/Views/service_list.php')
 3 SYSTEMPATH/View/View.php(227): CodeIgniter\View\View->CodeIgniter\View\{closure}()
 4 SYSTEMPATH/Common.php(1173): CodeIgniter\View\View->render('service_list', [], true)
 5 APPPATH/Controllers/Home.php(129): view('service_list', [...])
 6 SYSTEMPATH/CodeIgniter.php(933): App\Controllers\Home->fetch_services()
 7 SYSTEMPATH/CodeIgniter.php(507): CodeIgniter\CodeIgniter->runController(Object(App\Controllers\Home))
 8 SYSTEMPATH/CodeIgniter.php(354): CodeIgniter\CodeIgniter->handleRequest(null, Object(Config\Cache), false)
 9 SYSTEMPATH/Boot.php(334): CodeIgniter\CodeIgniter->run()
10 SYSTEMPATH/Boot.php(67): CodeIgniter\Boot::runCodeIgniter(Object(CodeIgniter\CodeIgniter))
11 FCPATH/index.php(57): CodeIgniter\Boot::bootWeb(Object(Config\Paths))
WARNING - 2025-08-29 11:17:47 --> [DEPRECATED] addslashes(): Passing null to parameter #1 ($string) of type string is deprecated in APPPATH/Views/service_list.php on line 10.
 1 APPPATH/Views/service_list.php(10): addslashes(null)
 2 SYSTEMPATH/View/View.php(224): include('/home/u810214334/domains/embellish-beauty.co.uk/public_html/app/Views/service_list.php')
 3 SYSTEMPATH/View/View.php(227): CodeIgniter\View\View->CodeIgniter\View\{closure}()
 4 SYSTEMPATH/Common.php(1173): CodeIgniter\View\View->render('service_list', [], true)
 5 APPPATH/Controllers/Home.php(129): view('service_list', [...])
 6 SYSTEMPATH/CodeIgniter.php(933): App\Controllers\Home->fetch_services()
 7 SYSTEMPATH/CodeIgniter.php(507): CodeIgniter\CodeIgniter->runController(Object(App\Controllers\Home))
 8 SYSTEMPATH/CodeIgniter.php(354): CodeIgniter\CodeIgniter->handleRequest(null, Object(Config\Cache), false)
 9 SYSTEMPATH/Boot.php(334): CodeIgniter\CodeIgniter->run()
10 SYSTEMPATH/Boot.php(67): CodeIgniter\Boot::runCodeIgniter(Object(CodeIgniter\CodeIgniter))
11 FCPATH/index.php(57): CodeIgniter\Boot::bootWeb(Object(Config\Paths))
WARNING - 2025-08-29 11:17:47 --> [DEPRECATED] addslashes(): Passing null to parameter #1 ($string) of type string is deprecated in APPPATH/Views/service_list.php on line 10.
 1 APPPATH/Views/service_list.php(10): addslashes(null)
 2 SYSTEMPATH/View/View.php(224): include('/home/u810214334/domains/embellish-beauty.co.uk/public_html/app/Views/service_list.php')
 3 SYSTEMPATH/View/View.php(227): CodeIgniter\View\View->CodeIgniter\View\{closure}()
 4 SYSTEMPATH/Common.php(1173): CodeIgniter\View\View->render('service_list', [], true)
 5 APPPATH/Controllers/Home.php(129): view('service_list', [...])
 6 SYSTEMPATH/CodeIgniter.php(933): App\Controllers\Home->fetch_services()
 7 SYSTEMPATH/CodeIgniter.php(507): CodeIgniter\CodeIgniter->runController(Object(App\Controllers\Home))
 8 SYSTEMPATH/CodeIgniter.php(354): CodeIgniter\CodeIgniter->handleRequest(null, Object(Config\Cache), false)
 9 SYSTEMPATH/Boot.php(334): CodeIgniter\CodeIgniter->run()
10 SYSTEMPATH/Boot.php(67): CodeIgniter\Boot::runCodeIgniter(Object(CodeIgniter\CodeIgniter))
11 FCPATH/index.php(57): CodeIgniter\Boot::bootWeb(Object(Config\Paths))
WARNING - 2025-08-29 11:17:47 --> [DEPRECATED] addslashes(): Passing null to parameter #1 ($string) of type string is deprecated in APPPATH/Views/service_list.php on line 10.
 1 APPPATH/Views/service_list.php(10): addslashes(null)
 2 SYSTEMPATH/View/View.php(224): include('/home/u810214334/domains/embellish-beauty.co.uk/public_html/app/Views/service_list.php')
 3 SYSTEMPATH/View/View.php(227): CodeIgniter\View\View->CodeIgniter\View\{closure}()
 4 SYSTEMPATH/Common.php(1173): CodeIgniter\View\View->render('service_list', [], true)
 5 APPPATH/Controllers/Home.php(129): view('service_list', [...])
 6 SYSTEMPATH/CodeIgniter.php(933): App\Controllers\Home->fetch_services()
 7 SYSTEMPATH/CodeIgniter.php(507): CodeIgniter\CodeIgniter->runController(Object(App\Controllers\Home))
 8 SYSTEMPATH/CodeIgniter.php(354): CodeIgniter\CodeIgniter->handleRequest(null, Object(Config\Cache), false)
 9 SYSTEMPATH/Boot.php(334): CodeIgniter\CodeIgniter->run()
10 SYSTEMPATH/Boot.php(67): CodeIgniter\Boot::runCodeIgniter(Object(CodeIgniter\CodeIgniter))
11 FCPATH/index.php(57): CodeIgniter\Boot::bootWeb(Object(Config\Paths))
DEBUG - 2025-08-29 11:17:51 --> Session: Class initialized using 'CodeIgniter\Session\Handlers\FileHandler' driver.
DEBUG - 2025-08-29 11:17:59 --> Session: Class initialized using 'CodeIgniter\Session\Handlers\FileHandler' driver.
DEBUG - 2025-08-29 11:17:59 --> Session: Class initialized using 'CodeIgniter\Session\Handlers\FileHandler' driver.
DEBUG - 2025-08-29 11:18:58 --> Session: Class initialized using 'CodeIgniter\Session\Handlers\FileHandler' driver.
DEBUG - 2025-08-29 11:18:59 --> Session: Class initialized using 'CodeIgniter\Session\Handlers\FileHandler' driver.
DEBUG - 2025-08-29 11:19:09 --> Session: Class initialized using 'CodeIgniter\Session\Handlers\FileHandler' driver.
DEBUG - 2025-08-29 11:19:13 --> Session: Class initialized using 'CodeIgniter\Session\Handlers\FileHandler' driver.
DEBUG - 2025-08-29 11:19:20 --> Session: Class initialized using 'CodeIgniter\Session\Handlers\FileHandler' driver.
DEBUG - 2025-08-29 11:19:26 --> Session: Class initialized using 'CodeIgniter\Session\Handlers\FileHandler' driver.
DEBUG - 2025-08-29 11:51:31 --> Session: Class initialized using 'CodeIgniter\Session\Handlers\FileHandler' driver.
DEBUG - 2025-08-29 11:51:31 --> Session: Class initialized using 'CodeIgniter\Session\Handlers\FileHandler' driver.
DEBUG - 2025-08-29 11:51:33 --> Session: Class initialized using 'CodeIgniter\Session\Handlers\FileHandler' driver.
DEBUG - 2025-08-29 11:51:52 --> Session: Class initialized using 'CodeIgniter\Session\Handlers\FileHandler' driver.
DEBUG - 2025-08-29 12:03:55 --> Session: Class initialized using 'CodeIgniter\Session\Handlers\FileHandler' driver.
DEBUG - 2025-08-29 12:03:55 --> Session: Class initialized using 'CodeIgniter\Session\Handlers\FileHandler' driver.
DEBUG - 2025-08-29 12:04:02 --> Session: Class initialized using 'CodeIgniter\Session\Handlers\FileHandler' driver.
DEBUG - 2025-08-29 12:08:26 --> Session: Class initialized using 'CodeIgniter\Session\Handlers\FileHandler' driver.
DEBUG - 2025-08-29 12:10:16 --> Session: Class initialized using 'CodeIgniter\Session\Handlers\FileHandler' driver.
DEBUG - 2025-08-29 12:22:10 --> Session: Class initialized using 'CodeIgniter\Session\Handlers\FileHandler' driver.
DEBUG - 2025-08-29 12:23:53 --> Session: Class initialized using 'CodeIgniter\Session\Handlers\FileHandler' driver.
DEBUG - 2025-08-29 12:24:02 --> Session: Class initialized using 'CodeIgniter\Session\Handlers\FileHandler' driver.
DEBUG - 2025-08-29 13:23:08 --> Session: Class initialized using 'CodeIgniter\Session\Handlers\FileHandler' driver.
DEBUG - 2025-08-29 13:23:08 --> Session: Class initialized using 'CodeIgniter\Session\Handlers\FileHandler' driver.
DEBUG - 2025-08-29 13:23:11 --> Session: Class initialized using 'CodeIgniter\Session\Handlers\FileHandler' driver.
DEBUG - 2025-08-29 13:23:12 --> Session: Class initialized using 'CodeIgniter\Session\Handlers\FileHandler' driver.
DEBUG - 2025-08-29 13:23:16 --> Session: Class initialized using 'CodeIgniter\Session\Handlers\FileHandler' driver.
DEBUG - 2025-08-29 13:23:30 --> Session: Class initialized using 'CodeIgniter\Session\Handlers\FileHandler' driver.
DEBUG - 2025-08-29 13:43:10 --> Session: Class initialized using 'CodeIgniter\Session\Handlers\FileHandler' driver.
DEBUG - 2025-08-29 13:44:55 --> Session: Class initialized using 'CodeIgniter\Session\Handlers\FileHandler' driver.
DEBUG - 2025-08-29 14:20:01 --> Session: Class initialized using 'CodeIgniter\Session\Handlers\FileHandler' driver.
DEBUG - 2025-08-29 14:20:05 --> Session: Class initialized using 'CodeIgniter\Session\Handlers\FileHandler' driver.
DEBUG - 2025-08-29 14:20:08 --> Session: Class initialized using 'CodeIgniter\Session\Handlers\FileHandler' driver.
DEBUG - 2025-08-29 14:20:14 --> Session: Class initialized using 'CodeIgniter\Session\Handlers\FileHandler' driver.
DEBUG - 2025-08-29 14:20:14 --> Session: Class initialized using 'CodeIgniter\Session\Handlers\FileHandler' driver.
DEBUG - 2025-08-29 14:20:17 --> Session: Class initialized using 'CodeIgniter\Session\Handlers\FileHandler' driver.
DEBUG - 2025-08-29 14:20:21 --> Session: Class initialized using 'CodeIgniter\Session\Handlers\FileHandler' driver.
DEBUG - 2025-08-29 14:20:33 --> Session: Class initialized using 'CodeIgniter\Session\Handlers\FileHandler' driver.
DEBUG - 2025-08-29 14:20:34 --> Session: Class initialized using 'CodeIgniter\Session\Handlers\FileHandler' driver.
DEBUG - 2025-08-29 14:20:37 --> Session: Class initialized using 'CodeIgniter\Session\Handlers\FileHandler' driver.
DEBUG - 2025-08-29 14:20:38 --> Session: Class initialized using 'CodeIgniter\Session\Handlers\FileHandler' driver.
DEBUG - 2025-08-29 14:20:38 --> Session: Class initialized using 'CodeIgniter\Session\Handlers\FileHandler' driver.
WARNING - 2025-08-29 14:20:38 --> [DEPRECATED] addslashes(): Passing null to parameter #1 ($string) of type string is deprecated in APPPATH/Views/service_list.php on line 10.
 1 APPPATH/Views/service_list.php(10): addslashes(null)
 2 SYSTEMPATH/View/View.php(224): include('/home/u810214334/domains/embellish-beauty.co.uk/public_html/app/Views/service_list.php')
 3 SYSTEMPATH/View/View.php(227): CodeIgniter\View\View->CodeIgniter\View\{closure}()
 4 SYSTEMPATH/Common.php(1173): CodeIgniter\View\View->render('service_list', [], true)
 5 APPPATH/Controllers/Home.php(129): view('service_list', [...])
 6 SYSTEMPATH/CodeIgniter.php(933): App\Controllers\Home->fetch_services()
 7 SYSTEMPATH/CodeIgniter.php(507): CodeIgniter\CodeIgniter->runController(Object(App\Controllers\Home))
 8 SYSTEMPATH/CodeIgniter.php(354): CodeIgniter\CodeIgniter->handleRequest(null, Object(Config\Cache), false)
 9 SYSTEMPATH/Boot.php(334): CodeIgniter\CodeIgniter->run()
10 SYSTEMPATH/Boot.php(67): CodeIgniter\Boot::runCodeIgniter(Object(CodeIgniter\CodeIgniter))
11 FCPATH/index.php(57): CodeIgniter\Boot::bootWeb(Object(Config\Paths))
WARNING - 2025-08-29 14:20:38 --> [DEPRECATED] addslashes(): Passing null to parameter #1 ($string) of type string is deprecated in APPPATH/Views/service_list.php on line 10.
 1 APPPATH/Views/service_list.php(10): addslashes(null)
 2 SYSTEMPATH/View/View.php(224): include('/home/u810214334/domains/embellish-beauty.co.uk/public_html/app/Views/service_list.php')
 3 SYSTEMPATH/View/View.php(227): CodeIgniter\View\View->CodeIgniter\View\{closure}()
 4 SYSTEMPATH/Common.php(1173): CodeIgniter\View\View->render('service_list', [], true)
 5 APPPATH/Controllers/Home.php(129): view('service_list', [...])
 6 SYSTEMPATH/CodeIgniter.php(933): App\Controllers\Home->fetch_services()
 7 SYSTEMPATH/CodeIgniter.php(507): CodeIgniter\CodeIgniter->runController(Object(App\Controllers\Home))
 8 SYSTEMPATH/CodeIgniter.php(354): CodeIgniter\CodeIgniter->handleRequest(null, Object(Config\Cache), false)
 9 SYSTEMPATH/Boot.php(334): CodeIgniter\CodeIgniter->run()
10 SYSTEMPATH/Boot.php(67): CodeIgniter\Boot::runCodeIgniter(Object(CodeIgniter\CodeIgniter))
11 FCPATH/index.php(57): CodeIgniter\Boot::bootWeb(Object(Config\Paths))
WARNING - 2025-08-29 14:20:38 --> [DEPRECATED] addslashes(): Passing null to parameter #1 ($string) of type string is deprecated in APPPATH/Views/service_list.php on line 10.
 1 APPPATH/Views/service_list.php(10): addslashes(null)
 2 SYSTEMPATH/View/View.php(224): include('/home/u810214334/domains/embellish-beauty.co.uk/public_html/app/Views/service_list.php')
 3 SYSTEMPATH/View/View.php(227): CodeIgniter\View\View->CodeIgniter\View\{closure}()
 4 SYSTEMPATH/Common.php(1173): CodeIgniter\View\View->render('service_list', [], true)
 5 APPPATH/Controllers/Home.php(129): view('service_list', [...])
 6 SYSTEMPATH/CodeIgniter.php(933): App\Controllers\Home->fetch_services()
 7 SYSTEMPATH/CodeIgniter.php(507): CodeIgniter\CodeIgniter->runController(Object(App\Controllers\Home))
 8 SYSTEMPATH/CodeIgniter.php(354): CodeIgniter\CodeIgniter->handleRequest(null, Object(Config\Cache), false)
 9 SYSTEMPATH/Boot.php(334): CodeIgniter\CodeIgniter->run()
10 SYSTEMPATH/Boot.php(67): CodeIgniter\Boot::runCodeIgniter(Object(CodeIgniter\CodeIgniter))
11 FCPATH/index.php(57): CodeIgniter\Boot::bootWeb(Object(Config\Paths))
WARNING - 2025-08-29 14:20:38 --> [DEPRECATED] addslashes(): Passing null to parameter #1 ($string) of type string is deprecated in APPPATH/Views/service_list.php on line 10.
 1 APPPATH/Views/service_list.php(10): addslashes(null)
 2 SYSTEMPATH/View/View.php(224): include('/home/u810214334/domains/embellish-beauty.co.uk/public_html/app/Views/service_list.php')
 3 SYSTEMPATH/View/View.php(227): CodeIgniter\View\View->CodeIgniter\View\{closure}()
 4 SYSTEMPATH/Common.php(1173): CodeIgniter\View\View->render('service_list', [], true)
 5 APPPATH/Controllers/Home.php(129): view('service_list', [...])
 6 SYSTEMPATH/CodeIgniter.php(933): App\Controllers\Home->fetch_services()
 7 SYSTEMPATH/CodeIgniter.php(507): CodeIgniter\CodeIgniter->runController(Object(App\Controllers\Home))
 8 SYSTEMPATH/CodeIgniter.php(354): CodeIgniter\CodeIgniter->handleRequest(null, Object(Config\Cache), false)
 9 SYSTEMPATH/Boot.php(334): CodeIgniter\CodeIgniter->run()
10 SYSTEMPATH/Boot.php(67): CodeIgniter\Boot::runCodeIgniter(Object(CodeIgniter\CodeIgniter))
11 FCPATH/index.php(57): CodeIgniter\Boot::bootWeb(Object(Config\Paths))
WARNING - 2025-08-29 14:20:38 --> [DEPRECATED] addslashes(): Passing null to parameter #1 ($string) of type string is deprecated in APPPATH/Views/service_list.php on line 10.
 1 APPPATH/Views/service_list.php(10): addslashes(null)
 2 SYSTEMPATH/View/View.php(224): include('/home/u810214334/domains/embellish-beauty.co.uk/public_html/app/Views/service_list.php')
 3 SYSTEMPATH/View/View.php(227): CodeIgniter\View\View->CodeIgniter\View\{closure}()
 4 SYSTEMPATH/Common.php(1173): CodeIgniter\View\View->render('service_list', [], true)
 5 APPPATH/Controllers/Home.php(129): view('service_list', [...])
 6 SYSTEMPATH/CodeIgniter.php(933): App\Controllers\Home->fetch_services()
 7 SYSTEMPATH/CodeIgniter.php(507): CodeIgniter\CodeIgniter->runController(Object(App\Controllers\Home))
 8 SYSTEMPATH/CodeIgniter.php(354): CodeIgniter\CodeIgniter->handleRequest(null, Object(Config\Cache), false)
 9 SYSTEMPATH/Boot.php(334): CodeIgniter\CodeIgniter->run()
10 SYSTEMPATH/Boot.php(67): CodeIgniter\Boot::runCodeIgniter(Object(CodeIgniter\CodeIgniter))
11 FCPATH/index.php(57): CodeIgniter\Boot::bootWeb(Object(Config\Paths))
WARNING - 2025-08-29 14:20:38 --> [DEPRECATED] addslashes(): Passing null to parameter #1 ($string) of type string is deprecated in APPPATH/Views/service_list.php on line 10.
 1 APPPATH/Views/service_list.php(10): addslashes(null)
 2 SYSTEMPATH/View/View.php(224): include('/home/u810214334/domains/embellish-beauty.co.uk/public_html/app/Views/service_list.php')
 3 SYSTEMPATH/View/View.php(227): CodeIgniter\View\View->CodeIgniter\View\{closure}()
 4 SYSTEMPATH/Common.php(1173): CodeIgniter\View\View->render('service_list', [], true)
 5 APPPATH/Controllers/Home.php(129): view('service_list', [...])
 6 SYSTEMPATH/CodeIgniter.php(933): App\Controllers\Home->fetch_services()
 7 SYSTEMPATH/CodeIgniter.php(507): CodeIgniter\CodeIgniter->runController(Object(App\Controllers\Home))
 8 SYSTEMPATH/CodeIgniter.php(354): CodeIgniter\CodeIgniter->handleRequest(null, Object(Config\Cache), false)
 9 SYSTEMPATH/Boot.php(334): CodeIgniter\CodeIgniter->run()
10 SYSTEMPATH/Boot.php(67): CodeIgniter\Boot::runCodeIgniter(Object(CodeIgniter\CodeIgniter))
11 FCPATH/index.php(57): CodeIgniter\Boot::bootWeb(Object(Config\Paths))
WARNING - 2025-08-29 14:20:38 --> [DEPRECATED] addslashes(): Passing null to parameter #1 ($string) of type string is deprecated in APPPATH/Views/service_list.php on line 10.
 1 APPPATH/Views/service_list.php(10): addslashes(null)
 2 SYSTEMPATH/View/View.php(224): include('/home/u810214334/domains/embellish-beauty.co.uk/public_html/app/Views/service_list.php')
 3 SYSTEMPATH/View/View.php(227): CodeIgniter\View\View->CodeIgniter\View\{closure}()
 4 SYSTEMPATH/Common.php(1173): CodeIgniter\View\View->render('service_list', [], true)
 5 APPPATH/Controllers/Home.php(129): view('service_list', [...])
 6 SYSTEMPATH/CodeIgniter.php(933): App\Controllers\Home->fetch_services()
 7 SYSTEMPATH/CodeIgniter.php(507): CodeIgniter\CodeIgniter->runController(Object(App\Controllers\Home))
 8 SYSTEMPATH/CodeIgniter.php(354): CodeIgniter\CodeIgniter->handleRequest(null, Object(Config\Cache), false)
 9 SYSTEMPATH/Boot.php(334): CodeIgniter\CodeIgniter->run()
10 SYSTEMPATH/Boot.php(67): CodeIgniter\Boot::runCodeIgniter(Object(CodeIgniter\CodeIgniter))
11 FCPATH/index.php(57): CodeIgniter\Boot::bootWeb(Object(Config\Paths))
WARNING - 2025-08-29 14:20:38 --> [DEPRECATED] addslashes(): Passing null to parameter #1 ($string) of type string is deprecated in APPPATH/Views/service_list.php on line 10.
 1 APPPATH/Views/service_list.php(10): addslashes(null)
 2 SYSTEMPATH/View/View.php(224): include('/home/u810214334/domains/embellish-beauty.co.uk/public_html/app/Views/service_list.php')
 3 SYSTEMPATH/View/View.php(227): CodeIgniter\View\View->CodeIgniter\View\{closure}()
 4 SYSTEMPATH/Common.php(1173): CodeIgniter\View\View->render('service_list', [], true)
 5 APPPATH/Controllers/Home.php(129): view('service_list', [...])
 6 SYSTEMPATH/CodeIgniter.php(933): App\Controllers\Home->fetch_services()
 7 SYSTEMPATH/CodeIgniter.php(507): CodeIgniter\CodeIgniter->runController(Object(App\Controllers\Home))
 8 SYSTEMPATH/CodeIgniter.php(354): CodeIgniter\CodeIgniter->handleRequest(null, Object(Config\Cache), false)
 9 SYSTEMPATH/Boot.php(334): CodeIgniter\CodeIgniter->run()
10 SYSTEMPATH/Boot.php(67): CodeIgniter\Boot::runCodeIgniter(Object(CodeIgniter\CodeIgniter))
11 FCPATH/index.php(57): CodeIgniter\Boot::bootWeb(Object(Config\Paths))
WARNING - 2025-08-29 14:20:38 --> [DEPRECATED] addslashes(): Passing null to parameter #1 ($string) of type string is deprecated in APPPATH/Views/service_list.php on line 10.
 1 APPPATH/Views/service_list.php(10): addslashes(null)
 2 SYSTEMPATH/View/View.php(224): include('/home/u810214334/domains/embellish-beauty.co.uk/public_html/app/Views/service_list.php')
 3 SYSTEMPATH/View/View.php(227): CodeIgniter\View\View->CodeIgniter\View\{closure}()
 4 SYSTEMPATH/Common.php(1173): CodeIgniter\View\View->render('service_list', [], true)
 5 APPPATH/Controllers/Home.php(129): view('service_list', [...])
 6 SYSTEMPATH/CodeIgniter.php(933): App\Controllers\Home->fetch_services()
 7 SYSTEMPATH/CodeIgniter.php(507): CodeIgniter\CodeIgniter->runController(Object(App\Controllers\Home))
 8 SYSTEMPATH/CodeIgniter.php(354): CodeIgniter\CodeIgniter->handleRequest(null, Object(Config\Cache), false)
 9 SYSTEMPATH/Boot.php(334): CodeIgniter\CodeIgniter->run()
10 SYSTEMPATH/Boot.php(67): CodeIgniter\Boot::runCodeIgniter(Object(CodeIgniter\CodeIgniter))
11 FCPATH/index.php(57): CodeIgniter\Boot::bootWeb(Object(Config\Paths))
WARNING - 2025-08-29 14:20:38 --> [DEPRECATED] addslashes(): Passing null to parameter #1 ($string) of type string is deprecated in APPPATH/Views/service_list.php on line 10.
 1 APPPATH/Views/service_list.php(10): addslashes(null)
 2 SYSTEMPATH/View/View.php(224): include('/home/u810214334/domains/embellish-beauty.co.uk/public_html/app/Views/service_list.php')
 3 SYSTEMPATH/View/View.php(227): CodeIgniter\View\View->CodeIgniter\View\{closure}()
 4 SYSTEMPATH/Common.php(1173): CodeIgniter\View\View->render('service_list', [], true)
 5 APPPATH/Controllers/Home.php(129): view('service_list', [...])
 6 SYSTEMPATH/CodeIgniter.php(933): App\Controllers\Home->fetch_services()
 7 SYSTEMPATH/CodeIgniter.php(507): CodeIgniter\CodeIgniter->runController(Object(App\Controllers\Home))
 8 SYSTEMPATH/CodeIgniter.php(354): CodeIgniter\CodeIgniter->handleRequest(null, Object(Config\Cache), false)
 9 SYSTEMPATH/Boot.php(334): CodeIgniter\CodeIgniter->run()
10 SYSTEMPATH/Boot.php(67): CodeIgniter\Boot::runCodeIgniter(Object(CodeIgniter\CodeIgniter))
11 FCPATH/index.php(57): CodeIgniter\Boot::bootWeb(Object(Config\Paths))
WARNING - 2025-08-29 14:20:38 --> [DEPRECATED] addslashes(): Passing null to parameter #1 ($string) of type string is deprecated in APPPATH/Views/service_list.php on line 10.
 1 APPPATH/Views/service_list.php(10): addslashes(null)
 2 SYSTEMPATH/View/View.php(224): include('/home/u810214334/domains/embellish-beauty.co.uk/public_html/app/Views/service_list.php')
 3 SYSTEMPATH/View/View.php(227): CodeIgniter\View\View->CodeIgniter\View\{closure}()
 4 SYSTEMPATH/Common.php(1173): CodeIgniter\View\View->render('service_list', [], true)
 5 APPPATH/Controllers/Home.php(129): view('service_list', [...])
 6 SYSTEMPATH/CodeIgniter.php(933): App\Controllers\Home->fetch_services()
 7 SYSTEMPATH/CodeIgniter.php(507): CodeIgniter\CodeIgniter->runController(Object(App\Controllers\Home))
 8 SYSTEMPATH/CodeIgniter.php(354): CodeIgniter\CodeIgniter->handleRequest(null, Object(Config\Cache), false)
 9 SYSTEMPATH/Boot.php(334): CodeIgniter\CodeIgniter->run()
10 SYSTEMPATH/Boot.php(67): CodeIgniter\Boot::runCodeIgniter(Object(CodeIgniter\CodeIgniter))
11 FCPATH/index.php(57): CodeIgniter\Boot::bootWeb(Object(Config\Paths))
WARNING - 2025-08-29 14:20:38 --> [DEPRECATED] addslashes(): Passing null to parameter #1 ($string) of type string is deprecated in APPPATH/Views/service_list.php on line 10.
 1 APPPATH/Views/service_list.php(10): addslashes(null)
 2 SYSTEMPATH/View/View.php(224): include('/home/u810214334/domains/embellish-beauty.co.uk/public_html/app/Views/service_list.php')
 3 SYSTEMPATH/View/View.php(227): CodeIgniter\View\View->CodeIgniter\View\{closure}()
 4 SYSTEMPATH/Common.php(1173): CodeIgniter\View\View->render('service_list', [], true)
 5 APPPATH/Controllers/Home.php(129): view('service_list', [...])
 6 SYSTEMPATH/CodeIgniter.php(933): App\Controllers\Home->fetch_services()
 7 SYSTEMPATH/CodeIgniter.php(507): CodeIgniter\CodeIgniter->runController(Object(App\Controllers\Home))
 8 SYSTEMPATH/CodeIgniter.php(354): CodeIgniter\CodeIgniter->handleRequest(null, Object(Config\Cache), false)
 9 SYSTEMPATH/Boot.php(334): CodeIgniter\CodeIgniter->run()
10 SYSTEMPATH/Boot.php(67): CodeIgniter\Boot::runCodeIgniter(Object(CodeIgniter\CodeIgniter))
11 FCPATH/index.php(57): CodeIgniter\Boot::bootWeb(Object(Config\Paths))
WARNING - 2025-08-29 14:20:38 --> [DEPRECATED] addslashes(): Passing null to parameter #1 ($string) of type string is deprecated in APPPATH/Views/service_list.php on line 10.
 1 APPPATH/Views/service_list.php(10): addslashes(null)
 2 SYSTEMPATH/View/View.php(224): include('/home/u810214334/domains/embellish-beauty.co.uk/public_html/app/Views/service_list.php')
 3 SYSTEMPATH/View/View.php(227): CodeIgniter\View\View->CodeIgniter\View\{closure}()
 4 SYSTEMPATH/Common.php(1173): CodeIgniter\View\View->render('service_list', [], true)
 5 APPPATH/Controllers/Home.php(129): view('service_list', [...])
 6 SYSTEMPATH/CodeIgniter.php(933): App\Controllers\Home->fetch_services()
 7 SYSTEMPATH/CodeIgniter.php(507): CodeIgniter\CodeIgniter->runController(Object(App\Controllers\Home))
 8 SYSTEMPATH/CodeIgniter.php(354): CodeIgniter\CodeIgniter->handleRequest(null, Object(Config\Cache), false)
 9 SYSTEMPATH/Boot.php(334): CodeIgniter\CodeIgniter->run()
10 SYSTEMPATH/Boot.php(67): CodeIgniter\Boot::runCodeIgniter(Object(CodeIgniter\CodeIgniter))
11 FCPATH/index.php(57): CodeIgniter\Boot::bootWeb(Object(Config\Paths))
WARNING - 2025-08-29 14:20:38 --> [DEPRECATED] addslashes(): Passing null to parameter #1 ($string) of type string is deprecated in APPPATH/Views/service_list.php on line 10.
 1 APPPATH/Views/service_list.php(10): addslashes(null)
 2 SYSTEMPATH/View/View.php(224): include('/home/u810214334/domains/embellish-beauty.co.uk/public_html/app/Views/service_list.php')
 3 SYSTEMPATH/View/View.php(227): CodeIgniter\View\View->CodeIgniter\View\{closure}()
 4 SYSTEMPATH/Common.php(1173): CodeIgniter\View\View->render('service_list', [], true)
 5 APPPATH/Controllers/Home.php(129): view('service_list', [...])
 6 SYSTEMPATH/CodeIgniter.php(933): App\Controllers\Home->fetch_services()
 7 SYSTEMPATH/CodeIgniter.php(507): CodeIgniter\CodeIgniter->runController(Object(App\Controllers\Home))
 8 SYSTEMPATH/CodeIgniter.php(354): CodeIgniter\CodeIgniter->handleRequest(null, Object(Config\Cache), false)
 9 SYSTEMPATH/Boot.php(334): CodeIgniter\CodeIgniter->run()
10 SYSTEMPATH/Boot.php(67): CodeIgniter\Boot::runCodeIgniter(Object(CodeIgniter\CodeIgniter))
11 FCPATH/index.php(57): CodeIgniter\Boot::bootWeb(Object(Config\Paths))
WARNING - 2025-08-29 14:20:38 --> [DEPRECATED] addslashes(): Passing null to parameter #1 ($string) of type string is deprecated in APPPATH/Views/service_list.php on line 10.
 1 APPPATH/Views/service_list.php(10): addslashes(null)
 2 SYSTEMPATH/View/View.php(224): include('/home/u810214334/domains/embellish-beauty.co.uk/public_html/app/Views/service_list.php')
 3 SYSTEMPATH/View/View.php(227): CodeIgniter\View\View->CodeIgniter\View\{closure}()
 4 SYSTEMPATH/Common.php(1173): CodeIgniter\View\View->render('service_list', [], true)
 5 APPPATH/Controllers/Home.php(129): view('service_list', [...])
 6 SYSTEMPATH/CodeIgniter.php(933): App\Controllers\Home->fetch_services()
 7 SYSTEMPATH/CodeIgniter.php(507): CodeIgniter\CodeIgniter->runController(Object(App\Controllers\Home))
 8 SYSTEMPATH/CodeIgniter.php(354): CodeIgniter\CodeIgniter->handleRequest(null, Object(Config\Cache), false)
 9 SYSTEMPATH/Boot.php(334): CodeIgniter\CodeIgniter->run()
10 SYSTEMPATH/Boot.php(67): CodeIgniter\Boot::runCodeIgniter(Object(CodeIgniter\CodeIgniter))
11 FCPATH/index.php(57): CodeIgniter\Boot::bootWeb(Object(Config\Paths))
WARNING - 2025-08-29 14:20:38 --> [DEPRECATED] addslashes(): Passing null to parameter #1 ($string) of type string is deprecated in APPPATH/Views/service_list.php on line 10.
 1 APPPATH/Views/service_list.php(10): addslashes(null)
 2 SYSTEMPATH/View/View.php(224): include('/home/u810214334/domains/embellish-beauty.co.uk/public_html/app/Views/service_list.php')
 3 SYSTEMPATH/View/View.php(227): CodeIgniter\View\View->CodeIgniter\View\{closure}()
 4 SYSTEMPATH/Common.php(1173): CodeIgniter\View\View->render('service_list', [], true)
 5 APPPATH/Controllers/Home.php(129): view('service_list', [...])
 6 SYSTEMPATH/CodeIgniter.php(933): App\Controllers\Home->fetch_services()
 7 SYSTEMPATH/CodeIgniter.php(507): CodeIgniter\CodeIgniter->runController(Object(App\Controllers\Home))
 8 SYSTEMPATH/CodeIgniter.php(354): CodeIgniter\CodeIgniter->handleRequest(null, Object(Config\Cache), false)
 9 SYSTEMPATH/Boot.php(334): CodeIgniter\CodeIgniter->run()
10 SYSTEMPATH/Boot.php(67): CodeIgniter\Boot::runCodeIgniter(Object(CodeIgniter\CodeIgniter))
11 FCPATH/index.php(57): CodeIgniter\Boot::bootWeb(Object(Config\Paths))
WARNING - 2025-08-29 14:20:38 --> [DEPRECATED] addslashes(): Passing null to parameter #1 ($string) of type string is deprecated in APPPATH/Views/service_list.php on line 10.
 1 APPPATH/Views/service_list.php(10): addslashes(null)
 2 SYSTEMPATH/View/View.php(224): include('/home/u810214334/domains/embellish-beauty.co.uk/public_html/app/Views/service_list.php')
 3 SYSTEMPATH/View/View.php(227): CodeIgniter\View\View->CodeIgniter\View\{closure}()
 4 SYSTEMPATH/Common.php(1173): CodeIgniter\View\View->render('service_list', [], true)
 5 APPPATH/Controllers/Home.php(129): view('service_list', [...])
 6 SYSTEMPATH/CodeIgniter.php(933): App\Controllers\Home->fetch_services()
 7 SYSTEMPATH/CodeIgniter.php(507): CodeIgniter\CodeIgniter->runController(Object(App\Controllers\Home))
 8 SYSTEMPATH/CodeIgniter.php(354): CodeIgniter\CodeIgniter->handleRequest(null, Object(Config\Cache), false)
 9 SYSTEMPATH/Boot.php(334): CodeIgniter\CodeIgniter->run()
10 SYSTEMPATH/Boot.php(67): CodeIgniter\Boot::runCodeIgniter(Object(CodeIgniter\CodeIgniter))
11 FCPATH/index.php(57): CodeIgniter\Boot::bootWeb(Object(Config\Paths))
WARNING - 2025-08-29 14:20:38 --> [DEPRECATED] addslashes(): Passing null to parameter #1 ($string) of type string is deprecated in APPPATH/Views/service_list.php on line 10.
 1 APPPATH/Views/service_list.php(10): addslashes(null)
 2 SYSTEMPATH/View/View.php(224): include('/home/u810214334/domains/embellish-beauty.co.uk/public_html/app/Views/service_list.php')
 3 SYSTEMPATH/View/View.php(227): CodeIgniter\View\View->CodeIgniter\View\{closure}()
 4 SYSTEMPATH/Common.php(1173): CodeIgniter\View\View->render('service_list', [], true)
 5 APPPATH/Controllers/Home.php(129): view('service_list', [...])
 6 SYSTEMPATH/CodeIgniter.php(933): App\Controllers\Home->fetch_services()
 7 SYSTEMPATH/CodeIgniter.php(507): CodeIgniter\CodeIgniter->runController(Object(App\Controllers\Home))
 8 SYSTEMPATH/CodeIgniter.php(354): CodeIgniter\CodeIgniter->handleRequest(null, Object(Config\Cache), false)
 9 SYSTEMPATH/Boot.php(334): CodeIgniter\CodeIgniter->run()
10 SYSTEMPATH/Boot.php(67): CodeIgniter\Boot::runCodeIgniter(Object(CodeIgniter\CodeIgniter))
11 FCPATH/index.php(57): CodeIgniter\Boot::bootWeb(Object(Config\Paths))
WARNING - 2025-08-29 14:20:38 --> [DEPRECATED] addslashes(): Passing null to parameter #1 ($string) of type string is deprecated in APPPATH/Views/service_list.php on line 10.
 1 APPPATH/Views/service_list.php(10): addslashes(null)
 2 SYSTEMPATH/View/View.php(224): include('/home/u810214334/domains/embellish-beauty.co.uk/public_html/app/Views/service_list.php')
 3 SYSTEMPATH/View/View.php(227): CodeIgniter\View\View->CodeIgniter\View\{closure}()
 4 SYSTEMPATH/Common.php(1173): CodeIgniter\View\View->render('service_list', [], true)
 5 APPPATH/Controllers/Home.php(129): view('service_list', [...])
 6 SYSTEMPATH/CodeIgniter.php(933): App\Controllers\Home->fetch_services()
 7 SYSTEMPATH/CodeIgniter.php(507): CodeIgniter\CodeIgniter->runController(Object(App\Controllers\Home))
 8 SYSTEMPATH/CodeIgniter.php(354): CodeIgniter\CodeIgniter->handleRequest(null, Object(Config\Cache), false)
 9 SYSTEMPATH/Boot.php(334): CodeIgniter\CodeIgniter->run()
10 SYSTEMPATH/Boot.php(67): CodeIgniter\Boot::runCodeIgniter(Object(CodeIgniter\CodeIgniter))
11 FCPATH/index.php(57): CodeIgniter\Boot::bootWeb(Object(Config\Paths))
WARNING - 2025-08-29 14:20:38 --> [DEPRECATED] addslashes(): Passing null to parameter #1 ($string) of type string is deprecated in APPPATH/Views/service_list.php on line 10.
 1 APPPATH/Views/service_list.php(10): addslashes(null)
 2 SYSTEMPATH/View/View.php(224): include('/home/u810214334/domains/embellish-beauty.co.uk/public_html/app/Views/service_list.php')
 3 SYSTEMPATH/View/View.php(227): CodeIgniter\View\View->CodeIgniter\View\{closure}()
 4 SYSTEMPATH/Common.php(1173): CodeIgniter\View\View->render('service_list', [], true)
 5 APPPATH/Controllers/Home.php(129): view('service_list', [...])
 6 SYSTEMPATH/CodeIgniter.php(933): App\Controllers\Home->fetch_services()
 7 SYSTEMPATH/CodeIgniter.php(507): CodeIgniter\CodeIgniter->runController(Object(App\Controllers\Home))
 8 SYSTEMPATH/CodeIgniter.php(354): CodeIgniter\CodeIgniter->handleRequest(null, Object(Config\Cache), false)
 9 SYSTEMPATH/Boot.php(334): CodeIgniter\CodeIgniter->run()
10 SYSTEMPATH/Boot.php(67): CodeIgniter\Boot::runCodeIgniter(Object(CodeIgniter\CodeIgniter))
11 FCPATH/index.php(57): CodeIgniter\Boot::bootWeb(Object(Config\Paths))
WARNING - 2025-08-29 14:20:38 --> [DEPRECATED] addslashes(): Passing null to parameter #1 ($string) of type string is deprecated in APPPATH/Views/service_list.php on line 10.
 1 APPPATH/Views/service_list.php(10): addslashes(null)
 2 SYSTEMPATH/View/View.php(224): include('/home/u810214334/domains/embellish-beauty.co.uk/public_html/app/Views/service_list.php')
 3 SYSTEMPATH/View/View.php(227): CodeIgniter\View\View->CodeIgniter\View\{closure}()
 4 SYSTEMPATH/Common.php(1173): CodeIgniter\View\View->render('service_list', [], true)
 5 APPPATH/Controllers/Home.php(129): view('service_list', [...])
 6 SYSTEMPATH/CodeIgniter.php(933): App\Controllers\Home->fetch_services()
 7 SYSTEMPATH/CodeIgniter.php(507): CodeIgniter\CodeIgniter->runController(Object(App\Controllers\Home))
 8 SYSTEMPATH/CodeIgniter.php(354): CodeIgniter\CodeIgniter->handleRequest(null, Object(Config\Cache), false)
 9 SYSTEMPATH/Boot.php(334): CodeIgniter\CodeIgniter->run()
10 SYSTEMPATH/Boot.php(67): CodeIgniter\Boot::runCodeIgniter(Object(CodeIgniter\CodeIgniter))
11 FCPATH/index.php(57): CodeIgniter\Boot::bootWeb(Object(Config\Paths))
DEBUG - 2025-08-29 14:20:38 --> Session: Class initialized using 'CodeIgniter\Session\Handlers\FileHandler' driver.
DEBUG - 2025-08-29 14:20:45 --> Session: Class initialized using 'CodeIgniter\Session\Handlers\FileHandler' driver.
DEBUG - 2025-08-29 14:20:57 --> Session: Class initialized using 'CodeIgniter\Session\Handlers\FileHandler' driver.
DEBUG - 2025-08-29 14:20:59 --> Session: Class initialized using 'CodeIgniter\Session\Handlers\FileHandler' driver.
DEBUG - 2025-08-29 14:21:07 --> Session: Class initialized using 'CodeIgniter\Session\Handlers\FileHandler' driver.
DEBUG - 2025-08-29 14:28:02 --> Session: Class initialized using 'CodeIgniter\Session\Handlers\FileHandler' driver.
DEBUG - 2025-08-29 14:28:17 --> Session: Class initialized using 'CodeIgniter\Session\Handlers\FileHandler' driver.
DEBUG - 2025-08-29 14:39:36 --> Session: Class initialized using 'CodeIgniter\Session\Handlers\FileHandler' driver.
DEBUG - 2025-08-29 14:47:49 --> Session: Class initialized using 'CodeIgniter\Session\Handlers\FileHandler' driver.
DEBUG - 2025-08-29 14:47:49 --> Session: Class initialized using 'CodeIgniter\Session\Handlers\FileHandler' driver.
DEBUG - 2025-08-29 15:00:07 --> Session: Class initialized using 'CodeIgniter\Session\Handlers\FileHandler' driver.
DEBUG - 2025-08-29 15:00:10 --> Session: Class initialized using 'CodeIgniter\Session\Handlers\FileHandler' driver.
DEBUG - 2025-08-29 15:01:45 --> Session: Class initialized using 'CodeIgniter\Session\Handlers\FileHandler' driver.
DEBUG - 2025-08-29 15:02:14 --> Session: Class initialized using 'CodeIgniter\Session\Handlers\FileHandler' driver.
DEBUG - 2025-08-29 15:04:46 --> Session: Class initialized using 'CodeIgniter\Session\Handlers\FileHandler' driver.
DEBUG - 2025-08-29 15:04:57 --> Session: Class initialized using 'CodeIgniter\Session\Handlers\FileHandler' driver.
DEBUG - 2025-08-29 15:09:34 --> Session: Class initialized using 'CodeIgniter\Session\Handlers\FileHandler' driver.
DEBUG - 2025-08-29 15:12:30 --> Session: Class initialized using 'CodeIgniter\Session\Handlers\FileHandler' driver.
DEBUG - 2025-08-29 15:17:30 --> Session: Class initialized using 'CodeIgniter\Session\Handlers\FileHandler' driver.
DEBUG - 2025-08-29 15:17:30 --> Session: Class initialized using 'CodeIgniter\Session\Handlers\FileHandler' driver.
DEBUG - 2025-08-29 15:17:38 --> Session: Class initialized using 'CodeIgniter\Session\Handlers\FileHandler' driver.
DEBUG - 2025-08-29 15:17:38 --> Session: Class initialized using 'CodeIgniter\Session\Handlers\FileHandler' driver.
DEBUG - 2025-08-29 15:17:38 --> Session: Class initialized using 'CodeIgniter\Session\Handlers\FileHandler' driver.
DEBUG - 2025-08-29 15:17:53 --> Session: Class initialized using 'CodeIgniter\Session\Handlers\FileHandler' driver.
DEBUG - 2025-08-29 15:26:45 --> Session: Class initialized using 'CodeIgniter\Session\Handlers\FileHandler' driver.
DEBUG - 2025-08-29 15:34:31 --> Session: Class initialized using 'CodeIgniter\Session\Handlers\FileHandler' driver.
DEBUG - 2025-08-29 15:40:59 --> Session: Class initialized using 'CodeIgniter\Session\Handlers\FileHandler' driver.
DEBUG - 2025-08-29 15:44:19 --> Session: Class initialized using 'CodeIgniter\Session\Handlers\FileHandler' driver.
DEBUG - 2025-08-29 15:44:24 --> Session: Class initialized using 'CodeIgniter\Session\Handlers\FileHandler' driver.
DEBUG - 2025-08-29 15:44:24 --> Session: Class initialized using 'CodeIgniter\Session\Handlers\FileHandler' driver.
DEBUG - 2025-08-29 15:55:47 --> Session: Class initialized using 'CodeIgniter\Session\Handlers\FileHandler' driver.
DEBUG - 2025-08-29 15:55:51 --> Session: Class initialized using 'CodeIgniter\Session\Handlers\FileHandler' driver.
DEBUG - 2025-08-29 16:00:35 --> Session: Class initialized using 'CodeIgniter\Session\Handlers\FileHandler' driver.
DEBUG - 2025-08-29 16:00:36 --> Session: Class initialized using 'CodeIgniter\Session\Handlers\FileHandler' driver.
DEBUG - 2025-08-29 16:02:37 --> Session: Class initialized using 'CodeIgniter\Session\Handlers\FileHandler' driver.
DEBUG - 2025-08-29 16:02:38 --> Session: Class initialized using 'CodeIgniter\Session\Handlers\FileHandler' driver.
DEBUG - 2025-08-29 16:03:03 --> Session: Class initialized using 'CodeIgniter\Session\Handlers\FileHandler' driver.
DEBUG - 2025-08-29 16:03:04 --> Session: Class initialized using 'CodeIgniter\Session\Handlers\FileHandler' driver.
DEBUG - 2025-08-29 16:03:13 --> Session: Class initialized using 'CodeIgniter\Session\Handlers\FileHandler' driver.
DEBUG - 2025-08-29 16:03:52 --> Session: Class initialized using 'CodeIgniter\Session\Handlers\FileHandler' driver.
DEBUG - 2025-08-29 16:04:28 --> Session: Class initialized using 'CodeIgniter\Session\Handlers\FileHandler' driver.
DEBUG - 2025-08-29 16:04:29 --> Session: Class initialized using 'CodeIgniter\Session\Handlers\FileHandler' driver.
DEBUG - 2025-08-29 16:04:38 --> Session: Class initialized using 'CodeIgniter\Session\Handlers\FileHandler' driver.
DEBUG - 2025-08-29 16:04:39 --> Session: Class initialized using 'CodeIgniter\Session\Handlers\FileHandler' driver.
DEBUG - 2025-08-29 16:05:42 --> Session: Class initialized using 'CodeIgniter\Session\Handlers\FileHandler' driver.
DEBUG - 2025-08-29 16:21:48 --> Session: Class initialized using 'CodeIgniter\Session\Handlers\FileHandler' driver.
DEBUG - 2025-08-29 16:21:50 --> Session: Class initialized using 'CodeIgniter\Session\Handlers\FileHandler' driver.
DEBUG - 2025-08-29 16:23:13 --> Session: Class initialized using 'CodeIgniter\Session\Handlers\FileHandler' driver.
DEBUG - 2025-08-29 16:23:13 --> Session: Class initialized using 'CodeIgniter\Session\Handlers\FileHandler' driver.
DEBUG - 2025-08-29 16:52:30 --> Session: Class initialized using 'CodeIgniter\Session\Handlers\FileHandler' driver.
DEBUG - 2025-08-29 16:52:40 --> Session: Class initialized using 'CodeIgniter\Session\Handlers\FileHandler' driver.
DEBUG - 2025-08-29 16:52:44 --> Session: Class initialized using 'CodeIgniter\Session\Handlers\FileHandler' driver.
DEBUG - 2025-08-29 16:52:48 --> Session: Class initialized using 'CodeIgniter\Session\Handlers\FileHandler' driver.
DEBUG - 2025-08-29 16:52:50 --> Session: Class initialized using 'CodeIgniter\Session\Handlers\FileHandler' driver.
DEBUG - 2025-08-29 16:52:51 --> Session: Class initialized using 'CodeIgniter\Session\Handlers\FileHandler' driver.
DEBUG - 2025-08-29 16:52:52 --> Session: Class initialized using 'CodeIgniter\Session\Handlers\FileHandler' driver.
DEBUG - 2025-08-29 16:52:52 --> Session: Class initialized using 'CodeIgniter\Session\Handlers\FileHandler' driver.
DEBUG - 2025-08-29 16:55:45 --> Session: Class initialized using 'CodeIgniter\Session\Handlers\FileHandler' driver.
DEBUG - 2025-08-29 17:19:10 --> Session: Class initialized using 'CodeIgniter\Session\Handlers\FileHandler' driver.
DEBUG - 2025-08-29 17:21:08 --> Session: Class initialized using 'CodeIgniter\Session\Handlers\FileHandler' driver.
DEBUG - 2025-08-29 17:21:13 --> Session: Class initialized using 'CodeIgniter\Session\Handlers\FileHandler' driver.
DEBUG - 2025-08-29 17:21:23 --> Session: Class initialized using 'CodeIgniter\Session\Handlers\FileHandler' driver.
DEBUG - 2025-08-29 17:21:24 --> Session: Class initialized using 'CodeIgniter\Session\Handlers\FileHandler' driver.
DEBUG - 2025-08-29 17:21:25 --> Session: Class initialized using 'CodeIgniter\Session\Handlers\FileHandler' driver.
DEBUG - 2025-08-29 17:38:15 --> Session: Class initialized using 'CodeIgniter\Session\Handlers\FileHandler' driver.
DEBUG - 2025-08-29 17:38:51 --> Session: Class initialized using 'CodeIgniter\Session\Handlers\FileHandler' driver.
DEBUG - 2025-08-29 17:38:51 --> Session: Class initialized using 'CodeIgniter\Session\Handlers\FileHandler' driver.
DEBUG - 2025-08-29 17:38:51 --> Session: Class initialized using 'CodeIgniter\Session\Handlers\FileHandler' driver.
DEBUG - 2025-08-29 17:39:05 --> Session: Class initialized using 'CodeIgniter\Session\Handlers\FileHandler' driver.
DEBUG - 2025-08-29 17:41:02 --> Session: Class initialized using 'CodeIgniter\Session\Handlers\FileHandler' driver.
DEBUG - 2025-08-29 18:17:23 --> Session: Class initialized using 'CodeIgniter\Session\Handlers\FileHandler' driver.
DEBUG - 2025-08-29 18:47:08 --> Session: Class initialized using 'CodeIgniter\Session\Handlers\FileHandler' driver.
DEBUG - 2025-08-29 18:47:23 --> Session: Class initialized using 'CodeIgniter\Session\Handlers\FileHandler' driver.
DEBUG - 2025-08-29 18:47:38 --> Session: Class initialized using 'CodeIgniter\Session\Handlers\FileHandler' driver.
DEBUG - 2025-08-29 18:47:53 --> Session: Class initialized using 'CodeIgniter\Session\Handlers\FileHandler' driver.
DEBUG - 2025-08-29 18:48:09 --> Session: Class initialized using 'CodeIgniter\Session\Handlers\FileHandler' driver.
DEBUG - 2025-08-29 18:48:24 --> Session: Class initialized using 'CodeIgniter\Session\Handlers\FileHandler' driver.
DEBUG - 2025-08-29 19:24:09 --> Session: Class initialized using 'CodeIgniter\Session\Handlers\FileHandler' driver.
DEBUG - 2025-08-29 19:33:33 --> Session: Class initialized using 'CodeIgniter\Session\Handlers\FileHandler' driver.
DEBUG - 2025-08-29 19:33:36 --> Session: Class initialized using 'CodeIgniter\Session\Handlers\FileHandler' driver.
DEBUG - 2025-08-29 20:02:32 --> Session: Class initialized using 'CodeIgniter\Session\Handlers\FileHandler' driver.
DEBUG - 2025-08-29 20:02:34 --> Session: Class initialized using 'CodeIgniter\Session\Handlers\FileHandler' driver.
DEBUG - 2025-08-29 20:06:49 --> Session: Class initialized using 'CodeIgniter\Session\Handlers\FileHandler' driver.
CRITICAL - 2025-08-29 20:06:49 --> ErrorException: Trying to access array offset on value of type null
[Method: GET, Route: remove-from-cart]
in APPPATH/Controllers/Dashboard.php on line 145.
 1 APPPATH/Controllers/Dashboard.php(145): CodeIgniter\Debug\Exceptions->errorHandler()
 2 SYSTEMPATH/CodeIgniter.php(933): App\Controllers\Dashboard->remove_from_cart()
 3 SYSTEMPATH/CodeIgniter.php(507): CodeIgniter\CodeIgniter->runController()
 4 SYSTEMPATH/CodeIgniter.php(354): CodeIgniter\CodeIgniter->handleRequest()
 5 SYSTEMPATH/Boot.php(334): CodeIgniter\CodeIgniter->run()
 6 SYSTEMPATH/Boot.php(67): CodeIgniter\Boot::runCodeIgniter()
 7 FCPATH/index.php(57): CodeIgniter\Boot::bootWeb()
DEBUG - 2025-08-29 20:10:17 --> Session: Class initialized using 'CodeIgniter\Session\Handlers\FileHandler' driver.
DEBUG - 2025-08-29 20:10:18 --> Session: Class initialized using 'CodeIgniter\Session\Handlers\FileHandler' driver.
DEBUG - 2025-08-29 20:10:18 --> Session: Class initialized using 'CodeIgniter\Session\Handlers\FileHandler' driver.
DEBUG - 2025-08-29 20:10:33 --> Session: Class initialized using 'CodeIgniter\Session\Handlers\FileHandler' driver.
DEBUG - 2025-08-29 20:10:39 --> Session: Class initialized using 'CodeIgniter\Session\Handlers\FileHandler' driver.
DEBUG - 2025-08-29 20:10:44 --> Session: Class initialized using 'CodeIgniter\Session\Handlers\FileHandler' driver.
DEBUG - 2025-08-29 20:10:45 --> Session: Class initialized using 'CodeIgniter\Session\Handlers\FileHandler' driver.
DEBUG - 2025-08-29 20:10:45 --> Session: Class initialized using 'CodeIgniter\Session\Handlers\FileHandler' driver.
DEBUG - 2025-08-29 20:10:45 --> Session: Class initialized using 'CodeIgniter\Session\Handlers\FileHandler' driver.
DEBUG - 2025-08-29 20:10:48 --> Session: Class initialized using 'CodeIgniter\Session\Handlers\FileHandler' driver.
DEBUG - 2025-08-29 20:21:02 --> Session: Class initialized using 'CodeIgniter\Session\Handlers\FileHandler' driver.
DEBUG - 2025-08-29 20:24:17 --> Session: Class initialized using 'CodeIgniter\Session\Handlers\FileHandler' driver.
DEBUG - 2025-08-29 20:30:45 --> Session: Class initialized using 'CodeIgniter\Session\Handlers\FileHandler' driver.
DEBUG - 2025-08-29 20:42:49 --> Session: Class initialized using 'CodeIgniter\Session\Handlers\FileHandler' driver.
DEBUG - 2025-08-29 20:43:58 --> Session: Class initialized using 'CodeIgniter\Session\Handlers\FileHandler' driver.
DEBUG - 2025-08-29 20:44:01 --> Session: Class initialized using 'CodeIgniter\Session\Handlers\FileHandler' driver.
DEBUG - 2025-08-29 21:08:18 --> Session: Class initialized using 'CodeIgniter\Session\Handlers\FileHandler' driver.
DEBUG - 2025-08-29 21:08:36 --> Session: Class initialized using 'CodeIgniter\Session\Handlers\FileHandler' driver.
DEBUG - 2025-08-29 21:08:36 --> Session: Class initialized using 'CodeIgniter\Session\Handlers\FileHandler' driver.
DEBUG - 2025-08-29 21:08:36 --> Session: Class initialized using 'CodeIgniter\Session\Handlers\FileHandler' driver.
DEBUG - 2025-08-29 21:08:49 --> Session: Class initialized using 'CodeIgniter\Session\Handlers\FileHandler' driver.
DEBUG - 2025-08-29 21:08:52 --> Session: Class initialized using 'CodeIgniter\Session\Handlers\FileHandler' driver.
DEBUG - 2025-08-29 21:08:53 --> Session: Class initialized using 'CodeIgniter\Session\Handlers\FileHandler' driver.
DEBUG - 2025-08-29 21:08:53 --> Session: Class initialized using 'CodeIgniter\Session\Handlers\FileHandler' driver.
DEBUG - 2025-08-29 21:08:56 --> Session: Class initialized using 'CodeIgniter\Session\Handlers\FileHandler' driver.
DEBUG - 2025-08-29 21:09:31 --> Session: Class initialized using 'CodeIgniter\Session\Handlers\FileHandler' driver.
DEBUG - 2025-08-29 21:09:31 --> Session: Class initialized using 'CodeIgniter\Session\Handlers\FileHandler' driver.
DEBUG - 2025-08-29 21:09:36 --> Session: Class initialized using 'CodeIgniter\Session\Handlers\FileHandler' driver.
DEBUG - 2025-08-29 21:09:39 --> Session: Class initialized using 'CodeIgniter\Session\Handlers\FileHandler' driver.
DEBUG - 2025-08-29 21:09:39 --> Session: Class initialized using 'CodeIgniter\Session\Handlers\FileHandler' driver.
DEBUG - 2025-08-29 21:09:39 --> Session: Class initialized using 'CodeIgniter\Session\Handlers\FileHandler' driver.
WARNING - 2025-08-29 21:09:39 --> [DEPRECATED] addslashes(): Passing null to parameter #1 ($string) of type string is deprecated in APPPATH/Views/service_list.php on line 10.
 1 APPPATH/Views/service_list.php(10): addslashes(null)
 2 SYSTEMPATH/View/View.php(224): include('/home/u810214334/domains/embellish-beauty.co.uk/public_html/app/Views/service_list.php')
 3 SYSTEMPATH/View/View.php(227): CodeIgniter\View\View->CodeIgniter\View\{closure}()
 4 SYSTEMPATH/Common.php(1173): CodeIgniter\View\View->render('service_list', [], true)
 5 APPPATH/Controllers/Home.php(129): view('service_list', [...])
 6 SYSTEMPATH/CodeIgniter.php(933): App\Controllers\Home->fetch_services()
 7 SYSTEMPATH/CodeIgniter.php(507): CodeIgniter\CodeIgniter->runController(Object(App\Controllers\Home))
 8 SYSTEMPATH/CodeIgniter.php(354): CodeIgniter\CodeIgniter->handleRequest(null, Object(Config\Cache), false)
 9 SYSTEMPATH/Boot.php(334): CodeIgniter\CodeIgniter->run()
10 SYSTEMPATH/Boot.php(67): CodeIgniter\Boot::runCodeIgniter(Object(CodeIgniter\CodeIgniter))
11 FCPATH/index.php(57): CodeIgniter\Boot::bootWeb(Object(Config\Paths))
WARNING - 2025-08-29 21:09:39 --> [DEPRECATED] addslashes(): Passing null to parameter #1 ($string) of type string is deprecated in APPPATH/Views/service_list.php on line 10.
 1 APPPATH/Views/service_list.php(10): addslashes(null)
 2 SYSTEMPATH/View/View.php(224): include('/home/u810214334/domains/embellish-beauty.co.uk/public_html/app/Views/service_list.php')
 3 SYSTEMPATH/View/View.php(227): CodeIgniter\View\View->CodeIgniter\View\{closure}()
 4 SYSTEMPATH/Common.php(1173): CodeIgniter\View\View->render('service_list', [], true)
 5 APPPATH/Controllers/Home.php(129): view('service_list', [...])
 6 SYSTEMPATH/CodeIgniter.php(933): App\Controllers\Home->fetch_services()
 7 SYSTEMPATH/CodeIgniter.php(507): CodeIgniter\CodeIgniter->runController(Object(App\Controllers\Home))
 8 SYSTEMPATH/CodeIgniter.php(354): CodeIgniter\CodeIgniter->handleRequest(null, Object(Config\Cache), false)
 9 SYSTEMPATH/Boot.php(334): CodeIgniter\CodeIgniter->run()
10 SYSTEMPATH/Boot.php(67): CodeIgniter\Boot::runCodeIgniter(Object(CodeIgniter\CodeIgniter))
11 FCPATH/index.php(57): CodeIgniter\Boot::bootWeb(Object(Config\Paths))
WARNING - 2025-08-29 21:09:39 --> [DEPRECATED] addslashes(): Passing null to parameter #1 ($string) of type string is deprecated in APPPATH/Views/service_list.php on line 10.
 1 APPPATH/Views/service_list.php(10): addslashes(null)
 2 SYSTEMPATH/View/View.php(224): include('/home/u810214334/domains/embellish-beauty.co.uk/public_html/app/Views/service_list.php')
 3 SYSTEMPATH/View/View.php(227): CodeIgniter\View\View->CodeIgniter\View\{closure}()
 4 SYSTEMPATH/Common.php(1173): CodeIgniter\View\View->render('service_list', [], true)
 5 APPPATH/Controllers/Home.php(129): view('service_list', [...])
 6 SYSTEMPATH/CodeIgniter.php(933): App\Controllers\Home->fetch_services()
 7 SYSTEMPATH/CodeIgniter.php(507): CodeIgniter\CodeIgniter->runController(Object(App\Controllers\Home))
 8 SYSTEMPATH/CodeIgniter.php(354): CodeIgniter\CodeIgniter->handleRequest(null, Object(Config\Cache), false)
 9 SYSTEMPATH/Boot.php(334): CodeIgniter\CodeIgniter->run()
10 SYSTEMPATH/Boot.php(67): CodeIgniter\Boot::runCodeIgniter(Object(CodeIgniter\CodeIgniter))
11 FCPATH/index.php(57): CodeIgniter\Boot::bootWeb(Object(Config\Paths))
WARNING - 2025-08-29 21:09:39 --> [DEPRECATED] addslashes(): Passing null to parameter #1 ($string) of type string is deprecated in APPPATH/Views/service_list.php on line 10.
 1 APPPATH/Views/service_list.php(10): addslashes(null)
 2 SYSTEMPATH/View/View.php(224): include('/home/u810214334/domains/embellish-beauty.co.uk/public_html/app/Views/service_list.php')
 3 SYSTEMPATH/View/View.php(227): CodeIgniter\View\View->CodeIgniter\View\{closure}()
 4 SYSTEMPATH/Common.php(1173): CodeIgniter\View\View->render('service_list', [], true)
 5 APPPATH/Controllers/Home.php(129): view('service_list', [...])
 6 SYSTEMPATH/CodeIgniter.php(933): App\Controllers\Home->fetch_services()
 7 SYSTEMPATH/CodeIgniter.php(507): CodeIgniter\CodeIgniter->runController(Object(App\Controllers\Home))
 8 SYSTEMPATH/CodeIgniter.php(354): CodeIgniter\CodeIgniter->handleRequest(null, Object(Config\Cache), false)
 9 SYSTEMPATH/Boot.php(334): CodeIgniter\CodeIgniter->run()
10 SYSTEMPATH/Boot.php(67): CodeIgniter\Boot::runCodeIgniter(Object(CodeIgniter\CodeIgniter))
11 FCPATH/index.php(57): CodeIgniter\Boot::bootWeb(Object(Config\Paths))
WARNING - 2025-08-29 21:09:39 --> [DEPRECATED] addslashes(): Passing null to parameter #1 ($string) of type string is deprecated in APPPATH/Views/service_list.php on line 10.
 1 APPPATH/Views/service_list.php(10): addslashes(null)
 2 SYSTEMPATH/View/View.php(224): include('/home/u810214334/domains/embellish-beauty.co.uk/public_html/app/Views/service_list.php')
 3 SYSTEMPATH/View/View.php(227): CodeIgniter\View\View->CodeIgniter\View\{closure}()
 4 SYSTEMPATH/Common.php(1173): CodeIgniter\View\View->render('service_list', [], true)
 5 APPPATH/Controllers/Home.php(129): view('service_list', [...])
 6 SYSTEMPATH/CodeIgniter.php(933): App\Controllers\Home->fetch_services()
 7 SYSTEMPATH/CodeIgniter.php(507): CodeIgniter\CodeIgniter->runController(Object(App\Controllers\Home))
 8 SYSTEMPATH/CodeIgniter.php(354): CodeIgniter\CodeIgniter->handleRequest(null, Object(Config\Cache), false)
 9 SYSTEMPATH/Boot.php(334): CodeIgniter\CodeIgniter->run()
10 SYSTEMPATH/Boot.php(67): CodeIgniter\Boot::runCodeIgniter(Object(CodeIgniter\CodeIgniter))
11 FCPATH/index.php(57): CodeIgniter\Boot::bootWeb(Object(Config\Paths))
WARNING - 2025-08-29 21:09:39 --> [DEPRECATED] addslashes(): Passing null to parameter #1 ($string) of type string is deprecated in APPPATH/Views/service_list.php on line 10.
 1 APPPATH/Views/service_list.php(10): addslashes(null)
 2 SYSTEMPATH/View/View.php(224): include('/home/u810214334/domains/embellish-beauty.co.uk/public_html/app/Views/service_list.php')
 3 SYSTEMPATH/View/View.php(227): CodeIgniter\View\View->CodeIgniter\View\{closure}()
 4 SYSTEMPATH/Common.php(1173): CodeIgniter\View\View->render('service_list', [], true)
 5 APPPATH/Controllers/Home.php(129): view('service_list', [...])
 6 SYSTEMPATH/CodeIgniter.php(933): App\Controllers\Home->fetch_services()
 7 SYSTEMPATH/CodeIgniter.php(507): CodeIgniter\CodeIgniter->runController(Object(App\Controllers\Home))
 8 SYSTEMPATH/CodeIgniter.php(354): CodeIgniter\CodeIgniter->handleRequest(null, Object(Config\Cache), false)
 9 SYSTEMPATH/Boot.php(334): CodeIgniter\CodeIgniter->run()
10 SYSTEMPATH/Boot.php(67): CodeIgniter\Boot::runCodeIgniter(Object(CodeIgniter\CodeIgniter))
11 FCPATH/index.php(57): CodeIgniter\Boot::bootWeb(Object(Config\Paths))
WARNING - 2025-08-29 21:09:39 --> [DEPRECATED] addslashes(): Passing null to parameter #1 ($string) of type string is deprecated in APPPATH/Views/service_list.php on line 10.
 1 APPPATH/Views/service_list.php(10): addslashes(null)
 2 SYSTEMPATH/View/View.php(224): include('/home/u810214334/domains/embellish-beauty.co.uk/public_html/app/Views/service_list.php')
 3 SYSTEMPATH/View/View.php(227): CodeIgniter\View\View->CodeIgniter\View\{closure}()
 4 SYSTEMPATH/Common.php(1173): CodeIgniter\View\View->render('service_list', [], true)
 5 APPPATH/Controllers/Home.php(129): view('service_list', [...])
 6 SYSTEMPATH/CodeIgniter.php(933): App\Controllers\Home->fetch_services()
 7 SYSTEMPATH/CodeIgniter.php(507): CodeIgniter\CodeIgniter->runController(Object(App\Controllers\Home))
 8 SYSTEMPATH/CodeIgniter.php(354): CodeIgniter\CodeIgniter->handleRequest(null, Object(Config\Cache), false)
 9 SYSTEMPATH/Boot.php(334): CodeIgniter\CodeIgniter->run()
10 SYSTEMPATH/Boot.php(67): CodeIgniter\Boot::runCodeIgniter(Object(CodeIgniter\CodeIgniter))
11 FCPATH/index.php(57): CodeIgniter\Boot::bootWeb(Object(Config\Paths))
WARNING - 2025-08-29 21:09:39 --> [DEPRECATED] addslashes(): Passing null to parameter #1 ($string) of type string is deprecated in APPPATH/Views/service_list.php on line 10.
 1 APPPATH/Views/service_list.php(10): addslashes(null)
 2 SYSTEMPATH/View/View.php(224): include('/home/u810214334/domains/embellish-beauty.co.uk/public_html/app/Views/service_list.php')
 3 SYSTEMPATH/View/View.php(227): CodeIgniter\View\View->CodeIgniter\View\{closure}()
 4 SYSTEMPATH/Common.php(1173): CodeIgniter\View\View->render('service_list', [], true)
 5 APPPATH/Controllers/Home.php(129): view('service_list', [...])
 6 SYSTEMPATH/CodeIgniter.php(933): App\Controllers\Home->fetch_services()
 7 SYSTEMPATH/CodeIgniter.php(507): CodeIgniter\CodeIgniter->runController(Object(App\Controllers\Home))
 8 SYSTEMPATH/CodeIgniter.php(354): CodeIgniter\CodeIgniter->handleRequest(null, Object(Config\Cache), false)
 9 SYSTEMPATH/Boot.php(334): CodeIgniter\CodeIgniter->run()
10 SYSTEMPATH/Boot.php(67): CodeIgniter\Boot::runCodeIgniter(Object(CodeIgniter\CodeIgniter))
11 FCPATH/index.php(57): CodeIgniter\Boot::bootWeb(Object(Config\Paths))
WARNING - 2025-08-29 21:09:39 --> [DEPRECATED] addslashes(): Passing null to parameter #1 ($string) of type string is deprecated in APPPATH/Views/service_list.php on line 10.
 1 APPPATH/Views/service_list.php(10): addslashes(null)
 2 SYSTEMPATH/View/View.php(224): include('/home/u810214334/domains/embellish-beauty.co.uk/public_html/app/Views/service_list.php')
 3 SYSTEMPATH/View/View.php(227): CodeIgniter\View\View->CodeIgniter\View\{closure}()
 4 SYSTEMPATH/Common.php(1173): CodeIgniter\View\View->render('service_list', [], true)
 5 APPPATH/Controllers/Home.php(129): view('service_list', [...])
 6 SYSTEMPATH/CodeIgniter.php(933): App\Controllers\Home->fetch_services()
 7 SYSTEMPATH/CodeIgniter.php(507): CodeIgniter\CodeIgniter->runController(Object(App\Controllers\Home))
 8 SYSTEMPATH/CodeIgniter.php(354): CodeIgniter\CodeIgniter->handleRequest(null, Object(Config\Cache), false)
 9 SYSTEMPATH/Boot.php(334): CodeIgniter\CodeIgniter->run()
10 SYSTEMPATH/Boot.php(67): CodeIgniter\Boot::runCodeIgniter(Object(CodeIgniter\CodeIgniter))
11 FCPATH/index.php(57): CodeIgniter\Boot::bootWeb(Object(Config\Paths))
WARNING - 2025-08-29 21:09:39 --> [DEPRECATED] addslashes(): Passing null to parameter #1 ($string) of type string is deprecated in APPPATH/Views/service_list.php on line 10.
 1 APPPATH/Views/service_list.php(10): addslashes(null)
 2 SYSTEMPATH/View/View.php(224): include('/home/u810214334/domains/embellish-beauty.co.uk/public_html/app/Views/service_list.php')
 3 SYSTEMPATH/View/View.php(227): CodeIgniter\View\View->CodeIgniter\View\{closure}()
 4 SYSTEMPATH/Common.php(1173): CodeIgniter\View\View->render('service_list', [], true)
 5 APPPATH/Controllers/Home.php(129): view('service_list', [...])
 6 SYSTEMPATH/CodeIgniter.php(933): App\Controllers\Home->fetch_services()
 7 SYSTEMPATH/CodeIgniter.php(507): CodeIgniter\CodeIgniter->runController(Object(App\Controllers\Home))
 8 SYSTEMPATH/CodeIgniter.php(354): CodeIgniter\CodeIgniter->handleRequest(null, Object(Config\Cache), false)
 9 SYSTEMPATH/Boot.php(334): CodeIgniter\CodeIgniter->run()
10 SYSTEMPATH/Boot.php(67): CodeIgniter\Boot::runCodeIgniter(Object(CodeIgniter\CodeIgniter))
11 FCPATH/index.php(57): CodeIgniter\Boot::bootWeb(Object(Config\Paths))
DEBUG - 2025-08-29 21:09:39 --> Session: Class initialized using 'CodeIgniter\Session\Handlers\FileHandler' driver.
DEBUG - 2025-08-29 21:09:58 --> Session: Class initialized using 'CodeIgniter\Session\Handlers\FileHandler' driver.
DEBUG - 2025-08-29 21:09:59 --> Session: Class initialized using 'CodeIgniter\Session\Handlers\FileHandler' driver.
DEBUG - 2025-08-29 21:09:59 --> Session: Class initialized using 'CodeIgniter\Session\Handlers\FileHandler' driver.
DEBUG - 2025-08-29 21:09:59 --> Session: Class initialized using 'CodeIgniter\Session\Handlers\FileHandler' driver.
DEBUG - 2025-08-29 21:10:00 --> Session: Class initialized using 'CodeIgniter\Session\Handlers\FileHandler' driver.
WARNING - 2025-08-29 21:10:00 --> [DEPRECATED] addslashes(): Passing null to parameter #1 ($string) of type string is deprecated in APPPATH/Views/service_list.php on line 10.
 1 APPPATH/Views/service_list.php(10): addslashes(null)
 2 SYSTEMPATH/View/View.php(224): include('/home/u810214334/domains/embellish-beauty.co.uk/public_html/app/Views/service_list.php')
 3 SYSTEMPATH/View/View.php(227): CodeIgniter\View\View->CodeIgniter\View\{closure}()
 4 SYSTEMPATH/Common.php(1173): CodeIgniter\View\View->render('service_list', [], true)
 5 APPPATH/Controllers/Home.php(129): view('service_list', [...])
 6 SYSTEMPATH/CodeIgniter.php(933): App\Controllers\Home->fetch_services()
 7 SYSTEMPATH/CodeIgniter.php(507): CodeIgniter\CodeIgniter->runController(Object(App\Controllers\Home))
 8 SYSTEMPATH/CodeIgniter.php(354): CodeIgniter\CodeIgniter->handleRequest(null, Object(Config\Cache), false)
 9 SYSTEMPATH/Boot.php(334): CodeIgniter\CodeIgniter->run()
10 SYSTEMPATH/Boot.php(67): CodeIgniter\Boot::runCodeIgniter(Object(CodeIgniter\CodeIgniter))
11 FCPATH/index.php(57): CodeIgniter\Boot::bootWeb(Object(Config\Paths))
WARNING - 2025-08-29 21:10:00 --> [DEPRECATED] addslashes(): Passing null to parameter #1 ($string) of type string is deprecated in APPPATH/Views/service_list.php on line 10.
 1 APPPATH/Views/service_list.php(10): addslashes(null)
 2 SYSTEMPATH/View/View.php(224): include('/home/u810214334/domains/embellish-beauty.co.uk/public_html/app/Views/service_list.php')
 3 SYSTEMPATH/View/View.php(227): CodeIgniter\View\View->CodeIgniter\View\{closure}()
 4 SYSTEMPATH/Common.php(1173): CodeIgniter\View\View->render('service_list', [], true)
 5 APPPATH/Controllers/Home.php(129): view('service_list', [...])
 6 SYSTEMPATH/CodeIgniter.php(933): App\Controllers\Home->fetch_services()
 7 SYSTEMPATH/CodeIgniter.php(507): CodeIgniter\CodeIgniter->runController(Object(App\Controllers\Home))
 8 SYSTEMPATH/CodeIgniter.php(354): CodeIgniter\CodeIgniter->handleRequest(null, Object(Config\Cache), false)
 9 SYSTEMPATH/Boot.php(334): CodeIgniter\CodeIgniter->run()
10 SYSTEMPATH/Boot.php(67): CodeIgniter\Boot::runCodeIgniter(Object(CodeIgniter\CodeIgniter))
11 FCPATH/index.php(57): CodeIgniter\Boot::bootWeb(Object(Config\Paths))
WARNING - 2025-08-29 21:10:00 --> [DEPRECATED] addslashes(): Passing null to parameter #1 ($string) of type string is deprecated in APPPATH/Views/service_list.php on line 10.
 1 APPPATH/Views/service_list.php(10): addslashes(null)
 2 SYSTEMPATH/View/View.php(224): include('/home/u810214334/domains/embellish-beauty.co.uk/public_html/app/Views/service_list.php')
 3 SYSTEMPATH/View/View.php(227): CodeIgniter\View\View->CodeIgniter\View\{closure}()
 4 SYSTEMPATH/Common.php(1173): CodeIgniter\View\View->render('service_list', [], true)
 5 APPPATH/Controllers/Home.php(129): view('service_list', [...])
 6 SYSTEMPATH/CodeIgniter.php(933): App\Controllers\Home->fetch_services()
 7 SYSTEMPATH/CodeIgniter.php(507): CodeIgniter\CodeIgniter->runController(Object(App\Controllers\Home))
 8 SYSTEMPATH/CodeIgniter.php(354): CodeIgniter\CodeIgniter->handleRequest(null, Object(Config\Cache), false)
 9 SYSTEMPATH/Boot.php(334): CodeIgniter\CodeIgniter->run()
10 SYSTEMPATH/Boot.php(67): CodeIgniter\Boot::runCodeIgniter(Object(CodeIgniter\CodeIgniter))
11 FCPATH/index.php(57): CodeIgniter\Boot::bootWeb(Object(Config\Paths))
WARNING - 2025-08-29 21:10:00 --> [DEPRECATED] addslashes(): Passing null to parameter #1 ($string) of type string is deprecated in APPPATH/Views/service_list.php on line 10.
 1 APPPATH/Views/service_list.php(10): addslashes(null)
 2 SYSTEMPATH/View/View.php(224): include('/home/u810214334/domains/embellish-beauty.co.uk/public_html/app/Views/service_list.php')
 3 SYSTEMPATH/View/View.php(227): CodeIgniter\View\View->CodeIgniter\View\{closure}()
 4 SYSTEMPATH/Common.php(1173): CodeIgniter\View\View->render('service_list', [], true)
 5 APPPATH/Controllers/Home.php(129): view('service_list', [...])
 6 SYSTEMPATH/CodeIgniter.php(933): App\Controllers\Home->fetch_services()
 7 SYSTEMPATH/CodeIgniter.php(507): CodeIgniter\CodeIgniter->runController(Object(App\Controllers\Home))
 8 SYSTEMPATH/CodeIgniter.php(354): CodeIgniter\CodeIgniter->handleRequest(null, Object(Config\Cache), false)
 9 SYSTEMPATH/Boot.php(334): CodeIgniter\CodeIgniter->run()
10 SYSTEMPATH/Boot.php(67): CodeIgniter\Boot::runCodeIgniter(Object(CodeIgniter\CodeIgniter))
11 FCPATH/index.php(57): CodeIgniter\Boot::bootWeb(Object(Config\Paths))
WARNING - 2025-08-29 21:10:00 --> [DEPRECATED] addslashes(): Passing null to parameter #1 ($string) of type string is deprecated in APPPATH/Views/service_list.php on line 10.
 1 APPPATH/Views/service_list.php(10): addslashes(null)
 2 SYSTEMPATH/View/View.php(224): include('/home/u810214334/domains/embellish-beauty.co.uk/public_html/app/Views/service_list.php')
 3 SYSTEMPATH/View/View.php(227): CodeIgniter\View\View->CodeIgniter\View\{closure}()
 4 SYSTEMPATH/Common.php(1173): CodeIgniter\View\View->render('service_list', [], true)
 5 APPPATH/Controllers/Home.php(129): view('service_list', [...])
 6 SYSTEMPATH/CodeIgniter.php(933): App\Controllers\Home->fetch_services()
 7 SYSTEMPATH/CodeIgniter.php(507): CodeIgniter\CodeIgniter->runController(Object(App\Controllers\Home))
 8 SYSTEMPATH/CodeIgniter.php(354): CodeIgniter\CodeIgniter->handleRequest(null, Object(Config\Cache), false)
 9 SYSTEMPATH/Boot.php(334): CodeIgniter\CodeIgniter->run()
10 SYSTEMPATH/Boot.php(67): CodeIgniter\Boot::runCodeIgniter(Object(CodeIgniter\CodeIgniter))
11 FCPATH/index.php(57): CodeIgniter\Boot::bootWeb(Object(Config\Paths))
WARNING - 2025-08-29 21:10:00 --> [DEPRECATED] addslashes(): Passing null to parameter #1 ($string) of type string is deprecated in APPPATH/Views/service_list.php on line 10.
 1 APPPATH/Views/service_list.php(10): addslashes(null)
 2 SYSTEMPATH/View/View.php(224): include('/home/u810214334/domains/embellish-beauty.co.uk/public_html/app/Views/service_list.php')
 3 SYSTEMPATH/View/View.php(227): CodeIgniter\View\View->CodeIgniter\View\{closure}()
 4 SYSTEMPATH/Common.php(1173): CodeIgniter\View\View->render('service_list', [], true)
 5 APPPATH/Controllers/Home.php(129): view('service_list', [...])
 6 SYSTEMPATH/CodeIgniter.php(933): App\Controllers\Home->fetch_services()
 7 SYSTEMPATH/CodeIgniter.php(507): CodeIgniter\CodeIgniter->runController(Object(App\Controllers\Home))
 8 SYSTEMPATH/CodeIgniter.php(354): CodeIgniter\CodeIgniter->handleRequest(null, Object(Config\Cache), false)
 9 SYSTEMPATH/Boot.php(334): CodeIgniter\CodeIgniter->run()
10 SYSTEMPATH/Boot.php(67): CodeIgniter\Boot::runCodeIgniter(Object(CodeIgniter\CodeIgniter))
11 FCPATH/index.php(57): CodeIgniter\Boot::bootWeb(Object(Config\Paths))
WARNING - 2025-08-29 21:10:00 --> [DEPRECATED] addslashes(): Passing null to parameter #1 ($string) of type string is deprecated in APPPATH/Views/service_list.php on line 10.
 1 APPPATH/Views/service_list.php(10): addslashes(null)
 2 SYSTEMPATH/View/View.php(224): include('/home/u810214334/domains/embellish-beauty.co.uk/public_html/app/Views/service_list.php')
 3 SYSTEMPATH/View/View.php(227): CodeIgniter\View\View->CodeIgniter\View\{closure}()
 4 SYSTEMPATH/Common.php(1173): CodeIgniter\View\View->render('service_list', [], true)
 5 APPPATH/Controllers/Home.php(129): view('service_list', [...])
 6 SYSTEMPATH/CodeIgniter.php(933): App\Controllers\Home->fetch_services()
 7 SYSTEMPATH/CodeIgniter.php(507): CodeIgniter\CodeIgniter->runController(Object(App\Controllers\Home))
 8 SYSTEMPATH/CodeIgniter.php(354): CodeIgniter\CodeIgniter->handleRequest(null, Object(Config\Cache), false)
 9 SYSTEMPATH/Boot.php(334): CodeIgniter\CodeIgniter->run()
10 SYSTEMPATH/Boot.php(67): CodeIgniter\Boot::runCodeIgniter(Object(CodeIgniter\CodeIgniter))
11 FCPATH/index.php(57): CodeIgniter\Boot::bootWeb(Object(Config\Paths))
WARNING - 2025-08-29 21:10:00 --> [DEPRECATED] addslashes(): Passing null to parameter #1 ($string) of type string is deprecated in APPPATH/Views/service_list.php on line 10.
 1 APPPATH/Views/service_list.php(10): addslashes(null)
 2 SYSTEMPATH/View/View.php(224): include('/home/u810214334/domains/embellish-beauty.co.uk/public_html/app/Views/service_list.php')
 3 SYSTEMPATH/View/View.php(227): CodeIgniter\View\View->CodeIgniter\View\{closure}()
 4 SYSTEMPATH/Common.php(1173): CodeIgniter\View\View->render('service_list', [], true)
 5 APPPATH/Controllers/Home.php(129): view('service_list', [...])
 6 SYSTEMPATH/CodeIgniter.php(933): App\Controllers\Home->fetch_services()
 7 SYSTEMPATH/CodeIgniter.php(507): CodeIgniter\CodeIgniter->runController(Object(App\Controllers\Home))
 8 SYSTEMPATH/CodeIgniter.php(354): CodeIgniter\CodeIgniter->handleRequest(null, Object(Config\Cache), false)
 9 SYSTEMPATH/Boot.php(334): CodeIgniter\CodeIgniter->run()
10 SYSTEMPATH/Boot.php(67): CodeIgniter\Boot::runCodeIgniter(Object(CodeIgniter\CodeIgniter))
11 FCPATH/index.php(57): CodeIgniter\Boot::bootWeb(Object(Config\Paths))
WARNING - 2025-08-29 21:10:00 --> [DEPRECATED] addslashes(): Passing null to parameter #1 ($string) of type string is deprecated in APPPATH/Views/service_list.php on line 10.
 1 APPPATH/Views/service_list.php(10): addslashes(null)
 2 SYSTEMPATH/View/View.php(224): include('/home/u810214334/domains/embellish-beauty.co.uk/public_html/app/Views/service_list.php')
 3 SYSTEMPATH/View/View.php(227): CodeIgniter\View\View->CodeIgniter\View\{closure}()
 4 SYSTEMPATH/Common.php(1173): CodeIgniter\View\View->render('service_list', [], true)
 5 APPPATH/Controllers/Home.php(129): view('service_list', [...])
 6 SYSTEMPATH/CodeIgniter.php(933): App\Controllers\Home->fetch_services()
 7 SYSTEMPATH/CodeIgniter.php(507): CodeIgniter\CodeIgniter->runController(Object(App\Controllers\Home))
 8 SYSTEMPATH/CodeIgniter.php(354): CodeIgniter\CodeIgniter->handleRequest(null, Object(Config\Cache), false)
 9 SYSTEMPATH/Boot.php(334): CodeIgniter\CodeIgniter->run()
10 SYSTEMPATH/Boot.php(67): CodeIgniter\Boot::runCodeIgniter(Object(CodeIgniter\CodeIgniter))
11 FCPATH/index.php(57): CodeIgniter\Boot::bootWeb(Object(Config\Paths))
WARNING - 2025-08-29 21:10:00 --> [DEPRECATED] addslashes(): Passing null to parameter #1 ($string) of type string is deprecated in APPPATH/Views/service_list.php on line 10.
 1 APPPATH/Views/service_list.php(10): addslashes(null)
 2 SYSTEMPATH/View/View.php(224): include('/home/u810214334/domains/embellish-beauty.co.uk/public_html/app/Views/service_list.php')
 3 SYSTEMPATH/View/View.php(227): CodeIgniter\View\View->CodeIgniter\View\{closure}()
 4 SYSTEMPATH/Common.php(1173): CodeIgniter\View\View->render('service_list', [], true)
 5 APPPATH/Controllers/Home.php(129): view('service_list', [...])
 6 SYSTEMPATH/CodeIgniter.php(933): App\Controllers\Home->fetch_services()
 7 SYSTEMPATH/CodeIgniter.php(507): CodeIgniter\CodeIgniter->runController(Object(App\Controllers\Home))
 8 SYSTEMPATH/CodeIgniter.php(354): CodeIgniter\CodeIgniter->handleRequest(null, Object(Config\Cache), false)
 9 SYSTEMPATH/Boot.php(334): CodeIgniter\CodeIgniter->run()
10 SYSTEMPATH/Boot.php(67): CodeIgniter\Boot::runCodeIgniter(Object(CodeIgniter\CodeIgniter))
11 FCPATH/index.php(57): CodeIgniter\Boot::bootWeb(Object(Config\Paths))
WARNING - 2025-08-29 21:10:00 --> [DEPRECATED] addslashes(): Passing null to parameter #1 ($string) of type string is deprecated in APPPATH/Views/service_list.php on line 10.
 1 APPPATH/Views/service_list.php(10): addslashes(null)
 2 SYSTEMPATH/View/View.php(224): include('/home/u810214334/domains/embellish-beauty.co.uk/public_html/app/Views/service_list.php')
 3 SYSTEMPATH/View/View.php(227): CodeIgniter\View\View->CodeIgniter\View\{closure}()
 4 SYSTEMPATH/Common.php(1173): CodeIgniter\View\View->render('service_list', [], true)
 5 APPPATH/Controllers/Home.php(129): view('service_list', [...])
 6 SYSTEMPATH/CodeIgniter.php(933): App\Controllers\Home->fetch_services()
 7 SYSTEMPATH/CodeIgniter.php(507): CodeIgniter\CodeIgniter->runController(Object(App\Controllers\Home))
 8 SYSTEMPATH/CodeIgniter.php(354): CodeIgniter\CodeIgniter->handleRequest(null, Object(Config\Cache), false)
 9 SYSTEMPATH/Boot.php(334): CodeIgniter\CodeIgniter->run()
10 SYSTEMPATH/Boot.php(67): CodeIgniter\Boot::runCodeIgniter(Object(CodeIgniter\CodeIgniter))
11 FCPATH/index.php(57): CodeIgniter\Boot::bootWeb(Object(Config\Paths))
WARNING - 2025-08-29 21:10:00 --> [DEPRECATED] addslashes(): Passing null to parameter #1 ($string) of type string is deprecated in APPPATH/Views/service_list.php on line 10.
 1 APPPATH/Views/service_list.php(10): addslashes(null)
 2 SYSTEMPATH/View/View.php(224): include('/home/u810214334/domains/embellish-beauty.co.uk/public_html/app/Views/service_list.php')
 3 SYSTEMPATH/View/View.php(227): CodeIgniter\View\View->CodeIgniter\View\{closure}()
 4 SYSTEMPATH/Common.php(1173): CodeIgniter\View\View->render('service_list', [], true)
 5 APPPATH/Controllers/Home.php(129): view('service_list', [...])
 6 SYSTEMPATH/CodeIgniter.php(933): App\Controllers\Home->fetch_services()
 7 SYSTEMPATH/CodeIgniter.php(507): CodeIgniter\CodeIgniter->runController(Object(App\Controllers\Home))
 8 SYSTEMPATH/CodeIgniter.php(354): CodeIgniter\CodeIgniter->handleRequest(null, Object(Config\Cache), false)
 9 SYSTEMPATH/Boot.php(334): CodeIgniter\CodeIgniter->run()
10 SYSTEMPATH/Boot.php(67): CodeIgniter\Boot::runCodeIgniter(Object(CodeIgniter\CodeIgniter))
11 FCPATH/index.php(57): CodeIgniter\Boot::bootWeb(Object(Config\Paths))
WARNING - 2025-08-29 21:10:00 --> [DEPRECATED] addslashes(): Passing null to parameter #1 ($string) of type string is deprecated in APPPATH/Views/service_list.php on line 10.
 1 APPPATH/Views/service_list.php(10): addslashes(null)
 2 SYSTEMPATH/View/View.php(224): include('/home/u810214334/domains/embellish-beauty.co.uk/public_html/app/Views/service_list.php')
 3 SYSTEMPATH/View/View.php(227): CodeIgniter\View\View->CodeIgniter\View\{closure}()
 4 SYSTEMPATH/Common.php(1173): CodeIgniter\View\View->render('service_list', [], true)
 5 APPPATH/Controllers/Home.php(129): view('service_list', [...])
 6 SYSTEMPATH/CodeIgniter.php(933): App\Controllers\Home->fetch_services()
 7 SYSTEMPATH/CodeIgniter.php(507): CodeIgniter\CodeIgniter->runController(Object(App\Controllers\Home))
 8 SYSTEMPATH/CodeIgniter.php(354): CodeIgniter\CodeIgniter->handleRequest(null, Object(Config\Cache), false)
 9 SYSTEMPATH/Boot.php(334): CodeIgniter\CodeIgniter->run()
10 SYSTEMPATH/Boot.php(67): CodeIgniter\Boot::runCodeIgniter(Object(CodeIgniter\CodeIgniter))
11 FCPATH/index.php(57): CodeIgniter\Boot::bootWeb(Object(Config\Paths))
WARNING - 2025-08-29 21:10:00 --> [DEPRECATED] addslashes(): Passing null to parameter #1 ($string) of type string is deprecated in APPPATH/Views/service_list.php on line 10.
 1 APPPATH/Views/service_list.php(10): addslashes(null)
 2 SYSTEMPATH/View/View.php(224): include('/home/u810214334/domains/embellish-beauty.co.uk/public_html/app/Views/service_list.php')
 3 SYSTEMPATH/View/View.php(227): CodeIgniter\View\View->CodeIgniter\View\{closure}()
 4 SYSTEMPATH/Common.php(1173): CodeIgniter\View\View->render('service_list', [], true)
 5 APPPATH/Controllers/Home.php(129): view('service_list', [...])
 6 SYSTEMPATH/CodeIgniter.php(933): App\Controllers\Home->fetch_services()
 7 SYSTEMPATH/CodeIgniter.php(507): CodeIgniter\CodeIgniter->runController(Object(App\Controllers\Home))
 8 SYSTEMPATH/CodeIgniter.php(354): CodeIgniter\CodeIgniter->handleRequest(null, Object(Config\Cache), false)
 9 SYSTEMPATH/Boot.php(334): CodeIgniter\CodeIgniter->run()
10 SYSTEMPATH/Boot.php(67): CodeIgniter\Boot::runCodeIgniter(Object(CodeIgniter\CodeIgniter))
11 FCPATH/index.php(57): CodeIgniter\Boot::bootWeb(Object(Config\Paths))
WARNING - 2025-08-29 21:10:00 --> [DEPRECATED] addslashes(): Passing null to parameter #1 ($string) of type string is deprecated in APPPATH/Views/service_list.php on line 10.
 1 APPPATH/Views/service_list.php(10): addslashes(null)
 2 SYSTEMPATH/View/View.php(224): include('/home/u810214334/domains/embellish-beauty.co.uk/public_html/app/Views/service_list.php')
 3 SYSTEMPATH/View/View.php(227): CodeIgniter\View\View->CodeIgniter\View\{closure}()
 4 SYSTEMPATH/Common.php(1173): CodeIgniter\View\View->render('service_list', [], true)
 5 APPPATH/Controllers/Home.php(129): view('service_list', [...])
 6 SYSTEMPATH/CodeIgniter.php(933): App\Controllers\Home->fetch_services()
 7 SYSTEMPATH/CodeIgniter.php(507): CodeIgniter\CodeIgniter->runController(Object(App\Controllers\Home))
 8 SYSTEMPATH/CodeIgniter.php(354): CodeIgniter\CodeIgniter->handleRequest(null, Object(Config\Cache), false)
 9 SYSTEMPATH/Boot.php(334): CodeIgniter\CodeIgniter->run()
10 SYSTEMPATH/Boot.php(67): CodeIgniter\Boot::runCodeIgniter(Object(CodeIgniter\CodeIgniter))
11 FCPATH/index.php(57): CodeIgniter\Boot::bootWeb(Object(Config\Paths))
WARNING - 2025-08-29 21:10:00 --> [DEPRECATED] addslashes(): Passing null to parameter #1 ($string) of type string is deprecated in APPPATH/Views/service_list.php on line 10.
 1 APPPATH/Views/service_list.php(10): addslashes(null)
 2 SYSTEMPATH/View/View.php(224): include('/home/u810214334/domains/embellish-beauty.co.uk/public_html/app/Views/service_list.php')
 3 SYSTEMPATH/View/View.php(227): CodeIgniter\View\View->CodeIgniter\View\{closure}()
 4 SYSTEMPATH/Common.php(1173): CodeIgniter\View\View->render('service_list', [], true)
 5 APPPATH/Controllers/Home.php(129): view('service_list', [...])
 6 SYSTEMPATH/CodeIgniter.php(933): App\Controllers\Home->fetch_services()
 7 SYSTEMPATH/CodeIgniter.php(507): CodeIgniter\CodeIgniter->runController(Object(App\Controllers\Home))
 8 SYSTEMPATH/CodeIgniter.php(354): CodeIgniter\CodeIgniter->handleRequest(null, Object(Config\Cache), false)
 9 SYSTEMPATH/Boot.php(334): CodeIgniter\CodeIgniter->run()
10 SYSTEMPATH/Boot.php(67): CodeIgniter\Boot::runCodeIgniter(Object(CodeIgniter\CodeIgniter))
11 FCPATH/index.php(57): CodeIgniter\Boot::bootWeb(Object(Config\Paths))
WARNING - 2025-08-29 21:10:00 --> [DEPRECATED] addslashes(): Passing null to parameter #1 ($string) of type string is deprecated in APPPATH/Views/service_list.php on line 10.
 1 APPPATH/Views/service_list.php(10): addslashes(null)
 2 SYSTEMPATH/View/View.php(224): include('/home/u810214334/domains/embellish-beauty.co.uk/public_html/app/Views/service_list.php')
 3 SYSTEMPATH/View/View.php(227): CodeIgniter\View\View->CodeIgniter\View\{closure}()
 4 SYSTEMPATH/Common.php(1173): CodeIgniter\View\View->render('service_list', [], true)
 5 APPPATH/Controllers/Home.php(129): view('service_list', [...])
 6 SYSTEMPATH/CodeIgniter.php(933): App\Controllers\Home->fetch_services()
 7 SYSTEMPATH/CodeIgniter.php(507): CodeIgniter\CodeIgniter->runController(Object(App\Controllers\Home))
 8 SYSTEMPATH/CodeIgniter.php(354): CodeIgniter\CodeIgniter->handleRequest(null, Object(Config\Cache), false)
 9 SYSTEMPATH/Boot.php(334): CodeIgniter\CodeIgniter->run()
10 SYSTEMPATH/Boot.php(67): CodeIgniter\Boot::runCodeIgniter(Object(CodeIgniter\CodeIgniter))
11 FCPATH/index.php(57): CodeIgniter\Boot::bootWeb(Object(Config\Paths))
WARNING - 2025-08-29 21:10:00 --> [DEPRECATED] addslashes(): Passing null to parameter #1 ($string) of type string is deprecated in APPPATH/Views/service_list.php on line 10.
 1 APPPATH/Views/service_list.php(10): addslashes(null)
 2 SYSTEMPATH/View/View.php(224): include('/home/u810214334/domains/embellish-beauty.co.uk/public_html/app/Views/service_list.php')
 3 SYSTEMPATH/View/View.php(227): CodeIgniter\View\View->CodeIgniter\View\{closure}()
 4 SYSTEMPATH/Common.php(1173): CodeIgniter\View\View->render('service_list', [], true)
 5 APPPATH/Controllers/Home.php(129): view('service_list', [...])
 6 SYSTEMPATH/CodeIgniter.php(933): App\Controllers\Home->fetch_services()
 7 SYSTEMPATH/CodeIgniter.php(507): CodeIgniter\CodeIgniter->runController(Object(App\Controllers\Home))
 8 SYSTEMPATH/CodeIgniter.php(354): CodeIgniter\CodeIgniter->handleRequest(null, Object(Config\Cache), false)
 9 SYSTEMPATH/Boot.php(334): CodeIgniter\CodeIgniter->run()
10 SYSTEMPATH/Boot.php(67): CodeIgniter\Boot::runCodeIgniter(Object(CodeIgniter\CodeIgniter))
11 FCPATH/index.php(57): CodeIgniter\Boot::bootWeb(Object(Config\Paths))
WARNING - 2025-08-29 21:10:00 --> [DEPRECATED] addslashes(): Passing null to parameter #1 ($string) of type string is deprecated in APPPATH/Views/service_list.php on line 10.
 1 APPPATH/Views/service_list.php(10): addslashes(null)
 2 SYSTEMPATH/View/View.php(224): include('/home/u810214334/domains/embellish-beauty.co.uk/public_html/app/Views/service_list.php')
 3 SYSTEMPATH/View/View.php(227): CodeIgniter\View\View->CodeIgniter\View\{closure}()
 4 SYSTEMPATH/Common.php(1173): CodeIgniter\View\View->render('service_list', [], true)
 5 APPPATH/Controllers/Home.php(129): view('service_list', [...])
 6 SYSTEMPATH/CodeIgniter.php(933): App\Controllers\Home->fetch_services()
 7 SYSTEMPATH/CodeIgniter.php(507): CodeIgniter\CodeIgniter->runController(Object(App\Controllers\Home))
 8 SYSTEMPATH/CodeIgniter.php(354): CodeIgniter\CodeIgniter->handleRequest(null, Object(Config\Cache), false)
 9 SYSTEMPATH/Boot.php(334): CodeIgniter\CodeIgniter->run()
10 SYSTEMPATH/Boot.php(67): CodeIgniter\Boot::runCodeIgniter(Object(CodeIgniter\CodeIgniter))
11 FCPATH/index.php(57): CodeIgniter\Boot::bootWeb(Object(Config\Paths))
WARNING - 2025-08-29 21:10:00 --> [DEPRECATED] addslashes(): Passing null to parameter #1 ($string) of type string is deprecated in APPPATH/Views/service_list.php on line 10.
 1 APPPATH/Views/service_list.php(10): addslashes(null)
 2 SYSTEMPATH/View/View.php(224): include('/home/u810214334/domains/embellish-beauty.co.uk/public_html/app/Views/service_list.php')
 3 SYSTEMPATH/View/View.php(227): CodeIgniter\View\View->CodeIgniter\View\{closure}()
 4 SYSTEMPATH/Common.php(1173): CodeIgniter\View\View->render('service_list', [], true)
 5 APPPATH/Controllers/Home.php(129): view('service_list', [...])
 6 SYSTEMPATH/CodeIgniter.php(933): App\Controllers\Home->fetch_services()
 7 SYSTEMPATH/CodeIgniter.php(507): CodeIgniter\CodeIgniter->runController(Object(App\Controllers\Home))
 8 SYSTEMPATH/CodeIgniter.php(354): CodeIgniter\CodeIgniter->handleRequest(null, Object(Config\Cache), false)
 9 SYSTEMPATH/Boot.php(334): CodeIgniter\CodeIgniter->run()
10 SYSTEMPATH/Boot.php(67): CodeIgniter\Boot::runCodeIgniter(Object(CodeIgniter\CodeIgniter))
11 FCPATH/index.php(57): CodeIgniter\Boot::bootWeb(Object(Config\Paths))
WARNING - 2025-08-29 21:10:00 --> [DEPRECATED] addslashes(): Passing null to parameter #1 ($string) of type string is deprecated in APPPATH/Views/service_list.php on line 10.
 1 APPPATH/Views/service_list.php(10): addslashes(null)
 2 SYSTEMPATH/View/View.php(224): include('/home/u810214334/domains/embellish-beauty.co.uk/public_html/app/Views/service_list.php')
 3 SYSTEMPATH/View/View.php(227): CodeIgniter\View\View->CodeIgniter\View\{closure}()
 4 SYSTEMPATH/Common.php(1173): CodeIgniter\View\View->render('service_list', [], true)
 5 APPPATH/Controllers/Home.php(129): view('service_list', [...])
 6 SYSTEMPATH/CodeIgniter.php(933): App\Controllers\Home->fetch_services()
 7 SYSTEMPATH/CodeIgniter.php(507): CodeIgniter\CodeIgniter->runController(Object(App\Controllers\Home))
 8 SYSTEMPATH/CodeIgniter.php(354): CodeIgniter\CodeIgniter->handleRequest(null, Object(Config\Cache), false)
 9 SYSTEMPATH/Boot.php(334): CodeIgniter\CodeIgniter->run()
10 SYSTEMPATH/Boot.php(67): CodeIgniter\Boot::runCodeIgniter(Object(CodeIgniter\CodeIgniter))
11 FCPATH/index.php(57): CodeIgniter\Boot::bootWeb(Object(Config\Paths))
WARNING - 2025-08-29 21:10:00 --> [DEPRECATED] addslashes(): Passing null to parameter #1 ($string) of type string is deprecated in APPPATH/Views/service_list.php on line 10.
 1 APPPATH/Views/service_list.php(10): addslashes(null)
 2 SYSTEMPATH/View/View.php(224): include('/home/u810214334/domains/embellish-beauty.co.uk/public_html/app/Views/service_list.php')
 3 SYSTEMPATH/View/View.php(227): CodeIgniter\View\View->CodeIgniter\View\{closure}()
 4 SYSTEMPATH/Common.php(1173): CodeIgniter\View\View->render('service_list', [], true)
 5 APPPATH/Controllers/Home.php(129): view('service_list', [...])
 6 SYSTEMPATH/CodeIgniter.php(933): App\Controllers\Home->fetch_services()
 7 SYSTEMPATH/CodeIgniter.php(507): CodeIgniter\CodeIgniter->runController(Object(App\Controllers\Home))
 8 SYSTEMPATH/CodeIgniter.php(354): CodeIgniter\CodeIgniter->handleRequest(null, Object(Config\Cache), false)
 9 SYSTEMPATH/Boot.php(334): CodeIgniter\CodeIgniter->run()
10 SYSTEMPATH/Boot.php(67): CodeIgniter\Boot::runCodeIgniter(Object(CodeIgniter\CodeIgniter))
11 FCPATH/index.php(57): CodeIgniter\Boot::bootWeb(Object(Config\Paths))
WARNING - 2025-08-29 21:10:00 --> [DEPRECATED] addslashes(): Passing null to parameter #1 ($string) of type string is deprecated in APPPATH/Views/service_list.php on line 10.
 1 APPPATH/Views/service_list.php(10): addslashes(null)
 2 SYSTEMPATH/View/View.php(224): include('/home/u810214334/domains/embellish-beauty.co.uk/public_html/app/Views/service_list.php')
 3 SYSTEMPATH/View/View.php(227): CodeIgniter\View\View->CodeIgniter\View\{closure}()
 4 SYSTEMPATH/Common.php(1173): CodeIgniter\View\View->render('service_list', [], true)
 5 APPPATH/Controllers/Home.php(129): view('service_list', [...])
 6 SYSTEMPATH/CodeIgniter.php(933): App\Controllers\Home->fetch_services()
 7 SYSTEMPATH/CodeIgniter.php(507): CodeIgniter\CodeIgniter->runController(Object(App\Controllers\Home))
 8 SYSTEMPATH/CodeIgniter.php(354): CodeIgniter\CodeIgniter->handleRequest(null, Object(Config\Cache), false)
 9 SYSTEMPATH/Boot.php(334): CodeIgniter\CodeIgniter->run()
10 SYSTEMPATH/Boot.php(67): CodeIgniter\Boot::runCodeIgniter(Object(CodeIgniter\CodeIgniter))
11 FCPATH/index.php(57): CodeIgniter\Boot::bootWeb(Object(Config\Paths))
WARNING - 2025-08-29 21:10:00 --> [DEPRECATED] addslashes(): Passing null to parameter #1 ($string) of type string is deprecated in APPPATH/Views/service_list.php on line 10.
 1 APPPATH/Views/service_list.php(10): addslashes(null)
 2 SYSTEMPATH/View/View.php(224): include('/home/u810214334/domains/embellish-beauty.co.uk/public_html/app/Views/service_list.php')
 3 SYSTEMPATH/View/View.php(227): CodeIgniter\View\View->CodeIgniter\View\{closure}()
 4 SYSTEMPATH/Common.php(1173): CodeIgniter\View\View->render('service_list', [], true)
 5 APPPATH/Controllers/Home.php(129): view('service_list', [...])
 6 SYSTEMPATH/CodeIgniter.php(933): App\Controllers\Home->fetch_services()
 7 SYSTEMPATH/CodeIgniter.php(507): CodeIgniter\CodeIgniter->runController(Object(App\Controllers\Home))
 8 SYSTEMPATH/CodeIgniter.php(354): CodeIgniter\CodeIgniter->handleRequest(null, Object(Config\Cache), false)
 9 SYSTEMPATH/Boot.php(334): CodeIgniter\CodeIgniter->run()
10 SYSTEMPATH/Boot.php(67): CodeIgniter\Boot::runCodeIgniter(Object(CodeIgniter\CodeIgniter))
11 FCPATH/index.php(57): CodeIgniter\Boot::bootWeb(Object(Config\Paths))
WARNING - 2025-08-29 21:10:00 --> [DEPRECATED] addslashes(): Passing null to parameter #1 ($string) of type string is deprecated in APPPATH/Views/service_list.php on line 10.
 1 APPPATH/Views/service_list.php(10): addslashes(null)
 2 SYSTEMPATH/View/View.php(224): include('/home/u810214334/domains/embellish-beauty.co.uk/public_html/app/Views/service_list.php')
 3 SYSTEMPATH/View/View.php(227): CodeIgniter\View\View->CodeIgniter\View\{closure}()
 4 SYSTEMPATH/Common.php(1173): CodeIgniter\View\View->render('service_list', [], true)
 5 APPPATH/Controllers/Home.php(129): view('service_list', [...])
 6 SYSTEMPATH/CodeIgniter.php(933): App\Controllers\Home->fetch_services()
 7 SYSTEMPATH/CodeIgniter.php(507): CodeIgniter\CodeIgniter->runController(Object(App\Controllers\Home))
 8 SYSTEMPATH/CodeIgniter.php(354): CodeIgniter\CodeIgniter->handleRequest(null, Object(Config\Cache), false)
 9 SYSTEMPATH/Boot.php(334): CodeIgniter\CodeIgniter->run()
10 SYSTEMPATH/Boot.php(67): CodeIgniter\Boot::runCodeIgniter(Object(CodeIgniter\CodeIgniter))
11 FCPATH/index.php(57): CodeIgniter\Boot::bootWeb(Object(Config\Paths))
WARNING - 2025-08-29 21:10:00 --> [DEPRECATED] addslashes(): Passing null to parameter #1 ($string) of type string is deprecated in APPPATH/Views/service_list.php on line 10.
 1 APPPATH/Views/service_list.php(10): addslashes(null)
 2 SYSTEMPATH/View/View.php(224): include('/home/u810214334/domains/embellish-beauty.co.uk/public_html/app/Views/service_list.php')
 3 SYSTEMPATH/View/View.php(227): CodeIgniter\View\View->CodeIgniter\View\{closure}()
 4 SYSTEMPATH/Common.php(1173): CodeIgniter\View\View->render('service_list', [], true)
 5 APPPATH/Controllers/Home.php(129): view('service_list', [...])
 6 SYSTEMPATH/CodeIgniter.php(933): App\Controllers\Home->fetch_services()
 7 SYSTEMPATH/CodeIgniter.php(507): CodeIgniter\CodeIgniter->runController(Object(App\Controllers\Home))
 8 SYSTEMPATH/CodeIgniter.php(354): CodeIgniter\CodeIgniter->handleRequest(null, Object(Config\Cache), false)
 9 SYSTEMPATH/Boot.php(334): CodeIgniter\CodeIgniter->run()
10 SYSTEMPATH/Boot.php(67): CodeIgniter\Boot::runCodeIgniter(Object(CodeIgniter\CodeIgniter))
11 FCPATH/index.php(57): CodeIgniter\Boot::bootWeb(Object(Config\Paths))
WARNING - 2025-08-29 21:10:00 --> [DEPRECATED] addslashes(): Passing null to parameter #1 ($string) of type string is deprecated in APPPATH/Views/service_list.php on line 10.
 1 APPPATH/Views/service_list.php(10): addslashes(null)
 2 SYSTEMPATH/View/View.php(224): include('/home/u810214334/domains/embellish-beauty.co.uk/public_html/app/Views/service_list.php')
 3 SYSTEMPATH/View/View.php(227): CodeIgniter\View\View->CodeIgniter\View\{closure}()
 4 SYSTEMPATH/Common.php(1173): CodeIgniter\View\View->render('service_list', [], true)
 5 APPPATH/Controllers/Home.php(129): view('service_list', [...])
 6 SYSTEMPATH/CodeIgniter.php(933): App\Controllers\Home->fetch_services()
 7 SYSTEMPATH/CodeIgniter.php(507): CodeIgniter\CodeIgniter->runController(Object(App\Controllers\Home))
 8 SYSTEMPATH/CodeIgniter.php(354): CodeIgniter\CodeIgniter->handleRequest(null, Object(Config\Cache), false)
 9 SYSTEMPATH/Boot.php(334): CodeIgniter\CodeIgniter->run()
10 SYSTEMPATH/Boot.php(67): CodeIgniter\Boot::runCodeIgniter(Object(CodeIgniter\CodeIgniter))
11 FCPATH/index.php(57): CodeIgniter\Boot::bootWeb(Object(Config\Paths))
DEBUG - 2025-08-29 21:15:19 --> Session: Class initialized using 'CodeIgniter\Session\Handlers\FileHandler' driver.
DEBUG - 2025-08-29 21:46:13 --> Session: Class initialized using 'CodeIgniter\Session\Handlers\FileHandler' driver.
DEBUG - 2025-08-29 21:46:17 --> Session: Class initialized using 'CodeIgniter\Session\Handlers\FileHandler' driver.
DEBUG - 2025-08-29 21:53:58 --> Session: Class initialized using 'CodeIgniter\Session\Handlers\FileHandler' driver.
DEBUG - 2025-08-29 21:55:11 --> Session: Class initialized using 'CodeIgniter\Session\Handlers\FileHandler' driver.
DEBUG - 2025-08-29 21:58:52 --> Session: Class initialized using 'CodeIgniter\Session\Handlers\FileHandler' driver.
DEBUG - 2025-08-29 22:10:14 --> Session: Class initialized using 'CodeIgniter\Session\Handlers\FileHandler' driver.
DEBUG - 2025-08-29 22:10:30 --> Session: Class initialized using 'CodeIgniter\Session\Handlers\FileHandler' driver.
DEBUG - 2025-08-29 22:11:55 --> Session: Class initialized using 'CodeIgniter\Session\Handlers\FileHandler' driver.
DEBUG - 2025-08-29 22:34:32 --> Session: Class initialized using 'CodeIgniter\Session\Handlers\FileHandler' driver.
DEBUG - 2025-08-29 22:36:37 --> Session: Class initialized using 'CodeIgniter\Session\Handlers\FileHandler' driver.
DEBUG - 2025-08-29 22:36:42 --> Session: Class initialized using 'CodeIgniter\Session\Handlers\FileHandler' driver.
DEBUG - 2025-08-29 22:36:58 --> Session: Class initialized using 'CodeIgniter\Session\Handlers\FileHandler' driver.
DEBUG - 2025-08-29 22:36:59 --> Session: Class initialized using 'CodeIgniter\Session\Handlers\FileHandler' driver.
DEBUG - 2025-08-29 22:36:59 --> Session: Class initialized using 'CodeIgniter\Session\Handlers\FileHandler' driver.
DEBUG - 2025-08-29 22:37:16 --> Session: Class initialized using 'CodeIgniter\Session\Handlers\FileHandler' driver.
DEBUG - 2025-08-29 22:37:16 --> Session: Class initialized using 'CodeIgniter\Session\Handlers\FileHandler' driver.
DEBUG - 2025-08-29 22:37:18 --> Session: Class initialized using 'CodeIgniter\Session\Handlers\FileHandler' driver.
DEBUG - 2025-08-29 22:37:18 --> Session: Class initialized using 'CodeIgniter\Session\Handlers\FileHandler' driver.
WARNING - 2025-08-29 22:37:18 --> [DEPRECATED] addslashes(): Passing null to parameter #1 ($string) of type string is deprecated in APPPATH/Views/service_list.php on line 10.
 1 APPPATH/Views/service_list.php(10): addslashes(null)
 2 SYSTEMPATH/View/View.php(224): include('/home/u810214334/domains/embellish-beauty.co.uk/public_html/app/Views/service_list.php')
 3 SYSTEMPATH/View/View.php(227): CodeIgniter\View\View->CodeIgniter\View\{closure}()
 4 SYSTEMPATH/Common.php(1173): CodeIgniter\View\View->render('service_list', [], true)
 5 APPPATH/Controllers/Home.php(129): view('service_list', [...])
 6 SYSTEMPATH/CodeIgniter.php(933): App\Controllers\Home->fetch_services()
 7 SYSTEMPATH/CodeIgniter.php(507): CodeIgniter\CodeIgniter->runController(Object(App\Controllers\Home))
 8 SYSTEMPATH/CodeIgniter.php(354): CodeIgniter\CodeIgniter->handleRequest(null, Object(Config\Cache), false)
 9 SYSTEMPATH/Boot.php(334): CodeIgniter\CodeIgniter->run()
10 SYSTEMPATH/Boot.php(67): CodeIgniter\Boot::runCodeIgniter(Object(CodeIgniter\CodeIgniter))
11 FCPATH/index.php(57): CodeIgniter\Boot::bootWeb(Object(Config\Paths))
WARNING - 2025-08-29 22:37:18 --> [DEPRECATED] addslashes(): Passing null to parameter #1 ($string) of type string is deprecated in APPPATH/Views/service_list.php on line 10.
 1 APPPATH/Views/service_list.php(10): addslashes(null)
 2 SYSTEMPATH/View/View.php(224): include('/home/u810214334/domains/embellish-beauty.co.uk/public_html/app/Views/service_list.php')
 3 SYSTEMPATH/View/View.php(227): CodeIgniter\View\View->CodeIgniter\View\{closure}()
 4 SYSTEMPATH/Common.php(1173): CodeIgniter\View\View->render('service_list', [], true)
 5 APPPATH/Controllers/Home.php(129): view('service_list', [...])
 6 SYSTEMPATH/CodeIgniter.php(933): App\Controllers\Home->fetch_services()
 7 SYSTEMPATH/CodeIgniter.php(507): CodeIgniter\CodeIgniter->runController(Object(App\Controllers\Home))
 8 SYSTEMPATH/CodeIgniter.php(354): CodeIgniter\CodeIgniter->handleRequest(null, Object(Config\Cache), false)
 9 SYSTEMPATH/Boot.php(334): CodeIgniter\CodeIgniter->run()
10 SYSTEMPATH/Boot.php(67): CodeIgniter\Boot::runCodeIgniter(Object(CodeIgniter\CodeIgniter))
11 FCPATH/index.php(57): CodeIgniter\Boot::bootWeb(Object(Config\Paths))
WARNING - 2025-08-29 22:37:18 --> [DEPRECATED] addslashes(): Passing null to parameter #1 ($string) of type string is deprecated in APPPATH/Views/service_list.php on line 10.
 1 APPPATH/Views/service_list.php(10): addslashes(null)
 2 SYSTEMPATH/View/View.php(224): include('/home/u810214334/domains/embellish-beauty.co.uk/public_html/app/Views/service_list.php')
 3 SYSTEMPATH/View/View.php(227): CodeIgniter\View\View->CodeIgniter\View\{closure}()
 4 SYSTEMPATH/Common.php(1173): CodeIgniter\View\View->render('service_list', [], true)
 5 APPPATH/Controllers/Home.php(129): view('service_list', [...])
 6 SYSTEMPATH/CodeIgniter.php(933): App\Controllers\Home->fetch_services()
 7 SYSTEMPATH/CodeIgniter.php(507): CodeIgniter\CodeIgniter->runController(Object(App\Controllers\Home))
 8 SYSTEMPATH/CodeIgniter.php(354): CodeIgniter\CodeIgniter->handleRequest(null, Object(Config\Cache), false)
 9 SYSTEMPATH/Boot.php(334): CodeIgniter\CodeIgniter->run()
10 SYSTEMPATH/Boot.php(67): CodeIgniter\Boot::runCodeIgniter(Object(CodeIgniter\CodeIgniter))
11 FCPATH/index.php(57): CodeIgniter\Boot::bootWeb(Object(Config\Paths))
WARNING - 2025-08-29 22:37:18 --> [DEPRECATED] addslashes(): Passing null to parameter #1 ($string) of type string is deprecated in APPPATH/Views/service_list.php on line 10.
 1 APPPATH/Views/service_list.php(10): addslashes(null)
 2 SYSTEMPATH/View/View.php(224): include('/home/u810214334/domains/embellish-beauty.co.uk/public_html/app/Views/service_list.php')
 3 SYSTEMPATH/View/View.php(227): CodeIgniter\View\View->CodeIgniter\View\{closure}()
 4 SYSTEMPATH/Common.php(1173): CodeIgniter\View\View->render('service_list', [], true)
 5 APPPATH/Controllers/Home.php(129): view('service_list', [...])
 6 SYSTEMPATH/CodeIgniter.php(933): App\Controllers\Home->fetch_services()
 7 SYSTEMPATH/CodeIgniter.php(507): CodeIgniter\CodeIgniter->runController(Object(App\Controllers\Home))
 8 SYSTEMPATH/CodeIgniter.php(354): CodeIgniter\CodeIgniter->handleRequest(null, Object(Config\Cache), false)
 9 SYSTEMPATH/Boot.php(334): CodeIgniter\CodeIgniter->run()
10 SYSTEMPATH/Boot.php(67): CodeIgniter\Boot::runCodeIgniter(Object(CodeIgniter\CodeIgniter))
11 FCPATH/index.php(57): CodeIgniter\Boot::bootWeb(Object(Config\Paths))
WARNING - 2025-08-29 22:37:18 --> [DEPRECATED] addslashes(): Passing null to parameter #1 ($string) of type string is deprecated in APPPATH/Views/service_list.php on line 10.
 1 APPPATH/Views/service_list.php(10): addslashes(null)
 2 SYSTEMPATH/View/View.php(224): include('/home/u810214334/domains/embellish-beauty.co.uk/public_html/app/Views/service_list.php')
 3 SYSTEMPATH/View/View.php(227): CodeIgniter\View\View->CodeIgniter\View\{closure}()
 4 SYSTEMPATH/Common.php(1173): CodeIgniter\View\View->render('service_list', [], true)
 5 APPPATH/Controllers/Home.php(129): view('service_list', [...])
 6 SYSTEMPATH/CodeIgniter.php(933): App\Controllers\Home->fetch_services()
 7 SYSTEMPATH/CodeIgniter.php(507): CodeIgniter\CodeIgniter->runController(Object(App\Controllers\Home))
 8 SYSTEMPATH/CodeIgniter.php(354): CodeIgniter\CodeIgniter->handleRequest(null, Object(Config\Cache), false)
 9 SYSTEMPATH/Boot.php(334): CodeIgniter\CodeIgniter->run()
10 SYSTEMPATH/Boot.php(67): CodeIgniter\Boot::runCodeIgniter(Object(CodeIgniter\CodeIgniter))
11 FCPATH/index.php(57): CodeIgniter\Boot::bootWeb(Object(Config\Paths))
WARNING - 2025-08-29 22:37:18 --> [DEPRECATED] addslashes(): Passing null to parameter #1 ($string) of type string is deprecated in APPPATH/Views/service_list.php on line 10.
 1 APPPATH/Views/service_list.php(10): addslashes(null)
 2 SYSTEMPATH/View/View.php(224): include('/home/u810214334/domains/embellish-beauty.co.uk/public_html/app/Views/service_list.php')
 3 SYSTEMPATH/View/View.php(227): CodeIgniter\View\View->CodeIgniter\View\{closure}()
 4 SYSTEMPATH/Common.php(1173): CodeIgniter\View\View->render('service_list', [], true)
 5 APPPATH/Controllers/Home.php(129): view('service_list', [...])
 6 SYSTEMPATH/CodeIgniter.php(933): App\Controllers\Home->fetch_services()
 7 SYSTEMPATH/CodeIgniter.php(507): CodeIgniter\CodeIgniter->runController(Object(App\Controllers\Home))
 8 SYSTEMPATH/CodeIgniter.php(354): CodeIgniter\CodeIgniter->handleRequest(null, Object(Config\Cache), false)
 9 SYSTEMPATH/Boot.php(334): CodeIgniter\CodeIgniter->run()
10 SYSTEMPATH/Boot.php(67): CodeIgniter\Boot::runCodeIgniter(Object(CodeIgniter\CodeIgniter))
11 FCPATH/index.php(57): CodeIgniter\Boot::bootWeb(Object(Config\Paths))
WARNING - 2025-08-29 22:37:18 --> [DEPRECATED] addslashes(): Passing null to parameter #1 ($string) of type string is deprecated in APPPATH/Views/service_list.php on line 10.
 1 APPPATH/Views/service_list.php(10): addslashes(null)
 2 SYSTEMPATH/View/View.php(224): include('/home/u810214334/domains/embellish-beauty.co.uk/public_html/app/Views/service_list.php')
 3 SYSTEMPATH/View/View.php(227): CodeIgniter\View\View->CodeIgniter\View\{closure}()
 4 SYSTEMPATH/Common.php(1173): CodeIgniter\View\View->render('service_list', [], true)
 5 APPPATH/Controllers/Home.php(129): view('service_list', [...])
 6 SYSTEMPATH/CodeIgniter.php(933): App\Controllers\Home->fetch_services()
 7 SYSTEMPATH/CodeIgniter.php(507): CodeIgniter\CodeIgniter->runController(Object(App\Controllers\Home))
 8 SYSTEMPATH/CodeIgniter.php(354): CodeIgniter\CodeIgniter->handleRequest(null, Object(Config\Cache), false)
 9 SYSTEMPATH/Boot.php(334): CodeIgniter\CodeIgniter->run()
10 SYSTEMPATH/Boot.php(67): CodeIgniter\Boot::runCodeIgniter(Object(CodeIgniter\CodeIgniter))
11 FCPATH/index.php(57): CodeIgniter\Boot::bootWeb(Object(Config\Paths))
WARNING - 2025-08-29 22:37:18 --> [DEPRECATED] addslashes(): Passing null to parameter #1 ($string) of type string is deprecated in APPPATH/Views/service_list.php on line 10.
 1 APPPATH/Views/service_list.php(10): addslashes(null)
 2 SYSTEMPATH/View/View.php(224): include('/home/u810214334/domains/embellish-beauty.co.uk/public_html/app/Views/service_list.php')
 3 SYSTEMPATH/View/View.php(227): CodeIgniter\View\View->CodeIgniter\View\{closure}()
 4 SYSTEMPATH/Common.php(1173): CodeIgniter\View\View->render('service_list', [], true)
 5 APPPATH/Controllers/Home.php(129): view('service_list', [...])
 6 SYSTEMPATH/CodeIgniter.php(933): App\Controllers\Home->fetch_services()
 7 SYSTEMPATH/CodeIgniter.php(507): CodeIgniter\CodeIgniter->runController(Object(App\Controllers\Home))
 8 SYSTEMPATH/CodeIgniter.php(354): CodeIgniter\CodeIgniter->handleRequest(null, Object(Config\Cache), false)
 9 SYSTEMPATH/Boot.php(334): CodeIgniter\CodeIgniter->run()
10 SYSTEMPATH/Boot.php(67): CodeIgniter\Boot::runCodeIgniter(Object(CodeIgniter\CodeIgniter))
11 FCPATH/index.php(57): CodeIgniter\Boot::bootWeb(Object(Config\Paths))
WARNING - 2025-08-29 22:37:18 --> [DEPRECATED] addslashes(): Passing null to parameter #1 ($string) of type string is deprecated in APPPATH/Views/service_list.php on line 10.
 1 APPPATH/Views/service_list.php(10): addslashes(null)
 2 SYSTEMPATH/View/View.php(224): include('/home/u810214334/domains/embellish-beauty.co.uk/public_html/app/Views/service_list.php')
 3 SYSTEMPATH/View/View.php(227): CodeIgniter\View\View->CodeIgniter\View\{closure}()
 4 SYSTEMPATH/Common.php(1173): CodeIgniter\View\View->render('service_list', [], true)
 5 APPPATH/Controllers/Home.php(129): view('service_list', [...])
 6 SYSTEMPATH/CodeIgniter.php(933): App\Controllers\Home->fetch_services()
 7 SYSTEMPATH/CodeIgniter.php(507): CodeIgniter\CodeIgniter->runController(Object(App\Controllers\Home))
 8 SYSTEMPATH/CodeIgniter.php(354): CodeIgniter\CodeIgniter->handleRequest(null, Object(Config\Cache), false)
 9 SYSTEMPATH/Boot.php(334): CodeIgniter\CodeIgniter->run()
10 SYSTEMPATH/Boot.php(67): CodeIgniter\Boot::runCodeIgniter(Object(CodeIgniter\CodeIgniter))
11 FCPATH/index.php(57): CodeIgniter\Boot::bootWeb(Object(Config\Paths))
WARNING - 2025-08-29 22:37:18 --> [DEPRECATED] addslashes(): Passing null to parameter #1 ($string) of type string is deprecated in APPPATH/Views/service_list.php on line 10.
 1 APPPATH/Views/service_list.php(10): addslashes(null)
 2 SYSTEMPATH/View/View.php(224): include('/home/u810214334/domains/embellish-beauty.co.uk/public_html/app/Views/service_list.php')
 3 SYSTEMPATH/View/View.php(227): CodeIgniter\View\View->CodeIgniter\View\{closure}()
 4 SYSTEMPATH/Common.php(1173): CodeIgniter\View\View->render('service_list', [], true)
 5 APPPATH/Controllers/Home.php(129): view('service_list', [...])
 6 SYSTEMPATH/CodeIgniter.php(933): App\Controllers\Home->fetch_services()
 7 SYSTEMPATH/CodeIgniter.php(507): CodeIgniter\CodeIgniter->runController(Object(App\Controllers\Home))
 8 SYSTEMPATH/CodeIgniter.php(354): CodeIgniter\CodeIgniter->handleRequest(null, Object(Config\Cache), false)
 9 SYSTEMPATH/Boot.php(334): CodeIgniter\CodeIgniter->run()
10 SYSTEMPATH/Boot.php(67): CodeIgniter\Boot::runCodeIgniter(Object(CodeIgniter\CodeIgniter))
11 FCPATH/index.php(57): CodeIgniter\Boot::bootWeb(Object(Config\Paths))
WARNING - 2025-08-29 22:37:18 --> [DEPRECATED] addslashes(): Passing null to parameter #1 ($string) of type string is deprecated in APPPATH/Views/service_list.php on line 10.
 1 APPPATH/Views/service_list.php(10): addslashes(null)
 2 SYSTEMPATH/View/View.php(224): include('/home/u810214334/domains/embellish-beauty.co.uk/public_html/app/Views/service_list.php')
 3 SYSTEMPATH/View/View.php(227): CodeIgniter\View\View->CodeIgniter\View\{closure}()
 4 SYSTEMPATH/Common.php(1173): CodeIgniter\View\View->render('service_list', [], true)
 5 APPPATH/Controllers/Home.php(129): view('service_list', [...])
 6 SYSTEMPATH/CodeIgniter.php(933): App\Controllers\Home->fetch_services()
 7 SYSTEMPATH/CodeIgniter.php(507): CodeIgniter\CodeIgniter->runController(Object(App\Controllers\Home))
 8 SYSTEMPATH/CodeIgniter.php(354): CodeIgniter\CodeIgniter->handleRequest(null, Object(Config\Cache), false)
 9 SYSTEMPATH/Boot.php(334): CodeIgniter\CodeIgniter->run()
10 SYSTEMPATH/Boot.php(67): CodeIgniter\Boot::runCodeIgniter(Object(CodeIgniter\CodeIgniter))
11 FCPATH/index.php(57): CodeIgniter\Boot::bootWeb(Object(Config\Paths))
WARNING - 2025-08-29 22:37:18 --> [DEPRECATED] addslashes(): Passing null to parameter #1 ($string) of type string is deprecated in APPPATH/Views/service_list.php on line 10.
 1 APPPATH/Views/service_list.php(10): addslashes(null)
 2 SYSTEMPATH/View/View.php(224): include('/home/u810214334/domains/embellish-beauty.co.uk/public_html/app/Views/service_list.php')
 3 SYSTEMPATH/View/View.php(227): CodeIgniter\View\View->CodeIgniter\View\{closure}()
 4 SYSTEMPATH/Common.php(1173): CodeIgniter\View\View->render('service_list', [], true)
 5 APPPATH/Controllers/Home.php(129): view('service_list', [...])
 6 SYSTEMPATH/CodeIgniter.php(933): App\Controllers\Home->fetch_services()
 7 SYSTEMPATH/CodeIgniter.php(507): CodeIgniter\CodeIgniter->runController(Object(App\Controllers\Home))
 8 SYSTEMPATH/CodeIgniter.php(354): CodeIgniter\CodeIgniter->handleRequest(null, Object(Config\Cache), false)
 9 SYSTEMPATH/Boot.php(334): CodeIgniter\CodeIgniter->run()
10 SYSTEMPATH/Boot.php(67): CodeIgniter\Boot::runCodeIgniter(Object(CodeIgniter\CodeIgniter))
11 FCPATH/index.php(57): CodeIgniter\Boot::bootWeb(Object(Config\Paths))
WARNING - 2025-08-29 22:37:18 --> [DEPRECATED] addslashes(): Passing null to parameter #1 ($string) of type string is deprecated in APPPATH/Views/service_list.php on line 10.
 1 APPPATH/Views/service_list.php(10): addslashes(null)
 2 SYSTEMPATH/View/View.php(224): include('/home/u810214334/domains/embellish-beauty.co.uk/public_html/app/Views/service_list.php')
 3 SYSTEMPATH/View/View.php(227): CodeIgniter\View\View->CodeIgniter\View\{closure}()
 4 SYSTEMPATH/Common.php(1173): CodeIgniter\View\View->render('service_list', [], true)
 5 APPPATH/Controllers/Home.php(129): view('service_list', [...])
 6 SYSTEMPATH/CodeIgniter.php(933): App\Controllers\Home->fetch_services()
 7 SYSTEMPATH/CodeIgniter.php(507): CodeIgniter\CodeIgniter->runController(Object(App\Controllers\Home))
 8 SYSTEMPATH/CodeIgniter.php(354): CodeIgniter\CodeIgniter->handleRequest(null, Object(Config\Cache), false)
 9 SYSTEMPATH/Boot.php(334): CodeIgniter\CodeIgniter->run()
10 SYSTEMPATH/Boot.php(67): CodeIgniter\Boot::runCodeIgniter(Object(CodeIgniter\CodeIgniter))
11 FCPATH/index.php(57): CodeIgniter\Boot::bootWeb(Object(Config\Paths))
WARNING - 2025-08-29 22:37:18 --> [DEPRECATED] addslashes(): Passing null to parameter #1 ($string) of type string is deprecated in APPPATH/Views/service_list.php on line 10.
 1 APPPATH/Views/service_list.php(10): addslashes(null)
 2 SYSTEMPATH/View/View.php(224): include('/home/u810214334/domains/embellish-beauty.co.uk/public_html/app/Views/service_list.php')
 3 SYSTEMPATH/View/View.php(227): CodeIgniter\View\View->CodeIgniter\View\{closure}()
 4 SYSTEMPATH/Common.php(1173): CodeIgniter\View\View->render('service_list', [], true)
 5 APPPATH/Controllers/Home.php(129): view('service_list', [...])
 6 SYSTEMPATH/CodeIgniter.php(933): App\Controllers\Home->fetch_services()
 7 SYSTEMPATH/CodeIgniter.php(507): CodeIgniter\CodeIgniter->runController(Object(App\Controllers\Home))
 8 SYSTEMPATH/CodeIgniter.php(354): CodeIgniter\CodeIgniter->handleRequest(null, Object(Config\Cache), false)
 9 SYSTEMPATH/Boot.php(334): CodeIgniter\CodeIgniter->run()
10 SYSTEMPATH/Boot.php(67): CodeIgniter\Boot::runCodeIgniter(Object(CodeIgniter\CodeIgniter))
11 FCPATH/index.php(57): CodeIgniter\Boot::bootWeb(Object(Config\Paths))
WARNING - 2025-08-29 22:37:18 --> [DEPRECATED] addslashes(): Passing null to parameter #1 ($string) of type string is deprecated in APPPATH/Views/service_list.php on line 10.
 1 APPPATH/Views/service_list.php(10): addslashes(null)
 2 SYSTEMPATH/View/View.php(224): include('/home/u810214334/domains/embellish-beauty.co.uk/public_html/app/Views/service_list.php')
 3 SYSTEMPATH/View/View.php(227): CodeIgniter\View\View->CodeIgniter\View\{closure}()
 4 SYSTEMPATH/Common.php(1173): CodeIgniter\View\View->render('service_list', [], true)
 5 APPPATH/Controllers/Home.php(129): view('service_list', [...])
 6 SYSTEMPATH/CodeIgniter.php(933): App\Controllers\Home->fetch_services()
 7 SYSTEMPATH/CodeIgniter.php(507): CodeIgniter\CodeIgniter->runController(Object(App\Controllers\Home))
 8 SYSTEMPATH/CodeIgniter.php(354): CodeIgniter\CodeIgniter->handleRequest(null, Object(Config\Cache), false)
 9 SYSTEMPATH/Boot.php(334): CodeIgniter\CodeIgniter->run()
10 SYSTEMPATH/Boot.php(67): CodeIgniter\Boot::runCodeIgniter(Object(CodeIgniter\CodeIgniter))
11 FCPATH/index.php(57): CodeIgniter\Boot::bootWeb(Object(Config\Paths))
WARNING - 2025-08-29 22:37:18 --> [DEPRECATED] addslashes(): Passing null to parameter #1 ($string) of type string is deprecated in APPPATH/Views/service_list.php on line 10.
 1 APPPATH/Views/service_list.php(10): addslashes(null)
 2 SYSTEMPATH/View/View.php(224): include('/home/u810214334/domains/embellish-beauty.co.uk/public_html/app/Views/service_list.php')
 3 SYSTEMPATH/View/View.php(227): CodeIgniter\View\View->CodeIgniter\View\{closure}()
 4 SYSTEMPATH/Common.php(1173): CodeIgniter\View\View->render('service_list', [], true)
 5 APPPATH/Controllers/Home.php(129): view('service_list', [...])
 6 SYSTEMPATH/CodeIgniter.php(933): App\Controllers\Home->fetch_services()
 7 SYSTEMPATH/CodeIgniter.php(507): CodeIgniter\CodeIgniter->runController(Object(App\Controllers\Home))
 8 SYSTEMPATH/CodeIgniter.php(354): CodeIgniter\CodeIgniter->handleRequest(null, Object(Config\Cache), false)
 9 SYSTEMPATH/Boot.php(334): CodeIgniter\CodeIgniter->run()
10 SYSTEMPATH/Boot.php(67): CodeIgniter\Boot::runCodeIgniter(Object(CodeIgniter\CodeIgniter))
11 FCPATH/index.php(57): CodeIgniter\Boot::bootWeb(Object(Config\Paths))
WARNING - 2025-08-29 22:37:18 --> [DEPRECATED] addslashes(): Passing null to parameter #1 ($string) of type string is deprecated in APPPATH/Views/service_list.php on line 10.
 1 APPPATH/Views/service_list.php(10): addslashes(null)
 2 SYSTEMPATH/View/View.php(224): include('/home/u810214334/domains/embellish-beauty.co.uk/public_html/app/Views/service_list.php')
 3 SYSTEMPATH/View/View.php(227): CodeIgniter\View\View->CodeIgniter\View\{closure}()
 4 SYSTEMPATH/Common.php(1173): CodeIgniter\View\View->render('service_list', [], true)
 5 APPPATH/Controllers/Home.php(129): view('service_list', [...])
 6 SYSTEMPATH/CodeIgniter.php(933): App\Controllers\Home->fetch_services()
 7 SYSTEMPATH/CodeIgniter.php(507): CodeIgniter\CodeIgniter->runController(Object(App\Controllers\Home))
 8 SYSTEMPATH/CodeIgniter.php(354): CodeIgniter\CodeIgniter->handleRequest(null, Object(Config\Cache), false)
 9 SYSTEMPATH/Boot.php(334): CodeIgniter\CodeIgniter->run()
10 SYSTEMPATH/Boot.php(67): CodeIgniter\Boot::runCodeIgniter(Object(CodeIgniter\CodeIgniter))
11 FCPATH/index.php(57): CodeIgniter\Boot::bootWeb(Object(Config\Paths))
WARNING - 2025-08-29 22:37:18 --> [DEPRECATED] addslashes(): Passing null to parameter #1 ($string) of type string is deprecated in APPPATH/Views/service_list.php on line 10.
 1 APPPATH/Views/service_list.php(10): addslashes(null)
 2 SYSTEMPATH/View/View.php(224): include('/home/u810214334/domains/embellish-beauty.co.uk/public_html/app/Views/service_list.php')
 3 SYSTEMPATH/View/View.php(227): CodeIgniter\View\View->CodeIgniter\View\{closure}()
 4 SYSTEMPATH/Common.php(1173): CodeIgniter\View\View->render('service_list', [], true)
 5 APPPATH/Controllers/Home.php(129): view('service_list', [...])
 6 SYSTEMPATH/CodeIgniter.php(933): App\Controllers\Home->fetch_services()
 7 SYSTEMPATH/CodeIgniter.php(507): CodeIgniter\CodeIgniter->runController(Object(App\Controllers\Home))
 8 SYSTEMPATH/CodeIgniter.php(354): CodeIgniter\CodeIgniter->handleRequest(null, Object(Config\Cache), false)
 9 SYSTEMPATH/Boot.php(334): CodeIgniter\CodeIgniter->run()
10 SYSTEMPATH/Boot.php(67): CodeIgniter\Boot::runCodeIgniter(Object(CodeIgniter\CodeIgniter))
11 FCPATH/index.php(57): CodeIgniter\Boot::bootWeb(Object(Config\Paths))
WARNING - 2025-08-29 22:37:18 --> [DEPRECATED] addslashes(): Passing null to parameter #1 ($string) of type string is deprecated in APPPATH/Views/service_list.php on line 10.
 1 APPPATH/Views/service_list.php(10): addslashes(null)
 2 SYSTEMPATH/View/View.php(224): include('/home/u810214334/domains/embellish-beauty.co.uk/public_html/app/Views/service_list.php')
 3 SYSTEMPATH/View/View.php(227): CodeIgniter\View\View->CodeIgniter\View\{closure}()
 4 SYSTEMPATH/Common.php(1173): CodeIgniter\View\View->render('service_list', [], true)
 5 APPPATH/Controllers/Home.php(129): view('service_list', [...])
 6 SYSTEMPATH/CodeIgniter.php(933): App\Controllers\Home->fetch_services()
 7 SYSTEMPATH/CodeIgniter.php(507): CodeIgniter\CodeIgniter->runController(Object(App\Controllers\Home))
 8 SYSTEMPATH/CodeIgniter.php(354): CodeIgniter\CodeIgniter->handleRequest(null, Object(Config\Cache), false)
 9 SYSTEMPATH/Boot.php(334): CodeIgniter\CodeIgniter->run()
10 SYSTEMPATH/Boot.php(67): CodeIgniter\Boot::runCodeIgniter(Object(CodeIgniter\CodeIgniter))
11 FCPATH/index.php(57): CodeIgniter\Boot::bootWeb(Object(Config\Paths))
WARNING - 2025-08-29 22:37:18 --> [DEPRECATED] addslashes(): Passing null to parameter #1 ($string) of type string is deprecated in APPPATH/Views/service_list.php on line 10.
 1 APPPATH/Views/service_list.php(10): addslashes(null)
 2 SYSTEMPATH/View/View.php(224): include('/home/u810214334/domains/embellish-beauty.co.uk/public_html/app/Views/service_list.php')
 3 SYSTEMPATH/View/View.php(227): CodeIgniter\View\View->CodeIgniter\View\{closure}()
 4 SYSTEMPATH/Common.php(1173): CodeIgniter\View\View->render('service_list', [], true)
 5 APPPATH/Controllers/Home.php(129): view('service_list', [...])
 6 SYSTEMPATH/CodeIgniter.php(933): App\Controllers\Home->fetch_services()
 7 SYSTEMPATH/CodeIgniter.php(507): CodeIgniter\CodeIgniter->runController(Object(App\Controllers\Home))
 8 SYSTEMPATH/CodeIgniter.php(354): CodeIgniter\CodeIgniter->handleRequest(null, Object(Config\Cache), false)
 9 SYSTEMPATH/Boot.php(334): CodeIgniter\CodeIgniter->run()
10 SYSTEMPATH/Boot.php(67): CodeIgniter\Boot::runCodeIgniter(Object(CodeIgniter\CodeIgniter))
11 FCPATH/index.php(57): CodeIgniter\Boot::bootWeb(Object(Config\Paths))
DEBUG - 2025-08-29 22:37:19 --> Session: Class initialized using 'CodeIgniter\Session\Handlers\FileHandler' driver.
DEBUG - 2025-08-29 22:37:23 --> Session: Class initialized using 'CodeIgniter\Session\Handlers\FileHandler' driver.
WARNING - 2025-08-29 22:37:23 --> [DEPRECATED] addslashes(): Passing null to parameter #1 ($string) of type string is deprecated in APPPATH/Views/service_list.php on line 10.
 1 APPPATH/Views/service_list.php(10): addslashes(null)
 2 SYSTEMPATH/View/View.php(224): include('/home/u810214334/domains/embellish-beauty.co.uk/public_html/app/Views/service_list.php')
 3 SYSTEMPATH/View/View.php(227): CodeIgniter\View\View->CodeIgniter\View\{closure}()
 4 SYSTEMPATH/Common.php(1173): CodeIgniter\View\View->render('service_list', [], true)
 5 APPPATH/Controllers/Home.php(129): view('service_list', [...])
 6 SYSTEMPATH/CodeIgniter.php(933): App\Controllers\Home->fetch_services()
 7 SYSTEMPATH/CodeIgniter.php(507): CodeIgniter\CodeIgniter->runController(Object(App\Controllers\Home))
 8 SYSTEMPATH/CodeIgniter.php(354): CodeIgniter\CodeIgniter->handleRequest(null, Object(Config\Cache), false)
 9 SYSTEMPATH/Boot.php(334): CodeIgniter\CodeIgniter->run()
10 SYSTEMPATH/Boot.php(67): CodeIgniter\Boot::runCodeIgniter(Object(CodeIgniter\CodeIgniter))
11 FCPATH/index.php(57): CodeIgniter\Boot::bootWeb(Object(Config\Paths))
WARNING - 2025-08-29 22:37:23 --> [DEPRECATED] addslashes(): Passing null to parameter #1 ($string) of type string is deprecated in APPPATH/Views/service_list.php on line 10.
 1 APPPATH/Views/service_list.php(10): addslashes(null)
 2 SYSTEMPATH/View/View.php(224): include('/home/u810214334/domains/embellish-beauty.co.uk/public_html/app/Views/service_list.php')
 3 SYSTEMPATH/View/View.php(227): CodeIgniter\View\View->CodeIgniter\View\{closure}()
 4 SYSTEMPATH/Common.php(1173): CodeIgniter\View\View->render('service_list', [], true)
 5 APPPATH/Controllers/Home.php(129): view('service_list', [...])
 6 SYSTEMPATH/CodeIgniter.php(933): App\Controllers\Home->fetch_services()
 7 SYSTEMPATH/CodeIgniter.php(507): CodeIgniter\CodeIgniter->runController(Object(App\Controllers\Home))
 8 SYSTEMPATH/CodeIgniter.php(354): CodeIgniter\CodeIgniter->handleRequest(null, Object(Config\Cache), false)
 9 SYSTEMPATH/Boot.php(334): CodeIgniter\CodeIgniter->run()
10 SYSTEMPATH/Boot.php(67): CodeIgniter\Boot::runCodeIgniter(Object(CodeIgniter\CodeIgniter))
11 FCPATH/index.php(57): CodeIgniter\Boot::bootWeb(Object(Config\Paths))
WARNING - 2025-08-29 22:37:23 --> [DEPRECATED] addslashes(): Passing null to parameter #1 ($string) of type string is deprecated in APPPATH/Views/service_list.php on line 10.
 1 APPPATH/Views/service_list.php(10): addslashes(null)
 2 SYSTEMPATH/View/View.php(224): include('/home/u810214334/domains/embellish-beauty.co.uk/public_html/app/Views/service_list.php')
 3 SYSTEMPATH/View/View.php(227): CodeIgniter\View\View->CodeIgniter\View\{closure}()
 4 SYSTEMPATH/Common.php(1173): CodeIgniter\View\View->render('service_list', [], true)
 5 APPPATH/Controllers/Home.php(129): view('service_list', [...])
 6 SYSTEMPATH/CodeIgniter.php(933): App\Controllers\Home->fetch_services()
 7 SYSTEMPATH/CodeIgniter.php(507): CodeIgniter\CodeIgniter->runController(Object(App\Controllers\Home))
 8 SYSTEMPATH/CodeIgniter.php(354): CodeIgniter\CodeIgniter->handleRequest(null, Object(Config\Cache), false)
 9 SYSTEMPATH/Boot.php(334): CodeIgniter\CodeIgniter->run()
10 SYSTEMPATH/Boot.php(67): CodeIgniter\Boot::runCodeIgniter(Object(CodeIgniter\CodeIgniter))
11 FCPATH/index.php(57): CodeIgniter\Boot::bootWeb(Object(Config\Paths))
WARNING - 2025-08-29 22:37:23 --> [DEPRECATED] addslashes(): Passing null to parameter #1 ($string) of type string is deprecated in APPPATH/Views/service_list.php on line 10.
 1 APPPATH/Views/service_list.php(10): addslashes(null)
 2 SYSTEMPATH/View/View.php(224): include('/home/u810214334/domains/embellish-beauty.co.uk/public_html/app/Views/service_list.php')
 3 SYSTEMPATH/View/View.php(227): CodeIgniter\View\View->CodeIgniter\View\{closure}()
 4 SYSTEMPATH/Common.php(1173): CodeIgniter\View\View->render('service_list', [], true)
 5 APPPATH/Controllers/Home.php(129): view('service_list', [...])
 6 SYSTEMPATH/CodeIgniter.php(933): App\Controllers\Home->fetch_services()
 7 SYSTEMPATH/CodeIgniter.php(507): CodeIgniter\CodeIgniter->runController(Object(App\Controllers\Home))
 8 SYSTEMPATH/CodeIgniter.php(354): CodeIgniter\CodeIgniter->handleRequest(null, Object(Config\Cache), false)
 9 SYSTEMPATH/Boot.php(334): CodeIgniter\CodeIgniter->run()
10 SYSTEMPATH/Boot.php(67): CodeIgniter\Boot::runCodeIgniter(Object(CodeIgniter\CodeIgniter))
11 FCPATH/index.php(57): CodeIgniter\Boot::bootWeb(Object(Config\Paths))
WARNING - 2025-08-29 22:37:23 --> [DEPRECATED] addslashes(): Passing null to parameter #1 ($string) of type string is deprecated in APPPATH/Views/service_list.php on line 10.
 1 APPPATH/Views/service_list.php(10): addslashes(null)
 2 SYSTEMPATH/View/View.php(224): include('/home/u810214334/domains/embellish-beauty.co.uk/public_html/app/Views/service_list.php')
 3 SYSTEMPATH/View/View.php(227): CodeIgniter\View\View->CodeIgniter\View\{closure}()
 4 SYSTEMPATH/Common.php(1173): CodeIgniter\View\View->render('service_list', [], true)
 5 APPPATH/Controllers/Home.php(129): view('service_list', [...])
 6 SYSTEMPATH/CodeIgniter.php(933): App\Controllers\Home->fetch_services()
 7 SYSTEMPATH/CodeIgniter.php(507): CodeIgniter\CodeIgniter->runController(Object(App\Controllers\Home))
 8 SYSTEMPATH/CodeIgniter.php(354): CodeIgniter\CodeIgniter->handleRequest(null, Object(Config\Cache), false)
 9 SYSTEMPATH/Boot.php(334): CodeIgniter\CodeIgniter->run()
10 SYSTEMPATH/Boot.php(67): CodeIgniter\Boot::runCodeIgniter(Object(CodeIgniter\CodeIgniter))
11 FCPATH/index.php(57): CodeIgniter\Boot::bootWeb(Object(Config\Paths))
WARNING - 2025-08-29 22:37:23 --> [DEPRECATED] addslashes(): Passing null to parameter #1 ($string) of type string is deprecated in APPPATH/Views/service_list.php on line 10.
 1 APPPATH/Views/service_list.php(10): addslashes(null)
 2 SYSTEMPATH/View/View.php(224): include('/home/u810214334/domains/embellish-beauty.co.uk/public_html/app/Views/service_list.php')
 3 SYSTEMPATH/View/View.php(227): CodeIgniter\View\View->CodeIgniter\View\{closure}()
 4 SYSTEMPATH/Common.php(1173): CodeIgniter\View\View->render('service_list', [], true)
 5 APPPATH/Controllers/Home.php(129): view('service_list', [...])
 6 SYSTEMPATH/CodeIgniter.php(933): App\Controllers\Home->fetch_services()
 7 SYSTEMPATH/CodeIgniter.php(507): CodeIgniter\CodeIgniter->runController(Object(App\Controllers\Home))
 8 SYSTEMPATH/CodeIgniter.php(354): CodeIgniter\CodeIgniter->handleRequest(null, Object(Config\Cache), false)
 9 SYSTEMPATH/Boot.php(334): CodeIgniter\CodeIgniter->run()
10 SYSTEMPATH/Boot.php(67): CodeIgniter\Boot::runCodeIgniter(Object(CodeIgniter\CodeIgniter))
11 FCPATH/index.php(57): CodeIgniter\Boot::bootWeb(Object(Config\Paths))
WARNING - 2025-08-29 22:37:23 --> [DEPRECATED] addslashes(): Passing null to parameter #1 ($string) of type string is deprecated in APPPATH/Views/service_list.php on line 10.
 1 APPPATH/Views/service_list.php(10): addslashes(null)
 2 SYSTEMPATH/View/View.php(224): include('/home/u810214334/domains/embellish-beauty.co.uk/public_html/app/Views/service_list.php')
 3 SYSTEMPATH/View/View.php(227): CodeIgniter\View\View->CodeIgniter\View\{closure}()
 4 SYSTEMPATH/Common.php(1173): CodeIgniter\View\View->render('service_list', [], true)
 5 APPPATH/Controllers/Home.php(129): view('service_list', [...])
 6 SYSTEMPATH/CodeIgniter.php(933): App\Controllers\Home->fetch_services()
 7 SYSTEMPATH/CodeIgniter.php(507): CodeIgniter\CodeIgniter->runController(Object(App\Controllers\Home))
 8 SYSTEMPATH/CodeIgniter.php(354): CodeIgniter\CodeIgniter->handleRequest(null, Object(Config\Cache), false)
 9 SYSTEMPATH/Boot.php(334): CodeIgniter\CodeIgniter->run()
10 SYSTEMPATH/Boot.php(67): CodeIgniter\Boot::runCodeIgniter(Object(CodeIgniter\CodeIgniter))
11 FCPATH/index.php(57): CodeIgniter\Boot::bootWeb(Object(Config\Paths))
WARNING - 2025-08-29 22:37:23 --> [DEPRECATED] addslashes(): Passing null to parameter #1 ($string) of type string is deprecated in APPPATH/Views/service_list.php on line 10.
 1 APPPATH/Views/service_list.php(10): addslashes(null)
 2 SYSTEMPATH/View/View.php(224): include('/home/u810214334/domains/embellish-beauty.co.uk/public_html/app/Views/service_list.php')
 3 SYSTEMPATH/View/View.php(227): CodeIgniter\View\View->CodeIgniter\View\{closure}()
 4 SYSTEMPATH/Common.php(1173): CodeIgniter\View\View->render('service_list', [], true)
 5 APPPATH/Controllers/Home.php(129): view('service_list', [...])
 6 SYSTEMPATH/CodeIgniter.php(933): App\Controllers\Home->fetch_services()
 7 SYSTEMPATH/CodeIgniter.php(507): CodeIgniter\CodeIgniter->runController(Object(App\Controllers\Home))
 8 SYSTEMPATH/CodeIgniter.php(354): CodeIgniter\CodeIgniter->handleRequest(null, Object(Config\Cache), false)
 9 SYSTEMPATH/Boot.php(334): CodeIgniter\CodeIgniter->run()
10 SYSTEMPATH/Boot.php(67): CodeIgniter\Boot::runCodeIgniter(Object(CodeIgniter\CodeIgniter))
11 FCPATH/index.php(57): CodeIgniter\Boot::bootWeb(Object(Config\Paths))
WARNING - 2025-08-29 22:37:23 --> [DEPRECATED] addslashes(): Passing null to parameter #1 ($string) of type string is deprecated in APPPATH/Views/service_list.php on line 10.
 1 APPPATH/Views/service_list.php(10): addslashes(null)
 2 SYSTEMPATH/View/View.php(224): include('/home/u810214334/domains/embellish-beauty.co.uk/public_html/app/Views/service_list.php')
 3 SYSTEMPATH/View/View.php(227): CodeIgniter\View\View->CodeIgniter\View\{closure}()
 4 SYSTEMPATH/Common.php(1173): CodeIgniter\View\View->render('service_list', [], true)
 5 APPPATH/Controllers/Home.php(129): view('service_list', [...])
 6 SYSTEMPATH/CodeIgniter.php(933): App\Controllers\Home->fetch_services()
 7 SYSTEMPATH/CodeIgniter.php(507): CodeIgniter\CodeIgniter->runController(Object(App\Controllers\Home))
 8 SYSTEMPATH/CodeIgniter.php(354): CodeIgniter\CodeIgniter->handleRequest(null, Object(Config\Cache), false)
 9 SYSTEMPATH/Boot.php(334): CodeIgniter\CodeIgniter->run()
10 SYSTEMPATH/Boot.php(67): CodeIgniter\Boot::runCodeIgniter(Object(CodeIgniter\CodeIgniter))
11 FCPATH/index.php(57): CodeIgniter\Boot::bootWeb(Object(Config\Paths))
WARNING - 2025-08-29 22:37:23 --> [DEPRECATED] addslashes(): Passing null to parameter #1 ($string) of type string is deprecated in APPPATH/Views/service_list.php on line 10.
 1 APPPATH/Views/service_list.php(10): addslashes(null)
 2 SYSTEMPATH/View/View.php(224): include('/home/u810214334/domains/embellish-beauty.co.uk/public_html/app/Views/service_list.php')
 3 SYSTEMPATH/View/View.php(227): CodeIgniter\View\View->CodeIgniter\View\{closure}()
 4 SYSTEMPATH/Common.php(1173): CodeIgniter\View\View->render('service_list', [], true)
 5 APPPATH/Controllers/Home.php(129): view('service_list', [...])
 6 SYSTEMPATH/CodeIgniter.php(933): App\Controllers\Home->fetch_services()
 7 SYSTEMPATH/CodeIgniter.php(507): CodeIgniter\CodeIgniter->runController(Object(App\Controllers\Home))
 8 SYSTEMPATH/CodeIgniter.php(354): CodeIgniter\CodeIgniter->handleRequest(null, Object(Config\Cache), false)
 9 SYSTEMPATH/Boot.php(334): CodeIgniter\CodeIgniter->run()
10 SYSTEMPATH/Boot.php(67): CodeIgniter\Boot::runCodeIgniter(Object(CodeIgniter\CodeIgniter))
11 FCPATH/index.php(57): CodeIgniter\Boot::bootWeb(Object(Config\Paths))
WARNING - 2025-08-29 22:37:23 --> [DEPRECATED] addslashes(): Passing null to parameter #1 ($string) of type string is deprecated in APPPATH/Views/service_list.php on line 10.
 1 APPPATH/Views/service_list.php(10): addslashes(null)
 2 SYSTEMPATH/View/View.php(224): include('/home/u810214334/domains/embellish-beauty.co.uk/public_html/app/Views/service_list.php')
 3 SYSTEMPATH/View/View.php(227): CodeIgniter\View\View->CodeIgniter\View\{closure}()
 4 SYSTEMPATH/Common.php(1173): CodeIgniter\View\View->render('service_list', [], true)
 5 APPPATH/Controllers/Home.php(129): view('service_list', [...])
 6 SYSTEMPATH/CodeIgniter.php(933): App\Controllers\Home->fetch_services()
 7 SYSTEMPATH/CodeIgniter.php(507): CodeIgniter\CodeIgniter->runController(Object(App\Controllers\Home))
 8 SYSTEMPATH/CodeIgniter.php(354): CodeIgniter\CodeIgniter->handleRequest(null, Object(Config\Cache), false)
 9 SYSTEMPATH/Boot.php(334): CodeIgniter\CodeIgniter->run()
10 SYSTEMPATH/Boot.php(67): CodeIgniter\Boot::runCodeIgniter(Object(CodeIgniter\CodeIgniter))
11 FCPATH/index.php(57): CodeIgniter\Boot::bootWeb(Object(Config\Paths))
WARNING - 2025-08-29 22:37:23 --> [DEPRECATED] addslashes(): Passing null to parameter #1 ($string) of type string is deprecated in APPPATH/Views/service_list.php on line 10.
 1 APPPATH/Views/service_list.php(10): addslashes(null)
 2 SYSTEMPATH/View/View.php(224): include('/home/u810214334/domains/embellish-beauty.co.uk/public_html/app/Views/service_list.php')
 3 SYSTEMPATH/View/View.php(227): CodeIgniter\View\View->CodeIgniter\View\{closure}()
 4 SYSTEMPATH/Common.php(1173): CodeIgniter\View\View->render('service_list', [], true)
 5 APPPATH/Controllers/Home.php(129): view('service_list', [...])
 6 SYSTEMPATH/CodeIgniter.php(933): App\Controllers\Home->fetch_services()
 7 SYSTEMPATH/CodeIgniter.php(507): CodeIgniter\CodeIgniter->runController(Object(App\Controllers\Home))
 8 SYSTEMPATH/CodeIgniter.php(354): CodeIgniter\CodeIgniter->handleRequest(null, Object(Config\Cache), false)
 9 SYSTEMPATH/Boot.php(334): CodeIgniter\CodeIgniter->run()
10 SYSTEMPATH/Boot.php(67): CodeIgniter\Boot::runCodeIgniter(Object(CodeIgniter\CodeIgniter))
11 FCPATH/index.php(57): CodeIgniter\Boot::bootWeb(Object(Config\Paths))
WARNING - 2025-08-29 22:37:23 --> [DEPRECATED] addslashes(): Passing null to parameter #1 ($string) of type string is deprecated in APPPATH/Views/service_list.php on line 10.
 1 APPPATH/Views/service_list.php(10): addslashes(null)
 2 SYSTEMPATH/View/View.php(224): include('/home/u810214334/domains/embellish-beauty.co.uk/public_html/app/Views/service_list.php')
 3 SYSTEMPATH/View/View.php(227): CodeIgniter\View\View->CodeIgniter\View\{closure}()
 4 SYSTEMPATH/Common.php(1173): CodeIgniter\View\View->render('service_list', [], true)
 5 APPPATH/Controllers/Home.php(129): view('service_list', [...])
 6 SYSTEMPATH/CodeIgniter.php(933): App\Controllers\Home->fetch_services()
 7 SYSTEMPATH/CodeIgniter.php(507): CodeIgniter\CodeIgniter->runController(Object(App\Controllers\Home))
 8 SYSTEMPATH/CodeIgniter.php(354): CodeIgniter\CodeIgniter->handleRequest(null, Object(Config\Cache), false)
 9 SYSTEMPATH/Boot.php(334): CodeIgniter\CodeIgniter->run()
10 SYSTEMPATH/Boot.php(67): CodeIgniter\Boot::runCodeIgniter(Object(CodeIgniter\CodeIgniter))
11 FCPATH/index.php(57): CodeIgniter\Boot::bootWeb(Object(Config\Paths))
WARNING - 2025-08-29 22:37:23 --> [DEPRECATED] addslashes(): Passing null to parameter #1 ($string) of type string is deprecated in APPPATH/Views/service_list.php on line 10.
 1 APPPATH/Views/service_list.php(10): addslashes(null)
 2 SYSTEMPATH/View/View.php(224): include('/home/u810214334/domains/embellish-beauty.co.uk/public_html/app/Views/service_list.php')
 3 SYSTEMPATH/View/View.php(227): CodeIgniter\View\View->CodeIgniter\View\{closure}()
 4 SYSTEMPATH/Common.php(1173): CodeIgniter\View\View->render('service_list', [], true)
 5 APPPATH/Controllers/Home.php(129): view('service_list', [...])
 6 SYSTEMPATH/CodeIgniter.php(933): App\Controllers\Home->fetch_services()
 7 SYSTEMPATH/CodeIgniter.php(507): CodeIgniter\CodeIgniter->runController(Object(App\Controllers\Home))
 8 SYSTEMPATH/CodeIgniter.php(354): CodeIgniter\CodeIgniter->handleRequest(null, Object(Config\Cache), false)
 9 SYSTEMPATH/Boot.php(334): CodeIgniter\CodeIgniter->run()
10 SYSTEMPATH/Boot.php(67): CodeIgniter\Boot::runCodeIgniter(Object(CodeIgniter\CodeIgniter))
11 FCPATH/index.php(57): CodeIgniter\Boot::bootWeb(Object(Config\Paths))
WARNING - 2025-08-29 22:37:23 --> [DEPRECATED] addslashes(): Passing null to parameter #1 ($string) of type string is deprecated in APPPATH/Views/service_list.php on line 10.
 1 APPPATH/Views/service_list.php(10): addslashes(null)
 2 SYSTEMPATH/View/View.php(224): include('/home/u810214334/domains/embellish-beauty.co.uk/public_html/app/Views/service_list.php')
 3 SYSTEMPATH/View/View.php(227): CodeIgniter\View\View->CodeIgniter\View\{closure}()
 4 SYSTEMPATH/Common.php(1173): CodeIgniter\View\View->render('service_list', [], true)
 5 APPPATH/Controllers/Home.php(129): view('service_list', [...])
 6 SYSTEMPATH/CodeIgniter.php(933): App\Controllers\Home->fetch_services()
 7 SYSTEMPATH/CodeIgniter.php(507): CodeIgniter\CodeIgniter->runController(Object(App\Controllers\Home))
 8 SYSTEMPATH/CodeIgniter.php(354): CodeIgniter\CodeIgniter->handleRequest(null, Object(Config\Cache), false)
 9 SYSTEMPATH/Boot.php(334): CodeIgniter\CodeIgniter->run()
10 SYSTEMPATH/Boot.php(67): CodeIgniter\Boot::runCodeIgniter(Object(CodeIgniter\CodeIgniter))
11 FCPATH/index.php(57): CodeIgniter\Boot::bootWeb(Object(Config\Paths))
WARNING - 2025-08-29 22:37:23 --> [DEPRECATED] addslashes(): Passing null to parameter #1 ($string) of type string is deprecated in APPPATH/Views/service_list.php on line 10.
 1 APPPATH/Views/service_list.php(10): addslashes(null)
 2 SYSTEMPATH/View/View.php(224): include('/home/u810214334/domains/embellish-beauty.co.uk/public_html/app/Views/service_list.php')
 3 SYSTEMPATH/View/View.php(227): CodeIgniter\View\View->CodeIgniter\View\{closure}()
 4 SYSTEMPATH/Common.php(1173): CodeIgniter\View\View->render('service_list', [], true)
 5 APPPATH/Controllers/Home.php(129): view('service_list', [...])
 6 SYSTEMPATH/CodeIgniter.php(933): App\Controllers\Home->fetch_services()
 7 SYSTEMPATH/CodeIgniter.php(507): CodeIgniter\CodeIgniter->runController(Object(App\Controllers\Home))
 8 SYSTEMPATH/CodeIgniter.php(354): CodeIgniter\CodeIgniter->handleRequest(null, Object(Config\Cache), false)
 9 SYSTEMPATH/Boot.php(334): CodeIgniter\CodeIgniter->run()
10 SYSTEMPATH/Boot.php(67): CodeIgniter\Boot::runCodeIgniter(Object(CodeIgniter\CodeIgniter))
11 FCPATH/index.php(57): CodeIgniter\Boot::bootWeb(Object(Config\Paths))
WARNING - 2025-08-29 22:37:23 --> [DEPRECATED] addslashes(): Passing null to parameter #1 ($string) of type string is deprecated in APPPATH/Views/service_list.php on line 10.
 1 APPPATH/Views/service_list.php(10): addslashes(null)
 2 SYSTEMPATH/View/View.php(224): include('/home/u810214334/domains/embellish-beauty.co.uk/public_html/app/Views/service_list.php')
 3 SYSTEMPATH/View/View.php(227): CodeIgniter\View\View->CodeIgniter\View\{closure}()
 4 SYSTEMPATH/Common.php(1173): CodeIgniter\View\View->render('service_list', [], true)
 5 APPPATH/Controllers/Home.php(129): view('service_list', [...])
 6 SYSTEMPATH/CodeIgniter.php(933): App\Controllers\Home->fetch_services()
 7 SYSTEMPATH/CodeIgniter.php(507): CodeIgniter\CodeIgniter->runController(Object(App\Controllers\Home))
 8 SYSTEMPATH/CodeIgniter.php(354): CodeIgniter\CodeIgniter->handleRequest(null, Object(Config\Cache), false)
 9 SYSTEMPATH/Boot.php(334): CodeIgniter\CodeIgniter->run()
10 SYSTEMPATH/Boot.php(67): CodeIgniter\Boot::runCodeIgniter(Object(CodeIgniter\CodeIgniter))
11 FCPATH/index.php(57): CodeIgniter\Boot::bootWeb(Object(Config\Paths))
WARNING - 2025-08-29 22:37:23 --> [DEPRECATED] addslashes(): Passing null to parameter #1 ($string) of type string is deprecated in APPPATH/Views/service_list.php on line 10.
 1 APPPATH/Views/service_list.php(10): addslashes(null)
 2 SYSTEMPATH/View/View.php(224): include('/home/u810214334/domains/embellish-beauty.co.uk/public_html/app/Views/service_list.php')
 3 SYSTEMPATH/View/View.php(227): CodeIgniter\View\View->CodeIgniter\View\{closure}()
 4 SYSTEMPATH/Common.php(1173): CodeIgniter\View\View->render('service_list', [], true)
 5 APPPATH/Controllers/Home.php(129): view('service_list', [...])
 6 SYSTEMPATH/CodeIgniter.php(933): App\Controllers\Home->fetch_services()
 7 SYSTEMPATH/CodeIgniter.php(507): CodeIgniter\CodeIgniter->runController(Object(App\Controllers\Home))
 8 SYSTEMPATH/CodeIgniter.php(354): CodeIgniter\CodeIgniter->handleRequest(null, Object(Config\Cache), false)
 9 SYSTEMPATH/Boot.php(334): CodeIgniter\CodeIgniter->run()
10 SYSTEMPATH/Boot.php(67): CodeIgniter\Boot::runCodeIgniter(Object(CodeIgniter\CodeIgniter))
11 FCPATH/index.php(57): CodeIgniter\Boot::bootWeb(Object(Config\Paths))
WARNING - 2025-08-29 22:37:23 --> [DEPRECATED] addslashes(): Passing null to parameter #1 ($string) of type string is deprecated in APPPATH/Views/service_list.php on line 10.
 1 APPPATH/Views/service_list.php(10): addslashes(null)
 2 SYSTEMPATH/View/View.php(224): include('/home/u810214334/domains/embellish-beauty.co.uk/public_html/app/Views/service_list.php')
 3 SYSTEMPATH/View/View.php(227): CodeIgniter\View\View->CodeIgniter\View\{closure}()
 4 SYSTEMPATH/Common.php(1173): CodeIgniter\View\View->render('service_list', [], true)
 5 APPPATH/Controllers/Home.php(129): view('service_list', [...])
 6 SYSTEMPATH/CodeIgniter.php(933): App\Controllers\Home->fetch_services()
 7 SYSTEMPATH/CodeIgniter.php(507): CodeIgniter\CodeIgniter->runController(Object(App\Controllers\Home))
 8 SYSTEMPATH/CodeIgniter.php(354): CodeIgniter\CodeIgniter->handleRequest(null, Object(Config\Cache), false)
 9 SYSTEMPATH/Boot.php(334): CodeIgniter\CodeIgniter->run()
10 SYSTEMPATH/Boot.php(67): CodeIgniter\Boot::runCodeIgniter(Object(CodeIgniter\CodeIgniter))
11 FCPATH/index.php(57): CodeIgniter\Boot::bootWeb(Object(Config\Paths))
WARNING - 2025-08-29 22:37:23 --> [DEPRECATED] addslashes(): Passing null to parameter #1 ($string) of type string is deprecated in APPPATH/Views/service_list.php on line 10.
 1 APPPATH/Views/service_list.php(10): addslashes(null)
 2 SYSTEMPATH/View/View.php(224): include('/home/u810214334/domains/embellish-beauty.co.uk/public_html/app/Views/service_list.php')
 3 SYSTEMPATH/View/View.php(227): CodeIgniter\View\View->CodeIgniter\View\{closure}()
 4 SYSTEMPATH/Common.php(1173): CodeIgniter\View\View->render('service_list', [], true)
 5 APPPATH/Controllers/Home.php(129): view('service_list', [...])
 6 SYSTEMPATH/CodeIgniter.php(933): App\Controllers\Home->fetch_services()
 7 SYSTEMPATH/CodeIgniter.php(507): CodeIgniter\CodeIgniter->runController(Object(App\Controllers\Home))
 8 SYSTEMPATH/CodeIgniter.php(354): CodeIgniter\CodeIgniter->handleRequest(null, Object(Config\Cache), false)
 9 SYSTEMPATH/Boot.php(334): CodeIgniter\CodeIgniter->run()
10 SYSTEMPATH/Boot.php(67): CodeIgniter\Boot::runCodeIgniter(Object(CodeIgniter\CodeIgniter))
11 FCPATH/index.php(57): CodeIgniter\Boot::bootWeb(Object(Config\Paths))
DEBUG - 2025-08-29 22:37:25 --> Session: Class initialized using 'CodeIgniter\Session\Handlers\FileHandler' driver.
WARNING - 2025-08-29 22:37:25 --> [DEPRECATED] addslashes(): Passing null to parameter #1 ($string) of type string is deprecated in APPPATH/Views/service_list.php on line 10.
 1 APPPATH/Views/service_list.php(10): addslashes(null)
 2 SYSTEMPATH/View/View.php(224): include('/home/u810214334/domains/embellish-beauty.co.uk/public_html/app/Views/service_list.php')
 3 SYSTEMPATH/View/View.php(227): CodeIgniter\View\View->CodeIgniter\View\{closure}()
 4 SYSTEMPATH/Common.php(1173): CodeIgniter\View\View->render('service_list', [], true)
 5 APPPATH/Controllers/Home.php(129): view('service_list', [...])
 6 SYSTEMPATH/CodeIgniter.php(933): App\Controllers\Home->fetch_services()
 7 SYSTEMPATH/CodeIgniter.php(507): CodeIgniter\CodeIgniter->runController(Object(App\Controllers\Home))
 8 SYSTEMPATH/CodeIgniter.php(354): CodeIgniter\CodeIgniter->handleRequest(null, Object(Config\Cache), false)
 9 SYSTEMPATH/Boot.php(334): CodeIgniter\CodeIgniter->run()
10 SYSTEMPATH/Boot.php(67): CodeIgniter\Boot::runCodeIgniter(Object(CodeIgniter\CodeIgniter))
11 FCPATH/index.php(57): CodeIgniter\Boot::bootWeb(Object(Config\Paths))
WARNING - 2025-08-29 22:37:25 --> [DEPRECATED] addslashes(): Passing null to parameter #1 ($string) of type string is deprecated in APPPATH/Views/service_list.php on line 10.
 1 APPPATH/Views/service_list.php(10): addslashes(null)
 2 SYSTEMPATH/View/View.php(224): include('/home/u810214334/domains/embellish-beauty.co.uk/public_html/app/Views/service_list.php')
 3 SYSTEMPATH/View/View.php(227): CodeIgniter\View\View->CodeIgniter\View\{closure}()
 4 SYSTEMPATH/Common.php(1173): CodeIgniter\View\View->render('service_list', [], true)
 5 APPPATH/Controllers/Home.php(129): view('service_list', [...])
 6 SYSTEMPATH/CodeIgniter.php(933): App\Controllers\Home->fetch_services()
 7 SYSTEMPATH/CodeIgniter.php(507): CodeIgniter\CodeIgniter->runController(Object(App\Controllers\Home))
 8 SYSTEMPATH/CodeIgniter.php(354): CodeIgniter\CodeIgniter->handleRequest(null, Object(Config\Cache), false)
 9 SYSTEMPATH/Boot.php(334): CodeIgniter\CodeIgniter->run()
10 SYSTEMPATH/Boot.php(67): CodeIgniter\Boot::runCodeIgniter(Object(CodeIgniter\CodeIgniter))
11 FCPATH/index.php(57): CodeIgniter\Boot::bootWeb(Object(Config\Paths))
WARNING - 2025-08-29 22:37:25 --> [DEPRECATED] addslashes(): Passing null to parameter #1 ($string) of type string is deprecated in APPPATH/Views/service_list.php on line 10.
 1 APPPATH/Views/service_list.php(10): addslashes(null)
 2 SYSTEMPATH/View/View.php(224): include('/home/u810214334/domains/embellish-beauty.co.uk/public_html/app/Views/service_list.php')
 3 SYSTEMPATH/View/View.php(227): CodeIgniter\View\View->CodeIgniter\View\{closure}()
 4 SYSTEMPATH/Common.php(1173): CodeIgniter\View\View->render('service_list', [], true)
 5 APPPATH/Controllers/Home.php(129): view('service_list', [...])
 6 SYSTEMPATH/CodeIgniter.php(933): App\Controllers\Home->fetch_services()
 7 SYSTEMPATH/CodeIgniter.php(507): CodeIgniter\CodeIgniter->runController(Object(App\Controllers\Home))
 8 SYSTEMPATH/CodeIgniter.php(354): CodeIgniter\CodeIgniter->handleRequest(null, Object(Config\Cache), false)
 9 SYSTEMPATH/Boot.php(334): CodeIgniter\CodeIgniter->run()
10 SYSTEMPATH/Boot.php(67): CodeIgniter\Boot::runCodeIgniter(Object(CodeIgniter\CodeIgniter))
11 FCPATH/index.php(57): CodeIgniter\Boot::bootWeb(Object(Config\Paths))
WARNING - 2025-08-29 22:37:25 --> [DEPRECATED] addslashes(): Passing null to parameter #1 ($string) of type string is deprecated in APPPATH/Views/service_list.php on line 10.
 1 APPPATH/Views/service_list.php(10): addslashes(null)
 2 SYSTEMPATH/View/View.php(224): include('/home/u810214334/domains/embellish-beauty.co.uk/public_html/app/Views/service_list.php')
 3 SYSTEMPATH/View/View.php(227): CodeIgniter\View\View->CodeIgniter\View\{closure}()
 4 SYSTEMPATH/Common.php(1173): CodeIgniter\View\View->render('service_list', [], true)
 5 APPPATH/Controllers/Home.php(129): view('service_list', [...])
 6 SYSTEMPATH/CodeIgniter.php(933): App\Controllers\Home->fetch_services()
 7 SYSTEMPATH/CodeIgniter.php(507): CodeIgniter\CodeIgniter->runController(Object(App\Controllers\Home))
 8 SYSTEMPATH/CodeIgniter.php(354): CodeIgniter\CodeIgniter->handleRequest(null, Object(Config\Cache), false)
 9 SYSTEMPATH/Boot.php(334): CodeIgniter\CodeIgniter->run()
10 SYSTEMPATH/Boot.php(67): CodeIgniter\Boot::runCodeIgniter(Object(CodeIgniter\CodeIgniter))
11 FCPATH/index.php(57): CodeIgniter\Boot::bootWeb(Object(Config\Paths))
WARNING - 2025-08-29 22:37:25 --> [DEPRECATED] addslashes(): Passing null to parameter #1 ($string) of type string is deprecated in APPPATH/Views/service_list.php on line 10.
 1 APPPATH/Views/service_list.php(10): addslashes(null)
 2 SYSTEMPATH/View/View.php(224): include('/home/u810214334/domains/embellish-beauty.co.uk/public_html/app/Views/service_list.php')
 3 SYSTEMPATH/View/View.php(227): CodeIgniter\View\View->CodeIgniter\View\{closure}()
 4 SYSTEMPATH/Common.php(1173): CodeIgniter\View\View->render('service_list', [], true)
 5 APPPATH/Controllers/Home.php(129): view('service_list', [...])
 6 SYSTEMPATH/CodeIgniter.php(933): App\Controllers\Home->fetch_services()
 7 SYSTEMPATH/CodeIgniter.php(507): CodeIgniter\CodeIgniter->runController(Object(App\Controllers\Home))
 8 SYSTEMPATH/CodeIgniter.php(354): CodeIgniter\CodeIgniter->handleRequest(null, Object(Config\Cache), false)
 9 SYSTEMPATH/Boot.php(334): CodeIgniter\CodeIgniter->run()
10 SYSTEMPATH/Boot.php(67): CodeIgniter\Boot::runCodeIgniter(Object(CodeIgniter\CodeIgniter))
11 FCPATH/index.php(57): CodeIgniter\Boot::bootWeb(Object(Config\Paths))
WARNING - 2025-08-29 22:37:25 --> [DEPRECATED] addslashes(): Passing null to parameter #1 ($string) of type string is deprecated in APPPATH/Views/service_list.php on line 10.
 1 APPPATH/Views/service_list.php(10): addslashes(null)
 2 SYSTEMPATH/View/View.php(224): include('/home/u810214334/domains/embellish-beauty.co.uk/public_html/app/Views/service_list.php')
 3 SYSTEMPATH/View/View.php(227): CodeIgniter\View\View->CodeIgniter\View\{closure}()
 4 SYSTEMPATH/Common.php(1173): CodeIgniter\View\View->render('service_list', [], true)
 5 APPPATH/Controllers/Home.php(129): view('service_list', [...])
 6 SYSTEMPATH/CodeIgniter.php(933): App\Controllers\Home->fetch_services()
 7 SYSTEMPATH/CodeIgniter.php(507): CodeIgniter\CodeIgniter->runController(Object(App\Controllers\Home))
 8 SYSTEMPATH/CodeIgniter.php(354): CodeIgniter\CodeIgniter->handleRequest(null, Object(Config\Cache), false)
 9 SYSTEMPATH/Boot.php(334): CodeIgniter\CodeIgniter->run()
10 SYSTEMPATH/Boot.php(67): CodeIgniter\Boot::runCodeIgniter(Object(CodeIgniter\CodeIgniter))
11 FCPATH/index.php(57): CodeIgniter\Boot::bootWeb(Object(Config\Paths))
WARNING - 2025-08-29 22:37:25 --> [DEPRECATED] addslashes(): Passing null to parameter #1 ($string) of type string is deprecated in APPPATH/Views/service_list.php on line 10.
 1 APPPATH/Views/service_list.php(10): addslashes(null)
 2 SYSTEMPATH/View/View.php(224): include('/home/u810214334/domains/embellish-beauty.co.uk/public_html/app/Views/service_list.php')
 3 SYSTEMPATH/View/View.php(227): CodeIgniter\View\View->CodeIgniter\View\{closure}()
 4 SYSTEMPATH/Common.php(1173): CodeIgniter\View\View->render('service_list', [], true)
 5 APPPATH/Controllers/Home.php(129): view('service_list', [...])
 6 SYSTEMPATH/CodeIgniter.php(933): App\Controllers\Home->fetch_services()
 7 SYSTEMPATH/CodeIgniter.php(507): CodeIgniter\CodeIgniter->runController(Object(App\Controllers\Home))
 8 SYSTEMPATH/CodeIgniter.php(354): CodeIgniter\CodeIgniter->handleRequest(null, Object(Config\Cache), false)
 9 SYSTEMPATH/Boot.php(334): CodeIgniter\CodeIgniter->run()
10 SYSTEMPATH/Boot.php(67): CodeIgniter\Boot::runCodeIgniter(Object(CodeIgniter\CodeIgniter))
11 FCPATH/index.php(57): CodeIgniter\Boot::bootWeb(Object(Config\Paths))
WARNING - 2025-08-29 22:37:25 --> [DEPRECATED] addslashes(): Passing null to parameter #1 ($string) of type string is deprecated in APPPATH/Views/service_list.php on line 10.
 1 APPPATH/Views/service_list.php(10): addslashes(null)
 2 SYSTEMPATH/View/View.php(224): include('/home/u810214334/domains/embellish-beauty.co.uk/public_html/app/Views/service_list.php')
 3 SYSTEMPATH/View/View.php(227): CodeIgniter\View\View->CodeIgniter\View\{closure}()
 4 SYSTEMPATH/Common.php(1173): CodeIgniter\View\View->render('service_list', [], true)
 5 APPPATH/Controllers/Home.php(129): view('service_list', [...])
 6 SYSTEMPATH/CodeIgniter.php(933): App\Controllers\Home->fetch_services()
 7 SYSTEMPATH/CodeIgniter.php(507): CodeIgniter\CodeIgniter->runController(Object(App\Controllers\Home))
 8 SYSTEMPATH/CodeIgniter.php(354): CodeIgniter\CodeIgniter->handleRequest(null, Object(Config\Cache), false)
 9 SYSTEMPATH/Boot.php(334): CodeIgniter\CodeIgniter->run()
10 SYSTEMPATH/Boot.php(67): CodeIgniter\Boot::runCodeIgniter(Object(CodeIgniter\CodeIgniter))
11 FCPATH/index.php(57): CodeIgniter\Boot::bootWeb(Object(Config\Paths))
WARNING - 2025-08-29 22:37:25 --> [DEPRECATED] addslashes(): Passing null to parameter #1 ($string) of type string is deprecated in APPPATH/Views/service_list.php on line 10.
 1 APPPATH/Views/service_list.php(10): addslashes(null)
 2 SYSTEMPATH/View/View.php(224): include('/home/u810214334/domains/embellish-beauty.co.uk/public_html/app/Views/service_list.php')
 3 SYSTEMPATH/View/View.php(227): CodeIgniter\View\View->CodeIgniter\View\{closure}()
 4 SYSTEMPATH/Common.php(1173): CodeIgniter\View\View->render('service_list', [], true)
 5 APPPATH/Controllers/Home.php(129): view('service_list', [...])
 6 SYSTEMPATH/CodeIgniter.php(933): App\Controllers\Home->fetch_services()
 7 SYSTEMPATH/CodeIgniter.php(507): CodeIgniter\CodeIgniter->runController(Object(App\Controllers\Home))
 8 SYSTEMPATH/CodeIgniter.php(354): CodeIgniter\CodeIgniter->handleRequest(null, Object(Config\Cache), false)
 9 SYSTEMPATH/Boot.php(334): CodeIgniter\CodeIgniter->run()
10 SYSTEMPATH/Boot.php(67): CodeIgniter\Boot::runCodeIgniter(Object(CodeIgniter\CodeIgniter))
11 FCPATH/index.php(57): CodeIgniter\Boot::bootWeb(Object(Config\Paths))
WARNING - 2025-08-29 22:37:25 --> [DEPRECATED] addslashes(): Passing null to parameter #1 ($string) of type string is deprecated in APPPATH/Views/service_list.php on line 10.
 1 APPPATH/Views/service_list.php(10): addslashes(null)
 2 SYSTEMPATH/View/View.php(224): include('/home/u810214334/domains/embellish-beauty.co.uk/public_html/app/Views/service_list.php')
 3 SYSTEMPATH/View/View.php(227): CodeIgniter\View\View->CodeIgniter\View\{closure}()
 4 SYSTEMPATH/Common.php(1173): CodeIgniter\View\View->render('service_list', [], true)
 5 APPPATH/Controllers/Home.php(129): view('service_list', [...])
 6 SYSTEMPATH/CodeIgniter.php(933): App\Controllers\Home->fetch_services()
 7 SYSTEMPATH/CodeIgniter.php(507): CodeIgniter\CodeIgniter->runController(Object(App\Controllers\Home))
 8 SYSTEMPATH/CodeIgniter.php(354): CodeIgniter\CodeIgniter->handleRequest(null, Object(Config\Cache), false)
 9 SYSTEMPATH/Boot.php(334): CodeIgniter\CodeIgniter->run()
10 SYSTEMPATH/Boot.php(67): CodeIgniter\Boot::runCodeIgniter(Object(CodeIgniter\CodeIgniter))
11 FCPATH/index.php(57): CodeIgniter\Boot::bootWeb(Object(Config\Paths))
WARNING - 2025-08-29 22:37:25 --> [DEPRECATED] addslashes(): Passing null to parameter #1 ($string) of type string is deprecated in APPPATH/Views/service_list.php on line 10.
 1 APPPATH/Views/service_list.php(10): addslashes(null)
 2 SYSTEMPATH/View/View.php(224): include('/home/u810214334/domains/embellish-beauty.co.uk/public_html/app/Views/service_list.php')
 3 SYSTEMPATH/View/View.php(227): CodeIgniter\View\View->CodeIgniter\View\{closure}()
 4 SYSTEMPATH/Common.php(1173): CodeIgniter\View\View->render('service_list', [], true)
 5 APPPATH/Controllers/Home.php(129): view('service_list', [...])
 6 SYSTEMPATH/CodeIgniter.php(933): App\Controllers\Home->fetch_services()
 7 SYSTEMPATH/CodeIgniter.php(507): CodeIgniter\CodeIgniter->runController(Object(App\Controllers\Home))
 8 SYSTEMPATH/CodeIgniter.php(354): CodeIgniter\CodeIgniter->handleRequest(null, Object(Config\Cache), false)
 9 SYSTEMPATH/Boot.php(334): CodeIgniter\CodeIgniter->run()
10 SYSTEMPATH/Boot.php(67): CodeIgniter\Boot::runCodeIgniter(Object(CodeIgniter\CodeIgniter))
11 FCPATH/index.php(57): CodeIgniter\Boot::bootWeb(Object(Config\Paths))
WARNING - 2025-08-29 22:37:25 --> [DEPRECATED] addslashes(): Passing null to parameter #1 ($string) of type string is deprecated in APPPATH/Views/service_list.php on line 10.
 1 APPPATH/Views/service_list.php(10): addslashes(null)
 2 SYSTEMPATH/View/View.php(224): include('/home/u810214334/domains/embellish-beauty.co.uk/public_html/app/Views/service_list.php')
 3 SYSTEMPATH/View/View.php(227): CodeIgniter\View\View->CodeIgniter\View\{closure}()
 4 SYSTEMPATH/Common.php(1173): CodeIgniter\View\View->render('service_list', [], true)
 5 APPPATH/Controllers/Home.php(129): view('service_list', [...])
 6 SYSTEMPATH/CodeIgniter.php(933): App\Controllers\Home->fetch_services()
 7 SYSTEMPATH/CodeIgniter.php(507): CodeIgniter\CodeIgniter->runController(Object(App\Controllers\Home))
 8 SYSTEMPATH/CodeIgniter.php(354): CodeIgniter\CodeIgniter->handleRequest(null, Object(Config\Cache), false)
 9 SYSTEMPATH/Boot.php(334): CodeIgniter\CodeIgniter->run()
10 SYSTEMPATH/Boot.php(67): CodeIgniter\Boot::runCodeIgniter(Object(CodeIgniter\CodeIgniter))
11 FCPATH/index.php(57): CodeIgniter\Boot::bootWeb(Object(Config\Paths))
WARNING - 2025-08-29 22:37:25 --> [DEPRECATED] addslashes(): Passing null to parameter #1 ($string) of type string is deprecated in APPPATH/Views/service_list.php on line 10.
 1 APPPATH/Views/service_list.php(10): addslashes(null)
 2 SYSTEMPATH/View/View.php(224): include('/home/u810214334/domains/embellish-beauty.co.uk/public_html/app/Views/service_list.php')
 3 SYSTEMPATH/View/View.php(227): CodeIgniter\View\View->CodeIgniter\View\{closure}()
 4 SYSTEMPATH/Common.php(1173): CodeIgniter\View\View->render('service_list', [], true)
 5 APPPATH/Controllers/Home.php(129): view('service_list', [...])
 6 SYSTEMPATH/CodeIgniter.php(933): App\Controllers\Home->fetch_services()
 7 SYSTEMPATH/CodeIgniter.php(507): CodeIgniter\CodeIgniter->runController(Object(App\Controllers\Home))
 8 SYSTEMPATH/CodeIgniter.php(354): CodeIgniter\CodeIgniter->handleRequest(null, Object(Config\Cache), false)
 9 SYSTEMPATH/Boot.php(334): CodeIgniter\CodeIgniter->run()
10 SYSTEMPATH/Boot.php(67): CodeIgniter\Boot::runCodeIgniter(Object(CodeIgniter\CodeIgniter))
11 FCPATH/index.php(57): CodeIgniter\Boot::bootWeb(Object(Config\Paths))
WARNING - 2025-08-29 22:37:25 --> [DEPRECATED] addslashes(): Passing null to parameter #1 ($string) of type string is deprecated in APPPATH/Views/service_list.php on line 10.
 1 APPPATH/Views/service_list.php(10): addslashes(null)
 2 SYSTEMPATH/View/View.php(224): include('/home/u810214334/domains/embellish-beauty.co.uk/public_html/app/Views/service_list.php')
 3 SYSTEMPATH/View/View.php(227): CodeIgniter\View\View->CodeIgniter\View\{closure}()
 4 SYSTEMPATH/Common.php(1173): CodeIgniter\View\View->render('service_list', [], true)
 5 APPPATH/Controllers/Home.php(129): view('service_list', [...])
 6 SYSTEMPATH/CodeIgniter.php(933): App\Controllers\Home->fetch_services()
 7 SYSTEMPATH/CodeIgniter.php(507): CodeIgniter\CodeIgniter->runController(Object(App\Controllers\Home))
 8 SYSTEMPATH/CodeIgniter.php(354): CodeIgniter\CodeIgniter->handleRequest(null, Object(Config\Cache), false)
 9 SYSTEMPATH/Boot.php(334): CodeIgniter\CodeIgniter->run()
10 SYSTEMPATH/Boot.php(67): CodeIgniter\Boot::runCodeIgniter(Object(CodeIgniter\CodeIgniter))
11 FCPATH/index.php(57): CodeIgniter\Boot::bootWeb(Object(Config\Paths))
WARNING - 2025-08-29 22:37:25 --> [DEPRECATED] addslashes(): Passing null to parameter #1 ($string) of type string is deprecated in APPPATH/Views/service_list.php on line 10.
 1 APPPATH/Views/service_list.php(10): addslashes(null)
 2 SYSTEMPATH/View/View.php(224): include('/home/u810214334/domains/embellish-beauty.co.uk/public_html/app/Views/service_list.php')
 3 SYSTEMPATH/View/View.php(227): CodeIgniter\View\View->CodeIgniter\View\{closure}()
 4 SYSTEMPATH/Common.php(1173): CodeIgniter\View\View->render('service_list', [], true)
 5 APPPATH/Controllers/Home.php(129): view('service_list', [...])
 6 SYSTEMPATH/CodeIgniter.php(933): App\Controllers\Home->fetch_services()
 7 SYSTEMPATH/CodeIgniter.php(507): CodeIgniter\CodeIgniter->runController(Object(App\Controllers\Home))
 8 SYSTEMPATH/CodeIgniter.php(354): CodeIgniter\CodeIgniter->handleRequest(null, Object(Config\Cache), false)
 9 SYSTEMPATH/Boot.php(334): CodeIgniter\CodeIgniter->run()
10 SYSTEMPATH/Boot.php(67): CodeIgniter\Boot::runCodeIgniter(Object(CodeIgniter\CodeIgniter))
11 FCPATH/index.php(57): CodeIgniter\Boot::bootWeb(Object(Config\Paths))
WARNING - 2025-08-29 22:37:25 --> [DEPRECATED] addslashes(): Passing null to parameter #1 ($string) of type string is deprecated in APPPATH/Views/service_list.php on line 10.
 1 APPPATH/Views/service_list.php(10): addslashes(null)
 2 SYSTEMPATH/View/View.php(224): include('/home/u810214334/domains/embellish-beauty.co.uk/public_html/app/Views/service_list.php')
 3 SYSTEMPATH/View/View.php(227): CodeIgniter\View\View->CodeIgniter\View\{closure}()
 4 SYSTEMPATH/Common.php(1173): CodeIgniter\View\View->render('service_list', [], true)
 5 APPPATH/Controllers/Home.php(129): view('service_list', [...])
 6 SYSTEMPATH/CodeIgniter.php(933): App\Controllers\Home->fetch_services()
 7 SYSTEMPATH/CodeIgniter.php(507): CodeIgniter\CodeIgniter->runController(Object(App\Controllers\Home))
 8 SYSTEMPATH/CodeIgniter.php(354): CodeIgniter\CodeIgniter->handleRequest(null, Object(Config\Cache), false)
 9 SYSTEMPATH/Boot.php(334): CodeIgniter\CodeIgniter->run()
10 SYSTEMPATH/Boot.php(67): CodeIgniter\Boot::runCodeIgniter(Object(CodeIgniter\CodeIgniter))
11 FCPATH/index.php(57): CodeIgniter\Boot::bootWeb(Object(Config\Paths))
WARNING - 2025-08-29 22:37:25 --> [DEPRECATED] addslashes(): Passing null to parameter #1 ($string) of type string is deprecated in APPPATH/Views/service_list.php on line 10.
 1 APPPATH/Views/service_list.php(10): addslashes(null)
 2 SYSTEMPATH/View/View.php(224): include('/home/u810214334/domains/embellish-beauty.co.uk/public_html/app/Views/service_list.php')
 3 SYSTEMPATH/View/View.php(227): CodeIgniter\View\View->CodeIgniter\View\{closure}()
 4 SYSTEMPATH/Common.php(1173): CodeIgniter\View\View->render('service_list', [], true)
 5 APPPATH/Controllers/Home.php(129): view('service_list', [...])
 6 SYSTEMPATH/CodeIgniter.php(933): App\Controllers\Home->fetch_services()
 7 SYSTEMPATH/CodeIgniter.php(507): CodeIgniter\CodeIgniter->runController(Object(App\Controllers\Home))
 8 SYSTEMPATH/CodeIgniter.php(354): CodeIgniter\CodeIgniter->handleRequest(null, Object(Config\Cache), false)
 9 SYSTEMPATH/Boot.php(334): CodeIgniter\CodeIgniter->run()
10 SYSTEMPATH/Boot.php(67): CodeIgniter\Boot::runCodeIgniter(Object(CodeIgniter\CodeIgniter))
11 FCPATH/index.php(57): CodeIgniter\Boot::bootWeb(Object(Config\Paths))
WARNING - 2025-08-29 22:37:25 --> [DEPRECATED] addslashes(): Passing null to parameter #1 ($string) of type string is deprecated in APPPATH/Views/service_list.php on line 10.
 1 APPPATH/Views/service_list.php(10): addslashes(null)
 2 SYSTEMPATH/View/View.php(224): include('/home/u810214334/domains/embellish-beauty.co.uk/public_html/app/Views/service_list.php')
 3 SYSTEMPATH/View/View.php(227): CodeIgniter\View\View->CodeIgniter\View\{closure}()
 4 SYSTEMPATH/Common.php(1173): CodeIgniter\View\View->render('service_list', [], true)
 5 APPPATH/Controllers/Home.php(129): view('service_list', [...])
 6 SYSTEMPATH/CodeIgniter.php(933): App\Controllers\Home->fetch_services()
 7 SYSTEMPATH/CodeIgniter.php(507): CodeIgniter\CodeIgniter->runController(Object(App\Controllers\Home))
 8 SYSTEMPATH/CodeIgniter.php(354): CodeIgniter\CodeIgniter->handleRequest(null, Object(Config\Cache), false)
 9 SYSTEMPATH/Boot.php(334): CodeIgniter\CodeIgniter->run()
10 SYSTEMPATH/Boot.php(67): CodeIgniter\Boot::runCodeIgniter(Object(CodeIgniter\CodeIgniter))
11 FCPATH/index.php(57): CodeIgniter\Boot::bootWeb(Object(Config\Paths))
WARNING - 2025-08-29 22:37:25 --> [DEPRECATED] addslashes(): Passing null to parameter #1 ($string) of type string is deprecated in APPPATH/Views/service_list.php on line 10.
 1 APPPATH/Views/service_list.php(10): addslashes(null)
 2 SYSTEMPATH/View/View.php(224): include('/home/u810214334/domains/embellish-beauty.co.uk/public_html/app/Views/service_list.php')
 3 SYSTEMPATH/View/View.php(227): CodeIgniter\View\View->CodeIgniter\View\{closure}()
 4 SYSTEMPATH/Common.php(1173): CodeIgniter\View\View->render('service_list', [], true)
 5 APPPATH/Controllers/Home.php(129): view('service_list', [...])
 6 SYSTEMPATH/CodeIgniter.php(933): App\Controllers\Home->fetch_services()
 7 SYSTEMPATH/CodeIgniter.php(507): CodeIgniter\CodeIgniter->runController(Object(App\Controllers\Home))
 8 SYSTEMPATH/CodeIgniter.php(354): CodeIgniter\CodeIgniter->handleRequest(null, Object(Config\Cache), false)
 9 SYSTEMPATH/Boot.php(334): CodeIgniter\CodeIgniter->run()
10 SYSTEMPATH/Boot.php(67): CodeIgniter\Boot::runCodeIgniter(Object(CodeIgniter\CodeIgniter))
11 FCPATH/index.php(57): CodeIgniter\Boot::bootWeb(Object(Config\Paths))
WARNING - 2025-08-29 22:37:25 --> [DEPRECATED] addslashes(): Passing null to parameter #1 ($string) of type string is deprecated in APPPATH/Views/service_list.php on line 10.
 1 APPPATH/Views/service_list.php(10): addslashes(null)
 2 SYSTEMPATH/View/View.php(224): include('/home/u810214334/domains/embellish-beauty.co.uk/public_html/app/Views/service_list.php')
 3 SYSTEMPATH/View/View.php(227): CodeIgniter\View\View->CodeIgniter\View\{closure}()
 4 SYSTEMPATH/Common.php(1173): CodeIgniter\View\View->render('service_list', [], true)
 5 APPPATH/Controllers/Home.php(129): view('service_list', [...])
 6 SYSTEMPATH/CodeIgniter.php(933): App\Controllers\Home->fetch_services()
 7 SYSTEMPATH/CodeIgniter.php(507): CodeIgniter\CodeIgniter->runController(Object(App\Controllers\Home))
 8 SYSTEMPATH/CodeIgniter.php(354): CodeIgniter\CodeIgniter->handleRequest(null, Object(Config\Cache), false)
 9 SYSTEMPATH/Boot.php(334): CodeIgniter\CodeIgniter->run()
10 SYSTEMPATH/Boot.php(67): CodeIgniter\Boot::runCodeIgniter(Object(CodeIgniter\CodeIgniter))
11 FCPATH/index.php(57): CodeIgniter\Boot::bootWeb(Object(Config\Paths))
DEBUG - 2025-08-29 22:37:26 --> Session: Class initialized using 'CodeIgniter\Session\Handlers\FileHandler' driver.
WARNING - 2025-08-29 22:37:26 --> [DEPRECATED] addslashes(): Passing null to parameter #1 ($string) of type string is deprecated in APPPATH/Views/service_list.php on line 10.
 1 APPPATH/Views/service_list.php(10): addslashes(null)
 2 SYSTEMPATH/View/View.php(224): include('/home/u810214334/domains/embellish-beauty.co.uk/public_html/app/Views/service_list.php')
 3 SYSTEMPATH/View/View.php(227): CodeIgniter\View\View->CodeIgniter\View\{closure}()
 4 SYSTEMPATH/Common.php(1173): CodeIgniter\View\View->render('service_list', [], true)
 5 APPPATH/Controllers/Home.php(129): view('service_list', [...])
 6 SYSTEMPATH/CodeIgniter.php(933): App\Controllers\Home->fetch_services()
 7 SYSTEMPATH/CodeIgniter.php(507): CodeIgniter\CodeIgniter->runController(Object(App\Controllers\Home))
 8 SYSTEMPATH/CodeIgniter.php(354): CodeIgniter\CodeIgniter->handleRequest(null, Object(Config\Cache), false)
 9 SYSTEMPATH/Boot.php(334): CodeIgniter\CodeIgniter->run()
10 SYSTEMPATH/Boot.php(67): CodeIgniter\Boot::runCodeIgniter(Object(CodeIgniter\CodeIgniter))
11 FCPATH/index.php(57): CodeIgniter\Boot::bootWeb(Object(Config\Paths))
WARNING - 2025-08-29 22:37:26 --> [DEPRECATED] addslashes(): Passing null to parameter #1 ($string) of type string is deprecated in APPPATH/Views/service_list.php on line 10.
 1 APPPATH/Views/service_list.php(10): addslashes(null)
 2 SYSTEMPATH/View/View.php(224): include('/home/u810214334/domains/embellish-beauty.co.uk/public_html/app/Views/service_list.php')
 3 SYSTEMPATH/View/View.php(227): CodeIgniter\View\View->CodeIgniter\View\{closure}()
 4 SYSTEMPATH/Common.php(1173): CodeIgniter\View\View->render('service_list', [], true)
 5 APPPATH/Controllers/Home.php(129): view('service_list', [...])
 6 SYSTEMPATH/CodeIgniter.php(933): App\Controllers\Home->fetch_services()
 7 SYSTEMPATH/CodeIgniter.php(507): CodeIgniter\CodeIgniter->runController(Object(App\Controllers\Home))
 8 SYSTEMPATH/CodeIgniter.php(354): CodeIgniter\CodeIgniter->handleRequest(null, Object(Config\Cache), false)
 9 SYSTEMPATH/Boot.php(334): CodeIgniter\CodeIgniter->run()
10 SYSTEMPATH/Boot.php(67): CodeIgniter\Boot::runCodeIgniter(Object(CodeIgniter\CodeIgniter))
11 FCPATH/index.php(57): CodeIgniter\Boot::bootWeb(Object(Config\Paths))
WARNING - 2025-08-29 22:37:26 --> [DEPRECATED] addslashes(): Passing null to parameter #1 ($string) of type string is deprecated in APPPATH/Views/service_list.php on line 10.
 1 APPPATH/Views/service_list.php(10): addslashes(null)
 2 SYSTEMPATH/View/View.php(224): include('/home/u810214334/domains/embellish-beauty.co.uk/public_html/app/Views/service_list.php')
 3 SYSTEMPATH/View/View.php(227): CodeIgniter\View\View->CodeIgniter\View\{closure}()
 4 SYSTEMPATH/Common.php(1173): CodeIgniter\View\View->render('service_list', [], true)
 5 APPPATH/Controllers/Home.php(129): view('service_list', [...])
 6 SYSTEMPATH/CodeIgniter.php(933): App\Controllers\Home->fetch_services()
 7 SYSTEMPATH/CodeIgniter.php(507): CodeIgniter\CodeIgniter->runController(Object(App\Controllers\Home))
 8 SYSTEMPATH/CodeIgniter.php(354): CodeIgniter\CodeIgniter->handleRequest(null, Object(Config\Cache), false)
 9 SYSTEMPATH/Boot.php(334): CodeIgniter\CodeIgniter->run()
10 SYSTEMPATH/Boot.php(67): CodeIgniter\Boot::runCodeIgniter(Object(CodeIgniter\CodeIgniter))
11 FCPATH/index.php(57): CodeIgniter\Boot::bootWeb(Object(Config\Paths))
WARNING - 2025-08-29 22:37:26 --> [DEPRECATED] addslashes(): Passing null to parameter #1 ($string) of type string is deprecated in APPPATH/Views/service_list.php on line 10.
 1 APPPATH/Views/service_list.php(10): addslashes(null)
 2 SYSTEMPATH/View/View.php(224): include('/home/u810214334/domains/embellish-beauty.co.uk/public_html/app/Views/service_list.php')
 3 SYSTEMPATH/View/View.php(227): CodeIgniter\View\View->CodeIgniter\View\{closure}()
 4 SYSTEMPATH/Common.php(1173): CodeIgniter\View\View->render('service_list', [], true)
 5 APPPATH/Controllers/Home.php(129): view('service_list', [...])
 6 SYSTEMPATH/CodeIgniter.php(933): App\Controllers\Home->fetch_services()
 7 SYSTEMPATH/CodeIgniter.php(507): CodeIgniter\CodeIgniter->runController(Object(App\Controllers\Home))
 8 SYSTEMPATH/CodeIgniter.php(354): CodeIgniter\CodeIgniter->handleRequest(null, Object(Config\Cache), false)
 9 SYSTEMPATH/Boot.php(334): CodeIgniter\CodeIgniter->run()
10 SYSTEMPATH/Boot.php(67): CodeIgniter\Boot::runCodeIgniter(Object(CodeIgniter\CodeIgniter))
11 FCPATH/index.php(57): CodeIgniter\Boot::bootWeb(Object(Config\Paths))
WARNING - 2025-08-29 22:37:26 --> [DEPRECATED] addslashes(): Passing null to parameter #1 ($string) of type string is deprecated in APPPATH/Views/service_list.php on line 10.
 1 APPPATH/Views/service_list.php(10): addslashes(null)
 2 SYSTEMPATH/View/View.php(224): include('/home/u810214334/domains/embellish-beauty.co.uk/public_html/app/Views/service_list.php')
 3 SYSTEMPATH/View/View.php(227): CodeIgniter\View\View->CodeIgniter\View\{closure}()
 4 SYSTEMPATH/Common.php(1173): CodeIgniter\View\View->render('service_list', [], true)
 5 APPPATH/Controllers/Home.php(129): view('service_list', [...])
 6 SYSTEMPATH/CodeIgniter.php(933): App\Controllers\Home->fetch_services()
 7 SYSTEMPATH/CodeIgniter.php(507): CodeIgniter\CodeIgniter->runController(Object(App\Controllers\Home))
 8 SYSTEMPATH/CodeIgniter.php(354): CodeIgniter\CodeIgniter->handleRequest(null, Object(Config\Cache), false)
 9 SYSTEMPATH/Boot.php(334): CodeIgniter\CodeIgniter->run()
10 SYSTEMPATH/Boot.php(67): CodeIgniter\Boot::runCodeIgniter(Object(CodeIgniter\CodeIgniter))
11 FCPATH/index.php(57): CodeIgniter\Boot::bootWeb(Object(Config\Paths))
WARNING - 2025-08-29 22:37:26 --> [DEPRECATED] addslashes(): Passing null to parameter #1 ($string) of type string is deprecated in APPPATH/Views/service_list.php on line 10.
 1 APPPATH/Views/service_list.php(10): addslashes(null)
 2 SYSTEMPATH/View/View.php(224): include('/home/u810214334/domains/embellish-beauty.co.uk/public_html/app/Views/service_list.php')
 3 SYSTEMPATH/View/View.php(227): CodeIgniter\View\View->CodeIgniter\View\{closure}()
 4 SYSTEMPATH/Common.php(1173): CodeIgniter\View\View->render('service_list', [], true)
 5 APPPATH/Controllers/Home.php(129): view('service_list', [...])
 6 SYSTEMPATH/CodeIgniter.php(933): App\Controllers\Home->fetch_services()
 7 SYSTEMPATH/CodeIgniter.php(507): CodeIgniter\CodeIgniter->runController(Object(App\Controllers\Home))
 8 SYSTEMPATH/CodeIgniter.php(354): CodeIgniter\CodeIgniter->handleRequest(null, Object(Config\Cache), false)
 9 SYSTEMPATH/Boot.php(334): CodeIgniter\CodeIgniter->run()
10 SYSTEMPATH/Boot.php(67): CodeIgniter\Boot::runCodeIgniter(Object(CodeIgniter\CodeIgniter))
11 FCPATH/index.php(57): CodeIgniter\Boot::bootWeb(Object(Config\Paths))
WARNING - 2025-08-29 22:37:26 --> [DEPRECATED] addslashes(): Passing null to parameter #1 ($string) of type string is deprecated in APPPATH/Views/service_list.php on line 10.
 1 APPPATH/Views/service_list.php(10): addslashes(null)
 2 SYSTEMPATH/View/View.php(224): include('/home/u810214334/domains/embellish-beauty.co.uk/public_html/app/Views/service_list.php')
 3 SYSTEMPATH/View/View.php(227): CodeIgniter\View\View->CodeIgniter\View\{closure}()
 4 SYSTEMPATH/Common.php(1173): CodeIgniter\View\View->render('service_list', [], true)
 5 APPPATH/Controllers/Home.php(129): view('service_list', [...])
 6 SYSTEMPATH/CodeIgniter.php(933): App\Controllers\Home->fetch_services()
 7 SYSTEMPATH/CodeIgniter.php(507): CodeIgniter\CodeIgniter->runController(Object(App\Controllers\Home))
 8 SYSTEMPATH/CodeIgniter.php(354): CodeIgniter\CodeIgniter->handleRequest(null, Object(Config\Cache), false)
 9 SYSTEMPATH/Boot.php(334): CodeIgniter\CodeIgniter->run()
10 SYSTEMPATH/Boot.php(67): CodeIgniter\Boot::runCodeIgniter(Object(CodeIgniter\CodeIgniter))
11 FCPATH/index.php(57): CodeIgniter\Boot::bootWeb(Object(Config\Paths))
WARNING - 2025-08-29 22:37:26 --> [DEPRECATED] addslashes(): Passing null to parameter #1 ($string) of type string is deprecated in APPPATH/Views/service_list.php on line 10.
 1 APPPATH/Views/service_list.php(10): addslashes(null)
 2 SYSTEMPATH/View/View.php(224): include('/home/u810214334/domains/embellish-beauty.co.uk/public_html/app/Views/service_list.php')
 3 SYSTEMPATH/View/View.php(227): CodeIgniter\View\View->CodeIgniter\View\{closure}()
 4 SYSTEMPATH/Common.php(1173): CodeIgniter\View\View->render('service_list', [], true)
 5 APPPATH/Controllers/Home.php(129): view('service_list', [...])
 6 SYSTEMPATH/CodeIgniter.php(933): App\Controllers\Home->fetch_services()
 7 SYSTEMPATH/CodeIgniter.php(507): CodeIgniter\CodeIgniter->runController(Object(App\Controllers\Home))
 8 SYSTEMPATH/CodeIgniter.php(354): CodeIgniter\CodeIgniter->handleRequest(null, Object(Config\Cache), false)
 9 SYSTEMPATH/Boot.php(334): CodeIgniter\CodeIgniter->run()
10 SYSTEMPATH/Boot.php(67): CodeIgniter\Boot::runCodeIgniter(Object(CodeIgniter\CodeIgniter))
11 FCPATH/index.php(57): CodeIgniter\Boot::bootWeb(Object(Config\Paths))
WARNING - 2025-08-29 22:37:26 --> [DEPRECATED] addslashes(): Passing null to parameter #1 ($string) of type string is deprecated in APPPATH/Views/service_list.php on line 10.
 1 APPPATH/Views/service_list.php(10): addslashes(null)
 2 SYSTEMPATH/View/View.php(224): include('/home/u810214334/domains/embellish-beauty.co.uk/public_html/app/Views/service_list.php')
 3 SYSTEMPATH/View/View.php(227): CodeIgniter\View\View->CodeIgniter\View\{closure}()
 4 SYSTEMPATH/Common.php(1173): CodeIgniter\View\View->render('service_list', [], true)
 5 APPPATH/Controllers/Home.php(129): view('service_list', [...])
 6 SYSTEMPATH/CodeIgniter.php(933): App\Controllers\Home->fetch_services()
 7 SYSTEMPATH/CodeIgniter.php(507): CodeIgniter\CodeIgniter->runController(Object(App\Controllers\Home))
 8 SYSTEMPATH/CodeIgniter.php(354): CodeIgniter\CodeIgniter->handleRequest(null, Object(Config\Cache), false)
 9 SYSTEMPATH/Boot.php(334): CodeIgniter\CodeIgniter->run()
10 SYSTEMPATH/Boot.php(67): CodeIgniter\Boot::runCodeIgniter(Object(CodeIgniter\CodeIgniter))
11 FCPATH/index.php(57): CodeIgniter\Boot::bootWeb(Object(Config\Paths))
WARNING - 2025-08-29 22:37:26 --> [DEPRECATED] addslashes(): Passing null to parameter #1 ($string) of type string is deprecated in APPPATH/Views/service_list.php on line 10.
 1 APPPATH/Views/service_list.php(10): addslashes(null)
 2 SYSTEMPATH/View/View.php(224): include('/home/u810214334/domains/embellish-beauty.co.uk/public_html/app/Views/service_list.php')
 3 SYSTEMPATH/View/View.php(227): CodeIgniter\View\View->CodeIgniter\View\{closure}()
 4 SYSTEMPATH/Common.php(1173): CodeIgniter\View\View->render('service_list', [], true)
 5 APPPATH/Controllers/Home.php(129): view('service_list', [...])
 6 SYSTEMPATH/CodeIgniter.php(933): App\Controllers\Home->fetch_services()
 7 SYSTEMPATH/CodeIgniter.php(507): CodeIgniter\CodeIgniter->runController(Object(App\Controllers\Home))
 8 SYSTEMPATH/CodeIgniter.php(354): CodeIgniter\CodeIgniter->handleRequest(null, Object(Config\Cache), false)
 9 SYSTEMPATH/Boot.php(334): CodeIgniter\CodeIgniter->run()
10 SYSTEMPATH/Boot.php(67): CodeIgniter\Boot::runCodeIgniter(Object(CodeIgniter\CodeIgniter))
11 FCPATH/index.php(57): CodeIgniter\Boot::bootWeb(Object(Config\Paths))
WARNING - 2025-08-29 22:37:26 --> [DEPRECATED] addslashes(): Passing null to parameter #1 ($string) of type string is deprecated in APPPATH/Views/service_list.php on line 10.
 1 APPPATH/Views/service_list.php(10): addslashes(null)
 2 SYSTEMPATH/View/View.php(224): include('/home/u810214334/domains/embellish-beauty.co.uk/public_html/app/Views/service_list.php')
 3 SYSTEMPATH/View/View.php(227): CodeIgniter\View\View->CodeIgniter\View\{closure}()
 4 SYSTEMPATH/Common.php(1173): CodeIgniter\View\View->render('service_list', [], true)
 5 APPPATH/Controllers/Home.php(129): view('service_list', [...])
 6 SYSTEMPATH/CodeIgniter.php(933): App\Controllers\Home->fetch_services()
 7 SYSTEMPATH/CodeIgniter.php(507): CodeIgniter\CodeIgniter->runController(Object(App\Controllers\Home))
 8 SYSTEMPATH/CodeIgniter.php(354): CodeIgniter\CodeIgniter->handleRequest(null, Object(Config\Cache), false)
 9 SYSTEMPATH/Boot.php(334): CodeIgniter\CodeIgniter->run()
10 SYSTEMPATH/Boot.php(67): CodeIgniter\Boot::runCodeIgniter(Object(CodeIgniter\CodeIgniter))
11 FCPATH/index.php(57): CodeIgniter\Boot::bootWeb(Object(Config\Paths))
WARNING - 2025-08-29 22:37:26 --> [DEPRECATED] addslashes(): Passing null to parameter #1 ($string) of type string is deprecated in APPPATH/Views/service_list.php on line 10.
 1 APPPATH/Views/service_list.php(10): addslashes(null)
 2 SYSTEMPATH/View/View.php(224): include('/home/u810214334/domains/embellish-beauty.co.uk/public_html/app/Views/service_list.php')
 3 SYSTEMPATH/View/View.php(227): CodeIgniter\View\View->CodeIgniter\View\{closure}()
 4 SYSTEMPATH/Common.php(1173): CodeIgniter\View\View->render('service_list', [], true)
 5 APPPATH/Controllers/Home.php(129): view('service_list', [...])
 6 SYSTEMPATH/CodeIgniter.php(933): App\Controllers\Home->fetch_services()
 7 SYSTEMPATH/CodeIgniter.php(507): CodeIgniter\CodeIgniter->runController(Object(App\Controllers\Home))
 8 SYSTEMPATH/CodeIgniter.php(354): CodeIgniter\CodeIgniter->handleRequest(null, Object(Config\Cache), false)
 9 SYSTEMPATH/Boot.php(334): CodeIgniter\CodeIgniter->run()
10 SYSTEMPATH/Boot.php(67): CodeIgniter\Boot::runCodeIgniter(Object(CodeIgniter\CodeIgniter))
11 FCPATH/index.php(57): CodeIgniter\Boot::bootWeb(Object(Config\Paths))
WARNING - 2025-08-29 22:37:26 --> [DEPRECATED] addslashes(): Passing null to parameter #1 ($string) of type string is deprecated in APPPATH/Views/service_list.php on line 10.
 1 APPPATH/Views/service_list.php(10): addslashes(null)
 2 SYSTEMPATH/View/View.php(224): include('/home/u810214334/domains/embellish-beauty.co.uk/public_html/app/Views/service_list.php')
 3 SYSTEMPATH/View/View.php(227): CodeIgniter\View\View->CodeIgniter\View\{closure}()
 4 SYSTEMPATH/Common.php(1173): CodeIgniter\View\View->render('service_list', [], true)
 5 APPPATH/Controllers/Home.php(129): view('service_list', [...])
 6 SYSTEMPATH/CodeIgniter.php(933): App\Controllers\Home->fetch_services()
 7 SYSTEMPATH/CodeIgniter.php(507): CodeIgniter\CodeIgniter->runController(Object(App\Controllers\Home))
 8 SYSTEMPATH/CodeIgniter.php(354): CodeIgniter\CodeIgniter->handleRequest(null, Object(Config\Cache), false)
 9 SYSTEMPATH/Boot.php(334): CodeIgniter\CodeIgniter->run()
10 SYSTEMPATH/Boot.php(67): CodeIgniter\Boot::runCodeIgniter(Object(CodeIgniter\CodeIgniter))
11 FCPATH/index.php(57): CodeIgniter\Boot::bootWeb(Object(Config\Paths))
WARNING - 2025-08-29 22:37:26 --> [DEPRECATED] addslashes(): Passing null to parameter #1 ($string) of type string is deprecated in APPPATH/Views/service_list.php on line 10.
 1 APPPATH/Views/service_list.php(10): addslashes(null)
 2 SYSTEMPATH/View/View.php(224): include('/home/u810214334/domains/embellish-beauty.co.uk/public_html/app/Views/service_list.php')
 3 SYSTEMPATH/View/View.php(227): CodeIgniter\View\View->CodeIgniter\View\{closure}()
 4 SYSTEMPATH/Common.php(1173): CodeIgniter\View\View->render('service_list', [], true)
 5 APPPATH/Controllers/Home.php(129): view('service_list', [...])
 6 SYSTEMPATH/CodeIgniter.php(933): App\Controllers\Home->fetch_services()
 7 SYSTEMPATH/CodeIgniter.php(507): CodeIgniter\CodeIgniter->runController(Object(App\Controllers\Home))
 8 SYSTEMPATH/CodeIgniter.php(354): CodeIgniter\CodeIgniter->handleRequest(null, Object(Config\Cache), false)
 9 SYSTEMPATH/Boot.php(334): CodeIgniter\CodeIgniter->run()
10 SYSTEMPATH/Boot.php(67): CodeIgniter\Boot::runCodeIgniter(Object(CodeIgniter\CodeIgniter))
11 FCPATH/index.php(57): CodeIgniter\Boot::bootWeb(Object(Config\Paths))
WARNING - 2025-08-29 22:37:26 --> [DEPRECATED] addslashes(): Passing null to parameter #1 ($string) of type string is deprecated in APPPATH/Views/service_list.php on line 10.
 1 APPPATH/Views/service_list.php(10): addslashes(null)
 2 SYSTEMPATH/View/View.php(224): include('/home/u810214334/domains/embellish-beauty.co.uk/public_html/app/Views/service_list.php')
 3 SYSTEMPATH/View/View.php(227): CodeIgniter\View\View->CodeIgniter\View\{closure}()
 4 SYSTEMPATH/Common.php(1173): CodeIgniter\View\View->render('service_list', [], true)
 5 APPPATH/Controllers/Home.php(129): view('service_list', [...])
 6 SYSTEMPATH/CodeIgniter.php(933): App\Controllers\Home->fetch_services()
 7 SYSTEMPATH/CodeIgniter.php(507): CodeIgniter\CodeIgniter->runController(Object(App\Controllers\Home))
 8 SYSTEMPATH/CodeIgniter.php(354): CodeIgniter\CodeIgniter->handleRequest(null, Object(Config\Cache), false)
 9 SYSTEMPATH/Boot.php(334): CodeIgniter\CodeIgniter->run()
10 SYSTEMPATH/Boot.php(67): CodeIgniter\Boot::runCodeIgniter(Object(CodeIgniter\CodeIgniter))
11 FCPATH/index.php(57): CodeIgniter\Boot::bootWeb(Object(Config\Paths))
WARNING - 2025-08-29 22:37:26 --> [DEPRECATED] addslashes(): Passing null to parameter #1 ($string) of type string is deprecated in APPPATH/Views/service_list.php on line 10.
 1 APPPATH/Views/service_list.php(10): addslashes(null)
 2 SYSTEMPATH/View/View.php(224): include('/home/u810214334/domains/embellish-beauty.co.uk/public_html/app/Views/service_list.php')
 3 SYSTEMPATH/View/View.php(227): CodeIgniter\View\View->CodeIgniter\View\{closure}()
 4 SYSTEMPATH/Common.php(1173): CodeIgniter\View\View->render('service_list', [], true)
 5 APPPATH/Controllers/Home.php(129): view('service_list', [...])
 6 SYSTEMPATH/CodeIgniter.php(933): App\Controllers\Home->fetch_services()
 7 SYSTEMPATH/CodeIgniter.php(507): CodeIgniter\CodeIgniter->runController(Object(App\Controllers\Home))
 8 SYSTEMPATH/CodeIgniter.php(354): CodeIgniter\CodeIgniter->handleRequest(null, Object(Config\Cache), false)
 9 SYSTEMPATH/Boot.php(334): CodeIgniter\CodeIgniter->run()
10 SYSTEMPATH/Boot.php(67): CodeIgniter\Boot::runCodeIgniter(Object(CodeIgniter\CodeIgniter))
11 FCPATH/index.php(57): CodeIgniter\Boot::bootWeb(Object(Config\Paths))
WARNING - 2025-08-29 22:37:26 --> [DEPRECATED] addslashes(): Passing null to parameter #1 ($string) of type string is deprecated in APPPATH/Views/service_list.php on line 10.
 1 APPPATH/Views/service_list.php(10): addslashes(null)
 2 SYSTEMPATH/View/View.php(224): include('/home/u810214334/domains/embellish-beauty.co.uk/public_html/app/Views/service_list.php')
 3 SYSTEMPATH/View/View.php(227): CodeIgniter\View\View->CodeIgniter\View\{closure}()
 4 SYSTEMPATH/Common.php(1173): CodeIgniter\View\View->render('service_list', [], true)
 5 APPPATH/Controllers/Home.php(129): view('service_list', [...])
 6 SYSTEMPATH/CodeIgniter.php(933): App\Controllers\Home->fetch_services()
 7 SYSTEMPATH/CodeIgniter.php(507): CodeIgniter\CodeIgniter->runController(Object(App\Controllers\Home))
 8 SYSTEMPATH/CodeIgniter.php(354): CodeIgniter\CodeIgniter->handleRequest(null, Object(Config\Cache), false)
 9 SYSTEMPATH/Boot.php(334): CodeIgniter\CodeIgniter->run()
10 SYSTEMPATH/Boot.php(67): CodeIgniter\Boot::runCodeIgniter(Object(CodeIgniter\CodeIgniter))
11 FCPATH/index.php(57): CodeIgniter\Boot::bootWeb(Object(Config\Paths))
WARNING - 2025-08-29 22:37:26 --> [DEPRECATED] addslashes(): Passing null to parameter #1 ($string) of type string is deprecated in APPPATH/Views/service_list.php on line 10.
 1 APPPATH/Views/service_list.php(10): addslashes(null)
 2 SYSTEMPATH/View/View.php(224): include('/home/u810214334/domains/embellish-beauty.co.uk/public_html/app/Views/service_list.php')
 3 SYSTEMPATH/View/View.php(227): CodeIgniter\View\View->CodeIgniter\View\{closure}()
 4 SYSTEMPATH/Common.php(1173): CodeIgniter\View\View->render('service_list', [], true)
 5 APPPATH/Controllers/Home.php(129): view('service_list', [...])
 6 SYSTEMPATH/CodeIgniter.php(933): App\Controllers\Home->fetch_services()
 7 SYSTEMPATH/CodeIgniter.php(507): CodeIgniter\CodeIgniter->runController(Object(App\Controllers\Home))
 8 SYSTEMPATH/CodeIgniter.php(354): CodeIgniter\CodeIgniter->handleRequest(null, Object(Config\Cache), false)
 9 SYSTEMPATH/Boot.php(334): CodeIgniter\CodeIgniter->run()
10 SYSTEMPATH/Boot.php(67): CodeIgniter\Boot::runCodeIgniter(Object(CodeIgniter\CodeIgniter))
11 FCPATH/index.php(57): CodeIgniter\Boot::bootWeb(Object(Config\Paths))
WARNING - 2025-08-29 22:37:26 --> [DEPRECATED] addslashes(): Passing null to parameter #1 ($string) of type string is deprecated in APPPATH/Views/service_list.php on line 10.
 1 APPPATH/Views/service_list.php(10): addslashes(null)
 2 SYSTEMPATH/View/View.php(224): include('/home/u810214334/domains/embellish-beauty.co.uk/public_html/app/Views/service_list.php')
 3 SYSTEMPATH/View/View.php(227): CodeIgniter\View\View->CodeIgniter\View\{closure}()
 4 SYSTEMPATH/Common.php(1173): CodeIgniter\View\View->render('service_list', [], true)
 5 APPPATH/Controllers/Home.php(129): view('service_list', [...])
 6 SYSTEMPATH/CodeIgniter.php(933): App\Controllers\Home->fetch_services()
 7 SYSTEMPATH/CodeIgniter.php(507): CodeIgniter\CodeIgniter->runController(Object(App\Controllers\Home))
 8 SYSTEMPATH/CodeIgniter.php(354): CodeIgniter\CodeIgniter->handleRequest(null, Object(Config\Cache), false)
 9 SYSTEMPATH/Boot.php(334): CodeIgniter\CodeIgniter->run()
10 SYSTEMPATH/Boot.php(67): CodeIgniter\Boot::runCodeIgniter(Object(CodeIgniter\CodeIgniter))
11 FCPATH/index.php(57): CodeIgniter\Boot::bootWeb(Object(Config\Paths))
WARNING - 2025-08-29 22:37:26 --> [DEPRECATED] addslashes(): Passing null to parameter #1 ($string) of type string is deprecated in APPPATH/Views/service_list.php on line 10.
 1 APPPATH/Views/service_list.php(10): addslashes(null)
 2 SYSTEMPATH/View/View.php(224): include('/home/u810214334/domains/embellish-beauty.co.uk/public_html/app/Views/service_list.php')
 3 SYSTEMPATH/View/View.php(227): CodeIgniter\View\View->CodeIgniter\View\{closure}()
 4 SYSTEMPATH/Common.php(1173): CodeIgniter\View\View->render('service_list', [], true)
 5 APPPATH/Controllers/Home.php(129): view('service_list', [...])
 6 SYSTEMPATH/CodeIgniter.php(933): App\Controllers\Home->fetch_services()
 7 SYSTEMPATH/CodeIgniter.php(507): CodeIgniter\CodeIgniter->runController(Object(App\Controllers\Home))
 8 SYSTEMPATH/CodeIgniter.php(354): CodeIgniter\CodeIgniter->handleRequest(null, Object(Config\Cache), false)
 9 SYSTEMPATH/Boot.php(334): CodeIgniter\CodeIgniter->run()
10 SYSTEMPATH/Boot.php(67): CodeIgniter\Boot::runCodeIgniter(Object(CodeIgniter\CodeIgniter))
11 FCPATH/index.php(57): CodeIgniter\Boot::bootWeb(Object(Config\Paths))
DEBUG - 2025-08-29 22:37:41 --> Session: Class initialized using 'CodeIgniter\Session\Handlers\FileHandler' driver.
DEBUG - 2025-08-29 22:37:42 --> Session: Class initialized using 'CodeIgniter\Session\Handlers\FileHandler' driver.
DEBUG - 2025-08-29 22:37:45 --> Session: Class initialized using 'CodeIgniter\Session\Handlers\FileHandler' driver.
DEBUG - 2025-08-29 22:38:20 --> Session: Class initialized using 'CodeIgniter\Session\Handlers\FileHandler' driver.
WARNING - 2025-08-29 22:38:20 --> [DEPRECATED] addslashes(): Passing null to parameter #1 ($string) of type string is deprecated in APPPATH/Views/service_list.php on line 10.
 1 APPPATH/Views/service_list.php(10): addslashes(null)
 2 SYSTEMPATH/View/View.php(224): include('/home/u810214334/domains/embellish-beauty.co.uk/public_html/app/Views/service_list.php')
 3 SYSTEMPATH/View/View.php(227): CodeIgniter\View\View->CodeIgniter\View\{closure}()
 4 SYSTEMPATH/Common.php(1173): CodeIgniter\View\View->render('service_list', [], true)
 5 APPPATH/Controllers/Home.php(129): view('service_list', [...])
 6 SYSTEMPATH/CodeIgniter.php(933): App\Controllers\Home->fetch_services()
 7 SYSTEMPATH/CodeIgniter.php(507): CodeIgniter\CodeIgniter->runController(Object(App\Controllers\Home))
 8 SYSTEMPATH/CodeIgniter.php(354): CodeIgniter\CodeIgniter->handleRequest(null, Object(Config\Cache), false)
 9 SYSTEMPATH/Boot.php(334): CodeIgniter\CodeIgniter->run()
10 SYSTEMPATH/Boot.php(67): CodeIgniter\Boot::runCodeIgniter(Object(CodeIgniter\CodeIgniter))
11 FCPATH/index.php(57): CodeIgniter\Boot::bootWeb(Object(Config\Paths))
WARNING - 2025-08-29 22:38:20 --> [DEPRECATED] addslashes(): Passing null to parameter #1 ($string) of type string is deprecated in APPPATH/Views/service_list.php on line 10.
 1 APPPATH/Views/service_list.php(10): addslashes(null)
 2 SYSTEMPATH/View/View.php(224): include('/home/u810214334/domains/embellish-beauty.co.uk/public_html/app/Views/service_list.php')
 3 SYSTEMPATH/View/View.php(227): CodeIgniter\View\View->CodeIgniter\View\{closure}()
 4 SYSTEMPATH/Common.php(1173): CodeIgniter\View\View->render('service_list', [], true)
 5 APPPATH/Controllers/Home.php(129): view('service_list', [...])
 6 SYSTEMPATH/CodeIgniter.php(933): App\Controllers\Home->fetch_services()
 7 SYSTEMPATH/CodeIgniter.php(507): CodeIgniter\CodeIgniter->runController(Object(App\Controllers\Home))
 8 SYSTEMPATH/CodeIgniter.php(354): CodeIgniter\CodeIgniter->handleRequest(null, Object(Config\Cache), false)
 9 SYSTEMPATH/Boot.php(334): CodeIgniter\CodeIgniter->run()
10 SYSTEMPATH/Boot.php(67): CodeIgniter\Boot::runCodeIgniter(Object(CodeIgniter\CodeIgniter))
11 FCPATH/index.php(57): CodeIgniter\Boot::bootWeb(Object(Config\Paths))
WARNING - 2025-08-29 22:38:20 --> [DEPRECATED] addslashes(): Passing null to parameter #1 ($string) of type string is deprecated in APPPATH/Views/service_list.php on line 10.
 1 APPPATH/Views/service_list.php(10): addslashes(null)
 2 SYSTEMPATH/View/View.php(224): include('/home/u810214334/domains/embellish-beauty.co.uk/public_html/app/Views/service_list.php')
 3 SYSTEMPATH/View/View.php(227): CodeIgniter\View\View->CodeIgniter\View\{closure}()
 4 SYSTEMPATH/Common.php(1173): CodeIgniter\View\View->render('service_list', [], true)
 5 APPPATH/Controllers/Home.php(129): view('service_list', [...])
 6 SYSTEMPATH/CodeIgniter.php(933): App\Controllers\Home->fetch_services()
 7 SYSTEMPATH/CodeIgniter.php(507): CodeIgniter\CodeIgniter->runController(Object(App\Controllers\Home))
 8 SYSTEMPATH/CodeIgniter.php(354): CodeIgniter\CodeIgniter->handleRequest(null, Object(Config\Cache), false)
 9 SYSTEMPATH/Boot.php(334): CodeIgniter\CodeIgniter->run()
10 SYSTEMPATH/Boot.php(67): CodeIgniter\Boot::runCodeIgniter(Object(CodeIgniter\CodeIgniter))
11 FCPATH/index.php(57): CodeIgniter\Boot::bootWeb(Object(Config\Paths))
WARNING - 2025-08-29 22:38:20 --> [DEPRECATED] addslashes(): Passing null to parameter #1 ($string) of type string is deprecated in APPPATH/Views/service_list.php on line 10.
 1 APPPATH/Views/service_list.php(10): addslashes(null)
 2 SYSTEMPATH/View/View.php(224): include('/home/u810214334/domains/embellish-beauty.co.uk/public_html/app/Views/service_list.php')
 3 SYSTEMPATH/View/View.php(227): CodeIgniter\View\View->CodeIgniter\View\{closure}()
 4 SYSTEMPATH/Common.php(1173): CodeIgniter\View\View->render('service_list', [], true)
 5 APPPATH/Controllers/Home.php(129): view('service_list', [...])
 6 SYSTEMPATH/CodeIgniter.php(933): App\Controllers\Home->fetch_services()
 7 SYSTEMPATH/CodeIgniter.php(507): CodeIgniter\CodeIgniter->runController(Object(App\Controllers\Home))
 8 SYSTEMPATH/CodeIgniter.php(354): CodeIgniter\CodeIgniter->handleRequest(null, Object(Config\Cache), false)
 9 SYSTEMPATH/Boot.php(334): CodeIgniter\CodeIgniter->run()
10 SYSTEMPATH/Boot.php(67): CodeIgniter\Boot::runCodeIgniter(Object(CodeIgniter\CodeIgniter))
11 FCPATH/index.php(57): CodeIgniter\Boot::bootWeb(Object(Config\Paths))
WARNING - 2025-08-29 22:38:20 --> [DEPRECATED] addslashes(): Passing null to parameter #1 ($string) of type string is deprecated in APPPATH/Views/service_list.php on line 10.
 1 APPPATH/Views/service_list.php(10): addslashes(null)
 2 SYSTEMPATH/View/View.php(224): include('/home/u810214334/domains/embellish-beauty.co.uk/public_html/app/Views/service_list.php')
 3 SYSTEMPATH/View/View.php(227): CodeIgniter\View\View->CodeIgniter\View\{closure}()
 4 SYSTEMPATH/Common.php(1173): CodeIgniter\View\View->render('service_list', [], true)
 5 APPPATH/Controllers/Home.php(129): view('service_list', [...])
 6 SYSTEMPATH/CodeIgniter.php(933): App\Controllers\Home->fetch_services()
 7 SYSTEMPATH/CodeIgniter.php(507): CodeIgniter\CodeIgniter->runController(Object(App\Controllers\Home))
 8 SYSTEMPATH/CodeIgniter.php(354): CodeIgniter\CodeIgniter->handleRequest(null, Object(Config\Cache), false)
 9 SYSTEMPATH/Boot.php(334): CodeIgniter\CodeIgniter->run()
10 SYSTEMPATH/Boot.php(67): CodeIgniter\Boot::runCodeIgniter(Object(CodeIgniter\CodeIgniter))
11 FCPATH/index.php(57): CodeIgniter\Boot::bootWeb(Object(Config\Paths))
WARNING - 2025-08-29 22:38:20 --> [DEPRECATED] addslashes(): Passing null to parameter #1 ($string) of type string is deprecated in APPPATH/Views/service_list.php on line 10.
 1 APPPATH/Views/service_list.php(10): addslashes(null)
 2 SYSTEMPATH/View/View.php(224): include('/home/u810214334/domains/embellish-beauty.co.uk/public_html/app/Views/service_list.php')
 3 SYSTEMPATH/View/View.php(227): CodeIgniter\View\View->CodeIgniter\View\{closure}()
 4 SYSTEMPATH/Common.php(1173): CodeIgniter\View\View->render('service_list', [], true)
 5 APPPATH/Controllers/Home.php(129): view('service_list', [...])
 6 SYSTEMPATH/CodeIgniter.php(933): App\Controllers\Home->fetch_services()
 7 SYSTEMPATH/CodeIgniter.php(507): CodeIgniter\CodeIgniter->runController(Object(App\Controllers\Home))
 8 SYSTEMPATH/CodeIgniter.php(354): CodeIgniter\CodeIgniter->handleRequest(null, Object(Config\Cache), false)
 9 SYSTEMPATH/Boot.php(334): CodeIgniter\CodeIgniter->run()
10 SYSTEMPATH/Boot.php(67): CodeIgniter\Boot::runCodeIgniter(Object(CodeIgniter\CodeIgniter))
11 FCPATH/index.php(57): CodeIgniter\Boot::bootWeb(Object(Config\Paths))
WARNING - 2025-08-29 22:38:20 --> [DEPRECATED] addslashes(): Passing null to parameter #1 ($string) of type string is deprecated in APPPATH/Views/service_list.php on line 10.
 1 APPPATH/Views/service_list.php(10): addslashes(null)
 2 SYSTEMPATH/View/View.php(224): include('/home/u810214334/domains/embellish-beauty.co.uk/public_html/app/Views/service_list.php')
 3 SYSTEMPATH/View/View.php(227): CodeIgniter\View\View->CodeIgniter\View\{closure}()
 4 SYSTEMPATH/Common.php(1173): CodeIgniter\View\View->render('service_list', [], true)
 5 APPPATH/Controllers/Home.php(129): view('service_list', [...])
 6 SYSTEMPATH/CodeIgniter.php(933): App\Controllers\Home->fetch_services()
 7 SYSTEMPATH/CodeIgniter.php(507): CodeIgniter\CodeIgniter->runController(Object(App\Controllers\Home))
 8 SYSTEMPATH/CodeIgniter.php(354): CodeIgniter\CodeIgniter->handleRequest(null, Object(Config\Cache), false)
 9 SYSTEMPATH/Boot.php(334): CodeIgniter\CodeIgniter->run()
10 SYSTEMPATH/Boot.php(67): CodeIgniter\Boot::runCodeIgniter(Object(CodeIgniter\CodeIgniter))
11 FCPATH/index.php(57): CodeIgniter\Boot::bootWeb(Object(Config\Paths))
WARNING - 2025-08-29 22:38:20 --> [DEPRECATED] addslashes(): Passing null to parameter #1 ($string) of type string is deprecated in APPPATH/Views/service_list.php on line 10.
 1 APPPATH/Views/service_list.php(10): addslashes(null)
 2 SYSTEMPATH/View/View.php(224): include('/home/u810214334/domains/embellish-beauty.co.uk/public_html/app/Views/service_list.php')
 3 SYSTEMPATH/View/View.php(227): CodeIgniter\View\View->CodeIgniter\View\{closure}()
 4 SYSTEMPATH/Common.php(1173): CodeIgniter\View\View->render('service_list', [], true)
 5 APPPATH/Controllers/Home.php(129): view('service_list', [...])
 6 SYSTEMPATH/CodeIgniter.php(933): App\Controllers\Home->fetch_services()
 7 SYSTEMPATH/CodeIgniter.php(507): CodeIgniter\CodeIgniter->runController(Object(App\Controllers\Home))
 8 SYSTEMPATH/CodeIgniter.php(354): CodeIgniter\CodeIgniter->handleRequest(null, Object(Config\Cache), false)
 9 SYSTEMPATH/Boot.php(334): CodeIgniter\CodeIgniter->run()
10 SYSTEMPATH/Boot.php(67): CodeIgniter\Boot::runCodeIgniter(Object(CodeIgniter\CodeIgniter))
11 FCPATH/index.php(57): CodeIgniter\Boot::bootWeb(Object(Config\Paths))
WARNING - 2025-08-29 22:38:20 --> [DEPRECATED] addslashes(): Passing null to parameter #1 ($string) of type string is deprecated in APPPATH/Views/service_list.php on line 10.
 1 APPPATH/Views/service_list.php(10): addslashes(null)
 2 SYSTEMPATH/View/View.php(224): include('/home/u810214334/domains/embellish-beauty.co.uk/public_html/app/Views/service_list.php')
 3 SYSTEMPATH/View/View.php(227): CodeIgniter\View\View->CodeIgniter\View\{closure}()
 4 SYSTEMPATH/Common.php(1173): CodeIgniter\View\View->render('service_list', [], true)
 5 APPPATH/Controllers/Home.php(129): view('service_list', [...])
 6 SYSTEMPATH/CodeIgniter.php(933): App\Controllers\Home->fetch_services()
 7 SYSTEMPATH/CodeIgniter.php(507): CodeIgniter\CodeIgniter->runController(Object(App\Controllers\Home))
 8 SYSTEMPATH/CodeIgniter.php(354): CodeIgniter\CodeIgniter->handleRequest(null, Object(Config\Cache), false)
 9 SYSTEMPATH/Boot.php(334): CodeIgniter\CodeIgniter->run()
10 SYSTEMPATH/Boot.php(67): CodeIgniter\Boot::runCodeIgniter(Object(CodeIgniter\CodeIgniter))
11 FCPATH/index.php(57): CodeIgniter\Boot::bootWeb(Object(Config\Paths))
WARNING - 2025-08-29 22:38:20 --> [DEPRECATED] addslashes(): Passing null to parameter #1 ($string) of type string is deprecated in APPPATH/Views/service_list.php on line 10.
 1 APPPATH/Views/service_list.php(10): addslashes(null)
 2 SYSTEMPATH/View/View.php(224): include('/home/u810214334/domains/embellish-beauty.co.uk/public_html/app/Views/service_list.php')
 3 SYSTEMPATH/View/View.php(227): CodeIgniter\View\View->CodeIgniter\View\{closure}()
 4 SYSTEMPATH/Common.php(1173): CodeIgniter\View\View->render('service_list', [], true)
 5 APPPATH/Controllers/Home.php(129): view('service_list', [...])
 6 SYSTEMPATH/CodeIgniter.php(933): App\Controllers\Home->fetch_services()
 7 SYSTEMPATH/CodeIgniter.php(507): CodeIgniter\CodeIgniter->runController(Object(App\Controllers\Home))
 8 SYSTEMPATH/CodeIgniter.php(354): CodeIgniter\CodeIgniter->handleRequest(null, Object(Config\Cache), false)
 9 SYSTEMPATH/Boot.php(334): CodeIgniter\CodeIgniter->run()
10 SYSTEMPATH/Boot.php(67): CodeIgniter\Boot::runCodeIgniter(Object(CodeIgniter\CodeIgniter))
11 FCPATH/index.php(57): CodeIgniter\Boot::bootWeb(Object(Config\Paths))
WARNING - 2025-08-29 22:38:20 --> [DEPRECATED] addslashes(): Passing null to parameter #1 ($string) of type string is deprecated in APPPATH/Views/service_list.php on line 10.
 1 APPPATH/Views/service_list.php(10): addslashes(null)
 2 SYSTEMPATH/View/View.php(224): include('/home/u810214334/domains/embellish-beauty.co.uk/public_html/app/Views/service_list.php')
 3 SYSTEMPATH/View/View.php(227): CodeIgniter\View\View->CodeIgniter\View\{closure}()
 4 SYSTEMPATH/Common.php(1173): CodeIgniter\View\View->render('service_list', [], true)
 5 APPPATH/Controllers/Home.php(129): view('service_list', [...])
 6 SYSTEMPATH/CodeIgniter.php(933): App\Controllers\Home->fetch_services()
 7 SYSTEMPATH/CodeIgniter.php(507): CodeIgniter\CodeIgniter->runController(Object(App\Controllers\Home))
 8 SYSTEMPATH/CodeIgniter.php(354): CodeIgniter\CodeIgniter->handleRequest(null, Object(Config\Cache), false)
 9 SYSTEMPATH/Boot.php(334): CodeIgniter\CodeIgniter->run()
10 SYSTEMPATH/Boot.php(67): CodeIgniter\Boot::runCodeIgniter(Object(CodeIgniter\CodeIgniter))
11 FCPATH/index.php(57): CodeIgniter\Boot::bootWeb(Object(Config\Paths))
WARNING - 2025-08-29 22:38:20 --> [DEPRECATED] addslashes(): Passing null to parameter #1 ($string) of type string is deprecated in APPPATH/Views/service_list.php on line 10.
 1 APPPATH/Views/service_list.php(10): addslashes(null)
 2 SYSTEMPATH/View/View.php(224): include('/home/u810214334/domains/embellish-beauty.co.uk/public_html/app/Views/service_list.php')
 3 SYSTEMPATH/View/View.php(227): CodeIgniter\View\View->CodeIgniter\View\{closure}()
 4 SYSTEMPATH/Common.php(1173): CodeIgniter\View\View->render('service_list', [], true)
 5 APPPATH/Controllers/Home.php(129): view('service_list', [...])
 6 SYSTEMPATH/CodeIgniter.php(933): App\Controllers\Home->fetch_services()
 7 SYSTEMPATH/CodeIgniter.php(507): CodeIgniter\CodeIgniter->runController(Object(App\Controllers\Home))
 8 SYSTEMPATH/CodeIgniter.php(354): CodeIgniter\CodeIgniter->handleRequest(null, Object(Config\Cache), false)
 9 SYSTEMPATH/Boot.php(334): CodeIgniter\CodeIgniter->run()
10 SYSTEMPATH/Boot.php(67): CodeIgniter\Boot::runCodeIgniter(Object(CodeIgniter\CodeIgniter))
11 FCPATH/index.php(57): CodeIgniter\Boot::bootWeb(Object(Config\Paths))
WARNING - 2025-08-29 22:38:20 --> [DEPRECATED] addslashes(): Passing null to parameter #1 ($string) of type string is deprecated in APPPATH/Views/service_list.php on line 10.
 1 APPPATH/Views/service_list.php(10): addslashes(null)
 2 SYSTEMPATH/View/View.php(224): include('/home/u810214334/domains/embellish-beauty.co.uk/public_html/app/Views/service_list.php')
 3 SYSTEMPATH/View/View.php(227): CodeIgniter\View\View->CodeIgniter\View\{closure}()
 4 SYSTEMPATH/Common.php(1173): CodeIgniter\View\View->render('service_list', [], true)
 5 APPPATH/Controllers/Home.php(129): view('service_list', [...])
 6 SYSTEMPATH/CodeIgniter.php(933): App\Controllers\Home->fetch_services()
 7 SYSTEMPATH/CodeIgniter.php(507): CodeIgniter\CodeIgniter->runController(Object(App\Controllers\Home))
 8 SYSTEMPATH/CodeIgniter.php(354): CodeIgniter\CodeIgniter->handleRequest(null, Object(Config\Cache), false)
 9 SYSTEMPATH/Boot.php(334): CodeIgniter\CodeIgniter->run()
10 SYSTEMPATH/Boot.php(67): CodeIgniter\Boot::runCodeIgniter(Object(CodeIgniter\CodeIgniter))
11 FCPATH/index.php(57): CodeIgniter\Boot::bootWeb(Object(Config\Paths))
WARNING - 2025-08-29 22:38:20 --> [DEPRECATED] addslashes(): Passing null to parameter #1 ($string) of type string is deprecated in APPPATH/Views/service_list.php on line 10.
 1 APPPATH/Views/service_list.php(10): addslashes(null)
 2 SYSTEMPATH/View/View.php(224): include('/home/u810214334/domains/embellish-beauty.co.uk/public_html/app/Views/service_list.php')
 3 SYSTEMPATH/View/View.php(227): CodeIgniter\View\View->CodeIgniter\View\{closure}()
 4 SYSTEMPATH/Common.php(1173): CodeIgniter\View\View->render('service_list', [], true)
 5 APPPATH/Controllers/Home.php(129): view('service_list', [...])
 6 SYSTEMPATH/CodeIgniter.php(933): App\Controllers\Home->fetch_services()
 7 SYSTEMPATH/CodeIgniter.php(507): CodeIgniter\CodeIgniter->runController(Object(App\Controllers\Home))
 8 SYSTEMPATH/CodeIgniter.php(354): CodeIgniter\CodeIgniter->handleRequest(null, Object(Config\Cache), false)
 9 SYSTEMPATH/Boot.php(334): CodeIgniter\CodeIgniter->run()
10 SYSTEMPATH/Boot.php(67): CodeIgniter\Boot::runCodeIgniter(Object(CodeIgniter\CodeIgniter))
11 FCPATH/index.php(57): CodeIgniter\Boot::bootWeb(Object(Config\Paths))
WARNING - 2025-08-29 22:38:20 --> [DEPRECATED] addslashes(): Passing null to parameter #1 ($string) of type string is deprecated in APPPATH/Views/service_list.php on line 10.
 1 APPPATH/Views/service_list.php(10): addslashes(null)
 2 SYSTEMPATH/View/View.php(224): include('/home/u810214334/domains/embellish-beauty.co.uk/public_html/app/Views/service_list.php')
 3 SYSTEMPATH/View/View.php(227): CodeIgniter\View\View->CodeIgniter\View\{closure}()
 4 SYSTEMPATH/Common.php(1173): CodeIgniter\View\View->render('service_list', [], true)
 5 APPPATH/Controllers/Home.php(129): view('service_list', [...])
 6 SYSTEMPATH/CodeIgniter.php(933): App\Controllers\Home->fetch_services()
 7 SYSTEMPATH/CodeIgniter.php(507): CodeIgniter\CodeIgniter->runController(Object(App\Controllers\Home))
 8 SYSTEMPATH/CodeIgniter.php(354): CodeIgniter\CodeIgniter->handleRequest(null, Object(Config\Cache), false)
 9 SYSTEMPATH/Boot.php(334): CodeIgniter\CodeIgniter->run()
10 SYSTEMPATH/Boot.php(67): CodeIgniter\Boot::runCodeIgniter(Object(CodeIgniter\CodeIgniter))
11 FCPATH/index.php(57): CodeIgniter\Boot::bootWeb(Object(Config\Paths))
WARNING - 2025-08-29 22:38:20 --> [DEPRECATED] addslashes(): Passing null to parameter #1 ($string) of type string is deprecated in APPPATH/Views/service_list.php on line 10.
 1 APPPATH/Views/service_list.php(10): addslashes(null)
 2 SYSTEMPATH/View/View.php(224): include('/home/u810214334/domains/embellish-beauty.co.uk/public_html/app/Views/service_list.php')
 3 SYSTEMPATH/View/View.php(227): CodeIgniter\View\View->CodeIgniter\View\{closure}()
 4 SYSTEMPATH/Common.php(1173): CodeIgniter\View\View->render('service_list', [], true)
 5 APPPATH/Controllers/Home.php(129): view('service_list', [...])
 6 SYSTEMPATH/CodeIgniter.php(933): App\Controllers\Home->fetch_services()
 7 SYSTEMPATH/CodeIgniter.php(507): CodeIgniter\CodeIgniter->runController(Object(App\Controllers\Home))
 8 SYSTEMPATH/CodeIgniter.php(354): CodeIgniter\CodeIgniter->handleRequest(null, Object(Config\Cache), false)
 9 SYSTEMPATH/Boot.php(334): CodeIgniter\CodeIgniter->run()
10 SYSTEMPATH/Boot.php(67): CodeIgniter\Boot::runCodeIgniter(Object(CodeIgniter\CodeIgniter))
11 FCPATH/index.php(57): CodeIgniter\Boot::bootWeb(Object(Config\Paths))
WARNING - 2025-08-29 22:38:20 --> [DEPRECATED] addslashes(): Passing null to parameter #1 ($string) of type string is deprecated in APPPATH/Views/service_list.php on line 10.
 1 APPPATH/Views/service_list.php(10): addslashes(null)
 2 SYSTEMPATH/View/View.php(224): include('/home/u810214334/domains/embellish-beauty.co.uk/public_html/app/Views/service_list.php')
 3 SYSTEMPATH/View/View.php(227): CodeIgniter\View\View->CodeIgniter\View\{closure}()
 4 SYSTEMPATH/Common.php(1173): CodeIgniter\View\View->render('service_list', [], true)
 5 APPPATH/Controllers/Home.php(129): view('service_list', [...])
 6 SYSTEMPATH/CodeIgniter.php(933): App\Controllers\Home->fetch_services()
 7 SYSTEMPATH/CodeIgniter.php(507): CodeIgniter\CodeIgniter->runController(Object(App\Controllers\Home))
 8 SYSTEMPATH/CodeIgniter.php(354): CodeIgniter\CodeIgniter->handleRequest(null, Object(Config\Cache), false)
 9 SYSTEMPATH/Boot.php(334): CodeIgniter\CodeIgniter->run()
10 SYSTEMPATH/Boot.php(67): CodeIgniter\Boot::runCodeIgniter(Object(CodeIgniter\CodeIgniter))
11 FCPATH/index.php(57): CodeIgniter\Boot::bootWeb(Object(Config\Paths))
DEBUG - 2025-08-29 22:38:57 --> Session: Class initialized using 'CodeIgniter\Session\Handlers\FileHandler' driver.
WARNING - 2025-08-29 22:38:57 --> [DEPRECATED] addslashes(): Passing null to parameter #1 ($string) of type string is deprecated in APPPATH/Views/service_list.php on line 10.
 1 APPPATH/Views/service_list.php(10): addslashes(null)
 2 SYSTEMPATH/View/View.php(224): include('/home/u810214334/domains/embellish-beauty.co.uk/public_html/app/Views/service_list.php')
 3 SYSTEMPATH/View/View.php(227): CodeIgniter\View\View->CodeIgniter\View\{closure}()
 4 SYSTEMPATH/Common.php(1173): CodeIgniter\View\View->render('service_list', [], true)
 5 APPPATH/Controllers/Home.php(129): view('service_list', [...])
 6 SYSTEMPATH/CodeIgniter.php(933): App\Controllers\Home->fetch_services()
 7 SYSTEMPATH/CodeIgniter.php(507): CodeIgniter\CodeIgniter->runController(Object(App\Controllers\Home))
 8 SYSTEMPATH/CodeIgniter.php(354): CodeIgniter\CodeIgniter->handleRequest(null, Object(Config\Cache), false)
 9 SYSTEMPATH/Boot.php(334): CodeIgniter\CodeIgniter->run()
10 SYSTEMPATH/Boot.php(67): CodeIgniter\Boot::runCodeIgniter(Object(CodeIgniter\CodeIgniter))
11 FCPATH/index.php(57): CodeIgniter\Boot::bootWeb(Object(Config\Paths))
WARNING - 2025-08-29 22:38:57 --> [DEPRECATED] addslashes(): Passing null to parameter #1 ($string) of type string is deprecated in APPPATH/Views/service_list.php on line 10.
 1 APPPATH/Views/service_list.php(10): addslashes(null)
 2 SYSTEMPATH/View/View.php(224): include('/home/u810214334/domains/embellish-beauty.co.uk/public_html/app/Views/service_list.php')
 3 SYSTEMPATH/View/View.php(227): CodeIgniter\View\View->CodeIgniter\View\{closure}()
 4 SYSTEMPATH/Common.php(1173): CodeIgniter\View\View->render('service_list', [], true)
 5 APPPATH/Controllers/Home.php(129): view('service_list', [...])
 6 SYSTEMPATH/CodeIgniter.php(933): App\Controllers\Home->fetch_services()
 7 SYSTEMPATH/CodeIgniter.php(507): CodeIgniter\CodeIgniter->runController(Object(App\Controllers\Home))
 8 SYSTEMPATH/CodeIgniter.php(354): CodeIgniter\CodeIgniter->handleRequest(null, Object(Config\Cache), false)
 9 SYSTEMPATH/Boot.php(334): CodeIgniter\CodeIgniter->run()
10 SYSTEMPATH/Boot.php(67): CodeIgniter\Boot::runCodeIgniter(Object(CodeIgniter\CodeIgniter))
11 FCPATH/index.php(57): CodeIgniter\Boot::bootWeb(Object(Config\Paths))
WARNING - 2025-08-29 22:38:57 --> [DEPRECATED] addslashes(): Passing null to parameter #1 ($string) of type string is deprecated in APPPATH/Views/service_list.php on line 10.
 1 APPPATH/Views/service_list.php(10): addslashes(null)
 2 SYSTEMPATH/View/View.php(224): include('/home/u810214334/domains/embellish-beauty.co.uk/public_html/app/Views/service_list.php')
 3 SYSTEMPATH/View/View.php(227): CodeIgniter\View\View->CodeIgniter\View\{closure}()
 4 SYSTEMPATH/Common.php(1173): CodeIgniter\View\View->render('service_list', [], true)
 5 APPPATH/Controllers/Home.php(129): view('service_list', [...])
 6 SYSTEMPATH/CodeIgniter.php(933): App\Controllers\Home->fetch_services()
 7 SYSTEMPATH/CodeIgniter.php(507): CodeIgniter\CodeIgniter->runController(Object(App\Controllers\Home))
 8 SYSTEMPATH/CodeIgniter.php(354): CodeIgniter\CodeIgniter->handleRequest(null, Object(Config\Cache), false)
 9 SYSTEMPATH/Boot.php(334): CodeIgniter\CodeIgniter->run()
10 SYSTEMPATH/Boot.php(67): CodeIgniter\Boot::runCodeIgniter(Object(CodeIgniter\CodeIgniter))
11 FCPATH/index.php(57): CodeIgniter\Boot::bootWeb(Object(Config\Paths))
WARNING - 2025-08-29 22:38:57 --> [DEPRECATED] addslashes(): Passing null to parameter #1 ($string) of type string is deprecated in APPPATH/Views/service_list.php on line 10.
 1 APPPATH/Views/service_list.php(10): addslashes(null)
 2 SYSTEMPATH/View/View.php(224): include('/home/u810214334/domains/embellish-beauty.co.uk/public_html/app/Views/service_list.php')
 3 SYSTEMPATH/View/View.php(227): CodeIgniter\View\View->CodeIgniter\View\{closure}()
 4 SYSTEMPATH/Common.php(1173): CodeIgniter\View\View->render('service_list', [], true)
 5 APPPATH/Controllers/Home.php(129): view('service_list', [...])
 6 SYSTEMPATH/CodeIgniter.php(933): App\Controllers\Home->fetch_services()
 7 SYSTEMPATH/CodeIgniter.php(507): CodeIgniter\CodeIgniter->runController(Object(App\Controllers\Home))
 8 SYSTEMPATH/CodeIgniter.php(354): CodeIgniter\CodeIgniter->handleRequest(null, Object(Config\Cache), false)
 9 SYSTEMPATH/Boot.php(334): CodeIgniter\CodeIgniter->run()
10 SYSTEMPATH/Boot.php(67): CodeIgniter\Boot::runCodeIgniter(Object(CodeIgniter\CodeIgniter))
11 FCPATH/index.php(57): CodeIgniter\Boot::bootWeb(Object(Config\Paths))
WARNING - 2025-08-29 22:38:57 --> [DEPRECATED] addslashes(): Passing null to parameter #1 ($string) of type string is deprecated in APPPATH/Views/service_list.php on line 10.
 1 APPPATH/Views/service_list.php(10): addslashes(null)
 2 SYSTEMPATH/View/View.php(224): include('/home/u810214334/domains/embellish-beauty.co.uk/public_html/app/Views/service_list.php')
 3 SYSTEMPATH/View/View.php(227): CodeIgniter\View\View->CodeIgniter\View\{closure}()
 4 SYSTEMPATH/Common.php(1173): CodeIgniter\View\View->render('service_list', [], true)
 5 APPPATH/Controllers/Home.php(129): view('service_list', [...])
 6 SYSTEMPATH/CodeIgniter.php(933): App\Controllers\Home->fetch_services()
 7 SYSTEMPATH/CodeIgniter.php(507): CodeIgniter\CodeIgniter->runController(Object(App\Controllers\Home))
 8 SYSTEMPATH/CodeIgniter.php(354): CodeIgniter\CodeIgniter->handleRequest(null, Object(Config\Cache), false)
 9 SYSTEMPATH/Boot.php(334): CodeIgniter\CodeIgniter->run()
10 SYSTEMPATH/Boot.php(67): CodeIgniter\Boot::runCodeIgniter(Object(CodeIgniter\CodeIgniter))
11 FCPATH/index.php(57): CodeIgniter\Boot::bootWeb(Object(Config\Paths))
WARNING - 2025-08-29 22:38:57 --> [DEPRECATED] addslashes(): Passing null to parameter #1 ($string) of type string is deprecated in APPPATH/Views/service_list.php on line 10.
 1 APPPATH/Views/service_list.php(10): addslashes(null)
 2 SYSTEMPATH/View/View.php(224): include('/home/u810214334/domains/embellish-beauty.co.uk/public_html/app/Views/service_list.php')
 3 SYSTEMPATH/View/View.php(227): CodeIgniter\View\View->CodeIgniter\View\{closure}()
 4 SYSTEMPATH/Common.php(1173): CodeIgniter\View\View->render('service_list', [], true)
 5 APPPATH/Controllers/Home.php(129): view('service_list', [...])
 6 SYSTEMPATH/CodeIgniter.php(933): App\Controllers\Home->fetch_services()
 7 SYSTEMPATH/CodeIgniter.php(507): CodeIgniter\CodeIgniter->runController(Object(App\Controllers\Home))
 8 SYSTEMPATH/CodeIgniter.php(354): CodeIgniter\CodeIgniter->handleRequest(null, Object(Config\Cache), false)
 9 SYSTEMPATH/Boot.php(334): CodeIgniter\CodeIgniter->run()
10 SYSTEMPATH/Boot.php(67): CodeIgniter\Boot::runCodeIgniter(Object(CodeIgniter\CodeIgniter))
11 FCPATH/index.php(57): CodeIgniter\Boot::bootWeb(Object(Config\Paths))
WARNING - 2025-08-29 22:38:57 --> [DEPRECATED] addslashes(): Passing null to parameter #1 ($string) of type string is deprecated in APPPATH/Views/service_list.php on line 10.
 1 APPPATH/Views/service_list.php(10): addslashes(null)
 2 SYSTEMPATH/View/View.php(224): include('/home/u810214334/domains/embellish-beauty.co.uk/public_html/app/Views/service_list.php')
 3 SYSTEMPATH/View/View.php(227): CodeIgniter\View\View->CodeIgniter\View\{closure}()
 4 SYSTEMPATH/Common.php(1173): CodeIgniter\View\View->render('service_list', [], true)
 5 APPPATH/Controllers/Home.php(129): view('service_list', [...])
 6 SYSTEMPATH/CodeIgniter.php(933): App\Controllers\Home->fetch_services()
 7 SYSTEMPATH/CodeIgniter.php(507): CodeIgniter\CodeIgniter->runController(Object(App\Controllers\Home))
 8 SYSTEMPATH/CodeIgniter.php(354): CodeIgniter\CodeIgniter->handleRequest(null, Object(Config\Cache), false)
 9 SYSTEMPATH/Boot.php(334): CodeIgniter\CodeIgniter->run()
10 SYSTEMPATH/Boot.php(67): CodeIgniter\Boot::runCodeIgniter(Object(CodeIgniter\CodeIgniter))
11 FCPATH/index.php(57): CodeIgniter\Boot::bootWeb(Object(Config\Paths))
WARNING - 2025-08-29 22:38:57 --> [DEPRECATED] addslashes(): Passing null to parameter #1 ($string) of type string is deprecated in APPPATH/Views/service_list.php on line 10.
 1 APPPATH/Views/service_list.php(10): addslashes(null)
 2 SYSTEMPATH/View/View.php(224): include('/home/u810214334/domains/embellish-beauty.co.uk/public_html/app/Views/service_list.php')
 3 SYSTEMPATH/View/View.php(227): CodeIgniter\View\View->CodeIgniter\View\{closure}()
 4 SYSTEMPATH/Common.php(1173): CodeIgniter\View\View->render('service_list', [], true)
 5 APPPATH/Controllers/Home.php(129): view('service_list', [...])
 6 SYSTEMPATH/CodeIgniter.php(933): App\Controllers\Home->fetch_services()
 7 SYSTEMPATH/CodeIgniter.php(507): CodeIgniter\CodeIgniter->runController(Object(App\Controllers\Home))
 8 SYSTEMPATH/CodeIgniter.php(354): CodeIgniter\CodeIgniter->handleRequest(null, Object(Config\Cache), false)
 9 SYSTEMPATH/Boot.php(334): CodeIgniter\CodeIgniter->run()
10 SYSTEMPATH/Boot.php(67): CodeIgniter\Boot::runCodeIgniter(Object(CodeIgniter\CodeIgniter))
11 FCPATH/index.php(57): CodeIgniter\Boot::bootWeb(Object(Config\Paths))
WARNING - 2025-08-29 22:38:57 --> [DEPRECATED] addslashes(): Passing null to parameter #1 ($string) of type string is deprecated in APPPATH/Views/service_list.php on line 10.
 1 APPPATH/Views/service_list.php(10): addslashes(null)
 2 SYSTEMPATH/View/View.php(224): include('/home/u810214334/domains/embellish-beauty.co.uk/public_html/app/Views/service_list.php')
 3 SYSTEMPATH/View/View.php(227): CodeIgniter\View\View->CodeIgniter\View\{closure}()
 4 SYSTEMPATH/Common.php(1173): CodeIgniter\View\View->render('service_list', [], true)
 5 APPPATH/Controllers/Home.php(129): view('service_list', [...])
 6 SYSTEMPATH/CodeIgniter.php(933): App\Controllers\Home->fetch_services()
 7 SYSTEMPATH/CodeIgniter.php(507): CodeIgniter\CodeIgniter->runController(Object(App\Controllers\Home))
 8 SYSTEMPATH/CodeIgniter.php(354): CodeIgniter\CodeIgniter->handleRequest(null, Object(Config\Cache), false)
 9 SYSTEMPATH/Boot.php(334): CodeIgniter\CodeIgniter->run()
10 SYSTEMPATH/Boot.php(67): CodeIgniter\Boot::runCodeIgniter(Object(CodeIgniter\CodeIgniter))
11 FCPATH/index.php(57): CodeIgniter\Boot::bootWeb(Object(Config\Paths))
WARNING - 2025-08-29 22:38:57 --> [DEPRECATED] addslashes(): Passing null to parameter #1 ($string) of type string is deprecated in APPPATH/Views/service_list.php on line 10.
 1 APPPATH/Views/service_list.php(10): addslashes(null)
 2 SYSTEMPATH/View/View.php(224): include('/home/u810214334/domains/embellish-beauty.co.uk/public_html/app/Views/service_list.php')
 3 SYSTEMPATH/View/View.php(227): CodeIgniter\View\View->CodeIgniter\View\{closure}()
 4 SYSTEMPATH/Common.php(1173): CodeIgniter\View\View->render('service_list', [], true)
 5 APPPATH/Controllers/Home.php(129): view('service_list', [...])
 6 SYSTEMPATH/CodeIgniter.php(933): App\Controllers\Home->fetch_services()
 7 SYSTEMPATH/CodeIgniter.php(507): CodeIgniter\CodeIgniter->runController(Object(App\Controllers\Home))
 8 SYSTEMPATH/CodeIgniter.php(354): CodeIgniter\CodeIgniter->handleRequest(null, Object(Config\Cache), false)
 9 SYSTEMPATH/Boot.php(334): CodeIgniter\CodeIgniter->run()
10 SYSTEMPATH/Boot.php(67): CodeIgniter\Boot::runCodeIgniter(Object(CodeIgniter\CodeIgniter))
11 FCPATH/index.php(57): CodeIgniter\Boot::bootWeb(Object(Config\Paths))
DEBUG - 2025-08-29 22:39:09 --> Session: Class initialized using 'CodeIgniter\Session\Handlers\FileHandler' driver.
DEBUG - 2025-08-29 22:39:14 --> Session: Class initialized using 'CodeIgniter\Session\Handlers\FileHandler' driver.
DEBUG - 2025-08-29 22:39:19 --> Session: Class initialized using 'CodeIgniter\Session\Handlers\FileHandler' driver.
DEBUG - 2025-08-29 22:40:50 --> Session: Class initialized using 'CodeIgniter\Session\Handlers\FileHandler' driver.
DEBUG - 2025-08-29 22:42:56 --> Session: Class initialized using 'CodeIgniter\Session\Handlers\FileHandler' driver.
CRITICAL - 2025-08-29 23:03:15 --> ErrorException: Undefined array key "date"
[Method: GET, Route: fetch-services]
in APPPATH/Controllers/Home.php on line 110.
 1 APPPATH/Controllers/Home.php(110): CodeIgniter\Debug\Exceptions->errorHandler()
 2 SYSTEMPATH/CodeIgniter.php(933): App\Controllers\Home->fetch_services()
 3 SYSTEMPATH/CodeIgniter.php(507): CodeIgniter\CodeIgniter->runController()
 4 SYSTEMPATH/CodeIgniter.php(354): CodeIgniter\CodeIgniter->handleRequest()
 5 SYSTEMPATH/Boot.php(334): CodeIgniter\CodeIgniter->run()
 6 SYSTEMPATH/Boot.php(67): CodeIgniter\Boot::runCodeIgniter()
 7 FCPATH/index.php(57): CodeIgniter\Boot::bootWeb()
DEBUG - 2025-08-29 23:09:51 --> Session: Class initialized using 'CodeIgniter\Session\Handlers\FileHandler' driver.
DEBUG - 2025-08-29 23:24:25 --> Session: Class initialized using 'CodeIgniter\Session\Handlers\FileHandler' driver.
DEBUG - 2025-08-29 23:36:18 --> Session: Class initialized using 'CodeIgniter\Session\Handlers\FileHandler' driver.
DEBUG - 2025-08-29 23:39:49 --> Session: Class initialized using 'CodeIgniter\Session\Handlers\FileHandler' driver.
DEBUG - 2025-08-29 23:40:16 --> Session: Class initialized using 'CodeIgniter\Session\Handlers\FileHandler' driver.
DEBUG - 2025-08-29 23:46:59 --> Session: Class initialized using 'CodeIgniter\Session\Handlers\FileHandler' driver.
DEBUG - 2025-08-29 23:47:52 --> Session: Class initialized using 'CodeIgniter\Session\Handlers\FileHandler' driver.
DEBUG - 2025-08-29 23:53:54 --> Session: Class initialized using 'CodeIgniter\Session\Handlers\FileHandler' driver.
DEBUG - 2025-08-29 23:53:55 --> Session: Class initialized using 'CodeIgniter\Session\Handlers\FileHandler' driver.
DEBUG - 2025-08-29 23:53:55 --> Session: Class initialized using 'CodeIgniter\Session\Handlers\FileHandler' driver.
DEBUG - 2025-08-29 23:58:15 --> Session: Class initialized using 'CodeIgniter\Session\Handlers\FileHandler' driver.
