DEBUG - 2025-09-25 00:01:06 --> Session: Class initialized using 'CodeIgniter\Session\Handlers\FileHandler' driver.
DEBUG - 2025-09-25 00:07:37 --> Session: Class initialized using 'CodeIgniter\Session\Handlers\FileHandler' driver.
DEBUG - 2025-09-25 00:37:32 --> Session: Class initialized using 'CodeIgniter\Session\Handlers\FileHandler' driver.
DEBUG - 2025-09-25 01:43:09 --> Session: Class initialized using 'CodeIgniter\Session\Handlers\FileHandler' driver.
DEBUG - 2025-09-25 02:00:45 --> Session: Class initialized using 'CodeIgniter\Session\Handlers\FileHandler' driver.
DEBUG - 2025-09-25 02:00:46 --> Session: Class initialized using 'CodeIgniter\Session\Handlers\FileHandler' driver.
DEBUG - 2025-09-25 02:00:47 --> Session: Class initialized using 'CodeIgniter\Session\Handlers\FileHandler' driver.
DEBUG - 2025-09-25 02:00:48 --> Session: Class initialized using 'CodeIgniter\Session\Handlers\FileHandler' driver.
DEBUG - 2025-09-25 02:23:12 --> Session: Class initialized using 'CodeIgniter\Session\Handlers\FileHandler' driver.
DEBUG - 2025-09-25 02:26:20 --> Session: Class initialized using 'CodeIgniter\Session\Handlers\FileHandler' driver.
DEBUG - 2025-09-25 05:11:38 --> Session: Class initialized using 'CodeIgniter\Session\Handlers\FileHandler' driver.
DEBUG - 2025-09-25 05:13:41 --> Session: Class initialized using 'CodeIgniter\Session\Handlers\FileHandler' driver.
DEBUG - 2025-09-25 05:30:38 --> Session: Class initialized using 'CodeIgniter\Session\Handlers\FileHandler' driver.
DEBUG - 2025-09-25 06:38:02 --> Session: Class initialized using 'CodeIgniter\Session\Handlers\FileHandler' driver.
DEBUG - 2025-09-25 06:38:09 --> Session: Class initialized using 'CodeIgniter\Session\Handlers\FileHandler' driver.
DEBUG - 2025-09-25 06:43:54 --> Session: Class initialized using 'CodeIgniter\Session\Handlers\FileHandler' driver.
DEBUG - 2025-09-25 06:46:33 --> Session: Class initialized using 'CodeIgniter\Session\Handlers\FileHandler' driver.
DEBUG - 2025-09-25 06:51:36 --> Session: Class initialized using 'CodeIgniter\Session\Handlers\FileHandler' driver.
DEBUG - 2025-09-25 06:51:59 --> Session: Class initialized using 'CodeIgniter\Session\Handlers\FileHandler' driver.
DEBUG - 2025-09-25 06:52:02 --> Session: Class initialized using 'CodeIgniter\Session\Handlers\FileHandler' driver.
DEBUG - 2025-09-25 06:52:04 --> Session: Class initialized using 'CodeIgniter\Session\Handlers\FileHandler' driver.
DEBUG - 2025-09-25 07:15:14 --> Session: Class initialized using 'CodeIgniter\Session\Handlers\FileHandler' driver.
DEBUG - 2025-09-25 07:15:19 --> Session: Class initialized using 'CodeIgniter\Session\Handlers\FileHandler' driver.
DEBUG - 2025-09-25 07:15:39 --> Session: Class initialized using 'CodeIgniter\Session\Handlers\FileHandler' driver.
DEBUG - 2025-09-25 07:17:29 --> Session: Class initialized using 'CodeIgniter\Session\Handlers\FileHandler' driver.
DEBUG - 2025-09-25 08:45:36 --> Session: Class initialized using 'CodeIgniter\Session\Handlers\FileHandler' driver.
DEBUG - 2025-09-25 08:46:48 --> Session: Class initialized using 'CodeIgniter\Session\Handlers\FileHandler' driver.
DEBUG - 2025-09-25 08:59:25 --> Session: Class initialized using 'CodeIgniter\Session\Handlers\FileHandler' driver.
DEBUG - 2025-09-25 08:59:56 --> Session: Class initialized using 'CodeIgniter\Session\Handlers\FileHandler' driver.
DEBUG - 2025-09-25 09:07:21 --> Session: Class initialized using 'CodeIgniter\Session\Handlers\FileHandler' driver.
DEBUG - 2025-09-25 09:10:46 --> Session: Class initialized using 'CodeIgniter\Session\Handlers\FileHandler' driver.
DEBUG - 2025-09-25 09:28:52 --> Session: Class initialized using 'CodeIgniter\Session\Handlers\FileHandler' driver.
DEBUG - 2025-09-25 09:34:24 --> Session: Class initialized using 'CodeIgniter\Session\Handlers\FileHandler' driver.
DEBUG - 2025-09-25 09:56:43 --> Session: Class initialized using 'CodeIgniter\Session\Handlers\FileHandler' driver.
DEBUG - 2025-09-25 10:01:20 --> Session: Class initialized using 'CodeIgniter\Session\Handlers\FileHandler' driver.
DEBUG - 2025-09-25 10:01:29 --> Session: Class initialized using 'CodeIgniter\Session\Handlers\FileHandler' driver.
DEBUG - 2025-09-25 10:03:00 --> Session: Class initialized using 'CodeIgniter\Session\Handlers\FileHandler' driver.
DEBUG - 2025-09-25 10:04:25 --> Session: Class initialized using 'CodeIgniter\Session\Handlers\FileHandler' driver.
DEBUG - 2025-09-25 10:08:31 --> Session: Class initialized using 'CodeIgniter\Session\Handlers\FileHandler' driver.
DEBUG - 2025-09-25 10:30:41 --> Session: Class initialized using 'CodeIgniter\Session\Handlers\FileHandler' driver.
DEBUG - 2025-09-25 10:48:37 --> Session: Class initialized using 'CodeIgniter\Session\Handlers\FileHandler' driver.
DEBUG - 2025-09-25 11:22:51 --> Session: Class initialized using 'CodeIgniter\Session\Handlers\FileHandler' driver.
DEBUG - 2025-09-25 11:23:04 --> Session: Class initialized using 'CodeIgniter\Session\Handlers\FileHandler' driver.
DEBUG - 2025-09-25 11:23:05 --> Session: Class initialized using 'CodeIgniter\Session\Handlers\FileHandler' driver.
DEBUG - 2025-09-25 11:23:05 --> Session: Class initialized using 'CodeIgniter\Session\Handlers\FileHandler' driver.
DEBUG - 2025-09-25 11:23:19 --> Session: Class initialized using 'CodeIgniter\Session\Handlers\FileHandler' driver.
DEBUG - 2025-09-25 11:24:20 --> Session: Class initialized using 'CodeIgniter\Session\Handlers\FileHandler' driver.
DEBUG - 2025-09-25 11:24:21 --> Session: Class initialized using 'CodeIgniter\Session\Handlers\FileHandler' driver.
DEBUG - 2025-09-25 11:27:46 --> Session: Class initialized using 'CodeIgniter\Session\Handlers\FileHandler' driver.
DEBUG - 2025-09-25 11:32:26 --> Session: Class initialized using 'CodeIgniter\Session\Handlers\FileHandler' driver.
DEBUG - 2025-09-25 11:42:53 --> Session: Class initialized using 'CodeIgniter\Session\Handlers\FileHandler' driver.
DEBUG - 2025-09-25 11:42:58 --> Session: Class initialized using 'CodeIgniter\Session\Handlers\FileHandler' driver.
DEBUG - 2025-09-25 11:43:17 --> Session: Class initialized using 'CodeIgniter\Session\Handlers\FileHandler' driver.
DEBUG - 2025-09-25 11:51:06 --> Session: Class initialized using 'CodeIgniter\Session\Handlers\FileHandler' driver.
DEBUG - 2025-09-25 11:51:06 --> Session: Class initialized using 'CodeIgniter\Session\Handlers\FileHandler' driver.
DEBUG - 2025-09-25 12:19:54 --> Session: Class initialized using 'CodeIgniter\Session\Handlers\FileHandler' driver.
DEBUG - 2025-09-25 12:19:54 --> Session: Class initialized using 'CodeIgniter\Session\Handlers\FileHandler' driver.
DEBUG - 2025-09-25 12:45:09 --> Session: Class initialized using 'CodeIgniter\Session\Handlers\FileHandler' driver.
DEBUG - 2025-09-25 12:45:17 --> Session: Class initialized using 'CodeIgniter\Session\Handlers\FileHandler' driver.
DEBUG - 2025-09-25 13:05:10 --> Session: Class initialized using 'CodeIgniter\Session\Handlers\FileHandler' driver.
DEBUG - 2025-09-25 13:23:00 --> Session: Class initialized using 'CodeIgniter\Session\Handlers\FileHandler' driver.
DEBUG - 2025-09-25 13:23:35 --> Session: Class initialized using 'CodeIgniter\Session\Handlers\FileHandler' driver.
DEBUG - 2025-09-25 13:24:28 --> Session: Class initialized using 'CodeIgniter\Session\Handlers\FileHandler' driver.
DEBUG - 2025-09-25 13:35:39 --> Session: Class initialized using 'CodeIgniter\Session\Handlers\FileHandler' driver.
WARNING - 2025-09-25 13:35:39 --> [DEPRECATED] strtotime(): Passing null to parameter #1 ($datetime) of type string is deprecated in APPPATH/Controllers/Dashboard.php on line 318.
 1 APPPATH/Controllers/Dashboard.php(318): strtotime(null)
 2 SYSTEMPATH/CodeIgniter.php(933): App\Controllers\Dashboard->check_discount()
 3 SYSTEMPATH/CodeIgniter.php(507): CodeIgniter\CodeIgniter->runController(Object(App\Controllers\Dashboard))
 4 SYSTEMPATH/CodeIgniter.php(354): CodeIgniter\CodeIgniter->handleRequest(null, Object(Config\Cache), false)
 5 SYSTEMPATH/Boot.php(334): CodeIgniter\CodeIgniter->run()
 6 SYSTEMPATH/Boot.php(67): CodeIgniter\Boot::runCodeIgniter(Object(CodeIgniter\CodeIgniter))
 7 FCPATH/index.php(27): CodeIgniter\Boot::bootWeb(Object(Config\Paths))
CRITICAL - 2025-09-25 13:35:39 --> ErrorException: Trying to access array offset on value of type null
[Method: GET, Route: check-discount]
in APPPATH/Controllers/Dashboard.php on line 319.
 1 APPPATH/Controllers/Dashboard.php(319): CodeIgniter\Debug\Exceptions->errorHandler()
 2 SYSTEMPATH/CodeIgniter.php(933): App\Controllers\Dashboard->check_discount()
 3 SYSTEMPATH/CodeIgniter.php(507): CodeIgniter\CodeIgniter->runController()
 4 SYSTEMPATH/CodeIgniter.php(354): CodeIgniter\CodeIgniter->handleRequest()
 5 SYSTEMPATH/Boot.php(334): CodeIgniter\CodeIgniter->run()
 6 SYSTEMPATH/Boot.php(67): CodeIgniter\Boot::runCodeIgniter()
 7 FCPATH/index.php(27): CodeIgniter\Boot::bootWeb()
DEBUG - 2025-09-25 13:53:21 --> Session: Class initialized using 'CodeIgniter\Session\Handlers\FileHandler' driver.
DEBUG - 2025-09-25 14:30:20 --> Session: Class initialized using 'CodeIgniter\Session\Handlers\FileHandler' driver.
DEBUG - 2025-09-25 14:30:35 --> Session: Class initialized using 'CodeIgniter\Session\Handlers\FileHandler' driver.
DEBUG - 2025-09-25 14:37:55 --> Session: Class initialized using 'CodeIgniter\Session\Handlers\FileHandler' driver.
DEBUG - 2025-09-25 15:22:03 --> Session: Class initialized using 'CodeIgniter\Session\Handlers\FileHandler' driver.
DEBUG - 2025-09-25 15:36:48 --> Session: Class initialized using 'CodeIgniter\Session\Handlers\FileHandler' driver.
DEBUG - 2025-09-25 15:36:51 --> Session: Class initialized using 'CodeIgniter\Session\Handlers\FileHandler' driver.
DEBUG - 2025-09-25 15:56:13 --> Session: Class initialized using 'CodeIgniter\Session\Handlers\FileHandler' driver.
DEBUG - 2025-09-25 16:05:36 --> Session: Class initialized using 'CodeIgniter\Session\Handlers\FileHandler' driver.
DEBUG - 2025-09-25 16:05:36 --> Session: Class initialized using 'CodeIgniter\Session\Handlers\FileHandler' driver.
DEBUG - 2025-09-25 16:11:47 --> Session: Class initialized using 'CodeIgniter\Session\Handlers\FileHandler' driver.
DEBUG - 2025-09-25 16:15:34 --> Session: Class initialized using 'CodeIgniter\Session\Handlers\FileHandler' driver.
DEBUG - 2025-09-25 16:15:34 --> Session: Class initialized using 'CodeIgniter\Session\Handlers\FileHandler' driver.
DEBUG - 2025-09-25 16:15:35 --> Session: Class initialized using 'CodeIgniter\Session\Handlers\FileHandler' driver.
DEBUG - 2025-09-25 16:15:42 --> Session: Class initialized using 'CodeIgniter\Session\Handlers\FileHandler' driver.
DEBUG - 2025-09-25 16:15:42 --> Session: Class initialized using 'CodeIgniter\Session\Handlers\FileHandler' driver.
DEBUG - 2025-09-25 16:15:42 --> Session: Class initialized using 'CodeIgniter\Session\Handlers\FileHandler' driver.
DEBUG - 2025-09-25 16:15:58 --> Session: Class initialized using 'CodeIgniter\Session\Handlers\FileHandler' driver.
DEBUG - 2025-09-25 16:16:05 --> Session: Class initialized using 'CodeIgniter\Session\Handlers\FileHandler' driver.
DEBUG - 2025-09-25 16:16:15 --> Session: Class initialized using 'CodeIgniter\Session\Handlers\FileHandler' driver.
DEBUG - 2025-09-25 16:16:15 --> Session: Class initialized using 'CodeIgniter\Session\Handlers\FileHandler' driver.
DEBUG - 2025-09-25 16:16:15 --> Session: Class initialized using 'CodeIgniter\Session\Handlers\FileHandler' driver.
DEBUG - 2025-09-25 16:16:45 --> Session: Class initialized using 'CodeIgniter\Session\Handlers\FileHandler' driver.
DEBUG - 2025-09-25 16:16:48 --> Session: Class initialized using 'CodeIgniter\Session\Handlers\FileHandler' driver.
DEBUG - 2025-09-25 16:16:52 --> Session: Class initialized using 'CodeIgniter\Session\Handlers\FileHandler' driver.
DEBUG - 2025-09-25 16:16:53 --> Session: Class initialized using 'CodeIgniter\Session\Handlers\FileHandler' driver.
DEBUG - 2025-09-25 16:16:53 --> Session: Class initialized using 'CodeIgniter\Session\Handlers\FileHandler' driver.
DEBUG - 2025-09-25 16:25:30 --> Session: Class initialized using 'CodeIgniter\Session\Handlers\FileHandler' driver.
DEBUG - 2025-09-25 16:33:23 --> Session: Class initialized using 'CodeIgniter\Session\Handlers\FileHandler' driver.
DEBUG - 2025-09-25 16:45:40 --> Session: Class initialized using 'CodeIgniter\Session\Handlers\FileHandler' driver.
DEBUG - 2025-09-25 16:46:15 --> Session: Class initialized using 'CodeIgniter\Session\Handlers\FileHandler' driver.
DEBUG - 2025-09-25 17:04:50 --> Session: Class initialized using 'CodeIgniter\Session\Handlers\FileHandler' driver.
DEBUG - 2025-09-25 17:19:13 --> Session: Class initialized using 'CodeIgniter\Session\Handlers\FileHandler' driver.
DEBUG - 2025-09-25 17:19:21 --> Session: Class initialized using 'CodeIgniter\Session\Handlers\FileHandler' driver.
DEBUG - 2025-09-25 17:22:55 --> Session: Class initialized using 'CodeIgniter\Session\Handlers\FileHandler' driver.
DEBUG - 2025-09-25 17:25:24 --> Session: Class initialized using 'CodeIgniter\Session\Handlers\FileHandler' driver.
DEBUG - 2025-09-25 17:25:28 --> Session: Class initialized using 'CodeIgniter\Session\Handlers\FileHandler' driver.
DEBUG - 2025-09-25 17:29:03 --> Session: Class initialized using 'CodeIgniter\Session\Handlers\FileHandler' driver.
DEBUG - 2025-09-25 17:40:49 --> Session: Class initialized using 'CodeIgniter\Session\Handlers\FileHandler' driver.
DEBUG - 2025-09-25 17:40:50 --> Session: Class initialized using 'CodeIgniter\Session\Handlers\FileHandler' driver.
DEBUG - 2025-09-25 17:43:17 --> Session: Class initialized using 'CodeIgniter\Session\Handlers\FileHandler' driver.
DEBUG - 2025-09-25 17:43:21 --> Session: Class initialized using 'CodeIgniter\Session\Handlers\FileHandler' driver.
DEBUG - 2025-09-25 17:43:39 --> Session: Class initialized using 'CodeIgniter\Session\Handlers\FileHandler' driver.
DEBUG - 2025-09-25 17:43:39 --> Session: Class initialized using 'CodeIgniter\Session\Handlers\FileHandler' driver.
DEBUG - 2025-09-25 17:43:39 --> Session: Class initialized using 'CodeIgniter\Session\Handlers\FileHandler' driver.
DEBUG - 2025-09-25 17:43:54 --> Session: Class initialized using 'CodeIgniter\Session\Handlers\FileHandler' driver.
DEBUG - 2025-09-25 17:45:06 --> Session: Class initialized using 'CodeIgniter\Session\Handlers\FileHandler' driver.
DEBUG - 2025-09-25 17:45:07 --> Session: Class initialized using 'CodeIgniter\Session\Handlers\FileHandler' driver.
DEBUG - 2025-09-25 17:50:26 --> Session: Class initialized using 'CodeIgniter\Session\Handlers\FileHandler' driver.
DEBUG - 2025-09-25 18:05:35 --> Session: Class initialized using 'CodeIgniter\Session\Handlers\FileHandler' driver.
DEBUG - 2025-09-25 18:39:09 --> Session: Class initialized using 'CodeIgniter\Session\Handlers\FileHandler' driver.
DEBUG - 2025-09-25 18:51:18 --> Session: Class initialized using 'CodeIgniter\Session\Handlers\FileHandler' driver.
DEBUG - 2025-09-25 19:23:57 --> Session: Class initialized using 'CodeIgniter\Session\Handlers\FileHandler' driver.
DEBUG - 2025-09-25 19:30:10 --> Session: Class initialized using 'CodeIgniter\Session\Handlers\FileHandler' driver.
DEBUG - 2025-09-25 19:37:24 --> Session: Class initialized using 'CodeIgniter\Session\Handlers\FileHandler' driver.
DEBUG - 2025-09-25 19:59:47 --> Session: Class initialized using 'CodeIgniter\Session\Handlers\FileHandler' driver.
DEBUG - 2025-09-25 19:59:52 --> Session: Class initialized using 'CodeIgniter\Session\Handlers\FileHandler' driver.
DEBUG - 2025-09-25 19:59:52 --> Session: Class initialized using 'CodeIgniter\Session\Handlers\FileHandler' driver.
DEBUG - 2025-09-25 19:59:53 --> Session: Class initialized using 'CodeIgniter\Session\Handlers\FileHandler' driver.
DEBUG - 2025-09-25 20:00:01 --> Session: Class initialized using 'CodeIgniter\Session\Handlers\FileHandler' driver.
DEBUG - 2025-09-25 20:11:31 --> Session: Class initialized using 'CodeIgniter\Session\Handlers\FileHandler' driver.
DEBUG - 2025-09-25 20:11:32 --> Session: Class initialized using 'CodeIgniter\Session\Handlers\FileHandler' driver.
DEBUG - 2025-09-25 20:11:32 --> Session: Class initialized using 'CodeIgniter\Session\Handlers\FileHandler' driver.
DEBUG - 2025-09-25 20:11:38 --> Session: Class initialized using 'CodeIgniter\Session\Handlers\FileHandler' driver.
DEBUG - 2025-09-25 20:11:46 --> Session: Class initialized using 'CodeIgniter\Session\Handlers\FileHandler' driver.
DEBUG - 2025-09-25 20:11:47 --> Session: Class initialized using 'CodeIgniter\Session\Handlers\FileHandler' driver.
DEBUG - 2025-09-25 20:11:47 --> Session: Class initialized using 'CodeIgniter\Session\Handlers\FileHandler' driver.
DEBUG - 2025-09-25 20:11:54 --> Session: Class initialized using 'CodeIgniter\Session\Handlers\FileHandler' driver.
DEBUG - 2025-09-25 20:11:58 --> Session: Class initialized using 'CodeIgniter\Session\Handlers\FileHandler' driver.
DEBUG - 2025-09-25 20:12:03 --> Session: Class initialized using 'CodeIgniter\Session\Handlers\FileHandler' driver.
DEBUG - 2025-09-25 20:12:04 --> Session: Class initialized using 'CodeIgniter\Session\Handlers\FileHandler' driver.
DEBUG - 2025-09-25 20:12:05 --> Session: Class initialized using 'CodeIgniter\Session\Handlers\FileHandler' driver.
DEBUG - 2025-09-25 20:12:18 --> Session: Class initialized using 'CodeIgniter\Session\Handlers\FileHandler' driver.
DEBUG - 2025-09-25 20:13:10 --> Session: Class initialized using 'CodeIgniter\Session\Handlers\FileHandler' driver.
DEBUG - 2025-09-25 20:13:21 --> Session: Class initialized using 'CodeIgniter\Session\Handlers\FileHandler' driver.
DEBUG - 2025-09-25 20:13:21 --> Session: Class initialized using 'CodeIgniter\Session\Handlers\FileHandler' driver.
DEBUG - 2025-09-25 20:13:37 --> Session: Class initialized using 'CodeIgniter\Session\Handlers\FileHandler' driver.
DEBUG - 2025-09-25 20:13:39 --> Session: Class initialized using 'CodeIgniter\Session\Handlers\FileHandler' driver.
DEBUG - 2025-09-25 20:13:39 --> Session: Class initialized using 'CodeIgniter\Session\Handlers\FileHandler' driver.
DEBUG - 2025-09-25 20:13:39 --> Session: Class initialized using 'CodeIgniter\Session\Handlers\FileHandler' driver.
DEBUG - 2025-09-25 20:13:40 --> Session: Class initialized using 'CodeIgniter\Session\Handlers\FileHandler' driver.
WARNING - 2025-09-25 20:13:40 --> [DEPRECATED] addslashes(): Passing null to parameter #1 ($string) of type string is deprecated in APPPATH/Views/service_list.php on line 10.
 1 APPPATH/Views/service_list.php(10): addslashes(null)
 2 SYSTEMPATH/View/View.php(224): include('/home/u810214334/domains/embellish-beauty.co.uk/public_html/app/Views/service_list.php')
 3 SYSTEMPATH/View/View.php(227): CodeIgniter\View\View->CodeIgniter\View\{closure}()
 4 SYSTEMPATH/Common.php(1173): CodeIgniter\View\View->render('service_list', [], true)
 5 APPPATH/Controllers/Home.php(129): view('service_list', [...])
 6 SYSTEMPATH/CodeIgniter.php(933): App\Controllers\Home->fetch_services()
 7 SYSTEMPATH/CodeIgniter.php(507): CodeIgniter\CodeIgniter->runController(Object(App\Controllers\Home))
 8 SYSTEMPATH/CodeIgniter.php(354): CodeIgniter\CodeIgniter->handleRequest(null, Object(Config\Cache), false)
 9 SYSTEMPATH/Boot.php(334): CodeIgniter\CodeIgniter->run()
10 SYSTEMPATH/Boot.php(67): CodeIgniter\Boot::runCodeIgniter(Object(CodeIgniter\CodeIgniter))
11 FCPATH/index.php(27): CodeIgniter\Boot::bootWeb(Object(Config\Paths))
WARNING - 2025-09-25 20:13:40 --> [DEPRECATED] addslashes(): Passing null to parameter #1 ($string) of type string is deprecated in APPPATH/Views/service_list.php on line 10.
 1 APPPATH/Views/service_list.php(10): addslashes(null)
 2 SYSTEMPATH/View/View.php(224): include('/home/u810214334/domains/embellish-beauty.co.uk/public_html/app/Views/service_list.php')
 3 SYSTEMPATH/View/View.php(227): CodeIgniter\View\View->CodeIgniter\View\{closure}()
 4 SYSTEMPATH/Common.php(1173): CodeIgniter\View\View->render('service_list', [], true)
 5 APPPATH/Controllers/Home.php(129): view('service_list', [...])
 6 SYSTEMPATH/CodeIgniter.php(933): App\Controllers\Home->fetch_services()
 7 SYSTEMPATH/CodeIgniter.php(507): CodeIgniter\CodeIgniter->runController(Object(App\Controllers\Home))
 8 SYSTEMPATH/CodeIgniter.php(354): CodeIgniter\CodeIgniter->handleRequest(null, Object(Config\Cache), false)
 9 SYSTEMPATH/Boot.php(334): CodeIgniter\CodeIgniter->run()
10 SYSTEMPATH/Boot.php(67): CodeIgniter\Boot::runCodeIgniter(Object(CodeIgniter\CodeIgniter))
11 FCPATH/index.php(27): CodeIgniter\Boot::bootWeb(Object(Config\Paths))
WARNING - 2025-09-25 20:13:40 --> [DEPRECATED] addslashes(): Passing null to parameter #1 ($string) of type string is deprecated in APPPATH/Views/service_list.php on line 10.
 1 APPPATH/Views/service_list.php(10): addslashes(null)
 2 SYSTEMPATH/View/View.php(224): include('/home/u810214334/domains/embellish-beauty.co.uk/public_html/app/Views/service_list.php')
 3 SYSTEMPATH/View/View.php(227): CodeIgniter\View\View->CodeIgniter\View\{closure}()
 4 SYSTEMPATH/Common.php(1173): CodeIgniter\View\View->render('service_list', [], true)
 5 APPPATH/Controllers/Home.php(129): view('service_list', [...])
 6 SYSTEMPATH/CodeIgniter.php(933): App\Controllers\Home->fetch_services()
 7 SYSTEMPATH/CodeIgniter.php(507): CodeIgniter\CodeIgniter->runController(Object(App\Controllers\Home))
 8 SYSTEMPATH/CodeIgniter.php(354): CodeIgniter\CodeIgniter->handleRequest(null, Object(Config\Cache), false)
 9 SYSTEMPATH/Boot.php(334): CodeIgniter\CodeIgniter->run()
10 SYSTEMPATH/Boot.php(67): CodeIgniter\Boot::runCodeIgniter(Object(CodeIgniter\CodeIgniter))
11 FCPATH/index.php(27): CodeIgniter\Boot::bootWeb(Object(Config\Paths))
WARNING - 2025-09-25 20:13:40 --> [DEPRECATED] addslashes(): Passing null to parameter #1 ($string) of type string is deprecated in APPPATH/Views/service_list.php on line 10.
 1 APPPATH/Views/service_list.php(10): addslashes(null)
 2 SYSTEMPATH/View/View.php(224): include('/home/u810214334/domains/embellish-beauty.co.uk/public_html/app/Views/service_list.php')
 3 SYSTEMPATH/View/View.php(227): CodeIgniter\View\View->CodeIgniter\View\{closure}()
 4 SYSTEMPATH/Common.php(1173): CodeIgniter\View\View->render('service_list', [], true)
 5 APPPATH/Controllers/Home.php(129): view('service_list', [...])
 6 SYSTEMPATH/CodeIgniter.php(933): App\Controllers\Home->fetch_services()
 7 SYSTEMPATH/CodeIgniter.php(507): CodeIgniter\CodeIgniter->runController(Object(App\Controllers\Home))
 8 SYSTEMPATH/CodeIgniter.php(354): CodeIgniter\CodeIgniter->handleRequest(null, Object(Config\Cache), false)
 9 SYSTEMPATH/Boot.php(334): CodeIgniter\CodeIgniter->run()
10 SYSTEMPATH/Boot.php(67): CodeIgniter\Boot::runCodeIgniter(Object(CodeIgniter\CodeIgniter))
11 FCPATH/index.php(27): CodeIgniter\Boot::bootWeb(Object(Config\Paths))
WARNING - 2025-09-25 20:13:40 --> [DEPRECATED] addslashes(): Passing null to parameter #1 ($string) of type string is deprecated in APPPATH/Views/service_list.php on line 10.
 1 APPPATH/Views/service_list.php(10): addslashes(null)
 2 SYSTEMPATH/View/View.php(224): include('/home/u810214334/domains/embellish-beauty.co.uk/public_html/app/Views/service_list.php')
 3 SYSTEMPATH/View/View.php(227): CodeIgniter\View\View->CodeIgniter\View\{closure}()
 4 SYSTEMPATH/Common.php(1173): CodeIgniter\View\View->render('service_list', [], true)
 5 APPPATH/Controllers/Home.php(129): view('service_list', [...])
 6 SYSTEMPATH/CodeIgniter.php(933): App\Controllers\Home->fetch_services()
 7 SYSTEMPATH/CodeIgniter.php(507): CodeIgniter\CodeIgniter->runController(Object(App\Controllers\Home))
 8 SYSTEMPATH/CodeIgniter.php(354): CodeIgniter\CodeIgniter->handleRequest(null, Object(Config\Cache), false)
 9 SYSTEMPATH/Boot.php(334): CodeIgniter\CodeIgniter->run()
10 SYSTEMPATH/Boot.php(67): CodeIgniter\Boot::runCodeIgniter(Object(CodeIgniter\CodeIgniter))
11 FCPATH/index.php(27): CodeIgniter\Boot::bootWeb(Object(Config\Paths))
WARNING - 2025-09-25 20:13:40 --> [DEPRECATED] addslashes(): Passing null to parameter #1 ($string) of type string is deprecated in APPPATH/Views/service_list.php on line 10.
 1 APPPATH/Views/service_list.php(10): addslashes(null)
 2 SYSTEMPATH/View/View.php(224): include('/home/u810214334/domains/embellish-beauty.co.uk/public_html/app/Views/service_list.php')
 3 SYSTEMPATH/View/View.php(227): CodeIgniter\View\View->CodeIgniter\View\{closure}()
 4 SYSTEMPATH/Common.php(1173): CodeIgniter\View\View->render('service_list', [], true)
 5 APPPATH/Controllers/Home.php(129): view('service_list', [...])
 6 SYSTEMPATH/CodeIgniter.php(933): App\Controllers\Home->fetch_services()
 7 SYSTEMPATH/CodeIgniter.php(507): CodeIgniter\CodeIgniter->runController(Object(App\Controllers\Home))
 8 SYSTEMPATH/CodeIgniter.php(354): CodeIgniter\CodeIgniter->handleRequest(null, Object(Config\Cache), false)
 9 SYSTEMPATH/Boot.php(334): CodeIgniter\CodeIgniter->run()
10 SYSTEMPATH/Boot.php(67): CodeIgniter\Boot::runCodeIgniter(Object(CodeIgniter\CodeIgniter))
11 FCPATH/index.php(27): CodeIgniter\Boot::bootWeb(Object(Config\Paths))
WARNING - 2025-09-25 20:13:40 --> [DEPRECATED] addslashes(): Passing null to parameter #1 ($string) of type string is deprecated in APPPATH/Views/service_list.php on line 10.
 1 APPPATH/Views/service_list.php(10): addslashes(null)
 2 SYSTEMPATH/View/View.php(224): include('/home/u810214334/domains/embellish-beauty.co.uk/public_html/app/Views/service_list.php')
 3 SYSTEMPATH/View/View.php(227): CodeIgniter\View\View->CodeIgniter\View\{closure}()
 4 SYSTEMPATH/Common.php(1173): CodeIgniter\View\View->render('service_list', [], true)
 5 APPPATH/Controllers/Home.php(129): view('service_list', [...])
 6 SYSTEMPATH/CodeIgniter.php(933): App\Controllers\Home->fetch_services()
 7 SYSTEMPATH/CodeIgniter.php(507): CodeIgniter\CodeIgniter->runController(Object(App\Controllers\Home))
 8 SYSTEMPATH/CodeIgniter.php(354): CodeIgniter\CodeIgniter->handleRequest(null, Object(Config\Cache), false)
 9 SYSTEMPATH/Boot.php(334): CodeIgniter\CodeIgniter->run()
10 SYSTEMPATH/Boot.php(67): CodeIgniter\Boot::runCodeIgniter(Object(CodeIgniter\CodeIgniter))
11 FCPATH/index.php(27): CodeIgniter\Boot::bootWeb(Object(Config\Paths))
WARNING - 2025-09-25 20:13:40 --> [DEPRECATED] addslashes(): Passing null to parameter #1 ($string) of type string is deprecated in APPPATH/Views/service_list.php on line 10.
 1 APPPATH/Views/service_list.php(10): addslashes(null)
 2 SYSTEMPATH/View/View.php(224): include('/home/u810214334/domains/embellish-beauty.co.uk/public_html/app/Views/service_list.php')
 3 SYSTEMPATH/View/View.php(227): CodeIgniter\View\View->CodeIgniter\View\{closure}()
 4 SYSTEMPATH/Common.php(1173): CodeIgniter\View\View->render('service_list', [], true)
 5 APPPATH/Controllers/Home.php(129): view('service_list', [...])
 6 SYSTEMPATH/CodeIgniter.php(933): App\Controllers\Home->fetch_services()
 7 SYSTEMPATH/CodeIgniter.php(507): CodeIgniter\CodeIgniter->runController(Object(App\Controllers\Home))
 8 SYSTEMPATH/CodeIgniter.php(354): CodeIgniter\CodeIgniter->handleRequest(null, Object(Config\Cache), false)
 9 SYSTEMPATH/Boot.php(334): CodeIgniter\CodeIgniter->run()
10 SYSTEMPATH/Boot.php(67): CodeIgniter\Boot::runCodeIgniter(Object(CodeIgniter\CodeIgniter))
11 FCPATH/index.php(27): CodeIgniter\Boot::bootWeb(Object(Config\Paths))
WARNING - 2025-09-25 20:13:40 --> [DEPRECATED] addslashes(): Passing null to parameter #1 ($string) of type string is deprecated in APPPATH/Views/service_list.php on line 10.
 1 APPPATH/Views/service_list.php(10): addslashes(null)
 2 SYSTEMPATH/View/View.php(224): include('/home/u810214334/domains/embellish-beauty.co.uk/public_html/app/Views/service_list.php')
 3 SYSTEMPATH/View/View.php(227): CodeIgniter\View\View->CodeIgniter\View\{closure}()
 4 SYSTEMPATH/Common.php(1173): CodeIgniter\View\View->render('service_list', [], true)
 5 APPPATH/Controllers/Home.php(129): view('service_list', [...])
 6 SYSTEMPATH/CodeIgniter.php(933): App\Controllers\Home->fetch_services()
 7 SYSTEMPATH/CodeIgniter.php(507): CodeIgniter\CodeIgniter->runController(Object(App\Controllers\Home))
 8 SYSTEMPATH/CodeIgniter.php(354): CodeIgniter\CodeIgniter->handleRequest(null, Object(Config\Cache), false)
 9 SYSTEMPATH/Boot.php(334): CodeIgniter\CodeIgniter->run()
10 SYSTEMPATH/Boot.php(67): CodeIgniter\Boot::runCodeIgniter(Object(CodeIgniter\CodeIgniter))
11 FCPATH/index.php(27): CodeIgniter\Boot::bootWeb(Object(Config\Paths))
WARNING - 2025-09-25 20:13:40 --> [DEPRECATED] addslashes(): Passing null to parameter #1 ($string) of type string is deprecated in APPPATH/Views/service_list.php on line 10.
 1 APPPATH/Views/service_list.php(10): addslashes(null)
 2 SYSTEMPATH/View/View.php(224): include('/home/u810214334/domains/embellish-beauty.co.uk/public_html/app/Views/service_list.php')
 3 SYSTEMPATH/View/View.php(227): CodeIgniter\View\View->CodeIgniter\View\{closure}()
 4 SYSTEMPATH/Common.php(1173): CodeIgniter\View\View->render('service_list', [], true)
 5 APPPATH/Controllers/Home.php(129): view('service_list', [...])
 6 SYSTEMPATH/CodeIgniter.php(933): App\Controllers\Home->fetch_services()
 7 SYSTEMPATH/CodeIgniter.php(507): CodeIgniter\CodeIgniter->runController(Object(App\Controllers\Home))
 8 SYSTEMPATH/CodeIgniter.php(354): CodeIgniter\CodeIgniter->handleRequest(null, Object(Config\Cache), false)
 9 SYSTEMPATH/Boot.php(334): CodeIgniter\CodeIgniter->run()
10 SYSTEMPATH/Boot.php(67): CodeIgniter\Boot::runCodeIgniter(Object(CodeIgniter\CodeIgniter))
11 FCPATH/index.php(27): CodeIgniter\Boot::bootWeb(Object(Config\Paths))
WARNING - 2025-09-25 20:13:40 --> [DEPRECATED] addslashes(): Passing null to parameter #1 ($string) of type string is deprecated in APPPATH/Views/service_list.php on line 10.
 1 APPPATH/Views/service_list.php(10): addslashes(null)
 2 SYSTEMPATH/View/View.php(224): include('/home/u810214334/domains/embellish-beauty.co.uk/public_html/app/Views/service_list.php')
 3 SYSTEMPATH/View/View.php(227): CodeIgniter\View\View->CodeIgniter\View\{closure}()
 4 SYSTEMPATH/Common.php(1173): CodeIgniter\View\View->render('service_list', [], true)
 5 APPPATH/Controllers/Home.php(129): view('service_list', [...])
 6 SYSTEMPATH/CodeIgniter.php(933): App\Controllers\Home->fetch_services()
 7 SYSTEMPATH/CodeIgniter.php(507): CodeIgniter\CodeIgniter->runController(Object(App\Controllers\Home))
 8 SYSTEMPATH/CodeIgniter.php(354): CodeIgniter\CodeIgniter->handleRequest(null, Object(Config\Cache), false)
 9 SYSTEMPATH/Boot.php(334): CodeIgniter\CodeIgniter->run()
10 SYSTEMPATH/Boot.php(67): CodeIgniter\Boot::runCodeIgniter(Object(CodeIgniter\CodeIgniter))
11 FCPATH/index.php(27): CodeIgniter\Boot::bootWeb(Object(Config\Paths))
WARNING - 2025-09-25 20:13:40 --> [DEPRECATED] addslashes(): Passing null to parameter #1 ($string) of type string is deprecated in APPPATH/Views/service_list.php on line 10.
 1 APPPATH/Views/service_list.php(10): addslashes(null)
 2 SYSTEMPATH/View/View.php(224): include('/home/u810214334/domains/embellish-beauty.co.uk/public_html/app/Views/service_list.php')
 3 SYSTEMPATH/View/View.php(227): CodeIgniter\View\View->CodeIgniter\View\{closure}()
 4 SYSTEMPATH/Common.php(1173): CodeIgniter\View\View->render('service_list', [], true)
 5 APPPATH/Controllers/Home.php(129): view('service_list', [...])
 6 SYSTEMPATH/CodeIgniter.php(933): App\Controllers\Home->fetch_services()
 7 SYSTEMPATH/CodeIgniter.php(507): CodeIgniter\CodeIgniter->runController(Object(App\Controllers\Home))
 8 SYSTEMPATH/CodeIgniter.php(354): CodeIgniter\CodeIgniter->handleRequest(null, Object(Config\Cache), false)
 9 SYSTEMPATH/Boot.php(334): CodeIgniter\CodeIgniter->run()
10 SYSTEMPATH/Boot.php(67): CodeIgniter\Boot::runCodeIgniter(Object(CodeIgniter\CodeIgniter))
11 FCPATH/index.php(27): CodeIgniter\Boot::bootWeb(Object(Config\Paths))
WARNING - 2025-09-25 20:13:40 --> [DEPRECATED] addslashes(): Passing null to parameter #1 ($string) of type string is deprecated in APPPATH/Views/service_list.php on line 10.
 1 APPPATH/Views/service_list.php(10): addslashes(null)
 2 SYSTEMPATH/View/View.php(224): include('/home/u810214334/domains/embellish-beauty.co.uk/public_html/app/Views/service_list.php')
 3 SYSTEMPATH/View/View.php(227): CodeIgniter\View\View->CodeIgniter\View\{closure}()
 4 SYSTEMPATH/Common.php(1173): CodeIgniter\View\View->render('service_list', [], true)
 5 APPPATH/Controllers/Home.php(129): view('service_list', [...])
 6 SYSTEMPATH/CodeIgniter.php(933): App\Controllers\Home->fetch_services()
 7 SYSTEMPATH/CodeIgniter.php(507): CodeIgniter\CodeIgniter->runController(Object(App\Controllers\Home))
 8 SYSTEMPATH/CodeIgniter.php(354): CodeIgniter\CodeIgniter->handleRequest(null, Object(Config\Cache), false)
 9 SYSTEMPATH/Boot.php(334): CodeIgniter\CodeIgniter->run()
10 SYSTEMPATH/Boot.php(67): CodeIgniter\Boot::runCodeIgniter(Object(CodeIgniter\CodeIgniter))
11 FCPATH/index.php(27): CodeIgniter\Boot::bootWeb(Object(Config\Paths))
WARNING - 2025-09-25 20:13:40 --> [DEPRECATED] addslashes(): Passing null to parameter #1 ($string) of type string is deprecated in APPPATH/Views/service_list.php on line 10.
 1 APPPATH/Views/service_list.php(10): addslashes(null)
 2 SYSTEMPATH/View/View.php(224): include('/home/u810214334/domains/embellish-beauty.co.uk/public_html/app/Views/service_list.php')
 3 SYSTEMPATH/View/View.php(227): CodeIgniter\View\View->CodeIgniter\View\{closure}()
 4 SYSTEMPATH/Common.php(1173): CodeIgniter\View\View->render('service_list', [], true)
 5 APPPATH/Controllers/Home.php(129): view('service_list', [...])
 6 SYSTEMPATH/CodeIgniter.php(933): App\Controllers\Home->fetch_services()
 7 SYSTEMPATH/CodeIgniter.php(507): CodeIgniter\CodeIgniter->runController(Object(App\Controllers\Home))
 8 SYSTEMPATH/CodeIgniter.php(354): CodeIgniter\CodeIgniter->handleRequest(null, Object(Config\Cache), false)
 9 SYSTEMPATH/Boot.php(334): CodeIgniter\CodeIgniter->run()
10 SYSTEMPATH/Boot.php(67): CodeIgniter\Boot::runCodeIgniter(Object(CodeIgniter\CodeIgniter))
11 FCPATH/index.php(27): CodeIgniter\Boot::bootWeb(Object(Config\Paths))
WARNING - 2025-09-25 20:13:40 --> [DEPRECATED] addslashes(): Passing null to parameter #1 ($string) of type string is deprecated in APPPATH/Views/service_list.php on line 10.
 1 APPPATH/Views/service_list.php(10): addslashes(null)
 2 SYSTEMPATH/View/View.php(224): include('/home/u810214334/domains/embellish-beauty.co.uk/public_html/app/Views/service_list.php')
 3 SYSTEMPATH/View/View.php(227): CodeIgniter\View\View->CodeIgniter\View\{closure}()
 4 SYSTEMPATH/Common.php(1173): CodeIgniter\View\View->render('service_list', [], true)
 5 APPPATH/Controllers/Home.php(129): view('service_list', [...])
 6 SYSTEMPATH/CodeIgniter.php(933): App\Controllers\Home->fetch_services()
 7 SYSTEMPATH/CodeIgniter.php(507): CodeIgniter\CodeIgniter->runController(Object(App\Controllers\Home))
 8 SYSTEMPATH/CodeIgniter.php(354): CodeIgniter\CodeIgniter->handleRequest(null, Object(Config\Cache), false)
 9 SYSTEMPATH/Boot.php(334): CodeIgniter\CodeIgniter->run()
10 SYSTEMPATH/Boot.php(67): CodeIgniter\Boot::runCodeIgniter(Object(CodeIgniter\CodeIgniter))
11 FCPATH/index.php(27): CodeIgniter\Boot::bootWeb(Object(Config\Paths))
WARNING - 2025-09-25 20:13:40 --> [DEPRECATED] addslashes(): Passing null to parameter #1 ($string) of type string is deprecated in APPPATH/Views/service_list.php on line 10.
 1 APPPATH/Views/service_list.php(10): addslashes(null)
 2 SYSTEMPATH/View/View.php(224): include('/home/u810214334/domains/embellish-beauty.co.uk/public_html/app/Views/service_list.php')
 3 SYSTEMPATH/View/View.php(227): CodeIgniter\View\View->CodeIgniter\View\{closure}()
 4 SYSTEMPATH/Common.php(1173): CodeIgniter\View\View->render('service_list', [], true)
 5 APPPATH/Controllers/Home.php(129): view('service_list', [...])
 6 SYSTEMPATH/CodeIgniter.php(933): App\Controllers\Home->fetch_services()
 7 SYSTEMPATH/CodeIgniter.php(507): CodeIgniter\CodeIgniter->runController(Object(App\Controllers\Home))
 8 SYSTEMPATH/CodeIgniter.php(354): CodeIgniter\CodeIgniter->handleRequest(null, Object(Config\Cache), false)
 9 SYSTEMPATH/Boot.php(334): CodeIgniter\CodeIgniter->run()
10 SYSTEMPATH/Boot.php(67): CodeIgniter\Boot::runCodeIgniter(Object(CodeIgniter\CodeIgniter))
11 FCPATH/index.php(27): CodeIgniter\Boot::bootWeb(Object(Config\Paths))
WARNING - 2025-09-25 20:13:40 --> [DEPRECATED] addslashes(): Passing null to parameter #1 ($string) of type string is deprecated in APPPATH/Views/service_list.php on line 10.
 1 APPPATH/Views/service_list.php(10): addslashes(null)
 2 SYSTEMPATH/View/View.php(224): include('/home/u810214334/domains/embellish-beauty.co.uk/public_html/app/Views/service_list.php')
 3 SYSTEMPATH/View/View.php(227): CodeIgniter\View\View->CodeIgniter\View\{closure}()
 4 SYSTEMPATH/Common.php(1173): CodeIgniter\View\View->render('service_list', [], true)
 5 APPPATH/Controllers/Home.php(129): view('service_list', [...])
 6 SYSTEMPATH/CodeIgniter.php(933): App\Controllers\Home->fetch_services()
 7 SYSTEMPATH/CodeIgniter.php(507): CodeIgniter\CodeIgniter->runController(Object(App\Controllers\Home))
 8 SYSTEMPATH/CodeIgniter.php(354): CodeIgniter\CodeIgniter->handleRequest(null, Object(Config\Cache), false)
 9 SYSTEMPATH/Boot.php(334): CodeIgniter\CodeIgniter->run()
10 SYSTEMPATH/Boot.php(67): CodeIgniter\Boot::runCodeIgniter(Object(CodeIgniter\CodeIgniter))
11 FCPATH/index.php(27): CodeIgniter\Boot::bootWeb(Object(Config\Paths))
WARNING - 2025-09-25 20:13:40 --> [DEPRECATED] addslashes(): Passing null to parameter #1 ($string) of type string is deprecated in APPPATH/Views/service_list.php on line 10.
 1 APPPATH/Views/service_list.php(10): addslashes(null)
 2 SYSTEMPATH/View/View.php(224): include('/home/u810214334/domains/embellish-beauty.co.uk/public_html/app/Views/service_list.php')
 3 SYSTEMPATH/View/View.php(227): CodeIgniter\View\View->CodeIgniter\View\{closure}()
 4 SYSTEMPATH/Common.php(1173): CodeIgniter\View\View->render('service_list', [], true)
 5 APPPATH/Controllers/Home.php(129): view('service_list', [...])
 6 SYSTEMPATH/CodeIgniter.php(933): App\Controllers\Home->fetch_services()
 7 SYSTEMPATH/CodeIgniter.php(507): CodeIgniter\CodeIgniter->runController(Object(App\Controllers\Home))
 8 SYSTEMPATH/CodeIgniter.php(354): CodeIgniter\CodeIgniter->handleRequest(null, Object(Config\Cache), false)
 9 SYSTEMPATH/Boot.php(334): CodeIgniter\CodeIgniter->run()
10 SYSTEMPATH/Boot.php(67): CodeIgniter\Boot::runCodeIgniter(Object(CodeIgniter\CodeIgniter))
11 FCPATH/index.php(27): CodeIgniter\Boot::bootWeb(Object(Config\Paths))
WARNING - 2025-09-25 20:13:40 --> [DEPRECATED] addslashes(): Passing null to parameter #1 ($string) of type string is deprecated in APPPATH/Views/service_list.php on line 10.
 1 APPPATH/Views/service_list.php(10): addslashes(null)
 2 SYSTEMPATH/View/View.php(224): include('/home/u810214334/domains/embellish-beauty.co.uk/public_html/app/Views/service_list.php')
 3 SYSTEMPATH/View/View.php(227): CodeIgniter\View\View->CodeIgniter\View\{closure}()
 4 SYSTEMPATH/Common.php(1173): CodeIgniter\View\View->render('service_list', [], true)
 5 APPPATH/Controllers/Home.php(129): view('service_list', [...])
 6 SYSTEMPATH/CodeIgniter.php(933): App\Controllers\Home->fetch_services()
 7 SYSTEMPATH/CodeIgniter.php(507): CodeIgniter\CodeIgniter->runController(Object(App\Controllers\Home))
 8 SYSTEMPATH/CodeIgniter.php(354): CodeIgniter\CodeIgniter->handleRequest(null, Object(Config\Cache), false)
 9 SYSTEMPATH/Boot.php(334): CodeIgniter\CodeIgniter->run()
10 SYSTEMPATH/Boot.php(67): CodeIgniter\Boot::runCodeIgniter(Object(CodeIgniter\CodeIgniter))
11 FCPATH/index.php(27): CodeIgniter\Boot::bootWeb(Object(Config\Paths))
WARNING - 2025-09-25 20:13:40 --> [DEPRECATED] addslashes(): Passing null to parameter #1 ($string) of type string is deprecated in APPPATH/Views/service_list.php on line 10.
 1 APPPATH/Views/service_list.php(10): addslashes(null)
 2 SYSTEMPATH/View/View.php(224): include('/home/u810214334/domains/embellish-beauty.co.uk/public_html/app/Views/service_list.php')
 3 SYSTEMPATH/View/View.php(227): CodeIgniter\View\View->CodeIgniter\View\{closure}()
 4 SYSTEMPATH/Common.php(1173): CodeIgniter\View\View->render('service_list', [], true)
 5 APPPATH/Controllers/Home.php(129): view('service_list', [...])
 6 SYSTEMPATH/CodeIgniter.php(933): App\Controllers\Home->fetch_services()
 7 SYSTEMPATH/CodeIgniter.php(507): CodeIgniter\CodeIgniter->runController(Object(App\Controllers\Home))
 8 SYSTEMPATH/CodeIgniter.php(354): CodeIgniter\CodeIgniter->handleRequest(null, Object(Config\Cache), false)
 9 SYSTEMPATH/Boot.php(334): CodeIgniter\CodeIgniter->run()
10 SYSTEMPATH/Boot.php(67): CodeIgniter\Boot::runCodeIgniter(Object(CodeIgniter\CodeIgniter))
11 FCPATH/index.php(27): CodeIgniter\Boot::bootWeb(Object(Config\Paths))
WARNING - 2025-09-25 20:13:40 --> [DEPRECATED] addslashes(): Passing null to parameter #1 ($string) of type string is deprecated in APPPATH/Views/service_list.php on line 10.
 1 APPPATH/Views/service_list.php(10): addslashes(null)
 2 SYSTEMPATH/View/View.php(224): include('/home/u810214334/domains/embellish-beauty.co.uk/public_html/app/Views/service_list.php')
 3 SYSTEMPATH/View/View.php(227): CodeIgniter\View\View->CodeIgniter\View\{closure}()
 4 SYSTEMPATH/Common.php(1173): CodeIgniter\View\View->render('service_list', [], true)
 5 APPPATH/Controllers/Home.php(129): view('service_list', [...])
 6 SYSTEMPATH/CodeIgniter.php(933): App\Controllers\Home->fetch_services()
 7 SYSTEMPATH/CodeIgniter.php(507): CodeIgniter\CodeIgniter->runController(Object(App\Controllers\Home))
 8 SYSTEMPATH/CodeIgniter.php(354): CodeIgniter\CodeIgniter->handleRequest(null, Object(Config\Cache), false)
 9 SYSTEMPATH/Boot.php(334): CodeIgniter\CodeIgniter->run()
10 SYSTEMPATH/Boot.php(67): CodeIgniter\Boot::runCodeIgniter(Object(CodeIgniter\CodeIgniter))
11 FCPATH/index.php(27): CodeIgniter\Boot::bootWeb(Object(Config\Paths))
WARNING - 2025-09-25 20:13:40 --> [DEPRECATED] addslashes(): Passing null to parameter #1 ($string) of type string is deprecated in APPPATH/Views/service_list.php on line 10.
 1 APPPATH/Views/service_list.php(10): addslashes(null)
 2 SYSTEMPATH/View/View.php(224): include('/home/u810214334/domains/embellish-beauty.co.uk/public_html/app/Views/service_list.php')
 3 SYSTEMPATH/View/View.php(227): CodeIgniter\View\View->CodeIgniter\View\{closure}()
 4 SYSTEMPATH/Common.php(1173): CodeIgniter\View\View->render('service_list', [], true)
 5 APPPATH/Controllers/Home.php(129): view('service_list', [...])
 6 SYSTEMPATH/CodeIgniter.php(933): App\Controllers\Home->fetch_services()
 7 SYSTEMPATH/CodeIgniter.php(507): CodeIgniter\CodeIgniter->runController(Object(App\Controllers\Home))
 8 SYSTEMPATH/CodeIgniter.php(354): CodeIgniter\CodeIgniter->handleRequest(null, Object(Config\Cache), false)
 9 SYSTEMPATH/Boot.php(334): CodeIgniter\CodeIgniter->run()
10 SYSTEMPATH/Boot.php(67): CodeIgniter\Boot::runCodeIgniter(Object(CodeIgniter\CodeIgniter))
11 FCPATH/index.php(27): CodeIgniter\Boot::bootWeb(Object(Config\Paths))
WARNING - 2025-09-25 20:13:40 --> [DEPRECATED] addslashes(): Passing null to parameter #1 ($string) of type string is deprecated in APPPATH/Views/service_list.php on line 10.
 1 APPPATH/Views/service_list.php(10): addslashes(null)
 2 SYSTEMPATH/View/View.php(224): include('/home/u810214334/domains/embellish-beauty.co.uk/public_html/app/Views/service_list.php')
 3 SYSTEMPATH/View/View.php(227): CodeIgniter\View\View->CodeIgniter\View\{closure}()
 4 SYSTEMPATH/Common.php(1173): CodeIgniter\View\View->render('service_list', [], true)
 5 APPPATH/Controllers/Home.php(129): view('service_list', [...])
 6 SYSTEMPATH/CodeIgniter.php(933): App\Controllers\Home->fetch_services()
 7 SYSTEMPATH/CodeIgniter.php(507): CodeIgniter\CodeIgniter->runController(Object(App\Controllers\Home))
 8 SYSTEMPATH/CodeIgniter.php(354): CodeIgniter\CodeIgniter->handleRequest(null, Object(Config\Cache), false)
 9 SYSTEMPATH/Boot.php(334): CodeIgniter\CodeIgniter->run()
10 SYSTEMPATH/Boot.php(67): CodeIgniter\Boot::runCodeIgniter(Object(CodeIgniter\CodeIgniter))
11 FCPATH/index.php(27): CodeIgniter\Boot::bootWeb(Object(Config\Paths))
WARNING - 2025-09-25 20:13:40 --> [DEPRECATED] addslashes(): Passing null to parameter #1 ($string) of type string is deprecated in APPPATH/Views/service_list.php on line 10.
 1 APPPATH/Views/service_list.php(10): addslashes(null)
 2 SYSTEMPATH/View/View.php(224): include('/home/u810214334/domains/embellish-beauty.co.uk/public_html/app/Views/service_list.php')
 3 SYSTEMPATH/View/View.php(227): CodeIgniter\View\View->CodeIgniter\View\{closure}()
 4 SYSTEMPATH/Common.php(1173): CodeIgniter\View\View->render('service_list', [], true)
 5 APPPATH/Controllers/Home.php(129): view('service_list', [...])
 6 SYSTEMPATH/CodeIgniter.php(933): App\Controllers\Home->fetch_services()
 7 SYSTEMPATH/CodeIgniter.php(507): CodeIgniter\CodeIgniter->runController(Object(App\Controllers\Home))
 8 SYSTEMPATH/CodeIgniter.php(354): CodeIgniter\CodeIgniter->handleRequest(null, Object(Config\Cache), false)
 9 SYSTEMPATH/Boot.php(334): CodeIgniter\CodeIgniter->run()
10 SYSTEMPATH/Boot.php(67): CodeIgniter\Boot::runCodeIgniter(Object(CodeIgniter\CodeIgniter))
11 FCPATH/index.php(27): CodeIgniter\Boot::bootWeb(Object(Config\Paths))
WARNING - 2025-09-25 20:13:40 --> [DEPRECATED] addslashes(): Passing null to parameter #1 ($string) of type string is deprecated in APPPATH/Views/service_list.php on line 10.
 1 APPPATH/Views/service_list.php(10): addslashes(null)
 2 SYSTEMPATH/View/View.php(224): include('/home/u810214334/domains/embellish-beauty.co.uk/public_html/app/Views/service_list.php')
 3 SYSTEMPATH/View/View.php(227): CodeIgniter\View\View->CodeIgniter\View\{closure}()
 4 SYSTEMPATH/Common.php(1173): CodeIgniter\View\View->render('service_list', [], true)
 5 APPPATH/Controllers/Home.php(129): view('service_list', [...])
 6 SYSTEMPATH/CodeIgniter.php(933): App\Controllers\Home->fetch_services()
 7 SYSTEMPATH/CodeIgniter.php(507): CodeIgniter\CodeIgniter->runController(Object(App\Controllers\Home))
 8 SYSTEMPATH/CodeIgniter.php(354): CodeIgniter\CodeIgniter->handleRequest(null, Object(Config\Cache), false)
 9 SYSTEMPATH/Boot.php(334): CodeIgniter\CodeIgniter->run()
10 SYSTEMPATH/Boot.php(67): CodeIgniter\Boot::runCodeIgniter(Object(CodeIgniter\CodeIgniter))
11 FCPATH/index.php(27): CodeIgniter\Boot::bootWeb(Object(Config\Paths))
WARNING - 2025-09-25 20:13:40 --> [DEPRECATED] addslashes(): Passing null to parameter #1 ($string) of type string is deprecated in APPPATH/Views/service_list.php on line 10.
 1 APPPATH/Views/service_list.php(10): addslashes(null)
 2 SYSTEMPATH/View/View.php(224): include('/home/u810214334/domains/embellish-beauty.co.uk/public_html/app/Views/service_list.php')
 3 SYSTEMPATH/View/View.php(227): CodeIgniter\View\View->CodeIgniter\View\{closure}()
 4 SYSTEMPATH/Common.php(1173): CodeIgniter\View\View->render('service_list', [], true)
 5 APPPATH/Controllers/Home.php(129): view('service_list', [...])
 6 SYSTEMPATH/CodeIgniter.php(933): App\Controllers\Home->fetch_services()
 7 SYSTEMPATH/CodeIgniter.php(507): CodeIgniter\CodeIgniter->runController(Object(App\Controllers\Home))
 8 SYSTEMPATH/CodeIgniter.php(354): CodeIgniter\CodeIgniter->handleRequest(null, Object(Config\Cache), false)
 9 SYSTEMPATH/Boot.php(334): CodeIgniter\CodeIgniter->run()
10 SYSTEMPATH/Boot.php(67): CodeIgniter\Boot::runCodeIgniter(Object(CodeIgniter\CodeIgniter))
11 FCPATH/index.php(27): CodeIgniter\Boot::bootWeb(Object(Config\Paths))
WARNING - 2025-09-25 20:13:40 --> [DEPRECATED] addslashes(): Passing null to parameter #1 ($string) of type string is deprecated in APPPATH/Views/service_list.php on line 10.
 1 APPPATH/Views/service_list.php(10): addslashes(null)
 2 SYSTEMPATH/View/View.php(224): include('/home/u810214334/domains/embellish-beauty.co.uk/public_html/app/Views/service_list.php')
 3 SYSTEMPATH/View/View.php(227): CodeIgniter\View\View->CodeIgniter\View\{closure}()
 4 SYSTEMPATH/Common.php(1173): CodeIgniter\View\View->render('service_list', [], true)
 5 APPPATH/Controllers/Home.php(129): view('service_list', [...])
 6 SYSTEMPATH/CodeIgniter.php(933): App\Controllers\Home->fetch_services()
 7 SYSTEMPATH/CodeIgniter.php(507): CodeIgniter\CodeIgniter->runController(Object(App\Controllers\Home))
 8 SYSTEMPATH/CodeIgniter.php(354): CodeIgniter\CodeIgniter->handleRequest(null, Object(Config\Cache), false)
 9 SYSTEMPATH/Boot.php(334): CodeIgniter\CodeIgniter->run()
10 SYSTEMPATH/Boot.php(67): CodeIgniter\Boot::runCodeIgniter(Object(CodeIgniter\CodeIgniter))
11 FCPATH/index.php(27): CodeIgniter\Boot::bootWeb(Object(Config\Paths))
WARNING - 2025-09-25 20:13:40 --> [DEPRECATED] addslashes(): Passing null to parameter #1 ($string) of type string is deprecated in APPPATH/Views/service_list.php on line 10.
 1 APPPATH/Views/service_list.php(10): addslashes(null)
 2 SYSTEMPATH/View/View.php(224): include('/home/u810214334/domains/embellish-beauty.co.uk/public_html/app/Views/service_list.php')
 3 SYSTEMPATH/View/View.php(227): CodeIgniter\View\View->CodeIgniter\View\{closure}()
 4 SYSTEMPATH/Common.php(1173): CodeIgniter\View\View->render('service_list', [], true)
 5 APPPATH/Controllers/Home.php(129): view('service_list', [...])
 6 SYSTEMPATH/CodeIgniter.php(933): App\Controllers\Home->fetch_services()
 7 SYSTEMPATH/CodeIgniter.php(507): CodeIgniter\CodeIgniter->runController(Object(App\Controllers\Home))
 8 SYSTEMPATH/CodeIgniter.php(354): CodeIgniter\CodeIgniter->handleRequest(null, Object(Config\Cache), false)
 9 SYSTEMPATH/Boot.php(334): CodeIgniter\CodeIgniter->run()
10 SYSTEMPATH/Boot.php(67): CodeIgniter\Boot::runCodeIgniter(Object(CodeIgniter\CodeIgniter))
11 FCPATH/index.php(27): CodeIgniter\Boot::bootWeb(Object(Config\Paths))
WARNING - 2025-09-25 20:13:40 --> [DEPRECATED] addslashes(): Passing null to parameter #1 ($string) of type string is deprecated in APPPATH/Views/service_list.php on line 10.
 1 APPPATH/Views/service_list.php(10): addslashes(null)
 2 SYSTEMPATH/View/View.php(224): include('/home/u810214334/domains/embellish-beauty.co.uk/public_html/app/Views/service_list.php')
 3 SYSTEMPATH/View/View.php(227): CodeIgniter\View\View->CodeIgniter\View\{closure}()
 4 SYSTEMPATH/Common.php(1173): CodeIgniter\View\View->render('service_list', [], true)
 5 APPPATH/Controllers/Home.php(129): view('service_list', [...])
 6 SYSTEMPATH/CodeIgniter.php(933): App\Controllers\Home->fetch_services()
 7 SYSTEMPATH/CodeIgniter.php(507): CodeIgniter\CodeIgniter->runController(Object(App\Controllers\Home))
 8 SYSTEMPATH/CodeIgniter.php(354): CodeIgniter\CodeIgniter->handleRequest(null, Object(Config\Cache), false)
 9 SYSTEMPATH/Boot.php(334): CodeIgniter\CodeIgniter->run()
10 SYSTEMPATH/Boot.php(67): CodeIgniter\Boot::runCodeIgniter(Object(CodeIgniter\CodeIgniter))
11 FCPATH/index.php(27): CodeIgniter\Boot::bootWeb(Object(Config\Paths))
DEBUG - 2025-09-25 20:13:41 --> Session: Class initialized using 'CodeIgniter\Session\Handlers\FileHandler' driver.
WARNING - 2025-09-25 20:13:41 --> [DEPRECATED] addslashes(): Passing null to parameter #1 ($string) of type string is deprecated in APPPATH/Views/service_list.php on line 10.
 1 APPPATH/Views/service_list.php(10): addslashes(null)
 2 SYSTEMPATH/View/View.php(224): include('/home/u810214334/domains/embellish-beauty.co.uk/public_html/app/Views/service_list.php')
 3 SYSTEMPATH/View/View.php(227): CodeIgniter\View\View->CodeIgniter\View\{closure}()
 4 SYSTEMPATH/Common.php(1173): CodeIgniter\View\View->render('service_list', [], true)
 5 APPPATH/Controllers/Home.php(129): view('service_list', [...])
 6 SYSTEMPATH/CodeIgniter.php(933): App\Controllers\Home->fetch_services()
 7 SYSTEMPATH/CodeIgniter.php(507): CodeIgniter\CodeIgniter->runController(Object(App\Controllers\Home))
 8 SYSTEMPATH/CodeIgniter.php(354): CodeIgniter\CodeIgniter->handleRequest(null, Object(Config\Cache), false)
 9 SYSTEMPATH/Boot.php(334): CodeIgniter\CodeIgniter->run()
10 SYSTEMPATH/Boot.php(67): CodeIgniter\Boot::runCodeIgniter(Object(CodeIgniter\CodeIgniter))
11 FCPATH/index.php(27): CodeIgniter\Boot::bootWeb(Object(Config\Paths))
WARNING - 2025-09-25 20:13:41 --> [DEPRECATED] addslashes(): Passing null to parameter #1 ($string) of type string is deprecated in APPPATH/Views/service_list.php on line 10.
 1 APPPATH/Views/service_list.php(10): addslashes(null)
 2 SYSTEMPATH/View/View.php(224): include('/home/u810214334/domains/embellish-beauty.co.uk/public_html/app/Views/service_list.php')
 3 SYSTEMPATH/View/View.php(227): CodeIgniter\View\View->CodeIgniter\View\{closure}()
 4 SYSTEMPATH/Common.php(1173): CodeIgniter\View\View->render('service_list', [], true)
 5 APPPATH/Controllers/Home.php(129): view('service_list', [...])
 6 SYSTEMPATH/CodeIgniter.php(933): App\Controllers\Home->fetch_services()
 7 SYSTEMPATH/CodeIgniter.php(507): CodeIgniter\CodeIgniter->runController(Object(App\Controllers\Home))
 8 SYSTEMPATH/CodeIgniter.php(354): CodeIgniter\CodeIgniter->handleRequest(null, Object(Config\Cache), false)
 9 SYSTEMPATH/Boot.php(334): CodeIgniter\CodeIgniter->run()
10 SYSTEMPATH/Boot.php(67): CodeIgniter\Boot::runCodeIgniter(Object(CodeIgniter\CodeIgniter))
11 FCPATH/index.php(27): CodeIgniter\Boot::bootWeb(Object(Config\Paths))
WARNING - 2025-09-25 20:13:41 --> [DEPRECATED] addslashes(): Passing null to parameter #1 ($string) of type string is deprecated in APPPATH/Views/service_list.php on line 10.
 1 APPPATH/Views/service_list.php(10): addslashes(null)
 2 SYSTEMPATH/View/View.php(224): include('/home/u810214334/domains/embellish-beauty.co.uk/public_html/app/Views/service_list.php')
 3 SYSTEMPATH/View/View.php(227): CodeIgniter\View\View->CodeIgniter\View\{closure}()
 4 SYSTEMPATH/Common.php(1173): CodeIgniter\View\View->render('service_list', [], true)
 5 APPPATH/Controllers/Home.php(129): view('service_list', [...])
 6 SYSTEMPATH/CodeIgniter.php(933): App\Controllers\Home->fetch_services()
 7 SYSTEMPATH/CodeIgniter.php(507): CodeIgniter\CodeIgniter->runController(Object(App\Controllers\Home))
 8 SYSTEMPATH/CodeIgniter.php(354): CodeIgniter\CodeIgniter->handleRequest(null, Object(Config\Cache), false)
 9 SYSTEMPATH/Boot.php(334): CodeIgniter\CodeIgniter->run()
10 SYSTEMPATH/Boot.php(67): CodeIgniter\Boot::runCodeIgniter(Object(CodeIgniter\CodeIgniter))
11 FCPATH/index.php(27): CodeIgniter\Boot::bootWeb(Object(Config\Paths))
WARNING - 2025-09-25 20:13:41 --> [DEPRECATED] addslashes(): Passing null to parameter #1 ($string) of type string is deprecated in APPPATH/Views/service_list.php on line 10.
 1 APPPATH/Views/service_list.php(10): addslashes(null)
 2 SYSTEMPATH/View/View.php(224): include('/home/u810214334/domains/embellish-beauty.co.uk/public_html/app/Views/service_list.php')
 3 SYSTEMPATH/View/View.php(227): CodeIgniter\View\View->CodeIgniter\View\{closure}()
 4 SYSTEMPATH/Common.php(1173): CodeIgniter\View\View->render('service_list', [], true)
 5 APPPATH/Controllers/Home.php(129): view('service_list', [...])
 6 SYSTEMPATH/CodeIgniter.php(933): App\Controllers\Home->fetch_services()
 7 SYSTEMPATH/CodeIgniter.php(507): CodeIgniter\CodeIgniter->runController(Object(App\Controllers\Home))
 8 SYSTEMPATH/CodeIgniter.php(354): CodeIgniter\CodeIgniter->handleRequest(null, Object(Config\Cache), false)
 9 SYSTEMPATH/Boot.php(334): CodeIgniter\CodeIgniter->run()
10 SYSTEMPATH/Boot.php(67): CodeIgniter\Boot::runCodeIgniter(Object(CodeIgniter\CodeIgniter))
11 FCPATH/index.php(27): CodeIgniter\Boot::bootWeb(Object(Config\Paths))
WARNING - 2025-09-25 20:13:41 --> [DEPRECATED] addslashes(): Passing null to parameter #1 ($string) of type string is deprecated in APPPATH/Views/service_list.php on line 10.
 1 APPPATH/Views/service_list.php(10): addslashes(null)
 2 SYSTEMPATH/View/View.php(224): include('/home/u810214334/domains/embellish-beauty.co.uk/public_html/app/Views/service_list.php')
 3 SYSTEMPATH/View/View.php(227): CodeIgniter\View\View->CodeIgniter\View\{closure}()
 4 SYSTEMPATH/Common.php(1173): CodeIgniter\View\View->render('service_list', [], true)
 5 APPPATH/Controllers/Home.php(129): view('service_list', [...])
 6 SYSTEMPATH/CodeIgniter.php(933): App\Controllers\Home->fetch_services()
 7 SYSTEMPATH/CodeIgniter.php(507): CodeIgniter\CodeIgniter->runController(Object(App\Controllers\Home))
 8 SYSTEMPATH/CodeIgniter.php(354): CodeIgniter\CodeIgniter->handleRequest(null, Object(Config\Cache), false)
 9 SYSTEMPATH/Boot.php(334): CodeIgniter\CodeIgniter->run()
10 SYSTEMPATH/Boot.php(67): CodeIgniter\Boot::runCodeIgniter(Object(CodeIgniter\CodeIgniter))
11 FCPATH/index.php(27): CodeIgniter\Boot::bootWeb(Object(Config\Paths))
WARNING - 2025-09-25 20:13:41 --> [DEPRECATED] addslashes(): Passing null to parameter #1 ($string) of type string is deprecated in APPPATH/Views/service_list.php on line 10.
 1 APPPATH/Views/service_list.php(10): addslashes(null)
 2 SYSTEMPATH/View/View.php(224): include('/home/u810214334/domains/embellish-beauty.co.uk/public_html/app/Views/service_list.php')
 3 SYSTEMPATH/View/View.php(227): CodeIgniter\View\View->CodeIgniter\View\{closure}()
 4 SYSTEMPATH/Common.php(1173): CodeIgniter\View\View->render('service_list', [], true)
 5 APPPATH/Controllers/Home.php(129): view('service_list', [...])
 6 SYSTEMPATH/CodeIgniter.php(933): App\Controllers\Home->fetch_services()
 7 SYSTEMPATH/CodeIgniter.php(507): CodeIgniter\CodeIgniter->runController(Object(App\Controllers\Home))
 8 SYSTEMPATH/CodeIgniter.php(354): CodeIgniter\CodeIgniter->handleRequest(null, Object(Config\Cache), false)
 9 SYSTEMPATH/Boot.php(334): CodeIgniter\CodeIgniter->run()
10 SYSTEMPATH/Boot.php(67): CodeIgniter\Boot::runCodeIgniter(Object(CodeIgniter\CodeIgniter))
11 FCPATH/index.php(27): CodeIgniter\Boot::bootWeb(Object(Config\Paths))
WARNING - 2025-09-25 20:13:41 --> [DEPRECATED] addslashes(): Passing null to parameter #1 ($string) of type string is deprecated in APPPATH/Views/service_list.php on line 10.
 1 APPPATH/Views/service_list.php(10): addslashes(null)
 2 SYSTEMPATH/View/View.php(224): include('/home/u810214334/domains/embellish-beauty.co.uk/public_html/app/Views/service_list.php')
 3 SYSTEMPATH/View/View.php(227): CodeIgniter\View\View->CodeIgniter\View\{closure}()
 4 SYSTEMPATH/Common.php(1173): CodeIgniter\View\View->render('service_list', [], true)
 5 APPPATH/Controllers/Home.php(129): view('service_list', [...])
 6 SYSTEMPATH/CodeIgniter.php(933): App\Controllers\Home->fetch_services()
 7 SYSTEMPATH/CodeIgniter.php(507): CodeIgniter\CodeIgniter->runController(Object(App\Controllers\Home))
 8 SYSTEMPATH/CodeIgniter.php(354): CodeIgniter\CodeIgniter->handleRequest(null, Object(Config\Cache), false)
 9 SYSTEMPATH/Boot.php(334): CodeIgniter\CodeIgniter->run()
10 SYSTEMPATH/Boot.php(67): CodeIgniter\Boot::runCodeIgniter(Object(CodeIgniter\CodeIgniter))
11 FCPATH/index.php(27): CodeIgniter\Boot::bootWeb(Object(Config\Paths))
WARNING - 2025-09-25 20:13:41 --> [DEPRECATED] addslashes(): Passing null to parameter #1 ($string) of type string is deprecated in APPPATH/Views/service_list.php on line 10.
 1 APPPATH/Views/service_list.php(10): addslashes(null)
 2 SYSTEMPATH/View/View.php(224): include('/home/u810214334/domains/embellish-beauty.co.uk/public_html/app/Views/service_list.php')
 3 SYSTEMPATH/View/View.php(227): CodeIgniter\View\View->CodeIgniter\View\{closure}()
 4 SYSTEMPATH/Common.php(1173): CodeIgniter\View\View->render('service_list', [], true)
 5 APPPATH/Controllers/Home.php(129): view('service_list', [...])
 6 SYSTEMPATH/CodeIgniter.php(933): App\Controllers\Home->fetch_services()
 7 SYSTEMPATH/CodeIgniter.php(507): CodeIgniter\CodeIgniter->runController(Object(App\Controllers\Home))
 8 SYSTEMPATH/CodeIgniter.php(354): CodeIgniter\CodeIgniter->handleRequest(null, Object(Config\Cache), false)
 9 SYSTEMPATH/Boot.php(334): CodeIgniter\CodeIgniter->run()
10 SYSTEMPATH/Boot.php(67): CodeIgniter\Boot::runCodeIgniter(Object(CodeIgniter\CodeIgniter))
11 FCPATH/index.php(27): CodeIgniter\Boot::bootWeb(Object(Config\Paths))
WARNING - 2025-09-25 20:13:41 --> [DEPRECATED] addslashes(): Passing null to parameter #1 ($string) of type string is deprecated in APPPATH/Views/service_list.php on line 10.
 1 APPPATH/Views/service_list.php(10): addslashes(null)
 2 SYSTEMPATH/View/View.php(224): include('/home/u810214334/domains/embellish-beauty.co.uk/public_html/app/Views/service_list.php')
 3 SYSTEMPATH/View/View.php(227): CodeIgniter\View\View->CodeIgniter\View\{closure}()
 4 SYSTEMPATH/Common.php(1173): CodeIgniter\View\View->render('service_list', [], true)
 5 APPPATH/Controllers/Home.php(129): view('service_list', [...])
 6 SYSTEMPATH/CodeIgniter.php(933): App\Controllers\Home->fetch_services()
 7 SYSTEMPATH/CodeIgniter.php(507): CodeIgniter\CodeIgniter->runController(Object(App\Controllers\Home))
 8 SYSTEMPATH/CodeIgniter.php(354): CodeIgniter\CodeIgniter->handleRequest(null, Object(Config\Cache), false)
 9 SYSTEMPATH/Boot.php(334): CodeIgniter\CodeIgniter->run()
10 SYSTEMPATH/Boot.php(67): CodeIgniter\Boot::runCodeIgniter(Object(CodeIgniter\CodeIgniter))
11 FCPATH/index.php(27): CodeIgniter\Boot::bootWeb(Object(Config\Paths))
WARNING - 2025-09-25 20:13:41 --> [DEPRECATED] addslashes(): Passing null to parameter #1 ($string) of type string is deprecated in APPPATH/Views/service_list.php on line 10.
 1 APPPATH/Views/service_list.php(10): addslashes(null)
 2 SYSTEMPATH/View/View.php(224): include('/home/u810214334/domains/embellish-beauty.co.uk/public_html/app/Views/service_list.php')
 3 SYSTEMPATH/View/View.php(227): CodeIgniter\View\View->CodeIgniter\View\{closure}()
 4 SYSTEMPATH/Common.php(1173): CodeIgniter\View\View->render('service_list', [], true)
 5 APPPATH/Controllers/Home.php(129): view('service_list', [...])
 6 SYSTEMPATH/CodeIgniter.php(933): App\Controllers\Home->fetch_services()
 7 SYSTEMPATH/CodeIgniter.php(507): CodeIgniter\CodeIgniter->runController(Object(App\Controllers\Home))
 8 SYSTEMPATH/CodeIgniter.php(354): CodeIgniter\CodeIgniter->handleRequest(null, Object(Config\Cache), false)
 9 SYSTEMPATH/Boot.php(334): CodeIgniter\CodeIgniter->run()
10 SYSTEMPATH/Boot.php(67): CodeIgniter\Boot::runCodeIgniter(Object(CodeIgniter\CodeIgniter))
11 FCPATH/index.php(27): CodeIgniter\Boot::bootWeb(Object(Config\Paths))
WARNING - 2025-09-25 20:13:41 --> [DEPRECATED] addslashes(): Passing null to parameter #1 ($string) of type string is deprecated in APPPATH/Views/service_list.php on line 10.
 1 APPPATH/Views/service_list.php(10): addslashes(null)
 2 SYSTEMPATH/View/View.php(224): include('/home/u810214334/domains/embellish-beauty.co.uk/public_html/app/Views/service_list.php')
 3 SYSTEMPATH/View/View.php(227): CodeIgniter\View\View->CodeIgniter\View\{closure}()
 4 SYSTEMPATH/Common.php(1173): CodeIgniter\View\View->render('service_list', [], true)
 5 APPPATH/Controllers/Home.php(129): view('service_list', [...])
 6 SYSTEMPATH/CodeIgniter.php(933): App\Controllers\Home->fetch_services()
 7 SYSTEMPATH/CodeIgniter.php(507): CodeIgniter\CodeIgniter->runController(Object(App\Controllers\Home))
 8 SYSTEMPATH/CodeIgniter.php(354): CodeIgniter\CodeIgniter->handleRequest(null, Object(Config\Cache), false)
 9 SYSTEMPATH/Boot.php(334): CodeIgniter\CodeIgniter->run()
10 SYSTEMPATH/Boot.php(67): CodeIgniter\Boot::runCodeIgniter(Object(CodeIgniter\CodeIgniter))
11 FCPATH/index.php(27): CodeIgniter\Boot::bootWeb(Object(Config\Paths))
WARNING - 2025-09-25 20:13:41 --> [DEPRECATED] addslashes(): Passing null to parameter #1 ($string) of type string is deprecated in APPPATH/Views/service_list.php on line 10.
 1 APPPATH/Views/service_list.php(10): addslashes(null)
 2 SYSTEMPATH/View/View.php(224): include('/home/u810214334/domains/embellish-beauty.co.uk/public_html/app/Views/service_list.php')
 3 SYSTEMPATH/View/View.php(227): CodeIgniter\View\View->CodeIgniter\View\{closure}()
 4 SYSTEMPATH/Common.php(1173): CodeIgniter\View\View->render('service_list', [], true)
 5 APPPATH/Controllers/Home.php(129): view('service_list', [...])
 6 SYSTEMPATH/CodeIgniter.php(933): App\Controllers\Home->fetch_services()
 7 SYSTEMPATH/CodeIgniter.php(507): CodeIgniter\CodeIgniter->runController(Object(App\Controllers\Home))
 8 SYSTEMPATH/CodeIgniter.php(354): CodeIgniter\CodeIgniter->handleRequest(null, Object(Config\Cache), false)
 9 SYSTEMPATH/Boot.php(334): CodeIgniter\CodeIgniter->run()
10 SYSTEMPATH/Boot.php(67): CodeIgniter\Boot::runCodeIgniter(Object(CodeIgniter\CodeIgniter))
11 FCPATH/index.php(27): CodeIgniter\Boot::bootWeb(Object(Config\Paths))
WARNING - 2025-09-25 20:13:41 --> [DEPRECATED] addslashes(): Passing null to parameter #1 ($string) of type string is deprecated in APPPATH/Views/service_list.php on line 10.
 1 APPPATH/Views/service_list.php(10): addslashes(null)
 2 SYSTEMPATH/View/View.php(224): include('/home/u810214334/domains/embellish-beauty.co.uk/public_html/app/Views/service_list.php')
 3 SYSTEMPATH/View/View.php(227): CodeIgniter\View\View->CodeIgniter\View\{closure}()
 4 SYSTEMPATH/Common.php(1173): CodeIgniter\View\View->render('service_list', [], true)
 5 APPPATH/Controllers/Home.php(129): view('service_list', [...])
 6 SYSTEMPATH/CodeIgniter.php(933): App\Controllers\Home->fetch_services()
 7 SYSTEMPATH/CodeIgniter.php(507): CodeIgniter\CodeIgniter->runController(Object(App\Controllers\Home))
 8 SYSTEMPATH/CodeIgniter.php(354): CodeIgniter\CodeIgniter->handleRequest(null, Object(Config\Cache), false)
 9 SYSTEMPATH/Boot.php(334): CodeIgniter\CodeIgniter->run()
10 SYSTEMPATH/Boot.php(67): CodeIgniter\Boot::runCodeIgniter(Object(CodeIgniter\CodeIgniter))
11 FCPATH/index.php(27): CodeIgniter\Boot::bootWeb(Object(Config\Paths))
WARNING - 2025-09-25 20:13:41 --> [DEPRECATED] addslashes(): Passing null to parameter #1 ($string) of type string is deprecated in APPPATH/Views/service_list.php on line 10.
 1 APPPATH/Views/service_list.php(10): addslashes(null)
 2 SYSTEMPATH/View/View.php(224): include('/home/u810214334/domains/embellish-beauty.co.uk/public_html/app/Views/service_list.php')
 3 SYSTEMPATH/View/View.php(227): CodeIgniter\View\View->CodeIgniter\View\{closure}()
 4 SYSTEMPATH/Common.php(1173): CodeIgniter\View\View->render('service_list', [], true)
 5 APPPATH/Controllers/Home.php(129): view('service_list', [...])
 6 SYSTEMPATH/CodeIgniter.php(933): App\Controllers\Home->fetch_services()
 7 SYSTEMPATH/CodeIgniter.php(507): CodeIgniter\CodeIgniter->runController(Object(App\Controllers\Home))
 8 SYSTEMPATH/CodeIgniter.php(354): CodeIgniter\CodeIgniter->handleRequest(null, Object(Config\Cache), false)
 9 SYSTEMPATH/Boot.php(334): CodeIgniter\CodeIgniter->run()
10 SYSTEMPATH/Boot.php(67): CodeIgniter\Boot::runCodeIgniter(Object(CodeIgniter\CodeIgniter))
11 FCPATH/index.php(27): CodeIgniter\Boot::bootWeb(Object(Config\Paths))
WARNING - 2025-09-25 20:13:41 --> [DEPRECATED] addslashes(): Passing null to parameter #1 ($string) of type string is deprecated in APPPATH/Views/service_list.php on line 10.
 1 APPPATH/Views/service_list.php(10): addslashes(null)
 2 SYSTEMPATH/View/View.php(224): include('/home/u810214334/domains/embellish-beauty.co.uk/public_html/app/Views/service_list.php')
 3 SYSTEMPATH/View/View.php(227): CodeIgniter\View\View->CodeIgniter\View\{closure}()
 4 SYSTEMPATH/Common.php(1173): CodeIgniter\View\View->render('service_list', [], true)
 5 APPPATH/Controllers/Home.php(129): view('service_list', [...])
 6 SYSTEMPATH/CodeIgniter.php(933): App\Controllers\Home->fetch_services()
 7 SYSTEMPATH/CodeIgniter.php(507): CodeIgniter\CodeIgniter->runController(Object(App\Controllers\Home))
 8 SYSTEMPATH/CodeIgniter.php(354): CodeIgniter\CodeIgniter->handleRequest(null, Object(Config\Cache), false)
 9 SYSTEMPATH/Boot.php(334): CodeIgniter\CodeIgniter->run()
10 SYSTEMPATH/Boot.php(67): CodeIgniter\Boot::runCodeIgniter(Object(CodeIgniter\CodeIgniter))
11 FCPATH/index.php(27): CodeIgniter\Boot::bootWeb(Object(Config\Paths))
WARNING - 2025-09-25 20:13:41 --> [DEPRECATED] addslashes(): Passing null to parameter #1 ($string) of type string is deprecated in APPPATH/Views/service_list.php on line 10.
 1 APPPATH/Views/service_list.php(10): addslashes(null)
 2 SYSTEMPATH/View/View.php(224): include('/home/u810214334/domains/embellish-beauty.co.uk/public_html/app/Views/service_list.php')
 3 SYSTEMPATH/View/View.php(227): CodeIgniter\View\View->CodeIgniter\View\{closure}()
 4 SYSTEMPATH/Common.php(1173): CodeIgniter\View\View->render('service_list', [], true)
 5 APPPATH/Controllers/Home.php(129): view('service_list', [...])
 6 SYSTEMPATH/CodeIgniter.php(933): App\Controllers\Home->fetch_services()
 7 SYSTEMPATH/CodeIgniter.php(507): CodeIgniter\CodeIgniter->runController(Object(App\Controllers\Home))
 8 SYSTEMPATH/CodeIgniter.php(354): CodeIgniter\CodeIgniter->handleRequest(null, Object(Config\Cache), false)
 9 SYSTEMPATH/Boot.php(334): CodeIgniter\CodeIgniter->run()
10 SYSTEMPATH/Boot.php(67): CodeIgniter\Boot::runCodeIgniter(Object(CodeIgniter\CodeIgniter))
11 FCPATH/index.php(27): CodeIgniter\Boot::bootWeb(Object(Config\Paths))
WARNING - 2025-09-25 20:13:41 --> [DEPRECATED] addslashes(): Passing null to parameter #1 ($string) of type string is deprecated in APPPATH/Views/service_list.php on line 10.
 1 APPPATH/Views/service_list.php(10): addslashes(null)
 2 SYSTEMPATH/View/View.php(224): include('/home/u810214334/domains/embellish-beauty.co.uk/public_html/app/Views/service_list.php')
 3 SYSTEMPATH/View/View.php(227): CodeIgniter\View\View->CodeIgniter\View\{closure}()
 4 SYSTEMPATH/Common.php(1173): CodeIgniter\View\View->render('service_list', [], true)
 5 APPPATH/Controllers/Home.php(129): view('service_list', [...])
 6 SYSTEMPATH/CodeIgniter.php(933): App\Controllers\Home->fetch_services()
 7 SYSTEMPATH/CodeIgniter.php(507): CodeIgniter\CodeIgniter->runController(Object(App\Controllers\Home))
 8 SYSTEMPATH/CodeIgniter.php(354): CodeIgniter\CodeIgniter->handleRequest(null, Object(Config\Cache), false)
 9 SYSTEMPATH/Boot.php(334): CodeIgniter\CodeIgniter->run()
10 SYSTEMPATH/Boot.php(67): CodeIgniter\Boot::runCodeIgniter(Object(CodeIgniter\CodeIgniter))
11 FCPATH/index.php(27): CodeIgniter\Boot::bootWeb(Object(Config\Paths))
WARNING - 2025-09-25 20:13:41 --> [DEPRECATED] addslashes(): Passing null to parameter #1 ($string) of type string is deprecated in APPPATH/Views/service_list.php on line 10.
 1 APPPATH/Views/service_list.php(10): addslashes(null)
 2 SYSTEMPATH/View/View.php(224): include('/home/u810214334/domains/embellish-beauty.co.uk/public_html/app/Views/service_list.php')
 3 SYSTEMPATH/View/View.php(227): CodeIgniter\View\View->CodeIgniter\View\{closure}()
 4 SYSTEMPATH/Common.php(1173): CodeIgniter\View\View->render('service_list', [], true)
 5 APPPATH/Controllers/Home.php(129): view('service_list', [...])
 6 SYSTEMPATH/CodeIgniter.php(933): App\Controllers\Home->fetch_services()
 7 SYSTEMPATH/CodeIgniter.php(507): CodeIgniter\CodeIgniter->runController(Object(App\Controllers\Home))
 8 SYSTEMPATH/CodeIgniter.php(354): CodeIgniter\CodeIgniter->handleRequest(null, Object(Config\Cache), false)
 9 SYSTEMPATH/Boot.php(334): CodeIgniter\CodeIgniter->run()
10 SYSTEMPATH/Boot.php(67): CodeIgniter\Boot::runCodeIgniter(Object(CodeIgniter\CodeIgniter))
11 FCPATH/index.php(27): CodeIgniter\Boot::bootWeb(Object(Config\Paths))
WARNING - 2025-09-25 20:13:41 --> [DEPRECATED] addslashes(): Passing null to parameter #1 ($string) of type string is deprecated in APPPATH/Views/service_list.php on line 10.
 1 APPPATH/Views/service_list.php(10): addslashes(null)
 2 SYSTEMPATH/View/View.php(224): include('/home/u810214334/domains/embellish-beauty.co.uk/public_html/app/Views/service_list.php')
 3 SYSTEMPATH/View/View.php(227): CodeIgniter\View\View->CodeIgniter\View\{closure}()
 4 SYSTEMPATH/Common.php(1173): CodeIgniter\View\View->render('service_list', [], true)
 5 APPPATH/Controllers/Home.php(129): view('service_list', [...])
 6 SYSTEMPATH/CodeIgniter.php(933): App\Controllers\Home->fetch_services()
 7 SYSTEMPATH/CodeIgniter.php(507): CodeIgniter\CodeIgniter->runController(Object(App\Controllers\Home))
 8 SYSTEMPATH/CodeIgniter.php(354): CodeIgniter\CodeIgniter->handleRequest(null, Object(Config\Cache), false)
 9 SYSTEMPATH/Boot.php(334): CodeIgniter\CodeIgniter->run()
10 SYSTEMPATH/Boot.php(67): CodeIgniter\Boot::runCodeIgniter(Object(CodeIgniter\CodeIgniter))
11 FCPATH/index.php(27): CodeIgniter\Boot::bootWeb(Object(Config\Paths))
WARNING - 2025-09-25 20:13:41 --> [DEPRECATED] addslashes(): Passing null to parameter #1 ($string) of type string is deprecated in APPPATH/Views/service_list.php on line 10.
 1 APPPATH/Views/service_list.php(10): addslashes(null)
 2 SYSTEMPATH/View/View.php(224): include('/home/u810214334/domains/embellish-beauty.co.uk/public_html/app/Views/service_list.php')
 3 SYSTEMPATH/View/View.php(227): CodeIgniter\View\View->CodeIgniter\View\{closure}()
 4 SYSTEMPATH/Common.php(1173): CodeIgniter\View\View->render('service_list', [], true)
 5 APPPATH/Controllers/Home.php(129): view('service_list', [...])
 6 SYSTEMPATH/CodeIgniter.php(933): App\Controllers\Home->fetch_services()
 7 SYSTEMPATH/CodeIgniter.php(507): CodeIgniter\CodeIgniter->runController(Object(App\Controllers\Home))
 8 SYSTEMPATH/CodeIgniter.php(354): CodeIgniter\CodeIgniter->handleRequest(null, Object(Config\Cache), false)
 9 SYSTEMPATH/Boot.php(334): CodeIgniter\CodeIgniter->run()
10 SYSTEMPATH/Boot.php(67): CodeIgniter\Boot::runCodeIgniter(Object(CodeIgniter\CodeIgniter))
11 FCPATH/index.php(27): CodeIgniter\Boot::bootWeb(Object(Config\Paths))
WARNING - 2025-09-25 20:13:41 --> [DEPRECATED] addslashes(): Passing null to parameter #1 ($string) of type string is deprecated in APPPATH/Views/service_list.php on line 10.
 1 APPPATH/Views/service_list.php(10): addslashes(null)
 2 SYSTEMPATH/View/View.php(224): include('/home/u810214334/domains/embellish-beauty.co.uk/public_html/app/Views/service_list.php')
 3 SYSTEMPATH/View/View.php(227): CodeIgniter\View\View->CodeIgniter\View\{closure}()
 4 SYSTEMPATH/Common.php(1173): CodeIgniter\View\View->render('service_list', [], true)
 5 APPPATH/Controllers/Home.php(129): view('service_list', [...])
 6 SYSTEMPATH/CodeIgniter.php(933): App\Controllers\Home->fetch_services()
 7 SYSTEMPATH/CodeIgniter.php(507): CodeIgniter\CodeIgniter->runController(Object(App\Controllers\Home))
 8 SYSTEMPATH/CodeIgniter.php(354): CodeIgniter\CodeIgniter->handleRequest(null, Object(Config\Cache), false)
 9 SYSTEMPATH/Boot.php(334): CodeIgniter\CodeIgniter->run()
10 SYSTEMPATH/Boot.php(67): CodeIgniter\Boot::runCodeIgniter(Object(CodeIgniter\CodeIgniter))
11 FCPATH/index.php(27): CodeIgniter\Boot::bootWeb(Object(Config\Paths))
WARNING - 2025-09-25 20:13:41 --> [DEPRECATED] addslashes(): Passing null to parameter #1 ($string) of type string is deprecated in APPPATH/Views/service_list.php on line 10.
 1 APPPATH/Views/service_list.php(10): addslashes(null)
 2 SYSTEMPATH/View/View.php(224): include('/home/u810214334/domains/embellish-beauty.co.uk/public_html/app/Views/service_list.php')
 3 SYSTEMPATH/View/View.php(227): CodeIgniter\View\View->CodeIgniter\View\{closure}()
 4 SYSTEMPATH/Common.php(1173): CodeIgniter\View\View->render('service_list', [], true)
 5 APPPATH/Controllers/Home.php(129): view('service_list', [...])
 6 SYSTEMPATH/CodeIgniter.php(933): App\Controllers\Home->fetch_services()
 7 SYSTEMPATH/CodeIgniter.php(507): CodeIgniter\CodeIgniter->runController(Object(App\Controllers\Home))
 8 SYSTEMPATH/CodeIgniter.php(354): CodeIgniter\CodeIgniter->handleRequest(null, Object(Config\Cache), false)
 9 SYSTEMPATH/Boot.php(334): CodeIgniter\CodeIgniter->run()
10 SYSTEMPATH/Boot.php(67): CodeIgniter\Boot::runCodeIgniter(Object(CodeIgniter\CodeIgniter))
11 FCPATH/index.php(27): CodeIgniter\Boot::bootWeb(Object(Config\Paths))
WARNING - 2025-09-25 20:13:41 --> [DEPRECATED] addslashes(): Passing null to parameter #1 ($string) of type string is deprecated in APPPATH/Views/service_list.php on line 10.
 1 APPPATH/Views/service_list.php(10): addslashes(null)
 2 SYSTEMPATH/View/View.php(224): include('/home/u810214334/domains/embellish-beauty.co.uk/public_html/app/Views/service_list.php')
 3 SYSTEMPATH/View/View.php(227): CodeIgniter\View\View->CodeIgniter\View\{closure}()
 4 SYSTEMPATH/Common.php(1173): CodeIgniter\View\View->render('service_list', [], true)
 5 APPPATH/Controllers/Home.php(129): view('service_list', [...])
 6 SYSTEMPATH/CodeIgniter.php(933): App\Controllers\Home->fetch_services()
 7 SYSTEMPATH/CodeIgniter.php(507): CodeIgniter\CodeIgniter->runController(Object(App\Controllers\Home))
 8 SYSTEMPATH/CodeIgniter.php(354): CodeIgniter\CodeIgniter->handleRequest(null, Object(Config\Cache), false)
 9 SYSTEMPATH/Boot.php(334): CodeIgniter\CodeIgniter->run()
10 SYSTEMPATH/Boot.php(67): CodeIgniter\Boot::runCodeIgniter(Object(CodeIgniter\CodeIgniter))
11 FCPATH/index.php(27): CodeIgniter\Boot::bootWeb(Object(Config\Paths))
WARNING - 2025-09-25 20:13:41 --> [DEPRECATED] addslashes(): Passing null to parameter #1 ($string) of type string is deprecated in APPPATH/Views/service_list.php on line 10.
 1 APPPATH/Views/service_list.php(10): addslashes(null)
 2 SYSTEMPATH/View/View.php(224): include('/home/u810214334/domains/embellish-beauty.co.uk/public_html/app/Views/service_list.php')
 3 SYSTEMPATH/View/View.php(227): CodeIgniter\View\View->CodeIgniter\View\{closure}()
 4 SYSTEMPATH/Common.php(1173): CodeIgniter\View\View->render('service_list', [], true)
 5 APPPATH/Controllers/Home.php(129): view('service_list', [...])
 6 SYSTEMPATH/CodeIgniter.php(933): App\Controllers\Home->fetch_services()
 7 SYSTEMPATH/CodeIgniter.php(507): CodeIgniter\CodeIgniter->runController(Object(App\Controllers\Home))
 8 SYSTEMPATH/CodeIgniter.php(354): CodeIgniter\CodeIgniter->handleRequest(null, Object(Config\Cache), false)
 9 SYSTEMPATH/Boot.php(334): CodeIgniter\CodeIgniter->run()
10 SYSTEMPATH/Boot.php(67): CodeIgniter\Boot::runCodeIgniter(Object(CodeIgniter\CodeIgniter))
11 FCPATH/index.php(27): CodeIgniter\Boot::bootWeb(Object(Config\Paths))
WARNING - 2025-09-25 20:13:41 --> [DEPRECATED] addslashes(): Passing null to parameter #1 ($string) of type string is deprecated in APPPATH/Views/service_list.php on line 10.
 1 APPPATH/Views/service_list.php(10): addslashes(null)
 2 SYSTEMPATH/View/View.php(224): include('/home/u810214334/domains/embellish-beauty.co.uk/public_html/app/Views/service_list.php')
 3 SYSTEMPATH/View/View.php(227): CodeIgniter\View\View->CodeIgniter\View\{closure}()
 4 SYSTEMPATH/Common.php(1173): CodeIgniter\View\View->render('service_list', [], true)
 5 APPPATH/Controllers/Home.php(129): view('service_list', [...])
 6 SYSTEMPATH/CodeIgniter.php(933): App\Controllers\Home->fetch_services()
 7 SYSTEMPATH/CodeIgniter.php(507): CodeIgniter\CodeIgniter->runController(Object(App\Controllers\Home))
 8 SYSTEMPATH/CodeIgniter.php(354): CodeIgniter\CodeIgniter->handleRequest(null, Object(Config\Cache), false)
 9 SYSTEMPATH/Boot.php(334): CodeIgniter\CodeIgniter->run()
10 SYSTEMPATH/Boot.php(67): CodeIgniter\Boot::runCodeIgniter(Object(CodeIgniter\CodeIgniter))
11 FCPATH/index.php(27): CodeIgniter\Boot::bootWeb(Object(Config\Paths))
WARNING - 2025-09-25 20:13:41 --> [DEPRECATED] addslashes(): Passing null to parameter #1 ($string) of type string is deprecated in APPPATH/Views/service_list.php on line 10.
 1 APPPATH/Views/service_list.php(10): addslashes(null)
 2 SYSTEMPATH/View/View.php(224): include('/home/u810214334/domains/embellish-beauty.co.uk/public_html/app/Views/service_list.php')
 3 SYSTEMPATH/View/View.php(227): CodeIgniter\View\View->CodeIgniter\View\{closure}()
 4 SYSTEMPATH/Common.php(1173): CodeIgniter\View\View->render('service_list', [], true)
 5 APPPATH/Controllers/Home.php(129): view('service_list', [...])
 6 SYSTEMPATH/CodeIgniter.php(933): App\Controllers\Home->fetch_services()
 7 SYSTEMPATH/CodeIgniter.php(507): CodeIgniter\CodeIgniter->runController(Object(App\Controllers\Home))
 8 SYSTEMPATH/CodeIgniter.php(354): CodeIgniter\CodeIgniter->handleRequest(null, Object(Config\Cache), false)
 9 SYSTEMPATH/Boot.php(334): CodeIgniter\CodeIgniter->run()
10 SYSTEMPATH/Boot.php(67): CodeIgniter\Boot::runCodeIgniter(Object(CodeIgniter\CodeIgniter))
11 FCPATH/index.php(27): CodeIgniter\Boot::bootWeb(Object(Config\Paths))
WARNING - 2025-09-25 20:13:41 --> [DEPRECATED] addslashes(): Passing null to parameter #1 ($string) of type string is deprecated in APPPATH/Views/service_list.php on line 10.
 1 APPPATH/Views/service_list.php(10): addslashes(null)
 2 SYSTEMPATH/View/View.php(224): include('/home/u810214334/domains/embellish-beauty.co.uk/public_html/app/Views/service_list.php')
 3 SYSTEMPATH/View/View.php(227): CodeIgniter\View\View->CodeIgniter\View\{closure}()
 4 SYSTEMPATH/Common.php(1173): CodeIgniter\View\View->render('service_list', [], true)
 5 APPPATH/Controllers/Home.php(129): view('service_list', [...])
 6 SYSTEMPATH/CodeIgniter.php(933): App\Controllers\Home->fetch_services()
 7 SYSTEMPATH/CodeIgniter.php(507): CodeIgniter\CodeIgniter->runController(Object(App\Controllers\Home))
 8 SYSTEMPATH/CodeIgniter.php(354): CodeIgniter\CodeIgniter->handleRequest(null, Object(Config\Cache), false)
 9 SYSTEMPATH/Boot.php(334): CodeIgniter\CodeIgniter->run()
10 SYSTEMPATH/Boot.php(67): CodeIgniter\Boot::runCodeIgniter(Object(CodeIgniter\CodeIgniter))
11 FCPATH/index.php(27): CodeIgniter\Boot::bootWeb(Object(Config\Paths))
WARNING - 2025-09-25 20:13:41 --> [DEPRECATED] addslashes(): Passing null to parameter #1 ($string) of type string is deprecated in APPPATH/Views/service_list.php on line 10.
 1 APPPATH/Views/service_list.php(10): addslashes(null)
 2 SYSTEMPATH/View/View.php(224): include('/home/u810214334/domains/embellish-beauty.co.uk/public_html/app/Views/service_list.php')
 3 SYSTEMPATH/View/View.php(227): CodeIgniter\View\View->CodeIgniter\View\{closure}()
 4 SYSTEMPATH/Common.php(1173): CodeIgniter\View\View->render('service_list', [], true)
 5 APPPATH/Controllers/Home.php(129): view('service_list', [...])
 6 SYSTEMPATH/CodeIgniter.php(933): App\Controllers\Home->fetch_services()
 7 SYSTEMPATH/CodeIgniter.php(507): CodeIgniter\CodeIgniter->runController(Object(App\Controllers\Home))
 8 SYSTEMPATH/CodeIgniter.php(354): CodeIgniter\CodeIgniter->handleRequest(null, Object(Config\Cache), false)
 9 SYSTEMPATH/Boot.php(334): CodeIgniter\CodeIgniter->run()
10 SYSTEMPATH/Boot.php(67): CodeIgniter\Boot::runCodeIgniter(Object(CodeIgniter\CodeIgniter))
11 FCPATH/index.php(27): CodeIgniter\Boot::bootWeb(Object(Config\Paths))
WARNING - 2025-09-25 20:13:41 --> [DEPRECATED] addslashes(): Passing null to parameter #1 ($string) of type string is deprecated in APPPATH/Views/service_list.php on line 10.
 1 APPPATH/Views/service_list.php(10): addslashes(null)
 2 SYSTEMPATH/View/View.php(224): include('/home/u810214334/domains/embellish-beauty.co.uk/public_html/app/Views/service_list.php')
 3 SYSTEMPATH/View/View.php(227): CodeIgniter\View\View->CodeIgniter\View\{closure}()
 4 SYSTEMPATH/Common.php(1173): CodeIgniter\View\View->render('service_list', [], true)
 5 APPPATH/Controllers/Home.php(129): view('service_list', [...])
 6 SYSTEMPATH/CodeIgniter.php(933): App\Controllers\Home->fetch_services()
 7 SYSTEMPATH/CodeIgniter.php(507): CodeIgniter\CodeIgniter->runController(Object(App\Controllers\Home))
 8 SYSTEMPATH/CodeIgniter.php(354): CodeIgniter\CodeIgniter->handleRequest(null, Object(Config\Cache), false)
 9 SYSTEMPATH/Boot.php(334): CodeIgniter\CodeIgniter->run()
10 SYSTEMPATH/Boot.php(67): CodeIgniter\Boot::runCodeIgniter(Object(CodeIgniter\CodeIgniter))
11 FCPATH/index.php(27): CodeIgniter\Boot::bootWeb(Object(Config\Paths))
DEBUG - 2025-09-25 20:13:42 --> Session: Class initialized using 'CodeIgniter\Session\Handlers\FileHandler' driver.
WARNING - 2025-09-25 20:13:42 --> [DEPRECATED] addslashes(): Passing null to parameter #1 ($string) of type string is deprecated in APPPATH/Views/service_list.php on line 10.
 1 APPPATH/Views/service_list.php(10): addslashes(null)
 2 SYSTEMPATH/View/View.php(224): include('/home/u810214334/domains/embellish-beauty.co.uk/public_html/app/Views/service_list.php')
 3 SYSTEMPATH/View/View.php(227): CodeIgniter\View\View->CodeIgniter\View\{closure}()
 4 SYSTEMPATH/Common.php(1173): CodeIgniter\View\View->render('service_list', [], true)
 5 APPPATH/Controllers/Home.php(129): view('service_list', [...])
 6 SYSTEMPATH/CodeIgniter.php(933): App\Controllers\Home->fetch_services()
 7 SYSTEMPATH/CodeIgniter.php(507): CodeIgniter\CodeIgniter->runController(Object(App\Controllers\Home))
 8 SYSTEMPATH/CodeIgniter.php(354): CodeIgniter\CodeIgniter->handleRequest(null, Object(Config\Cache), false)
 9 SYSTEMPATH/Boot.php(334): CodeIgniter\CodeIgniter->run()
10 SYSTEMPATH/Boot.php(67): CodeIgniter\Boot::runCodeIgniter(Object(CodeIgniter\CodeIgniter))
11 FCPATH/index.php(27): CodeIgniter\Boot::bootWeb(Object(Config\Paths))
WARNING - 2025-09-25 20:13:42 --> [DEPRECATED] addslashes(): Passing null to parameter #1 ($string) of type string is deprecated in APPPATH/Views/service_list.php on line 10.
 1 APPPATH/Views/service_list.php(10): addslashes(null)
 2 SYSTEMPATH/View/View.php(224): include('/home/u810214334/domains/embellish-beauty.co.uk/public_html/app/Views/service_list.php')
 3 SYSTEMPATH/View/View.php(227): CodeIgniter\View\View->CodeIgniter\View\{closure}()
 4 SYSTEMPATH/Common.php(1173): CodeIgniter\View\View->render('service_list', [], true)
 5 APPPATH/Controllers/Home.php(129): view('service_list', [...])
 6 SYSTEMPATH/CodeIgniter.php(933): App\Controllers\Home->fetch_services()
 7 SYSTEMPATH/CodeIgniter.php(507): CodeIgniter\CodeIgniter->runController(Object(App\Controllers\Home))
 8 SYSTEMPATH/CodeIgniter.php(354): CodeIgniter\CodeIgniter->handleRequest(null, Object(Config\Cache), false)
 9 SYSTEMPATH/Boot.php(334): CodeIgniter\CodeIgniter->run()
10 SYSTEMPATH/Boot.php(67): CodeIgniter\Boot::runCodeIgniter(Object(CodeIgniter\CodeIgniter))
11 FCPATH/index.php(27): CodeIgniter\Boot::bootWeb(Object(Config\Paths))
WARNING - 2025-09-25 20:13:42 --> [DEPRECATED] addslashes(): Passing null to parameter #1 ($string) of type string is deprecated in APPPATH/Views/service_list.php on line 10.
 1 APPPATH/Views/service_list.php(10): addslashes(null)
 2 SYSTEMPATH/View/View.php(224): include('/home/u810214334/domains/embellish-beauty.co.uk/public_html/app/Views/service_list.php')
 3 SYSTEMPATH/View/View.php(227): CodeIgniter\View\View->CodeIgniter\View\{closure}()
 4 SYSTEMPATH/Common.php(1173): CodeIgniter\View\View->render('service_list', [], true)
 5 APPPATH/Controllers/Home.php(129): view('service_list', [...])
 6 SYSTEMPATH/CodeIgniter.php(933): App\Controllers\Home->fetch_services()
 7 SYSTEMPATH/CodeIgniter.php(507): CodeIgniter\CodeIgniter->runController(Object(App\Controllers\Home))
 8 SYSTEMPATH/CodeIgniter.php(354): CodeIgniter\CodeIgniter->handleRequest(null, Object(Config\Cache), false)
 9 SYSTEMPATH/Boot.php(334): CodeIgniter\CodeIgniter->run()
10 SYSTEMPATH/Boot.php(67): CodeIgniter\Boot::runCodeIgniter(Object(CodeIgniter\CodeIgniter))
11 FCPATH/index.php(27): CodeIgniter\Boot::bootWeb(Object(Config\Paths))
WARNING - 2025-09-25 20:13:42 --> [DEPRECATED] addslashes(): Passing null to parameter #1 ($string) of type string is deprecated in APPPATH/Views/service_list.php on line 10.
 1 APPPATH/Views/service_list.php(10): addslashes(null)
 2 SYSTEMPATH/View/View.php(224): include('/home/u810214334/domains/embellish-beauty.co.uk/public_html/app/Views/service_list.php')
 3 SYSTEMPATH/View/View.php(227): CodeIgniter\View\View->CodeIgniter\View\{closure}()
 4 SYSTEMPATH/Common.php(1173): CodeIgniter\View\View->render('service_list', [], true)
 5 APPPATH/Controllers/Home.php(129): view('service_list', [...])
 6 SYSTEMPATH/CodeIgniter.php(933): App\Controllers\Home->fetch_services()
 7 SYSTEMPATH/CodeIgniter.php(507): CodeIgniter\CodeIgniter->runController(Object(App\Controllers\Home))
 8 SYSTEMPATH/CodeIgniter.php(354): CodeIgniter\CodeIgniter->handleRequest(null, Object(Config\Cache), false)
 9 SYSTEMPATH/Boot.php(334): CodeIgniter\CodeIgniter->run()
10 SYSTEMPATH/Boot.php(67): CodeIgniter\Boot::runCodeIgniter(Object(CodeIgniter\CodeIgniter))
11 FCPATH/index.php(27): CodeIgniter\Boot::bootWeb(Object(Config\Paths))
WARNING - 2025-09-25 20:13:42 --> [DEPRECATED] addslashes(): Passing null to parameter #1 ($string) of type string is deprecated in APPPATH/Views/service_list.php on line 10.
 1 APPPATH/Views/service_list.php(10): addslashes(null)
 2 SYSTEMPATH/View/View.php(224): include('/home/u810214334/domains/embellish-beauty.co.uk/public_html/app/Views/service_list.php')
 3 SYSTEMPATH/View/View.php(227): CodeIgniter\View\View->CodeIgniter\View\{closure}()
 4 SYSTEMPATH/Common.php(1173): CodeIgniter\View\View->render('service_list', [], true)
 5 APPPATH/Controllers/Home.php(129): view('service_list', [...])
 6 SYSTEMPATH/CodeIgniter.php(933): App\Controllers\Home->fetch_services()
 7 SYSTEMPATH/CodeIgniter.php(507): CodeIgniter\CodeIgniter->runController(Object(App\Controllers\Home))
 8 SYSTEMPATH/CodeIgniter.php(354): CodeIgniter\CodeIgniter->handleRequest(null, Object(Config\Cache), false)
 9 SYSTEMPATH/Boot.php(334): CodeIgniter\CodeIgniter->run()
10 SYSTEMPATH/Boot.php(67): CodeIgniter\Boot::runCodeIgniter(Object(CodeIgniter\CodeIgniter))
11 FCPATH/index.php(27): CodeIgniter\Boot::bootWeb(Object(Config\Paths))
WARNING - 2025-09-25 20:13:42 --> [DEPRECATED] addslashes(): Passing null to parameter #1 ($string) of type string is deprecated in APPPATH/Views/service_list.php on line 10.
 1 APPPATH/Views/service_list.php(10): addslashes(null)
 2 SYSTEMPATH/View/View.php(224): include('/home/u810214334/domains/embellish-beauty.co.uk/public_html/app/Views/service_list.php')
 3 SYSTEMPATH/View/View.php(227): CodeIgniter\View\View->CodeIgniter\View\{closure}()
 4 SYSTEMPATH/Common.php(1173): CodeIgniter\View\View->render('service_list', [], true)
 5 APPPATH/Controllers/Home.php(129): view('service_list', [...])
 6 SYSTEMPATH/CodeIgniter.php(933): App\Controllers\Home->fetch_services()
 7 SYSTEMPATH/CodeIgniter.php(507): CodeIgniter\CodeIgniter->runController(Object(App\Controllers\Home))
 8 SYSTEMPATH/CodeIgniter.php(354): CodeIgniter\CodeIgniter->handleRequest(null, Object(Config\Cache), false)
 9 SYSTEMPATH/Boot.php(334): CodeIgniter\CodeIgniter->run()
10 SYSTEMPATH/Boot.php(67): CodeIgniter\Boot::runCodeIgniter(Object(CodeIgniter\CodeIgniter))
11 FCPATH/index.php(27): CodeIgniter\Boot::bootWeb(Object(Config\Paths))
WARNING - 2025-09-25 20:13:42 --> [DEPRECATED] addslashes(): Passing null to parameter #1 ($string) of type string is deprecated in APPPATH/Views/service_list.php on line 10.
 1 APPPATH/Views/service_list.php(10): addslashes(null)
 2 SYSTEMPATH/View/View.php(224): include('/home/u810214334/domains/embellish-beauty.co.uk/public_html/app/Views/service_list.php')
 3 SYSTEMPATH/View/View.php(227): CodeIgniter\View\View->CodeIgniter\View\{closure}()
 4 SYSTEMPATH/Common.php(1173): CodeIgniter\View\View->render('service_list', [], true)
 5 APPPATH/Controllers/Home.php(129): view('service_list', [...])
 6 SYSTEMPATH/CodeIgniter.php(933): App\Controllers\Home->fetch_services()
 7 SYSTEMPATH/CodeIgniter.php(507): CodeIgniter\CodeIgniter->runController(Object(App\Controllers\Home))
 8 SYSTEMPATH/CodeIgniter.php(354): CodeIgniter\CodeIgniter->handleRequest(null, Object(Config\Cache), false)
 9 SYSTEMPATH/Boot.php(334): CodeIgniter\CodeIgniter->run()
10 SYSTEMPATH/Boot.php(67): CodeIgniter\Boot::runCodeIgniter(Object(CodeIgniter\CodeIgniter))
11 FCPATH/index.php(27): CodeIgniter\Boot::bootWeb(Object(Config\Paths))
WARNING - 2025-09-25 20:13:42 --> [DEPRECATED] addslashes(): Passing null to parameter #1 ($string) of type string is deprecated in APPPATH/Views/service_list.php on line 10.
 1 APPPATH/Views/service_list.php(10): addslashes(null)
 2 SYSTEMPATH/View/View.php(224): include('/home/u810214334/domains/embellish-beauty.co.uk/public_html/app/Views/service_list.php')
 3 SYSTEMPATH/View/View.php(227): CodeIgniter\View\View->CodeIgniter\View\{closure}()
 4 SYSTEMPATH/Common.php(1173): CodeIgniter\View\View->render('service_list', [], true)
 5 APPPATH/Controllers/Home.php(129): view('service_list', [...])
 6 SYSTEMPATH/CodeIgniter.php(933): App\Controllers\Home->fetch_services()
 7 SYSTEMPATH/CodeIgniter.php(507): CodeIgniter\CodeIgniter->runController(Object(App\Controllers\Home))
 8 SYSTEMPATH/CodeIgniter.php(354): CodeIgniter\CodeIgniter->handleRequest(null, Object(Config\Cache), false)
 9 SYSTEMPATH/Boot.php(334): CodeIgniter\CodeIgniter->run()
10 SYSTEMPATH/Boot.php(67): CodeIgniter\Boot::runCodeIgniter(Object(CodeIgniter\CodeIgniter))
11 FCPATH/index.php(27): CodeIgniter\Boot::bootWeb(Object(Config\Paths))
WARNING - 2025-09-25 20:13:42 --> [DEPRECATED] addslashes(): Passing null to parameter #1 ($string) of type string is deprecated in APPPATH/Views/service_list.php on line 10.
 1 APPPATH/Views/service_list.php(10): addslashes(null)
 2 SYSTEMPATH/View/View.php(224): include('/home/u810214334/domains/embellish-beauty.co.uk/public_html/app/Views/service_list.php')
 3 SYSTEMPATH/View/View.php(227): CodeIgniter\View\View->CodeIgniter\View\{closure}()
 4 SYSTEMPATH/Common.php(1173): CodeIgniter\View\View->render('service_list', [], true)
 5 APPPATH/Controllers/Home.php(129): view('service_list', [...])
 6 SYSTEMPATH/CodeIgniter.php(933): App\Controllers\Home->fetch_services()
 7 SYSTEMPATH/CodeIgniter.php(507): CodeIgniter\CodeIgniter->runController(Object(App\Controllers\Home))
 8 SYSTEMPATH/CodeIgniter.php(354): CodeIgniter\CodeIgniter->handleRequest(null, Object(Config\Cache), false)
 9 SYSTEMPATH/Boot.php(334): CodeIgniter\CodeIgniter->run()
10 SYSTEMPATH/Boot.php(67): CodeIgniter\Boot::runCodeIgniter(Object(CodeIgniter\CodeIgniter))
11 FCPATH/index.php(27): CodeIgniter\Boot::bootWeb(Object(Config\Paths))
WARNING - 2025-09-25 20:13:42 --> [DEPRECATED] addslashes(): Passing null to parameter #1 ($string) of type string is deprecated in APPPATH/Views/service_list.php on line 10.
 1 APPPATH/Views/service_list.php(10): addslashes(null)
 2 SYSTEMPATH/View/View.php(224): include('/home/u810214334/domains/embellish-beauty.co.uk/public_html/app/Views/service_list.php')
 3 SYSTEMPATH/View/View.php(227): CodeIgniter\View\View->CodeIgniter\View\{closure}()
 4 SYSTEMPATH/Common.php(1173): CodeIgniter\View\View->render('service_list', [], true)
 5 APPPATH/Controllers/Home.php(129): view('service_list', [...])
 6 SYSTEMPATH/CodeIgniter.php(933): App\Controllers\Home->fetch_services()
 7 SYSTEMPATH/CodeIgniter.php(507): CodeIgniter\CodeIgniter->runController(Object(App\Controllers\Home))
 8 SYSTEMPATH/CodeIgniter.php(354): CodeIgniter\CodeIgniter->handleRequest(null, Object(Config\Cache), false)
 9 SYSTEMPATH/Boot.php(334): CodeIgniter\CodeIgniter->run()
10 SYSTEMPATH/Boot.php(67): CodeIgniter\Boot::runCodeIgniter(Object(CodeIgniter\CodeIgniter))
11 FCPATH/index.php(27): CodeIgniter\Boot::bootWeb(Object(Config\Paths))
WARNING - 2025-09-25 20:13:42 --> [DEPRECATED] addslashes(): Passing null to parameter #1 ($string) of type string is deprecated in APPPATH/Views/service_list.php on line 10.
 1 APPPATH/Views/service_list.php(10): addslashes(null)
 2 SYSTEMPATH/View/View.php(224): include('/home/u810214334/domains/embellish-beauty.co.uk/public_html/app/Views/service_list.php')
 3 SYSTEMPATH/View/View.php(227): CodeIgniter\View\View->CodeIgniter\View\{closure}()
 4 SYSTEMPATH/Common.php(1173): CodeIgniter\View\View->render('service_list', [], true)
 5 APPPATH/Controllers/Home.php(129): view('service_list', [...])
 6 SYSTEMPATH/CodeIgniter.php(933): App\Controllers\Home->fetch_services()
 7 SYSTEMPATH/CodeIgniter.php(507): CodeIgniter\CodeIgniter->runController(Object(App\Controllers\Home))
 8 SYSTEMPATH/CodeIgniter.php(354): CodeIgniter\CodeIgniter->handleRequest(null, Object(Config\Cache), false)
 9 SYSTEMPATH/Boot.php(334): CodeIgniter\CodeIgniter->run()
10 SYSTEMPATH/Boot.php(67): CodeIgniter\Boot::runCodeIgniter(Object(CodeIgniter\CodeIgniter))
11 FCPATH/index.php(27): CodeIgniter\Boot::bootWeb(Object(Config\Paths))
WARNING - 2025-09-25 20:13:42 --> [DEPRECATED] addslashes(): Passing null to parameter #1 ($string) of type string is deprecated in APPPATH/Views/service_list.php on line 10.
 1 APPPATH/Views/service_list.php(10): addslashes(null)
 2 SYSTEMPATH/View/View.php(224): include('/home/u810214334/domains/embellish-beauty.co.uk/public_html/app/Views/service_list.php')
 3 SYSTEMPATH/View/View.php(227): CodeIgniter\View\View->CodeIgniter\View\{closure}()
 4 SYSTEMPATH/Common.php(1173): CodeIgniter\View\View->render('service_list', [], true)
 5 APPPATH/Controllers/Home.php(129): view('service_list', [...])
 6 SYSTEMPATH/CodeIgniter.php(933): App\Controllers\Home->fetch_services()
 7 SYSTEMPATH/CodeIgniter.php(507): CodeIgniter\CodeIgniter->runController(Object(App\Controllers\Home))
 8 SYSTEMPATH/CodeIgniter.php(354): CodeIgniter\CodeIgniter->handleRequest(null, Object(Config\Cache), false)
 9 SYSTEMPATH/Boot.php(334): CodeIgniter\CodeIgniter->run()
10 SYSTEMPATH/Boot.php(67): CodeIgniter\Boot::runCodeIgniter(Object(CodeIgniter\CodeIgniter))
11 FCPATH/index.php(27): CodeIgniter\Boot::bootWeb(Object(Config\Paths))
WARNING - 2025-09-25 20:13:42 --> [DEPRECATED] addslashes(): Passing null to parameter #1 ($string) of type string is deprecated in APPPATH/Views/service_list.php on line 10.
 1 APPPATH/Views/service_list.php(10): addslashes(null)
 2 SYSTEMPATH/View/View.php(224): include('/home/u810214334/domains/embellish-beauty.co.uk/public_html/app/Views/service_list.php')
 3 SYSTEMPATH/View/View.php(227): CodeIgniter\View\View->CodeIgniter\View\{closure}()
 4 SYSTEMPATH/Common.php(1173): CodeIgniter\View\View->render('service_list', [], true)
 5 APPPATH/Controllers/Home.php(129): view('service_list', [...])
 6 SYSTEMPATH/CodeIgniter.php(933): App\Controllers\Home->fetch_services()
 7 SYSTEMPATH/CodeIgniter.php(507): CodeIgniter\CodeIgniter->runController(Object(App\Controllers\Home))
 8 SYSTEMPATH/CodeIgniter.php(354): CodeIgniter\CodeIgniter->handleRequest(null, Object(Config\Cache), false)
 9 SYSTEMPATH/Boot.php(334): CodeIgniter\CodeIgniter->run()
10 SYSTEMPATH/Boot.php(67): CodeIgniter\Boot::runCodeIgniter(Object(CodeIgniter\CodeIgniter))
11 FCPATH/index.php(27): CodeIgniter\Boot::bootWeb(Object(Config\Paths))
WARNING - 2025-09-25 20:13:42 --> [DEPRECATED] addslashes(): Passing null to parameter #1 ($string) of type string is deprecated in APPPATH/Views/service_list.php on line 10.
 1 APPPATH/Views/service_list.php(10): addslashes(null)
 2 SYSTEMPATH/View/View.php(224): include('/home/u810214334/domains/embellish-beauty.co.uk/public_html/app/Views/service_list.php')
 3 SYSTEMPATH/View/View.php(227): CodeIgniter\View\View->CodeIgniter\View\{closure}()
 4 SYSTEMPATH/Common.php(1173): CodeIgniter\View\View->render('service_list', [], true)
 5 APPPATH/Controllers/Home.php(129): view('service_list', [...])
 6 SYSTEMPATH/CodeIgniter.php(933): App\Controllers\Home->fetch_services()
 7 SYSTEMPATH/CodeIgniter.php(507): CodeIgniter\CodeIgniter->runController(Object(App\Controllers\Home))
 8 SYSTEMPATH/CodeIgniter.php(354): CodeIgniter\CodeIgniter->handleRequest(null, Object(Config\Cache), false)
 9 SYSTEMPATH/Boot.php(334): CodeIgniter\CodeIgniter->run()
10 SYSTEMPATH/Boot.php(67): CodeIgniter\Boot::runCodeIgniter(Object(CodeIgniter\CodeIgniter))
11 FCPATH/index.php(27): CodeIgniter\Boot::bootWeb(Object(Config\Paths))
WARNING - 2025-09-25 20:13:42 --> [DEPRECATED] addslashes(): Passing null to parameter #1 ($string) of type string is deprecated in APPPATH/Views/service_list.php on line 10.
 1 APPPATH/Views/service_list.php(10): addslashes(null)
 2 SYSTEMPATH/View/View.php(224): include('/home/u810214334/domains/embellish-beauty.co.uk/public_html/app/Views/service_list.php')
 3 SYSTEMPATH/View/View.php(227): CodeIgniter\View\View->CodeIgniter\View\{closure}()
 4 SYSTEMPATH/Common.php(1173): CodeIgniter\View\View->render('service_list', [], true)
 5 APPPATH/Controllers/Home.php(129): view('service_list', [...])
 6 SYSTEMPATH/CodeIgniter.php(933): App\Controllers\Home->fetch_services()
 7 SYSTEMPATH/CodeIgniter.php(507): CodeIgniter\CodeIgniter->runController(Object(App\Controllers\Home))
 8 SYSTEMPATH/CodeIgniter.php(354): CodeIgniter\CodeIgniter->handleRequest(null, Object(Config\Cache), false)
 9 SYSTEMPATH/Boot.php(334): CodeIgniter\CodeIgniter->run()
10 SYSTEMPATH/Boot.php(67): CodeIgniter\Boot::runCodeIgniter(Object(CodeIgniter\CodeIgniter))
11 FCPATH/index.php(27): CodeIgniter\Boot::bootWeb(Object(Config\Paths))
WARNING - 2025-09-25 20:13:42 --> [DEPRECATED] addslashes(): Passing null to parameter #1 ($string) of type string is deprecated in APPPATH/Views/service_list.php on line 10.
 1 APPPATH/Views/service_list.php(10): addslashes(null)
 2 SYSTEMPATH/View/View.php(224): include('/home/u810214334/domains/embellish-beauty.co.uk/public_html/app/Views/service_list.php')
 3 SYSTEMPATH/View/View.php(227): CodeIgniter\View\View->CodeIgniter\View\{closure}()
 4 SYSTEMPATH/Common.php(1173): CodeIgniter\View\View->render('service_list', [], true)
 5 APPPATH/Controllers/Home.php(129): view('service_list', [...])
 6 SYSTEMPATH/CodeIgniter.php(933): App\Controllers\Home->fetch_services()
 7 SYSTEMPATH/CodeIgniter.php(507): CodeIgniter\CodeIgniter->runController(Object(App\Controllers\Home))
 8 SYSTEMPATH/CodeIgniter.php(354): CodeIgniter\CodeIgniter->handleRequest(null, Object(Config\Cache), false)
 9 SYSTEMPATH/Boot.php(334): CodeIgniter\CodeIgniter->run()
10 SYSTEMPATH/Boot.php(67): CodeIgniter\Boot::runCodeIgniter(Object(CodeIgniter\CodeIgniter))
11 FCPATH/index.php(27): CodeIgniter\Boot::bootWeb(Object(Config\Paths))
WARNING - 2025-09-25 20:13:42 --> [DEPRECATED] addslashes(): Passing null to parameter #1 ($string) of type string is deprecated in APPPATH/Views/service_list.php on line 10.
 1 APPPATH/Views/service_list.php(10): addslashes(null)
 2 SYSTEMPATH/View/View.php(224): include('/home/u810214334/domains/embellish-beauty.co.uk/public_html/app/Views/service_list.php')
 3 SYSTEMPATH/View/View.php(227): CodeIgniter\View\View->CodeIgniter\View\{closure}()
 4 SYSTEMPATH/Common.php(1173): CodeIgniter\View\View->render('service_list', [], true)
 5 APPPATH/Controllers/Home.php(129): view('service_list', [...])
 6 SYSTEMPATH/CodeIgniter.php(933): App\Controllers\Home->fetch_services()
 7 SYSTEMPATH/CodeIgniter.php(507): CodeIgniter\CodeIgniter->runController(Object(App\Controllers\Home))
 8 SYSTEMPATH/CodeIgniter.php(354): CodeIgniter\CodeIgniter->handleRequest(null, Object(Config\Cache), false)
 9 SYSTEMPATH/Boot.php(334): CodeIgniter\CodeIgniter->run()
10 SYSTEMPATH/Boot.php(67): CodeIgniter\Boot::runCodeIgniter(Object(CodeIgniter\CodeIgniter))
11 FCPATH/index.php(27): CodeIgniter\Boot::bootWeb(Object(Config\Paths))
WARNING - 2025-09-25 20:13:42 --> [DEPRECATED] addslashes(): Passing null to parameter #1 ($string) of type string is deprecated in APPPATH/Views/service_list.php on line 10.
 1 APPPATH/Views/service_list.php(10): addslashes(null)
 2 SYSTEMPATH/View/View.php(224): include('/home/u810214334/domains/embellish-beauty.co.uk/public_html/app/Views/service_list.php')
 3 SYSTEMPATH/View/View.php(227): CodeIgniter\View\View->CodeIgniter\View\{closure}()
 4 SYSTEMPATH/Common.php(1173): CodeIgniter\View\View->render('service_list', [], true)
 5 APPPATH/Controllers/Home.php(129): view('service_list', [...])
 6 SYSTEMPATH/CodeIgniter.php(933): App\Controllers\Home->fetch_services()
 7 SYSTEMPATH/CodeIgniter.php(507): CodeIgniter\CodeIgniter->runController(Object(App\Controllers\Home))
 8 SYSTEMPATH/CodeIgniter.php(354): CodeIgniter\CodeIgniter->handleRequest(null, Object(Config\Cache), false)
 9 SYSTEMPATH/Boot.php(334): CodeIgniter\CodeIgniter->run()
10 SYSTEMPATH/Boot.php(67): CodeIgniter\Boot::runCodeIgniter(Object(CodeIgniter\CodeIgniter))
11 FCPATH/index.php(27): CodeIgniter\Boot::bootWeb(Object(Config\Paths))
WARNING - 2025-09-25 20:13:42 --> [DEPRECATED] addslashes(): Passing null to parameter #1 ($string) of type string is deprecated in APPPATH/Views/service_list.php on line 10.
 1 APPPATH/Views/service_list.php(10): addslashes(null)
 2 SYSTEMPATH/View/View.php(224): include('/home/u810214334/domains/embellish-beauty.co.uk/public_html/app/Views/service_list.php')
 3 SYSTEMPATH/View/View.php(227): CodeIgniter\View\View->CodeIgniter\View\{closure}()
 4 SYSTEMPATH/Common.php(1173): CodeIgniter\View\View->render('service_list', [], true)
 5 APPPATH/Controllers/Home.php(129): view('service_list', [...])
 6 SYSTEMPATH/CodeIgniter.php(933): App\Controllers\Home->fetch_services()
 7 SYSTEMPATH/CodeIgniter.php(507): CodeIgniter\CodeIgniter->runController(Object(App\Controllers\Home))
 8 SYSTEMPATH/CodeIgniter.php(354): CodeIgniter\CodeIgniter->handleRequest(null, Object(Config\Cache), false)
 9 SYSTEMPATH/Boot.php(334): CodeIgniter\CodeIgniter->run()
10 SYSTEMPATH/Boot.php(67): CodeIgniter\Boot::runCodeIgniter(Object(CodeIgniter\CodeIgniter))
11 FCPATH/index.php(27): CodeIgniter\Boot::bootWeb(Object(Config\Paths))
WARNING - 2025-09-25 20:13:42 --> [DEPRECATED] addslashes(): Passing null to parameter #1 ($string) of type string is deprecated in APPPATH/Views/service_list.php on line 10.
 1 APPPATH/Views/service_list.php(10): addslashes(null)
 2 SYSTEMPATH/View/View.php(224): include('/home/u810214334/domains/embellish-beauty.co.uk/public_html/app/Views/service_list.php')
 3 SYSTEMPATH/View/View.php(227): CodeIgniter\View\View->CodeIgniter\View\{closure}()
 4 SYSTEMPATH/Common.php(1173): CodeIgniter\View\View->render('service_list', [], true)
 5 APPPATH/Controllers/Home.php(129): view('service_list', [...])
 6 SYSTEMPATH/CodeIgniter.php(933): App\Controllers\Home->fetch_services()
 7 SYSTEMPATH/CodeIgniter.php(507): CodeIgniter\CodeIgniter->runController(Object(App\Controllers\Home))
 8 SYSTEMPATH/CodeIgniter.php(354): CodeIgniter\CodeIgniter->handleRequest(null, Object(Config\Cache), false)
 9 SYSTEMPATH/Boot.php(334): CodeIgniter\CodeIgniter->run()
10 SYSTEMPATH/Boot.php(67): CodeIgniter\Boot::runCodeIgniter(Object(CodeIgniter\CodeIgniter))
11 FCPATH/index.php(27): CodeIgniter\Boot::bootWeb(Object(Config\Paths))
WARNING - 2025-09-25 20:13:42 --> [DEPRECATED] addslashes(): Passing null to parameter #1 ($string) of type string is deprecated in APPPATH/Views/service_list.php on line 10.
 1 APPPATH/Views/service_list.php(10): addslashes(null)
 2 SYSTEMPATH/View/View.php(224): include('/home/u810214334/domains/embellish-beauty.co.uk/public_html/app/Views/service_list.php')
 3 SYSTEMPATH/View/View.php(227): CodeIgniter\View\View->CodeIgniter\View\{closure}()
 4 SYSTEMPATH/Common.php(1173): CodeIgniter\View\View->render('service_list', [], true)
 5 APPPATH/Controllers/Home.php(129): view('service_list', [...])
 6 SYSTEMPATH/CodeIgniter.php(933): App\Controllers\Home->fetch_services()
 7 SYSTEMPATH/CodeIgniter.php(507): CodeIgniter\CodeIgniter->runController(Object(App\Controllers\Home))
 8 SYSTEMPATH/CodeIgniter.php(354): CodeIgniter\CodeIgniter->handleRequest(null, Object(Config\Cache), false)
 9 SYSTEMPATH/Boot.php(334): CodeIgniter\CodeIgniter->run()
10 SYSTEMPATH/Boot.php(67): CodeIgniter\Boot::runCodeIgniter(Object(CodeIgniter\CodeIgniter))
11 FCPATH/index.php(27): CodeIgniter\Boot::bootWeb(Object(Config\Paths))
WARNING - 2025-09-25 20:13:42 --> [DEPRECATED] addslashes(): Passing null to parameter #1 ($string) of type string is deprecated in APPPATH/Views/service_list.php on line 10.
 1 APPPATH/Views/service_list.php(10): addslashes(null)
 2 SYSTEMPATH/View/View.php(224): include('/home/u810214334/domains/embellish-beauty.co.uk/public_html/app/Views/service_list.php')
 3 SYSTEMPATH/View/View.php(227): CodeIgniter\View\View->CodeIgniter\View\{closure}()
 4 SYSTEMPATH/Common.php(1173): CodeIgniter\View\View->render('service_list', [], true)
 5 APPPATH/Controllers/Home.php(129): view('service_list', [...])
 6 SYSTEMPATH/CodeIgniter.php(933): App\Controllers\Home->fetch_services()
 7 SYSTEMPATH/CodeIgniter.php(507): CodeIgniter\CodeIgniter->runController(Object(App\Controllers\Home))
 8 SYSTEMPATH/CodeIgniter.php(354): CodeIgniter\CodeIgniter->handleRequest(null, Object(Config\Cache), false)
 9 SYSTEMPATH/Boot.php(334): CodeIgniter\CodeIgniter->run()
10 SYSTEMPATH/Boot.php(67): CodeIgniter\Boot::runCodeIgniter(Object(CodeIgniter\CodeIgniter))
11 FCPATH/index.php(27): CodeIgniter\Boot::bootWeb(Object(Config\Paths))
WARNING - 2025-09-25 20:13:42 --> [DEPRECATED] addslashes(): Passing null to parameter #1 ($string) of type string is deprecated in APPPATH/Views/service_list.php on line 10.
 1 APPPATH/Views/service_list.php(10): addslashes(null)
 2 SYSTEMPATH/View/View.php(224): include('/home/u810214334/domains/embellish-beauty.co.uk/public_html/app/Views/service_list.php')
 3 SYSTEMPATH/View/View.php(227): CodeIgniter\View\View->CodeIgniter\View\{closure}()
 4 SYSTEMPATH/Common.php(1173): CodeIgniter\View\View->render('service_list', [], true)
 5 APPPATH/Controllers/Home.php(129): view('service_list', [...])
 6 SYSTEMPATH/CodeIgniter.php(933): App\Controllers\Home->fetch_services()
 7 SYSTEMPATH/CodeIgniter.php(507): CodeIgniter\CodeIgniter->runController(Object(App\Controllers\Home))
 8 SYSTEMPATH/CodeIgniter.php(354): CodeIgniter\CodeIgniter->handleRequest(null, Object(Config\Cache), false)
 9 SYSTEMPATH/Boot.php(334): CodeIgniter\CodeIgniter->run()
10 SYSTEMPATH/Boot.php(67): CodeIgniter\Boot::runCodeIgniter(Object(CodeIgniter\CodeIgniter))
11 FCPATH/index.php(27): CodeIgniter\Boot::bootWeb(Object(Config\Paths))
WARNING - 2025-09-25 20:13:42 --> [DEPRECATED] addslashes(): Passing null to parameter #1 ($string) of type string is deprecated in APPPATH/Views/service_list.php on line 10.
 1 APPPATH/Views/service_list.php(10): addslashes(null)
 2 SYSTEMPATH/View/View.php(224): include('/home/u810214334/domains/embellish-beauty.co.uk/public_html/app/Views/service_list.php')
 3 SYSTEMPATH/View/View.php(227): CodeIgniter\View\View->CodeIgniter\View\{closure}()
 4 SYSTEMPATH/Common.php(1173): CodeIgniter\View\View->render('service_list', [], true)
 5 APPPATH/Controllers/Home.php(129): view('service_list', [...])
 6 SYSTEMPATH/CodeIgniter.php(933): App\Controllers\Home->fetch_services()
 7 SYSTEMPATH/CodeIgniter.php(507): CodeIgniter\CodeIgniter->runController(Object(App\Controllers\Home))
 8 SYSTEMPATH/CodeIgniter.php(354): CodeIgniter\CodeIgniter->handleRequest(null, Object(Config\Cache), false)
 9 SYSTEMPATH/Boot.php(334): CodeIgniter\CodeIgniter->run()
10 SYSTEMPATH/Boot.php(67): CodeIgniter\Boot::runCodeIgniter(Object(CodeIgniter\CodeIgniter))
11 FCPATH/index.php(27): CodeIgniter\Boot::bootWeb(Object(Config\Paths))
WARNING - 2025-09-25 20:13:42 --> [DEPRECATED] addslashes(): Passing null to parameter #1 ($string) of type string is deprecated in APPPATH/Views/service_list.php on line 10.
 1 APPPATH/Views/service_list.php(10): addslashes(null)
 2 SYSTEMPATH/View/View.php(224): include('/home/u810214334/domains/embellish-beauty.co.uk/public_html/app/Views/service_list.php')
 3 SYSTEMPATH/View/View.php(227): CodeIgniter\View\View->CodeIgniter\View\{closure}()
 4 SYSTEMPATH/Common.php(1173): CodeIgniter\View\View->render('service_list', [], true)
 5 APPPATH/Controllers/Home.php(129): view('service_list', [...])
 6 SYSTEMPATH/CodeIgniter.php(933): App\Controllers\Home->fetch_services()
 7 SYSTEMPATH/CodeIgniter.php(507): CodeIgniter\CodeIgniter->runController(Object(App\Controllers\Home))
 8 SYSTEMPATH/CodeIgniter.php(354): CodeIgniter\CodeIgniter->handleRequest(null, Object(Config\Cache), false)
 9 SYSTEMPATH/Boot.php(334): CodeIgniter\CodeIgniter->run()
10 SYSTEMPATH/Boot.php(67): CodeIgniter\Boot::runCodeIgniter(Object(CodeIgniter\CodeIgniter))
11 FCPATH/index.php(27): CodeIgniter\Boot::bootWeb(Object(Config\Paths))
WARNING - 2025-09-25 20:13:42 --> [DEPRECATED] addslashes(): Passing null to parameter #1 ($string) of type string is deprecated in APPPATH/Views/service_list.php on line 10.
 1 APPPATH/Views/service_list.php(10): addslashes(null)
 2 SYSTEMPATH/View/View.php(224): include('/home/u810214334/domains/embellish-beauty.co.uk/public_html/app/Views/service_list.php')
 3 SYSTEMPATH/View/View.php(227): CodeIgniter\View\View->CodeIgniter\View\{closure}()
 4 SYSTEMPATH/Common.php(1173): CodeIgniter\View\View->render('service_list', [], true)
 5 APPPATH/Controllers/Home.php(129): view('service_list', [...])
 6 SYSTEMPATH/CodeIgniter.php(933): App\Controllers\Home->fetch_services()
 7 SYSTEMPATH/CodeIgniter.php(507): CodeIgniter\CodeIgniter->runController(Object(App\Controllers\Home))
 8 SYSTEMPATH/CodeIgniter.php(354): CodeIgniter\CodeIgniter->handleRequest(null, Object(Config\Cache), false)
 9 SYSTEMPATH/Boot.php(334): CodeIgniter\CodeIgniter->run()
10 SYSTEMPATH/Boot.php(67): CodeIgniter\Boot::runCodeIgniter(Object(CodeIgniter\CodeIgniter))
11 FCPATH/index.php(27): CodeIgniter\Boot::bootWeb(Object(Config\Paths))
WARNING - 2025-09-25 20:13:42 --> [DEPRECATED] addslashes(): Passing null to parameter #1 ($string) of type string is deprecated in APPPATH/Views/service_list.php on line 10.
 1 APPPATH/Views/service_list.php(10): addslashes(null)
 2 SYSTEMPATH/View/View.php(224): include('/home/u810214334/domains/embellish-beauty.co.uk/public_html/app/Views/service_list.php')
 3 SYSTEMPATH/View/View.php(227): CodeIgniter\View\View->CodeIgniter\View\{closure}()
 4 SYSTEMPATH/Common.php(1173): CodeIgniter\View\View->render('service_list', [], true)
 5 APPPATH/Controllers/Home.php(129): view('service_list', [...])
 6 SYSTEMPATH/CodeIgniter.php(933): App\Controllers\Home->fetch_services()
 7 SYSTEMPATH/CodeIgniter.php(507): CodeIgniter\CodeIgniter->runController(Object(App\Controllers\Home))
 8 SYSTEMPATH/CodeIgniter.php(354): CodeIgniter\CodeIgniter->handleRequest(null, Object(Config\Cache), false)
 9 SYSTEMPATH/Boot.php(334): CodeIgniter\CodeIgniter->run()
10 SYSTEMPATH/Boot.php(67): CodeIgniter\Boot::runCodeIgniter(Object(CodeIgniter\CodeIgniter))
11 FCPATH/index.php(27): CodeIgniter\Boot::bootWeb(Object(Config\Paths))
WARNING - 2025-09-25 20:13:42 --> [DEPRECATED] addslashes(): Passing null to parameter #1 ($string) of type string is deprecated in APPPATH/Views/service_list.php on line 10.
 1 APPPATH/Views/service_list.php(10): addslashes(null)
 2 SYSTEMPATH/View/View.php(224): include('/home/u810214334/domains/embellish-beauty.co.uk/public_html/app/Views/service_list.php')
 3 SYSTEMPATH/View/View.php(227): CodeIgniter\View\View->CodeIgniter\View\{closure}()
 4 SYSTEMPATH/Common.php(1173): CodeIgniter\View\View->render('service_list', [], true)
 5 APPPATH/Controllers/Home.php(129): view('service_list', [...])
 6 SYSTEMPATH/CodeIgniter.php(933): App\Controllers\Home->fetch_services()
 7 SYSTEMPATH/CodeIgniter.php(507): CodeIgniter\CodeIgniter->runController(Object(App\Controllers\Home))
 8 SYSTEMPATH/CodeIgniter.php(354): CodeIgniter\CodeIgniter->handleRequest(null, Object(Config\Cache), false)
 9 SYSTEMPATH/Boot.php(334): CodeIgniter\CodeIgniter->run()
10 SYSTEMPATH/Boot.php(67): CodeIgniter\Boot::runCodeIgniter(Object(CodeIgniter\CodeIgniter))
11 FCPATH/index.php(27): CodeIgniter\Boot::bootWeb(Object(Config\Paths))
WARNING - 2025-09-25 20:13:42 --> [DEPRECATED] addslashes(): Passing null to parameter #1 ($string) of type string is deprecated in APPPATH/Views/service_list.php on line 10.
 1 APPPATH/Views/service_list.php(10): addslashes(null)
 2 SYSTEMPATH/View/View.php(224): include('/home/u810214334/domains/embellish-beauty.co.uk/public_html/app/Views/service_list.php')
 3 SYSTEMPATH/View/View.php(227): CodeIgniter\View\View->CodeIgniter\View\{closure}()
 4 SYSTEMPATH/Common.php(1173): CodeIgniter\View\View->render('service_list', [], true)
 5 APPPATH/Controllers/Home.php(129): view('service_list', [...])
 6 SYSTEMPATH/CodeIgniter.php(933): App\Controllers\Home->fetch_services()
 7 SYSTEMPATH/CodeIgniter.php(507): CodeIgniter\CodeIgniter->runController(Object(App\Controllers\Home))
 8 SYSTEMPATH/CodeIgniter.php(354): CodeIgniter\CodeIgniter->handleRequest(null, Object(Config\Cache), false)
 9 SYSTEMPATH/Boot.php(334): CodeIgniter\CodeIgniter->run()
10 SYSTEMPATH/Boot.php(67): CodeIgniter\Boot::runCodeIgniter(Object(CodeIgniter\CodeIgniter))
11 FCPATH/index.php(27): CodeIgniter\Boot::bootWeb(Object(Config\Paths))
DEBUG - 2025-09-25 20:13:44 --> Session: Class initialized using 'CodeIgniter\Session\Handlers\FileHandler' driver.
WARNING - 2025-09-25 20:13:44 --> [DEPRECATED] addslashes(): Passing null to parameter #1 ($string) of type string is deprecated in APPPATH/Views/service_list.php on line 10.
 1 APPPATH/Views/service_list.php(10): addslashes(null)
 2 SYSTEMPATH/View/View.php(224): include('/home/u810214334/domains/embellish-beauty.co.uk/public_html/app/Views/service_list.php')
 3 SYSTEMPATH/View/View.php(227): CodeIgniter\View\View->CodeIgniter\View\{closure}()
 4 SYSTEMPATH/Common.php(1173): CodeIgniter\View\View->render('service_list', [], true)
 5 APPPATH/Controllers/Home.php(129): view('service_list', [...])
 6 SYSTEMPATH/CodeIgniter.php(933): App\Controllers\Home->fetch_services()
 7 SYSTEMPATH/CodeIgniter.php(507): CodeIgniter\CodeIgniter->runController(Object(App\Controllers\Home))
 8 SYSTEMPATH/CodeIgniter.php(354): CodeIgniter\CodeIgniter->handleRequest(null, Object(Config\Cache), false)
 9 SYSTEMPATH/Boot.php(334): CodeIgniter\CodeIgniter->run()
10 SYSTEMPATH/Boot.php(67): CodeIgniter\Boot::runCodeIgniter(Object(CodeIgniter\CodeIgniter))
11 FCPATH/index.php(27): CodeIgniter\Boot::bootWeb(Object(Config\Paths))
WARNING - 2025-09-25 20:13:44 --> [DEPRECATED] addslashes(): Passing null to parameter #1 ($string) of type string is deprecated in APPPATH/Views/service_list.php on line 10.
 1 APPPATH/Views/service_list.php(10): addslashes(null)
 2 SYSTEMPATH/View/View.php(224): include('/home/u810214334/domains/embellish-beauty.co.uk/public_html/app/Views/service_list.php')
 3 SYSTEMPATH/View/View.php(227): CodeIgniter\View\View->CodeIgniter\View\{closure}()
 4 SYSTEMPATH/Common.php(1173): CodeIgniter\View\View->render('service_list', [], true)
 5 APPPATH/Controllers/Home.php(129): view('service_list', [...])
 6 SYSTEMPATH/CodeIgniter.php(933): App\Controllers\Home->fetch_services()
 7 SYSTEMPATH/CodeIgniter.php(507): CodeIgniter\CodeIgniter->runController(Object(App\Controllers\Home))
 8 SYSTEMPATH/CodeIgniter.php(354): CodeIgniter\CodeIgniter->handleRequest(null, Object(Config\Cache), false)
 9 SYSTEMPATH/Boot.php(334): CodeIgniter\CodeIgniter->run()
10 SYSTEMPATH/Boot.php(67): CodeIgniter\Boot::runCodeIgniter(Object(CodeIgniter\CodeIgniter))
11 FCPATH/index.php(27): CodeIgniter\Boot::bootWeb(Object(Config\Paths))
WARNING - 2025-09-25 20:13:44 --> [DEPRECATED] addslashes(): Passing null to parameter #1 ($string) of type string is deprecated in APPPATH/Views/service_list.php on line 10.
 1 APPPATH/Views/service_list.php(10): addslashes(null)
 2 SYSTEMPATH/View/View.php(224): include('/home/u810214334/domains/embellish-beauty.co.uk/public_html/app/Views/service_list.php')
 3 SYSTEMPATH/View/View.php(227): CodeIgniter\View\View->CodeIgniter\View\{closure}()
 4 SYSTEMPATH/Common.php(1173): CodeIgniter\View\View->render('service_list', [], true)
 5 APPPATH/Controllers/Home.php(129): view('service_list', [...])
 6 SYSTEMPATH/CodeIgniter.php(933): App\Controllers\Home->fetch_services()
 7 SYSTEMPATH/CodeIgniter.php(507): CodeIgniter\CodeIgniter->runController(Object(App\Controllers\Home))
 8 SYSTEMPATH/CodeIgniter.php(354): CodeIgniter\CodeIgniter->handleRequest(null, Object(Config\Cache), false)
 9 SYSTEMPATH/Boot.php(334): CodeIgniter\CodeIgniter->run()
10 SYSTEMPATH/Boot.php(67): CodeIgniter\Boot::runCodeIgniter(Object(CodeIgniter\CodeIgniter))
11 FCPATH/index.php(27): CodeIgniter\Boot::bootWeb(Object(Config\Paths))
WARNING - 2025-09-25 20:13:44 --> [DEPRECATED] addslashes(): Passing null to parameter #1 ($string) of type string is deprecated in APPPATH/Views/service_list.php on line 10.
 1 APPPATH/Views/service_list.php(10): addslashes(null)
 2 SYSTEMPATH/View/View.php(224): include('/home/u810214334/domains/embellish-beauty.co.uk/public_html/app/Views/service_list.php')
 3 SYSTEMPATH/View/View.php(227): CodeIgniter\View\View->CodeIgniter\View\{closure}()
 4 SYSTEMPATH/Common.php(1173): CodeIgniter\View\View->render('service_list', [], true)
 5 APPPATH/Controllers/Home.php(129): view('service_list', [...])
 6 SYSTEMPATH/CodeIgniter.php(933): App\Controllers\Home->fetch_services()
 7 SYSTEMPATH/CodeIgniter.php(507): CodeIgniter\CodeIgniter->runController(Object(App\Controllers\Home))
 8 SYSTEMPATH/CodeIgniter.php(354): CodeIgniter\CodeIgniter->handleRequest(null, Object(Config\Cache), false)
 9 SYSTEMPATH/Boot.php(334): CodeIgniter\CodeIgniter->run()
10 SYSTEMPATH/Boot.php(67): CodeIgniter\Boot::runCodeIgniter(Object(CodeIgniter\CodeIgniter))
11 FCPATH/index.php(27): CodeIgniter\Boot::bootWeb(Object(Config\Paths))
WARNING - 2025-09-25 20:13:44 --> [DEPRECATED] addslashes(): Passing null to parameter #1 ($string) of type string is deprecated in APPPATH/Views/service_list.php on line 10.
 1 APPPATH/Views/service_list.php(10): addslashes(null)
 2 SYSTEMPATH/View/View.php(224): include('/home/u810214334/domains/embellish-beauty.co.uk/public_html/app/Views/service_list.php')
 3 SYSTEMPATH/View/View.php(227): CodeIgniter\View\View->CodeIgniter\View\{closure}()
 4 SYSTEMPATH/Common.php(1173): CodeIgniter\View\View->render('service_list', [], true)
 5 APPPATH/Controllers/Home.php(129): view('service_list', [...])
 6 SYSTEMPATH/CodeIgniter.php(933): App\Controllers\Home->fetch_services()
 7 SYSTEMPATH/CodeIgniter.php(507): CodeIgniter\CodeIgniter->runController(Object(App\Controllers\Home))
 8 SYSTEMPATH/CodeIgniter.php(354): CodeIgniter\CodeIgniter->handleRequest(null, Object(Config\Cache), false)
 9 SYSTEMPATH/Boot.php(334): CodeIgniter\CodeIgniter->run()
10 SYSTEMPATH/Boot.php(67): CodeIgniter\Boot::runCodeIgniter(Object(CodeIgniter\CodeIgniter))
11 FCPATH/index.php(27): CodeIgniter\Boot::bootWeb(Object(Config\Paths))
WARNING - 2025-09-25 20:13:44 --> [DEPRECATED] addslashes(): Passing null to parameter #1 ($string) of type string is deprecated in APPPATH/Views/service_list.php on line 10.
 1 APPPATH/Views/service_list.php(10): addslashes(null)
 2 SYSTEMPATH/View/View.php(224): include('/home/u810214334/domains/embellish-beauty.co.uk/public_html/app/Views/service_list.php')
 3 SYSTEMPATH/View/View.php(227): CodeIgniter\View\View->CodeIgniter\View\{closure}()
 4 SYSTEMPATH/Common.php(1173): CodeIgniter\View\View->render('service_list', [], true)
 5 APPPATH/Controllers/Home.php(129): view('service_list', [...])
 6 SYSTEMPATH/CodeIgniter.php(933): App\Controllers\Home->fetch_services()
 7 SYSTEMPATH/CodeIgniter.php(507): CodeIgniter\CodeIgniter->runController(Object(App\Controllers\Home))
 8 SYSTEMPATH/CodeIgniter.php(354): CodeIgniter\CodeIgniter->handleRequest(null, Object(Config\Cache), false)
 9 SYSTEMPATH/Boot.php(334): CodeIgniter\CodeIgniter->run()
10 SYSTEMPATH/Boot.php(67): CodeIgniter\Boot::runCodeIgniter(Object(CodeIgniter\CodeIgniter))
11 FCPATH/index.php(27): CodeIgniter\Boot::bootWeb(Object(Config\Paths))
WARNING - 2025-09-25 20:13:44 --> [DEPRECATED] addslashes(): Passing null to parameter #1 ($string) of type string is deprecated in APPPATH/Views/service_list.php on line 10.
 1 APPPATH/Views/service_list.php(10): addslashes(null)
 2 SYSTEMPATH/View/View.php(224): include('/home/u810214334/domains/embellish-beauty.co.uk/public_html/app/Views/service_list.php')
 3 SYSTEMPATH/View/View.php(227): CodeIgniter\View\View->CodeIgniter\View\{closure}()
 4 SYSTEMPATH/Common.php(1173): CodeIgniter\View\View->render('service_list', [], true)
 5 APPPATH/Controllers/Home.php(129): view('service_list', [...])
 6 SYSTEMPATH/CodeIgniter.php(933): App\Controllers\Home->fetch_services()
 7 SYSTEMPATH/CodeIgniter.php(507): CodeIgniter\CodeIgniter->runController(Object(App\Controllers\Home))
 8 SYSTEMPATH/CodeIgniter.php(354): CodeIgniter\CodeIgniter->handleRequest(null, Object(Config\Cache), false)
 9 SYSTEMPATH/Boot.php(334): CodeIgniter\CodeIgniter->run()
10 SYSTEMPATH/Boot.php(67): CodeIgniter\Boot::runCodeIgniter(Object(CodeIgniter\CodeIgniter))
11 FCPATH/index.php(27): CodeIgniter\Boot::bootWeb(Object(Config\Paths))
WARNING - 2025-09-25 20:13:44 --> [DEPRECATED] addslashes(): Passing null to parameter #1 ($string) of type string is deprecated in APPPATH/Views/service_list.php on line 10.
 1 APPPATH/Views/service_list.php(10): addslashes(null)
 2 SYSTEMPATH/View/View.php(224): include('/home/u810214334/domains/embellish-beauty.co.uk/public_html/app/Views/service_list.php')
 3 SYSTEMPATH/View/View.php(227): CodeIgniter\View\View->CodeIgniter\View\{closure}()
 4 SYSTEMPATH/Common.php(1173): CodeIgniter\View\View->render('service_list', [], true)
 5 APPPATH/Controllers/Home.php(129): view('service_list', [...])
 6 SYSTEMPATH/CodeIgniter.php(933): App\Controllers\Home->fetch_services()
 7 SYSTEMPATH/CodeIgniter.php(507): CodeIgniter\CodeIgniter->runController(Object(App\Controllers\Home))
 8 SYSTEMPATH/CodeIgniter.php(354): CodeIgniter\CodeIgniter->handleRequest(null, Object(Config\Cache), false)
 9 SYSTEMPATH/Boot.php(334): CodeIgniter\CodeIgniter->run()
10 SYSTEMPATH/Boot.php(67): CodeIgniter\Boot::runCodeIgniter(Object(CodeIgniter\CodeIgniter))
11 FCPATH/index.php(27): CodeIgniter\Boot::bootWeb(Object(Config\Paths))
WARNING - 2025-09-25 20:13:44 --> [DEPRECATED] addslashes(): Passing null to parameter #1 ($string) of type string is deprecated in APPPATH/Views/service_list.php on line 10.
 1 APPPATH/Views/service_list.php(10): addslashes(null)
 2 SYSTEMPATH/View/View.php(224): include('/home/u810214334/domains/embellish-beauty.co.uk/public_html/app/Views/service_list.php')
 3 SYSTEMPATH/View/View.php(227): CodeIgniter\View\View->CodeIgniter\View\{closure}()
 4 SYSTEMPATH/Common.php(1173): CodeIgniter\View\View->render('service_list', [], true)
 5 APPPATH/Controllers/Home.php(129): view('service_list', [...])
 6 SYSTEMPATH/CodeIgniter.php(933): App\Controllers\Home->fetch_services()
 7 SYSTEMPATH/CodeIgniter.php(507): CodeIgniter\CodeIgniter->runController(Object(App\Controllers\Home))
 8 SYSTEMPATH/CodeIgniter.php(354): CodeIgniter\CodeIgniter->handleRequest(null, Object(Config\Cache), false)
 9 SYSTEMPATH/Boot.php(334): CodeIgniter\CodeIgniter->run()
10 SYSTEMPATH/Boot.php(67): CodeIgniter\Boot::runCodeIgniter(Object(CodeIgniter\CodeIgniter))
11 FCPATH/index.php(27): CodeIgniter\Boot::bootWeb(Object(Config\Paths))
WARNING - 2025-09-25 20:13:44 --> [DEPRECATED] addslashes(): Passing null to parameter #1 ($string) of type string is deprecated in APPPATH/Views/service_list.php on line 10.
 1 APPPATH/Views/service_list.php(10): addslashes(null)
 2 SYSTEMPATH/View/View.php(224): include('/home/u810214334/domains/embellish-beauty.co.uk/public_html/app/Views/service_list.php')
 3 SYSTEMPATH/View/View.php(227): CodeIgniter\View\View->CodeIgniter\View\{closure}()
 4 SYSTEMPATH/Common.php(1173): CodeIgniter\View\View->render('service_list', [], true)
 5 APPPATH/Controllers/Home.php(129): view('service_list', [...])
 6 SYSTEMPATH/CodeIgniter.php(933): App\Controllers\Home->fetch_services()
 7 SYSTEMPATH/CodeIgniter.php(507): CodeIgniter\CodeIgniter->runController(Object(App\Controllers\Home))
 8 SYSTEMPATH/CodeIgniter.php(354): CodeIgniter\CodeIgniter->handleRequest(null, Object(Config\Cache), false)
 9 SYSTEMPATH/Boot.php(334): CodeIgniter\CodeIgniter->run()
10 SYSTEMPATH/Boot.php(67): CodeIgniter\Boot::runCodeIgniter(Object(CodeIgniter\CodeIgniter))
11 FCPATH/index.php(27): CodeIgniter\Boot::bootWeb(Object(Config\Paths))
DEBUG - 2025-09-25 20:13:49 --> Session: Class initialized using 'CodeIgniter\Session\Handlers\FileHandler' driver.
WARNING - 2025-09-25 20:13:50 --> [DEPRECATED] addslashes(): Passing null to parameter #1 ($string) of type string is deprecated in APPPATH/Views/service_list.php on line 10.
 1 APPPATH/Views/service_list.php(10): addslashes(null)
 2 SYSTEMPATH/View/View.php(224): include('/home/u810214334/domains/embellish-beauty.co.uk/public_html/app/Views/service_list.php')
 3 SYSTEMPATH/View/View.php(227): CodeIgniter\View\View->CodeIgniter\View\{closure}()
 4 SYSTEMPATH/Common.php(1173): CodeIgniter\View\View->render('service_list', [], true)
 5 APPPATH/Controllers/Home.php(129): view('service_list', [...])
 6 SYSTEMPATH/CodeIgniter.php(933): App\Controllers\Home->fetch_services()
 7 SYSTEMPATH/CodeIgniter.php(507): CodeIgniter\CodeIgniter->runController(Object(App\Controllers\Home))
 8 SYSTEMPATH/CodeIgniter.php(354): CodeIgniter\CodeIgniter->handleRequest(null, Object(Config\Cache), false)
 9 SYSTEMPATH/Boot.php(334): CodeIgniter\CodeIgniter->run()
10 SYSTEMPATH/Boot.php(67): CodeIgniter\Boot::runCodeIgniter(Object(CodeIgniter\CodeIgniter))
11 FCPATH/index.php(27): CodeIgniter\Boot::bootWeb(Object(Config\Paths))
WARNING - 2025-09-25 20:13:50 --> [DEPRECATED] addslashes(): Passing null to parameter #1 ($string) of type string is deprecated in APPPATH/Views/service_list.php on line 10.
 1 APPPATH/Views/service_list.php(10): addslashes(null)
 2 SYSTEMPATH/View/View.php(224): include('/home/u810214334/domains/embellish-beauty.co.uk/public_html/app/Views/service_list.php')
 3 SYSTEMPATH/View/View.php(227): CodeIgniter\View\View->CodeIgniter\View\{closure}()
 4 SYSTEMPATH/Common.php(1173): CodeIgniter\View\View->render('service_list', [], true)
 5 APPPATH/Controllers/Home.php(129): view('service_list', [...])
 6 SYSTEMPATH/CodeIgniter.php(933): App\Controllers\Home->fetch_services()
 7 SYSTEMPATH/CodeIgniter.php(507): CodeIgniter\CodeIgniter->runController(Object(App\Controllers\Home))
 8 SYSTEMPATH/CodeIgniter.php(354): CodeIgniter\CodeIgniter->handleRequest(null, Object(Config\Cache), false)
 9 SYSTEMPATH/Boot.php(334): CodeIgniter\CodeIgniter->run()
10 SYSTEMPATH/Boot.php(67): CodeIgniter\Boot::runCodeIgniter(Object(CodeIgniter\CodeIgniter))
11 FCPATH/index.php(27): CodeIgniter\Boot::bootWeb(Object(Config\Paths))
WARNING - 2025-09-25 20:13:50 --> [DEPRECATED] addslashes(): Passing null to parameter #1 ($string) of type string is deprecated in APPPATH/Views/service_list.php on line 10.
 1 APPPATH/Views/service_list.php(10): addslashes(null)
 2 SYSTEMPATH/View/View.php(224): include('/home/u810214334/domains/embellish-beauty.co.uk/public_html/app/Views/service_list.php')
 3 SYSTEMPATH/View/View.php(227): CodeIgniter\View\View->CodeIgniter\View\{closure}()
 4 SYSTEMPATH/Common.php(1173): CodeIgniter\View\View->render('service_list', [], true)
 5 APPPATH/Controllers/Home.php(129): view('service_list', [...])
 6 SYSTEMPATH/CodeIgniter.php(933): App\Controllers\Home->fetch_services()
 7 SYSTEMPATH/CodeIgniter.php(507): CodeIgniter\CodeIgniter->runController(Object(App\Controllers\Home))
 8 SYSTEMPATH/CodeIgniter.php(354): CodeIgniter\CodeIgniter->handleRequest(null, Object(Config\Cache), false)
 9 SYSTEMPATH/Boot.php(334): CodeIgniter\CodeIgniter->run()
10 SYSTEMPATH/Boot.php(67): CodeIgniter\Boot::runCodeIgniter(Object(CodeIgniter\CodeIgniter))
11 FCPATH/index.php(27): CodeIgniter\Boot::bootWeb(Object(Config\Paths))
WARNING - 2025-09-25 20:13:50 --> [DEPRECATED] addslashes(): Passing null to parameter #1 ($string) of type string is deprecated in APPPATH/Views/service_list.php on line 10.
 1 APPPATH/Views/service_list.php(10): addslashes(null)
 2 SYSTEMPATH/View/View.php(224): include('/home/u810214334/domains/embellish-beauty.co.uk/public_html/app/Views/service_list.php')
 3 SYSTEMPATH/View/View.php(227): CodeIgniter\View\View->CodeIgniter\View\{closure}()
 4 SYSTEMPATH/Common.php(1173): CodeIgniter\View\View->render('service_list', [], true)
 5 APPPATH/Controllers/Home.php(129): view('service_list', [...])
 6 SYSTEMPATH/CodeIgniter.php(933): App\Controllers\Home->fetch_services()
 7 SYSTEMPATH/CodeIgniter.php(507): CodeIgniter\CodeIgniter->runController(Object(App\Controllers\Home))
 8 SYSTEMPATH/CodeIgniter.php(354): CodeIgniter\CodeIgniter->handleRequest(null, Object(Config\Cache), false)
 9 SYSTEMPATH/Boot.php(334): CodeIgniter\CodeIgniter->run()
10 SYSTEMPATH/Boot.php(67): CodeIgniter\Boot::runCodeIgniter(Object(CodeIgniter\CodeIgniter))
11 FCPATH/index.php(27): CodeIgniter\Boot::bootWeb(Object(Config\Paths))
WARNING - 2025-09-25 20:13:50 --> [DEPRECATED] addslashes(): Passing null to parameter #1 ($string) of type string is deprecated in APPPATH/Views/service_list.php on line 10.
 1 APPPATH/Views/service_list.php(10): addslashes(null)
 2 SYSTEMPATH/View/View.php(224): include('/home/u810214334/domains/embellish-beauty.co.uk/public_html/app/Views/service_list.php')
 3 SYSTEMPATH/View/View.php(227): CodeIgniter\View\View->CodeIgniter\View\{closure}()
 4 SYSTEMPATH/Common.php(1173): CodeIgniter\View\View->render('service_list', [], true)
 5 APPPATH/Controllers/Home.php(129): view('service_list', [...])
 6 SYSTEMPATH/CodeIgniter.php(933): App\Controllers\Home->fetch_services()
 7 SYSTEMPATH/CodeIgniter.php(507): CodeIgniter\CodeIgniter->runController(Object(App\Controllers\Home))
 8 SYSTEMPATH/CodeIgniter.php(354): CodeIgniter\CodeIgniter->handleRequest(null, Object(Config\Cache), false)
 9 SYSTEMPATH/Boot.php(334): CodeIgniter\CodeIgniter->run()
10 SYSTEMPATH/Boot.php(67): CodeIgniter\Boot::runCodeIgniter(Object(CodeIgniter\CodeIgniter))
11 FCPATH/index.php(27): CodeIgniter\Boot::bootWeb(Object(Config\Paths))
WARNING - 2025-09-25 20:13:50 --> [DEPRECATED] addslashes(): Passing null to parameter #1 ($string) of type string is deprecated in APPPATH/Views/service_list.php on line 10.
 1 APPPATH/Views/service_list.php(10): addslashes(null)
 2 SYSTEMPATH/View/View.php(224): include('/home/u810214334/domains/embellish-beauty.co.uk/public_html/app/Views/service_list.php')
 3 SYSTEMPATH/View/View.php(227): CodeIgniter\View\View->CodeIgniter\View\{closure}()
 4 SYSTEMPATH/Common.php(1173): CodeIgniter\View\View->render('service_list', [], true)
 5 APPPATH/Controllers/Home.php(129): view('service_list', [...])
 6 SYSTEMPATH/CodeIgniter.php(933): App\Controllers\Home->fetch_services()
 7 SYSTEMPATH/CodeIgniter.php(507): CodeIgniter\CodeIgniter->runController(Object(App\Controllers\Home))
 8 SYSTEMPATH/CodeIgniter.php(354): CodeIgniter\CodeIgniter->handleRequest(null, Object(Config\Cache), false)
 9 SYSTEMPATH/Boot.php(334): CodeIgniter\CodeIgniter->run()
10 SYSTEMPATH/Boot.php(67): CodeIgniter\Boot::runCodeIgniter(Object(CodeIgniter\CodeIgniter))
11 FCPATH/index.php(27): CodeIgniter\Boot::bootWeb(Object(Config\Paths))
WARNING - 2025-09-25 20:13:50 --> [DEPRECATED] addslashes(): Passing null to parameter #1 ($string) of type string is deprecated in APPPATH/Views/service_list.php on line 10.
 1 APPPATH/Views/service_list.php(10): addslashes(null)
 2 SYSTEMPATH/View/View.php(224): include('/home/u810214334/domains/embellish-beauty.co.uk/public_html/app/Views/service_list.php')
 3 SYSTEMPATH/View/View.php(227): CodeIgniter\View\View->CodeIgniter\View\{closure}()
 4 SYSTEMPATH/Common.php(1173): CodeIgniter\View\View->render('service_list', [], true)
 5 APPPATH/Controllers/Home.php(129): view('service_list', [...])
 6 SYSTEMPATH/CodeIgniter.php(933): App\Controllers\Home->fetch_services()
 7 SYSTEMPATH/CodeIgniter.php(507): CodeIgniter\CodeIgniter->runController(Object(App\Controllers\Home))
 8 SYSTEMPATH/CodeIgniter.php(354): CodeIgniter\CodeIgniter->handleRequest(null, Object(Config\Cache), false)
 9 SYSTEMPATH/Boot.php(334): CodeIgniter\CodeIgniter->run()
10 SYSTEMPATH/Boot.php(67): CodeIgniter\Boot::runCodeIgniter(Object(CodeIgniter\CodeIgniter))
11 FCPATH/index.php(27): CodeIgniter\Boot::bootWeb(Object(Config\Paths))
WARNING - 2025-09-25 20:13:50 --> [DEPRECATED] addslashes(): Passing null to parameter #1 ($string) of type string is deprecated in APPPATH/Views/service_list.php on line 10.
 1 APPPATH/Views/service_list.php(10): addslashes(null)
 2 SYSTEMPATH/View/View.php(224): include('/home/u810214334/domains/embellish-beauty.co.uk/public_html/app/Views/service_list.php')
 3 SYSTEMPATH/View/View.php(227): CodeIgniter\View\View->CodeIgniter\View\{closure}()
 4 SYSTEMPATH/Common.php(1173): CodeIgniter\View\View->render('service_list', [], true)
 5 APPPATH/Controllers/Home.php(129): view('service_list', [...])
 6 SYSTEMPATH/CodeIgniter.php(933): App\Controllers\Home->fetch_services()
 7 SYSTEMPATH/CodeIgniter.php(507): CodeIgniter\CodeIgniter->runController(Object(App\Controllers\Home))
 8 SYSTEMPATH/CodeIgniter.php(354): CodeIgniter\CodeIgniter->handleRequest(null, Object(Config\Cache), false)
 9 SYSTEMPATH/Boot.php(334): CodeIgniter\CodeIgniter->run()
10 SYSTEMPATH/Boot.php(67): CodeIgniter\Boot::runCodeIgniter(Object(CodeIgniter\CodeIgniter))
11 FCPATH/index.php(27): CodeIgniter\Boot::bootWeb(Object(Config\Paths))
WARNING - 2025-09-25 20:13:50 --> [DEPRECATED] addslashes(): Passing null to parameter #1 ($string) of type string is deprecated in APPPATH/Views/service_list.php on line 10.
 1 APPPATH/Views/service_list.php(10): addslashes(null)
 2 SYSTEMPATH/View/View.php(224): include('/home/u810214334/domains/embellish-beauty.co.uk/public_html/app/Views/service_list.php')
 3 SYSTEMPATH/View/View.php(227): CodeIgniter\View\View->CodeIgniter\View\{closure}()
 4 SYSTEMPATH/Common.php(1173): CodeIgniter\View\View->render('service_list', [], true)
 5 APPPATH/Controllers/Home.php(129): view('service_list', [...])
 6 SYSTEMPATH/CodeIgniter.php(933): App\Controllers\Home->fetch_services()
 7 SYSTEMPATH/CodeIgniter.php(507): CodeIgniter\CodeIgniter->runController(Object(App\Controllers\Home))
 8 SYSTEMPATH/CodeIgniter.php(354): CodeIgniter\CodeIgniter->handleRequest(null, Object(Config\Cache), false)
 9 SYSTEMPATH/Boot.php(334): CodeIgniter\CodeIgniter->run()
10 SYSTEMPATH/Boot.php(67): CodeIgniter\Boot::runCodeIgniter(Object(CodeIgniter\CodeIgniter))
11 FCPATH/index.php(27): CodeIgniter\Boot::bootWeb(Object(Config\Paths))
WARNING - 2025-09-25 20:13:50 --> [DEPRECATED] addslashes(): Passing null to parameter #1 ($string) of type string is deprecated in APPPATH/Views/service_list.php on line 10.
 1 APPPATH/Views/service_list.php(10): addslashes(null)
 2 SYSTEMPATH/View/View.php(224): include('/home/u810214334/domains/embellish-beauty.co.uk/public_html/app/Views/service_list.php')
 3 SYSTEMPATH/View/View.php(227): CodeIgniter\View\View->CodeIgniter\View\{closure}()
 4 SYSTEMPATH/Common.php(1173): CodeIgniter\View\View->render('service_list', [], true)
 5 APPPATH/Controllers/Home.php(129): view('service_list', [...])
 6 SYSTEMPATH/CodeIgniter.php(933): App\Controllers\Home->fetch_services()
 7 SYSTEMPATH/CodeIgniter.php(507): CodeIgniter\CodeIgniter->runController(Object(App\Controllers\Home))
 8 SYSTEMPATH/CodeIgniter.php(354): CodeIgniter\CodeIgniter->handleRequest(null, Object(Config\Cache), false)
 9 SYSTEMPATH/Boot.php(334): CodeIgniter\CodeIgniter->run()
10 SYSTEMPATH/Boot.php(67): CodeIgniter\Boot::runCodeIgniter(Object(CodeIgniter\CodeIgniter))
11 FCPATH/index.php(27): CodeIgniter\Boot::bootWeb(Object(Config\Paths))
WARNING - 2025-09-25 20:13:50 --> [DEPRECATED] addslashes(): Passing null to parameter #1 ($string) of type string is deprecated in APPPATH/Views/service_list.php on line 10.
 1 APPPATH/Views/service_list.php(10): addslashes(null)
 2 SYSTEMPATH/View/View.php(224): include('/home/u810214334/domains/embellish-beauty.co.uk/public_html/app/Views/service_list.php')
 3 SYSTEMPATH/View/View.php(227): CodeIgniter\View\View->CodeIgniter\View\{closure}()
 4 SYSTEMPATH/Common.php(1173): CodeIgniter\View\View->render('service_list', [], true)
 5 APPPATH/Controllers/Home.php(129): view('service_list', [...])
 6 SYSTEMPATH/CodeIgniter.php(933): App\Controllers\Home->fetch_services()
 7 SYSTEMPATH/CodeIgniter.php(507): CodeIgniter\CodeIgniter->runController(Object(App\Controllers\Home))
 8 SYSTEMPATH/CodeIgniter.php(354): CodeIgniter\CodeIgniter->handleRequest(null, Object(Config\Cache), false)
 9 SYSTEMPATH/Boot.php(334): CodeIgniter\CodeIgniter->run()
10 SYSTEMPATH/Boot.php(67): CodeIgniter\Boot::runCodeIgniter(Object(CodeIgniter\CodeIgniter))
11 FCPATH/index.php(27): CodeIgniter\Boot::bootWeb(Object(Config\Paths))
WARNING - 2025-09-25 20:13:50 --> [DEPRECATED] addslashes(): Passing null to parameter #1 ($string) of type string is deprecated in APPPATH/Views/service_list.php on line 10.
 1 APPPATH/Views/service_list.php(10): addslashes(null)
 2 SYSTEMPATH/View/View.php(224): include('/home/u810214334/domains/embellish-beauty.co.uk/public_html/app/Views/service_list.php')
 3 SYSTEMPATH/View/View.php(227): CodeIgniter\View\View->CodeIgniter\View\{closure}()
 4 SYSTEMPATH/Common.php(1173): CodeIgniter\View\View->render('service_list', [], true)
 5 APPPATH/Controllers/Home.php(129): view('service_list', [...])
 6 SYSTEMPATH/CodeIgniter.php(933): App\Controllers\Home->fetch_services()
 7 SYSTEMPATH/CodeIgniter.php(507): CodeIgniter\CodeIgniter->runController(Object(App\Controllers\Home))
 8 SYSTEMPATH/CodeIgniter.php(354): CodeIgniter\CodeIgniter->handleRequest(null, Object(Config\Cache), false)
 9 SYSTEMPATH/Boot.php(334): CodeIgniter\CodeIgniter->run()
10 SYSTEMPATH/Boot.php(67): CodeIgniter\Boot::runCodeIgniter(Object(CodeIgniter\CodeIgniter))
11 FCPATH/index.php(27): CodeIgniter\Boot::bootWeb(Object(Config\Paths))
WARNING - 2025-09-25 20:13:50 --> [DEPRECATED] addslashes(): Passing null to parameter #1 ($string) of type string is deprecated in APPPATH/Views/service_list.php on line 10.
 1 APPPATH/Views/service_list.php(10): addslashes(null)
 2 SYSTEMPATH/View/View.php(224): include('/home/u810214334/domains/embellish-beauty.co.uk/public_html/app/Views/service_list.php')
 3 SYSTEMPATH/View/View.php(227): CodeIgniter\View\View->CodeIgniter\View\{closure}()
 4 SYSTEMPATH/Common.php(1173): CodeIgniter\View\View->render('service_list', [], true)
 5 APPPATH/Controllers/Home.php(129): view('service_list', [...])
 6 SYSTEMPATH/CodeIgniter.php(933): App\Controllers\Home->fetch_services()
 7 SYSTEMPATH/CodeIgniter.php(507): CodeIgniter\CodeIgniter->runController(Object(App\Controllers\Home))
 8 SYSTEMPATH/CodeIgniter.php(354): CodeIgniter\CodeIgniter->handleRequest(null, Object(Config\Cache), false)
 9 SYSTEMPATH/Boot.php(334): CodeIgniter\CodeIgniter->run()
10 SYSTEMPATH/Boot.php(67): CodeIgniter\Boot::runCodeIgniter(Object(CodeIgniter\CodeIgniter))
11 FCPATH/index.php(27): CodeIgniter\Boot::bootWeb(Object(Config\Paths))
WARNING - 2025-09-25 20:13:50 --> [DEPRECATED] addslashes(): Passing null to parameter #1 ($string) of type string is deprecated in APPPATH/Views/service_list.php on line 10.
 1 APPPATH/Views/service_list.php(10): addslashes(null)
 2 SYSTEMPATH/View/View.php(224): include('/home/u810214334/domains/embellish-beauty.co.uk/public_html/app/Views/service_list.php')
 3 SYSTEMPATH/View/View.php(227): CodeIgniter\View\View->CodeIgniter\View\{closure}()
 4 SYSTEMPATH/Common.php(1173): CodeIgniter\View\View->render('service_list', [], true)
 5 APPPATH/Controllers/Home.php(129): view('service_list', [...])
 6 SYSTEMPATH/CodeIgniter.php(933): App\Controllers\Home->fetch_services()
 7 SYSTEMPATH/CodeIgniter.php(507): CodeIgniter\CodeIgniter->runController(Object(App\Controllers\Home))
 8 SYSTEMPATH/CodeIgniter.php(354): CodeIgniter\CodeIgniter->handleRequest(null, Object(Config\Cache), false)
 9 SYSTEMPATH/Boot.php(334): CodeIgniter\CodeIgniter->run()
10 SYSTEMPATH/Boot.php(67): CodeIgniter\Boot::runCodeIgniter(Object(CodeIgniter\CodeIgniter))
11 FCPATH/index.php(27): CodeIgniter\Boot::bootWeb(Object(Config\Paths))
WARNING - 2025-09-25 20:13:50 --> [DEPRECATED] addslashes(): Passing null to parameter #1 ($string) of type string is deprecated in APPPATH/Views/service_list.php on line 10.
 1 APPPATH/Views/service_list.php(10): addslashes(null)
 2 SYSTEMPATH/View/View.php(224): include('/home/u810214334/domains/embellish-beauty.co.uk/public_html/app/Views/service_list.php')
 3 SYSTEMPATH/View/View.php(227): CodeIgniter\View\View->CodeIgniter\View\{closure}()
 4 SYSTEMPATH/Common.php(1173): CodeIgniter\View\View->render('service_list', [], true)
 5 APPPATH/Controllers/Home.php(129): view('service_list', [...])
 6 SYSTEMPATH/CodeIgniter.php(933): App\Controllers\Home->fetch_services()
 7 SYSTEMPATH/CodeIgniter.php(507): CodeIgniter\CodeIgniter->runController(Object(App\Controllers\Home))
 8 SYSTEMPATH/CodeIgniter.php(354): CodeIgniter\CodeIgniter->handleRequest(null, Object(Config\Cache), false)
 9 SYSTEMPATH/Boot.php(334): CodeIgniter\CodeIgniter->run()
10 SYSTEMPATH/Boot.php(67): CodeIgniter\Boot::runCodeIgniter(Object(CodeIgniter\CodeIgniter))
11 FCPATH/index.php(27): CodeIgniter\Boot::bootWeb(Object(Config\Paths))
WARNING - 2025-09-25 20:13:50 --> [DEPRECATED] addslashes(): Passing null to parameter #1 ($string) of type string is deprecated in APPPATH/Views/service_list.php on line 10.
 1 APPPATH/Views/service_list.php(10): addslashes(null)
 2 SYSTEMPATH/View/View.php(224): include('/home/u810214334/domains/embellish-beauty.co.uk/public_html/app/Views/service_list.php')
 3 SYSTEMPATH/View/View.php(227): CodeIgniter\View\View->CodeIgniter\View\{closure}()
 4 SYSTEMPATH/Common.php(1173): CodeIgniter\View\View->render('service_list', [], true)
 5 APPPATH/Controllers/Home.php(129): view('service_list', [...])
 6 SYSTEMPATH/CodeIgniter.php(933): App\Controllers\Home->fetch_services()
 7 SYSTEMPATH/CodeIgniter.php(507): CodeIgniter\CodeIgniter->runController(Object(App\Controllers\Home))
 8 SYSTEMPATH/CodeIgniter.php(354): CodeIgniter\CodeIgniter->handleRequest(null, Object(Config\Cache), false)
 9 SYSTEMPATH/Boot.php(334): CodeIgniter\CodeIgniter->run()
10 SYSTEMPATH/Boot.php(67): CodeIgniter\Boot::runCodeIgniter(Object(CodeIgniter\CodeIgniter))
11 FCPATH/index.php(27): CodeIgniter\Boot::bootWeb(Object(Config\Paths))
WARNING - 2025-09-25 20:13:50 --> [DEPRECATED] addslashes(): Passing null to parameter #1 ($string) of type string is deprecated in APPPATH/Views/service_list.php on line 10.
 1 APPPATH/Views/service_list.php(10): addslashes(null)
 2 SYSTEMPATH/View/View.php(224): include('/home/u810214334/domains/embellish-beauty.co.uk/public_html/app/Views/service_list.php')
 3 SYSTEMPATH/View/View.php(227): CodeIgniter\View\View->CodeIgniter\View\{closure}()
 4 SYSTEMPATH/Common.php(1173): CodeIgniter\View\View->render('service_list', [], true)
 5 APPPATH/Controllers/Home.php(129): view('service_list', [...])
 6 SYSTEMPATH/CodeIgniter.php(933): App\Controllers\Home->fetch_services()
 7 SYSTEMPATH/CodeIgniter.php(507): CodeIgniter\CodeIgniter->runController(Object(App\Controllers\Home))
 8 SYSTEMPATH/CodeIgniter.php(354): CodeIgniter\CodeIgniter->handleRequest(null, Object(Config\Cache), false)
 9 SYSTEMPATH/Boot.php(334): CodeIgniter\CodeIgniter->run()
10 SYSTEMPATH/Boot.php(67): CodeIgniter\Boot::runCodeIgniter(Object(CodeIgniter\CodeIgniter))
11 FCPATH/index.php(27): CodeIgniter\Boot::bootWeb(Object(Config\Paths))
WARNING - 2025-09-25 20:13:50 --> [DEPRECATED] addslashes(): Passing null to parameter #1 ($string) of type string is deprecated in APPPATH/Views/service_list.php on line 10.
 1 APPPATH/Views/service_list.php(10): addslashes(null)
 2 SYSTEMPATH/View/View.php(224): include('/home/u810214334/domains/embellish-beauty.co.uk/public_html/app/Views/service_list.php')
 3 SYSTEMPATH/View/View.php(227): CodeIgniter\View\View->CodeIgniter\View\{closure}()
 4 SYSTEMPATH/Common.php(1173): CodeIgniter\View\View->render('service_list', [], true)
 5 APPPATH/Controllers/Home.php(129): view('service_list', [...])
 6 SYSTEMPATH/CodeIgniter.php(933): App\Controllers\Home->fetch_services()
 7 SYSTEMPATH/CodeIgniter.php(507): CodeIgniter\CodeIgniter->runController(Object(App\Controllers\Home))
 8 SYSTEMPATH/CodeIgniter.php(354): CodeIgniter\CodeIgniter->handleRequest(null, Object(Config\Cache), false)
 9 SYSTEMPATH/Boot.php(334): CodeIgniter\CodeIgniter->run()
10 SYSTEMPATH/Boot.php(67): CodeIgniter\Boot::runCodeIgniter(Object(CodeIgniter\CodeIgniter))
11 FCPATH/index.php(27): CodeIgniter\Boot::bootWeb(Object(Config\Paths))
WARNING - 2025-09-25 20:13:50 --> [DEPRECATED] addslashes(): Passing null to parameter #1 ($string) of type string is deprecated in APPPATH/Views/service_list.php on line 10.
 1 APPPATH/Views/service_list.php(10): addslashes(null)
 2 SYSTEMPATH/View/View.php(224): include('/home/u810214334/domains/embellish-beauty.co.uk/public_html/app/Views/service_list.php')
 3 SYSTEMPATH/View/View.php(227): CodeIgniter\View\View->CodeIgniter\View\{closure}()
 4 SYSTEMPATH/Common.php(1173): CodeIgniter\View\View->render('service_list', [], true)
 5 APPPATH/Controllers/Home.php(129): view('service_list', [...])
 6 SYSTEMPATH/CodeIgniter.php(933): App\Controllers\Home->fetch_services()
 7 SYSTEMPATH/CodeIgniter.php(507): CodeIgniter\CodeIgniter->runController(Object(App\Controllers\Home))
 8 SYSTEMPATH/CodeIgniter.php(354): CodeIgniter\CodeIgniter->handleRequest(null, Object(Config\Cache), false)
 9 SYSTEMPATH/Boot.php(334): CodeIgniter\CodeIgniter->run()
10 SYSTEMPATH/Boot.php(67): CodeIgniter\Boot::runCodeIgniter(Object(CodeIgniter\CodeIgniter))
11 FCPATH/index.php(27): CodeIgniter\Boot::bootWeb(Object(Config\Paths))
WARNING - 2025-09-25 20:13:50 --> [DEPRECATED] addslashes(): Passing null to parameter #1 ($string) of type string is deprecated in APPPATH/Views/service_list.php on line 10.
 1 APPPATH/Views/service_list.php(10): addslashes(null)
 2 SYSTEMPATH/View/View.php(224): include('/home/u810214334/domains/embellish-beauty.co.uk/public_html/app/Views/service_list.php')
 3 SYSTEMPATH/View/View.php(227): CodeIgniter\View\View->CodeIgniter\View\{closure}()
 4 SYSTEMPATH/Common.php(1173): CodeIgniter\View\View->render('service_list', [], true)
 5 APPPATH/Controllers/Home.php(129): view('service_list', [...])
 6 SYSTEMPATH/CodeIgniter.php(933): App\Controllers\Home->fetch_services()
 7 SYSTEMPATH/CodeIgniter.php(507): CodeIgniter\CodeIgniter->runController(Object(App\Controllers\Home))
 8 SYSTEMPATH/CodeIgniter.php(354): CodeIgniter\CodeIgniter->handleRequest(null, Object(Config\Cache), false)
 9 SYSTEMPATH/Boot.php(334): CodeIgniter\CodeIgniter->run()
10 SYSTEMPATH/Boot.php(67): CodeIgniter\Boot::runCodeIgniter(Object(CodeIgniter\CodeIgniter))
11 FCPATH/index.php(27): CodeIgniter\Boot::bootWeb(Object(Config\Paths))
WARNING - 2025-09-25 20:13:50 --> [DEPRECATED] addslashes(): Passing null to parameter #1 ($string) of type string is deprecated in APPPATH/Views/service_list.php on line 10.
 1 APPPATH/Views/service_list.php(10): addslashes(null)
 2 SYSTEMPATH/View/View.php(224): include('/home/u810214334/domains/embellish-beauty.co.uk/public_html/app/Views/service_list.php')
 3 SYSTEMPATH/View/View.php(227): CodeIgniter\View\View->CodeIgniter\View\{closure}()
 4 SYSTEMPATH/Common.php(1173): CodeIgniter\View\View->render('service_list', [], true)
 5 APPPATH/Controllers/Home.php(129): view('service_list', [...])
 6 SYSTEMPATH/CodeIgniter.php(933): App\Controllers\Home->fetch_services()
 7 SYSTEMPATH/CodeIgniter.php(507): CodeIgniter\CodeIgniter->runController(Object(App\Controllers\Home))
 8 SYSTEMPATH/CodeIgniter.php(354): CodeIgniter\CodeIgniter->handleRequest(null, Object(Config\Cache), false)
 9 SYSTEMPATH/Boot.php(334): CodeIgniter\CodeIgniter->run()
10 SYSTEMPATH/Boot.php(67): CodeIgniter\Boot::runCodeIgniter(Object(CodeIgniter\CodeIgniter))
11 FCPATH/index.php(27): CodeIgniter\Boot::bootWeb(Object(Config\Paths))
WARNING - 2025-09-25 20:13:50 --> [DEPRECATED] addslashes(): Passing null to parameter #1 ($string) of type string is deprecated in APPPATH/Views/service_list.php on line 10.
 1 APPPATH/Views/service_list.php(10): addslashes(null)
 2 SYSTEMPATH/View/View.php(224): include('/home/u810214334/domains/embellish-beauty.co.uk/public_html/app/Views/service_list.php')
 3 SYSTEMPATH/View/View.php(227): CodeIgniter\View\View->CodeIgniter\View\{closure}()
 4 SYSTEMPATH/Common.php(1173): CodeIgniter\View\View->render('service_list', [], true)
 5 APPPATH/Controllers/Home.php(129): view('service_list', [...])
 6 SYSTEMPATH/CodeIgniter.php(933): App\Controllers\Home->fetch_services()
 7 SYSTEMPATH/CodeIgniter.php(507): CodeIgniter\CodeIgniter->runController(Object(App\Controllers\Home))
 8 SYSTEMPATH/CodeIgniter.php(354): CodeIgniter\CodeIgniter->handleRequest(null, Object(Config\Cache), false)
 9 SYSTEMPATH/Boot.php(334): CodeIgniter\CodeIgniter->run()
10 SYSTEMPATH/Boot.php(67): CodeIgniter\Boot::runCodeIgniter(Object(CodeIgniter\CodeIgniter))
11 FCPATH/index.php(27): CodeIgniter\Boot::bootWeb(Object(Config\Paths))
WARNING - 2025-09-25 20:13:50 --> [DEPRECATED] addslashes(): Passing null to parameter #1 ($string) of type string is deprecated in APPPATH/Views/service_list.php on line 10.
 1 APPPATH/Views/service_list.php(10): addslashes(null)
 2 SYSTEMPATH/View/View.php(224): include('/home/u810214334/domains/embellish-beauty.co.uk/public_html/app/Views/service_list.php')
 3 SYSTEMPATH/View/View.php(227): CodeIgniter\View\View->CodeIgniter\View\{closure}()
 4 SYSTEMPATH/Common.php(1173): CodeIgniter\View\View->render('service_list', [], true)
 5 APPPATH/Controllers/Home.php(129): view('service_list', [...])
 6 SYSTEMPATH/CodeIgniter.php(933): App\Controllers\Home->fetch_services()
 7 SYSTEMPATH/CodeIgniter.php(507): CodeIgniter\CodeIgniter->runController(Object(App\Controllers\Home))
 8 SYSTEMPATH/CodeIgniter.php(354): CodeIgniter\CodeIgniter->handleRequest(null, Object(Config\Cache), false)
 9 SYSTEMPATH/Boot.php(334): CodeIgniter\CodeIgniter->run()
10 SYSTEMPATH/Boot.php(67): CodeIgniter\Boot::runCodeIgniter(Object(CodeIgniter\CodeIgniter))
11 FCPATH/index.php(27): CodeIgniter\Boot::bootWeb(Object(Config\Paths))
WARNING - 2025-09-25 20:13:50 --> [DEPRECATED] addslashes(): Passing null to parameter #1 ($string) of type string is deprecated in APPPATH/Views/service_list.php on line 10.
 1 APPPATH/Views/service_list.php(10): addslashes(null)
 2 SYSTEMPATH/View/View.php(224): include('/home/u810214334/domains/embellish-beauty.co.uk/public_html/app/Views/service_list.php')
 3 SYSTEMPATH/View/View.php(227): CodeIgniter\View\View->CodeIgniter\View\{closure}()
 4 SYSTEMPATH/Common.php(1173): CodeIgniter\View\View->render('service_list', [], true)
 5 APPPATH/Controllers/Home.php(129): view('service_list', [...])
 6 SYSTEMPATH/CodeIgniter.php(933): App\Controllers\Home->fetch_services()
 7 SYSTEMPATH/CodeIgniter.php(507): CodeIgniter\CodeIgniter->runController(Object(App\Controllers\Home))
 8 SYSTEMPATH/CodeIgniter.php(354): CodeIgniter\CodeIgniter->handleRequest(null, Object(Config\Cache), false)
 9 SYSTEMPATH/Boot.php(334): CodeIgniter\CodeIgniter->run()
10 SYSTEMPATH/Boot.php(67): CodeIgniter\Boot::runCodeIgniter(Object(CodeIgniter\CodeIgniter))
11 FCPATH/index.php(27): CodeIgniter\Boot::bootWeb(Object(Config\Paths))
WARNING - 2025-09-25 20:13:50 --> [DEPRECATED] addslashes(): Passing null to parameter #1 ($string) of type string is deprecated in APPPATH/Views/service_list.php on line 10.
 1 APPPATH/Views/service_list.php(10): addslashes(null)
 2 SYSTEMPATH/View/View.php(224): include('/home/u810214334/domains/embellish-beauty.co.uk/public_html/app/Views/service_list.php')
 3 SYSTEMPATH/View/View.php(227): CodeIgniter\View\View->CodeIgniter\View\{closure}()
 4 SYSTEMPATH/Common.php(1173): CodeIgniter\View\View->render('service_list', [], true)
 5 APPPATH/Controllers/Home.php(129): view('service_list', [...])
 6 SYSTEMPATH/CodeIgniter.php(933): App\Controllers\Home->fetch_services()
 7 SYSTEMPATH/CodeIgniter.php(507): CodeIgniter\CodeIgniter->runController(Object(App\Controllers\Home))
 8 SYSTEMPATH/CodeIgniter.php(354): CodeIgniter\CodeIgniter->handleRequest(null, Object(Config\Cache), false)
 9 SYSTEMPATH/Boot.php(334): CodeIgniter\CodeIgniter->run()
10 SYSTEMPATH/Boot.php(67): CodeIgniter\Boot::runCodeIgniter(Object(CodeIgniter\CodeIgniter))
11 FCPATH/index.php(27): CodeIgniter\Boot::bootWeb(Object(Config\Paths))
WARNING - 2025-09-25 20:13:50 --> [DEPRECATED] addslashes(): Passing null to parameter #1 ($string) of type string is deprecated in APPPATH/Views/service_list.php on line 10.
 1 APPPATH/Views/service_list.php(10): addslashes(null)
 2 SYSTEMPATH/View/View.php(224): include('/home/u810214334/domains/embellish-beauty.co.uk/public_html/app/Views/service_list.php')
 3 SYSTEMPATH/View/View.php(227): CodeIgniter\View\View->CodeIgniter\View\{closure}()
 4 SYSTEMPATH/Common.php(1173): CodeIgniter\View\View->render('service_list', [], true)
 5 APPPATH/Controllers/Home.php(129): view('service_list', [...])
 6 SYSTEMPATH/CodeIgniter.php(933): App\Controllers\Home->fetch_services()
 7 SYSTEMPATH/CodeIgniter.php(507): CodeIgniter\CodeIgniter->runController(Object(App\Controllers\Home))
 8 SYSTEMPATH/CodeIgniter.php(354): CodeIgniter\CodeIgniter->handleRequest(null, Object(Config\Cache), false)
 9 SYSTEMPATH/Boot.php(334): CodeIgniter\CodeIgniter->run()
10 SYSTEMPATH/Boot.php(67): CodeIgniter\Boot::runCodeIgniter(Object(CodeIgniter\CodeIgniter))
11 FCPATH/index.php(27): CodeIgniter\Boot::bootWeb(Object(Config\Paths))
WARNING - 2025-09-25 20:13:50 --> [DEPRECATED] addslashes(): Passing null to parameter #1 ($string) of type string is deprecated in APPPATH/Views/service_list.php on line 10.
 1 APPPATH/Views/service_list.php(10): addslashes(null)
 2 SYSTEMPATH/View/View.php(224): include('/home/u810214334/domains/embellish-beauty.co.uk/public_html/app/Views/service_list.php')
 3 SYSTEMPATH/View/View.php(227): CodeIgniter\View\View->CodeIgniter\View\{closure}()
 4 SYSTEMPATH/Common.php(1173): CodeIgniter\View\View->render('service_list', [], true)
 5 APPPATH/Controllers/Home.php(129): view('service_list', [...])
 6 SYSTEMPATH/CodeIgniter.php(933): App\Controllers\Home->fetch_services()
 7 SYSTEMPATH/CodeIgniter.php(507): CodeIgniter\CodeIgniter->runController(Object(App\Controllers\Home))
 8 SYSTEMPATH/CodeIgniter.php(354): CodeIgniter\CodeIgniter->handleRequest(null, Object(Config\Cache), false)
 9 SYSTEMPATH/Boot.php(334): CodeIgniter\CodeIgniter->run()
10 SYSTEMPATH/Boot.php(67): CodeIgniter\Boot::runCodeIgniter(Object(CodeIgniter\CodeIgniter))
11 FCPATH/index.php(27): CodeIgniter\Boot::bootWeb(Object(Config\Paths))
WARNING - 2025-09-25 20:13:50 --> [DEPRECATED] addslashes(): Passing null to parameter #1 ($string) of type string is deprecated in APPPATH/Views/service_list.php on line 10.
 1 APPPATH/Views/service_list.php(10): addslashes(null)
 2 SYSTEMPATH/View/View.php(224): include('/home/u810214334/domains/embellish-beauty.co.uk/public_html/app/Views/service_list.php')
 3 SYSTEMPATH/View/View.php(227): CodeIgniter\View\View->CodeIgniter\View\{closure}()
 4 SYSTEMPATH/Common.php(1173): CodeIgniter\View\View->render('service_list', [], true)
 5 APPPATH/Controllers/Home.php(129): view('service_list', [...])
 6 SYSTEMPATH/CodeIgniter.php(933): App\Controllers\Home->fetch_services()
 7 SYSTEMPATH/CodeIgniter.php(507): CodeIgniter\CodeIgniter->runController(Object(App\Controllers\Home))
 8 SYSTEMPATH/CodeIgniter.php(354): CodeIgniter\CodeIgniter->handleRequest(null, Object(Config\Cache), false)
 9 SYSTEMPATH/Boot.php(334): CodeIgniter\CodeIgniter->run()
10 SYSTEMPATH/Boot.php(67): CodeIgniter\Boot::runCodeIgniter(Object(CodeIgniter\CodeIgniter))
11 FCPATH/index.php(27): CodeIgniter\Boot::bootWeb(Object(Config\Paths))
WARNING - 2025-09-25 20:13:50 --> [DEPRECATED] addslashes(): Passing null to parameter #1 ($string) of type string is deprecated in APPPATH/Views/service_list.php on line 10.
 1 APPPATH/Views/service_list.php(10): addslashes(null)
 2 SYSTEMPATH/View/View.php(224): include('/home/u810214334/domains/embellish-beauty.co.uk/public_html/app/Views/service_list.php')
 3 SYSTEMPATH/View/View.php(227): CodeIgniter\View\View->CodeIgniter\View\{closure}()
 4 SYSTEMPATH/Common.php(1173): CodeIgniter\View\View->render('service_list', [], true)
 5 APPPATH/Controllers/Home.php(129): view('service_list', [...])
 6 SYSTEMPATH/CodeIgniter.php(933): App\Controllers\Home->fetch_services()
 7 SYSTEMPATH/CodeIgniter.php(507): CodeIgniter\CodeIgniter->runController(Object(App\Controllers\Home))
 8 SYSTEMPATH/CodeIgniter.php(354): CodeIgniter\CodeIgniter->handleRequest(null, Object(Config\Cache), false)
 9 SYSTEMPATH/Boot.php(334): CodeIgniter\CodeIgniter->run()
10 SYSTEMPATH/Boot.php(67): CodeIgniter\Boot::runCodeIgniter(Object(CodeIgniter\CodeIgniter))
11 FCPATH/index.php(27): CodeIgniter\Boot::bootWeb(Object(Config\Paths))
DEBUG - 2025-09-25 20:27:59 --> Session: Class initialized using 'CodeIgniter\Session\Handlers\FileHandler' driver.
DEBUG - 2025-09-25 20:28:00 --> Session: Class initialized using 'CodeIgniter\Session\Handlers\FileHandler' driver.
DEBUG - 2025-09-25 20:28:01 --> Session: Class initialized using 'CodeIgniter\Session\Handlers\FileHandler' driver.
DEBUG - 2025-09-25 20:53:27 --> Session: Class initialized using 'CodeIgniter\Session\Handlers\FileHandler' driver.
DEBUG - 2025-09-25 21:01:24 --> Session: Class initialized using 'CodeIgniter\Session\Handlers\FileHandler' driver.
DEBUG - 2025-09-25 21:34:59 --> Session: Class initialized using 'CodeIgniter\Session\Handlers\FileHandler' driver.
DEBUG - 2025-09-25 21:39:55 --> Session: Class initialized using 'CodeIgniter\Session\Handlers\FileHandler' driver.
DEBUG - 2025-09-25 22:11:02 --> Session: Class initialized using 'CodeIgniter\Session\Handlers\FileHandler' driver.
DEBUG - 2025-09-25 22:42:25 --> Session: Class initialized using 'CodeIgniter\Session\Handlers\FileHandler' driver.
DEBUG - 2025-09-25 23:08:51 --> Session: Class initialized using 'CodeIgniter\Session\Handlers\FileHandler' driver.
DEBUG - 2025-09-25 23:11:54 --> Session: Class initialized using 'CodeIgniter\Session\Handlers\FileHandler' driver.
DEBUG - 2025-09-25 23:45:15 --> Session: Class initialized using 'CodeIgniter\Session\Handlers\FileHandler' driver.
