DEBUG - 2025-09-30 00:12:36 --> Session: Class initialized using 'CodeIgniter\Session\Handlers\FileHandler' driver.
DEBUG - 2025-09-30 00:30:22 --> Session: Class initialized using 'CodeIgniter\Session\Handlers\FileHandler' driver.
DEBUG - 2025-09-30 01:23:02 --> Session: Class initialized using 'CodeIgniter\Session\Handlers\FileHandler' driver.
DEBUG - 2025-09-30 01:23:05 --> Session: Class initialized using 'CodeIgniter\Session\Handlers\FileHandler' driver.
DEBUG - 2025-09-30 01:23:05 --> Session: Class initialized using 'CodeIgniter\Session\Handlers\FileHandler' driver.
DEBUG - 2025-09-30 01:23:05 --> Session: Class initialized using 'CodeIgniter\Session\Handlers\FileHandler' driver.
DEBUG - 2025-09-30 01:23:05 --> Session: Class initialized using 'CodeIgniter\Session\Handlers\FileHandler' driver.
DEBUG - 2025-09-30 01:23:05 --> Session: Class initialized using 'CodeIgniter\Session\Handlers\FileHandler' driver.
DEBUG - 2025-09-30 01:23:05 --> Session: Class initialized using 'CodeIgniter\Session\Handlers\FileHandler' driver.
DEBUG - 2025-09-30 01:23:05 --> Session: Class initialized using 'CodeIgniter\Session\Handlers\FileHandler' driver.
DEBUG - 2025-09-30 01:23:05 --> Session: Class initialized using 'CodeIgniter\Session\Handlers\FileHandler' driver.
DEBUG - 2025-09-30 01:23:05 --> Session: Class initialized using 'CodeIgniter\Session\Handlers\FileHandler' driver.
DEBUG - 2025-09-30 01:23:05 --> Session: Class initialized using 'CodeIgniter\Session\Handlers\FileHandler' driver.
DEBUG - 2025-09-30 01:23:07 --> Session: Class initialized using 'CodeIgniter\Session\Handlers\FileHandler' driver.
DEBUG - 2025-09-30 01:23:07 --> Session: Class initialized using 'CodeIgniter\Session\Handlers\FileHandler' driver.
DEBUG - 2025-09-30 01:23:08 --> Session: Class initialized using 'CodeIgniter\Session\Handlers\FileHandler' driver.
DEBUG - 2025-09-30 01:23:08 --> Session: Class initialized using 'CodeIgniter\Session\Handlers\FileHandler' driver.
DEBUG - 2025-09-30 01:23:08 --> Session: Class initialized using 'CodeIgniter\Session\Handlers\FileHandler' driver.
DEBUG - 2025-09-30 01:23:08 --> Session: Class initialized using 'CodeIgniter\Session\Handlers\FileHandler' driver.
DEBUG - 2025-09-30 01:23:09 --> Session: Class initialized using 'CodeIgniter\Session\Handlers\FileHandler' driver.
DEBUG - 2025-09-30 01:23:09 --> Session: Class initialized using 'CodeIgniter\Session\Handlers\FileHandler' driver.
DEBUG - 2025-09-30 01:23:09 --> Session: Class initialized using 'CodeIgniter\Session\Handlers\FileHandler' driver.
DEBUG - 2025-09-30 01:23:10 --> Session: Class initialized using 'CodeIgniter\Session\Handlers\FileHandler' driver.
DEBUG - 2025-09-30 01:23:10 --> Session: Class initialized using 'CodeIgniter\Session\Handlers\FileHandler' driver.
DEBUG - 2025-09-30 01:23:10 --> Session: Class initialized using 'CodeIgniter\Session\Handlers\FileHandler' driver.
DEBUG - 2025-09-30 01:23:11 --> Session: Class initialized using 'CodeIgniter\Session\Handlers\FileHandler' driver.
DEBUG - 2025-09-30 01:23:11 --> Session: Class initialized using 'CodeIgniter\Session\Handlers\FileHandler' driver.
DEBUG - 2025-09-30 01:23:11 --> Session: Class initialized using 'CodeIgniter\Session\Handlers\FileHandler' driver.
DEBUG - 2025-09-30 01:55:41 --> Session: Class initialized using 'CodeIgniter\Session\Handlers\FileHandler' driver.
DEBUG - 2025-09-30 03:11:46 --> Session: Class initialized using 'CodeIgniter\Session\Handlers\FileHandler' driver.
DEBUG - 2025-09-30 04:29:13 --> Session: Class initialized using 'CodeIgniter\Session\Handlers\FileHandler' driver.
DEBUG - 2025-09-30 05:40:55 --> Session: Class initialized using 'CodeIgniter\Session\Handlers\FileHandler' driver.
DEBUG - 2025-09-30 05:44:03 --> Session: Class initialized using 'CodeIgniter\Session\Handlers\FileHandler' driver.
DEBUG - 2025-09-30 05:44:04 --> Session: Class initialized using 'CodeIgniter\Session\Handlers\FileHandler' driver.
DEBUG - 2025-09-30 05:44:04 --> Session: Class initialized using 'CodeIgniter\Session\Handlers\FileHandler' driver.
DEBUG - 2025-09-30 05:44:05 --> Session: Class initialized using 'CodeIgniter\Session\Handlers\FileHandler' driver.
DEBUG - 2025-09-30 05:44:06 --> Session: Class initialized using 'CodeIgniter\Session\Handlers\FileHandler' driver.
DEBUG - 2025-09-30 05:44:06 --> Session: Class initialized using 'CodeIgniter\Session\Handlers\FileHandler' driver.
DEBUG - 2025-09-30 05:44:07 --> Session: Class initialized using 'CodeIgniter\Session\Handlers\FileHandler' driver.
DEBUG - 2025-09-30 05:49:56 --> Session: Class initialized using 'CodeIgniter\Session\Handlers\FileHandler' driver.
DEBUG - 2025-09-30 06:10:38 --> Session: Class initialized using 'CodeIgniter\Session\Handlers\FileHandler' driver.
DEBUG - 2025-09-30 07:44:54 --> Session: Class initialized using 'CodeIgniter\Session\Handlers\FileHandler' driver.
DEBUG - 2025-09-30 08:45:55 --> Session: Class initialized using 'CodeIgniter\Session\Handlers\FileHandler' driver.
DEBUG - 2025-09-30 08:45:59 --> Session: Class initialized using 'CodeIgniter\Session\Handlers\FileHandler' driver.
DEBUG - 2025-09-30 08:45:59 --> Session: Class initialized using 'CodeIgniter\Session\Handlers\FileHandler' driver.
DEBUG - 2025-09-30 08:45:59 --> Session: Class initialized using 'CodeIgniter\Session\Handlers\FileHandler' driver.
DEBUG - 2025-09-30 08:46:09 --> Session: Class initialized using 'CodeIgniter\Session\Handlers\FileHandler' driver.
DEBUG - 2025-09-30 08:46:09 --> Session: Class initialized using 'CodeIgniter\Session\Handlers\FileHandler' driver.
DEBUG - 2025-09-30 08:46:09 --> Session: Class initialized using 'CodeIgniter\Session\Handlers\FileHandler' driver.
DEBUG - 2025-09-30 08:46:09 --> Session: Class initialized using 'CodeIgniter\Session\Handlers\FileHandler' driver.
DEBUG - 2025-09-30 08:46:10 --> Session: Class initialized using 'CodeIgniter\Session\Handlers\FileHandler' driver.
WARNING - 2025-09-30 08:46:10 --> [DEPRECATED] addslashes(): Passing null to parameter #1 ($string) of type string is deprecated in APPPATH/Views/service_list.php on line 10.
 1 APPPATH/Views/service_list.php(10): addslashes(null)
 2 SYSTEMPATH/View/View.php(224): include('/home/u810214334/domains/embellish-beauty.co.uk/public_html/app/Views/service_list.php')
 3 SYSTEMPATH/View/View.php(227): CodeIgniter\View\View->CodeIgniter\View\{closure}()
 4 SYSTEMPATH/Common.php(1173): CodeIgniter\View\View->render('service_list', [], true)
 5 APPPATH/Controllers/Home.php(129): view('service_list', [...])
 6 SYSTEMPATH/CodeIgniter.php(933): App\Controllers\Home->fetch_services()
 7 SYSTEMPATH/CodeIgniter.php(507): CodeIgniter\CodeIgniter->runController(Object(App\Controllers\Home))
 8 SYSTEMPATH/CodeIgniter.php(354): CodeIgniter\CodeIgniter->handleRequest(null, Object(Config\Cache), false)
 9 SYSTEMPATH/Boot.php(334): CodeIgniter\CodeIgniter->run()
10 SYSTEMPATH/Boot.php(67): CodeIgniter\Boot::runCodeIgniter(Object(CodeIgniter\CodeIgniter))
11 FCPATH/index.php(27): CodeIgniter\Boot::bootWeb(Object(Config\Paths))
WARNING - 2025-09-30 08:46:10 --> [DEPRECATED] addslashes(): Passing null to parameter #1 ($string) of type string is deprecated in APPPATH/Views/service_list.php on line 10.
 1 APPPATH/Views/service_list.php(10): addslashes(null)
 2 SYSTEMPATH/View/View.php(224): include('/home/u810214334/domains/embellish-beauty.co.uk/public_html/app/Views/service_list.php')
 3 SYSTEMPATH/View/View.php(227): CodeIgniter\View\View->CodeIgniter\View\{closure}()
 4 SYSTEMPATH/Common.php(1173): CodeIgniter\View\View->render('service_list', [], true)
 5 APPPATH/Controllers/Home.php(129): view('service_list', [...])
 6 SYSTEMPATH/CodeIgniter.php(933): App\Controllers\Home->fetch_services()
 7 SYSTEMPATH/CodeIgniter.php(507): CodeIgniter\CodeIgniter->runController(Object(App\Controllers\Home))
 8 SYSTEMPATH/CodeIgniter.php(354): CodeIgniter\CodeIgniter->handleRequest(null, Object(Config\Cache), false)
 9 SYSTEMPATH/Boot.php(334): CodeIgniter\CodeIgniter->run()
10 SYSTEMPATH/Boot.php(67): CodeIgniter\Boot::runCodeIgniter(Object(CodeIgniter\CodeIgniter))
11 FCPATH/index.php(27): CodeIgniter\Boot::bootWeb(Object(Config\Paths))
WARNING - 2025-09-30 08:46:10 --> [DEPRECATED] addslashes(): Passing null to parameter #1 ($string) of type string is deprecated in APPPATH/Views/service_list.php on line 10.
 1 APPPATH/Views/service_list.php(10): addslashes(null)
 2 SYSTEMPATH/View/View.php(224): include('/home/u810214334/domains/embellish-beauty.co.uk/public_html/app/Views/service_list.php')
 3 SYSTEMPATH/View/View.php(227): CodeIgniter\View\View->CodeIgniter\View\{closure}()
 4 SYSTEMPATH/Common.php(1173): CodeIgniter\View\View->render('service_list', [], true)
 5 APPPATH/Controllers/Home.php(129): view('service_list', [...])
 6 SYSTEMPATH/CodeIgniter.php(933): App\Controllers\Home->fetch_services()
 7 SYSTEMPATH/CodeIgniter.php(507): CodeIgniter\CodeIgniter->runController(Object(App\Controllers\Home))
 8 SYSTEMPATH/CodeIgniter.php(354): CodeIgniter\CodeIgniter->handleRequest(null, Object(Config\Cache), false)
 9 SYSTEMPATH/Boot.php(334): CodeIgniter\CodeIgniter->run()
10 SYSTEMPATH/Boot.php(67): CodeIgniter\Boot::runCodeIgniter(Object(CodeIgniter\CodeIgniter))
11 FCPATH/index.php(27): CodeIgniter\Boot::bootWeb(Object(Config\Paths))
WARNING - 2025-09-30 08:46:10 --> [DEPRECATED] addslashes(): Passing null to parameter #1 ($string) of type string is deprecated in APPPATH/Views/service_list.php on line 10.
 1 APPPATH/Views/service_list.php(10): addslashes(null)
 2 SYSTEMPATH/View/View.php(224): include('/home/u810214334/domains/embellish-beauty.co.uk/public_html/app/Views/service_list.php')
 3 SYSTEMPATH/View/View.php(227): CodeIgniter\View\View->CodeIgniter\View\{closure}()
 4 SYSTEMPATH/Common.php(1173): CodeIgniter\View\View->render('service_list', [], true)
 5 APPPATH/Controllers/Home.php(129): view('service_list', [...])
 6 SYSTEMPATH/CodeIgniter.php(933): App\Controllers\Home->fetch_services()
 7 SYSTEMPATH/CodeIgniter.php(507): CodeIgniter\CodeIgniter->runController(Object(App\Controllers\Home))
 8 SYSTEMPATH/CodeIgniter.php(354): CodeIgniter\CodeIgniter->handleRequest(null, Object(Config\Cache), false)
 9 SYSTEMPATH/Boot.php(334): CodeIgniter\CodeIgniter->run()
10 SYSTEMPATH/Boot.php(67): CodeIgniter\Boot::runCodeIgniter(Object(CodeIgniter\CodeIgniter))
11 FCPATH/index.php(27): CodeIgniter\Boot::bootWeb(Object(Config\Paths))
WARNING - 2025-09-30 08:46:10 --> [DEPRECATED] addslashes(): Passing null to parameter #1 ($string) of type string is deprecated in APPPATH/Views/service_list.php on line 10.
 1 APPPATH/Views/service_list.php(10): addslashes(null)
 2 SYSTEMPATH/View/View.php(224): include('/home/u810214334/domains/embellish-beauty.co.uk/public_html/app/Views/service_list.php')
 3 SYSTEMPATH/View/View.php(227): CodeIgniter\View\View->CodeIgniter\View\{closure}()
 4 SYSTEMPATH/Common.php(1173): CodeIgniter\View\View->render('service_list', [], true)
 5 APPPATH/Controllers/Home.php(129): view('service_list', [...])
 6 SYSTEMPATH/CodeIgniter.php(933): App\Controllers\Home->fetch_services()
 7 SYSTEMPATH/CodeIgniter.php(507): CodeIgniter\CodeIgniter->runController(Object(App\Controllers\Home))
 8 SYSTEMPATH/CodeIgniter.php(354): CodeIgniter\CodeIgniter->handleRequest(null, Object(Config\Cache), false)
 9 SYSTEMPATH/Boot.php(334): CodeIgniter\CodeIgniter->run()
10 SYSTEMPATH/Boot.php(67): CodeIgniter\Boot::runCodeIgniter(Object(CodeIgniter\CodeIgniter))
11 FCPATH/index.php(27): CodeIgniter\Boot::bootWeb(Object(Config\Paths))
WARNING - 2025-09-30 08:46:10 --> [DEPRECATED] addslashes(): Passing null to parameter #1 ($string) of type string is deprecated in APPPATH/Views/service_list.php on line 10.
 1 APPPATH/Views/service_list.php(10): addslashes(null)
 2 SYSTEMPATH/View/View.php(224): include('/home/u810214334/domains/embellish-beauty.co.uk/public_html/app/Views/service_list.php')
 3 SYSTEMPATH/View/View.php(227): CodeIgniter\View\View->CodeIgniter\View\{closure}()
 4 SYSTEMPATH/Common.php(1173): CodeIgniter\View\View->render('service_list', [], true)
 5 APPPATH/Controllers/Home.php(129): view('service_list', [...])
 6 SYSTEMPATH/CodeIgniter.php(933): App\Controllers\Home->fetch_services()
 7 SYSTEMPATH/CodeIgniter.php(507): CodeIgniter\CodeIgniter->runController(Object(App\Controllers\Home))
 8 SYSTEMPATH/CodeIgniter.php(354): CodeIgniter\CodeIgniter->handleRequest(null, Object(Config\Cache), false)
 9 SYSTEMPATH/Boot.php(334): CodeIgniter\CodeIgniter->run()
10 SYSTEMPATH/Boot.php(67): CodeIgniter\Boot::runCodeIgniter(Object(CodeIgniter\CodeIgniter))
11 FCPATH/index.php(27): CodeIgniter\Boot::bootWeb(Object(Config\Paths))
WARNING - 2025-09-30 08:46:10 --> [DEPRECATED] addslashes(): Passing null to parameter #1 ($string) of type string is deprecated in APPPATH/Views/service_list.php on line 10.
 1 APPPATH/Views/service_list.php(10): addslashes(null)
 2 SYSTEMPATH/View/View.php(224): include('/home/u810214334/domains/embellish-beauty.co.uk/public_html/app/Views/service_list.php')
 3 SYSTEMPATH/View/View.php(227): CodeIgniter\View\View->CodeIgniter\View\{closure}()
 4 SYSTEMPATH/Common.php(1173): CodeIgniter\View\View->render('service_list', [], true)
 5 APPPATH/Controllers/Home.php(129): view('service_list', [...])
 6 SYSTEMPATH/CodeIgniter.php(933): App\Controllers\Home->fetch_services()
 7 SYSTEMPATH/CodeIgniter.php(507): CodeIgniter\CodeIgniter->runController(Object(App\Controllers\Home))
 8 SYSTEMPATH/CodeIgniter.php(354): CodeIgniter\CodeIgniter->handleRequest(null, Object(Config\Cache), false)
 9 SYSTEMPATH/Boot.php(334): CodeIgniter\CodeIgniter->run()
10 SYSTEMPATH/Boot.php(67): CodeIgniter\Boot::runCodeIgniter(Object(CodeIgniter\CodeIgniter))
11 FCPATH/index.php(27): CodeIgniter\Boot::bootWeb(Object(Config\Paths))
WARNING - 2025-09-30 08:46:10 --> [DEPRECATED] addslashes(): Passing null to parameter #1 ($string) of type string is deprecated in APPPATH/Views/service_list.php on line 10.
 1 APPPATH/Views/service_list.php(10): addslashes(null)
 2 SYSTEMPATH/View/View.php(224): include('/home/u810214334/domains/embellish-beauty.co.uk/public_html/app/Views/service_list.php')
 3 SYSTEMPATH/View/View.php(227): CodeIgniter\View\View->CodeIgniter\View\{closure}()
 4 SYSTEMPATH/Common.php(1173): CodeIgniter\View\View->render('service_list', [], true)
 5 APPPATH/Controllers/Home.php(129): view('service_list', [...])
 6 SYSTEMPATH/CodeIgniter.php(933): App\Controllers\Home->fetch_services()
 7 SYSTEMPATH/CodeIgniter.php(507): CodeIgniter\CodeIgniter->runController(Object(App\Controllers\Home))
 8 SYSTEMPATH/CodeIgniter.php(354): CodeIgniter\CodeIgniter->handleRequest(null, Object(Config\Cache), false)
 9 SYSTEMPATH/Boot.php(334): CodeIgniter\CodeIgniter->run()
10 SYSTEMPATH/Boot.php(67): CodeIgniter\Boot::runCodeIgniter(Object(CodeIgniter\CodeIgniter))
11 FCPATH/index.php(27): CodeIgniter\Boot::bootWeb(Object(Config\Paths))
WARNING - 2025-09-30 08:46:10 --> [DEPRECATED] addslashes(): Passing null to parameter #1 ($string) of type string is deprecated in APPPATH/Views/service_list.php on line 10.
 1 APPPATH/Views/service_list.php(10): addslashes(null)
 2 SYSTEMPATH/View/View.php(224): include('/home/u810214334/domains/embellish-beauty.co.uk/public_html/app/Views/service_list.php')
 3 SYSTEMPATH/View/View.php(227): CodeIgniter\View\View->CodeIgniter\View\{closure}()
 4 SYSTEMPATH/Common.php(1173): CodeIgniter\View\View->render('service_list', [], true)
 5 APPPATH/Controllers/Home.php(129): view('service_list', [...])
 6 SYSTEMPATH/CodeIgniter.php(933): App\Controllers\Home->fetch_services()
 7 SYSTEMPATH/CodeIgniter.php(507): CodeIgniter\CodeIgniter->runController(Object(App\Controllers\Home))
 8 SYSTEMPATH/CodeIgniter.php(354): CodeIgniter\CodeIgniter->handleRequest(null, Object(Config\Cache), false)
 9 SYSTEMPATH/Boot.php(334): CodeIgniter\CodeIgniter->run()
10 SYSTEMPATH/Boot.php(67): CodeIgniter\Boot::runCodeIgniter(Object(CodeIgniter\CodeIgniter))
11 FCPATH/index.php(27): CodeIgniter\Boot::bootWeb(Object(Config\Paths))
WARNING - 2025-09-30 08:46:10 --> [DEPRECATED] addslashes(): Passing null to parameter #1 ($string) of type string is deprecated in APPPATH/Views/service_list.php on line 10.
 1 APPPATH/Views/service_list.php(10): addslashes(null)
 2 SYSTEMPATH/View/View.php(224): include('/home/u810214334/domains/embellish-beauty.co.uk/public_html/app/Views/service_list.php')
 3 SYSTEMPATH/View/View.php(227): CodeIgniter\View\View->CodeIgniter\View\{closure}()
 4 SYSTEMPATH/Common.php(1173): CodeIgniter\View\View->render('service_list', [], true)
 5 APPPATH/Controllers/Home.php(129): view('service_list', [...])
 6 SYSTEMPATH/CodeIgniter.php(933): App\Controllers\Home->fetch_services()
 7 SYSTEMPATH/CodeIgniter.php(507): CodeIgniter\CodeIgniter->runController(Object(App\Controllers\Home))
 8 SYSTEMPATH/CodeIgniter.php(354): CodeIgniter\CodeIgniter->handleRequest(null, Object(Config\Cache), false)
 9 SYSTEMPATH/Boot.php(334): CodeIgniter\CodeIgniter->run()
10 SYSTEMPATH/Boot.php(67): CodeIgniter\Boot::runCodeIgniter(Object(CodeIgniter\CodeIgniter))
11 FCPATH/index.php(27): CodeIgniter\Boot::bootWeb(Object(Config\Paths))
WARNING - 2025-09-30 08:46:10 --> [DEPRECATED] addslashes(): Passing null to parameter #1 ($string) of type string is deprecated in APPPATH/Views/service_list.php on line 10.
 1 APPPATH/Views/service_list.php(10): addslashes(null)
 2 SYSTEMPATH/View/View.php(224): include('/home/u810214334/domains/embellish-beauty.co.uk/public_html/app/Views/service_list.php')
 3 SYSTEMPATH/View/View.php(227): CodeIgniter\View\View->CodeIgniter\View\{closure}()
 4 SYSTEMPATH/Common.php(1173): CodeIgniter\View\View->render('service_list', [], true)
 5 APPPATH/Controllers/Home.php(129): view('service_list', [...])
 6 SYSTEMPATH/CodeIgniter.php(933): App\Controllers\Home->fetch_services()
 7 SYSTEMPATH/CodeIgniter.php(507): CodeIgniter\CodeIgniter->runController(Object(App\Controllers\Home))
 8 SYSTEMPATH/CodeIgniter.php(354): CodeIgniter\CodeIgniter->handleRequest(null, Object(Config\Cache), false)
 9 SYSTEMPATH/Boot.php(334): CodeIgniter\CodeIgniter->run()
10 SYSTEMPATH/Boot.php(67): CodeIgniter\Boot::runCodeIgniter(Object(CodeIgniter\CodeIgniter))
11 FCPATH/index.php(27): CodeIgniter\Boot::bootWeb(Object(Config\Paths))
WARNING - 2025-09-30 08:46:10 --> [DEPRECATED] addslashes(): Passing null to parameter #1 ($string) of type string is deprecated in APPPATH/Views/service_list.php on line 10.
 1 APPPATH/Views/service_list.php(10): addslashes(null)
 2 SYSTEMPATH/View/View.php(224): include('/home/u810214334/domains/embellish-beauty.co.uk/public_html/app/Views/service_list.php')
 3 SYSTEMPATH/View/View.php(227): CodeIgniter\View\View->CodeIgniter\View\{closure}()
 4 SYSTEMPATH/Common.php(1173): CodeIgniter\View\View->render('service_list', [], true)
 5 APPPATH/Controllers/Home.php(129): view('service_list', [...])
 6 SYSTEMPATH/CodeIgniter.php(933): App\Controllers\Home->fetch_services()
 7 SYSTEMPATH/CodeIgniter.php(507): CodeIgniter\CodeIgniter->runController(Object(App\Controllers\Home))
 8 SYSTEMPATH/CodeIgniter.php(354): CodeIgniter\CodeIgniter->handleRequest(null, Object(Config\Cache), false)
 9 SYSTEMPATH/Boot.php(334): CodeIgniter\CodeIgniter->run()
10 SYSTEMPATH/Boot.php(67): CodeIgniter\Boot::runCodeIgniter(Object(CodeIgniter\CodeIgniter))
11 FCPATH/index.php(27): CodeIgniter\Boot::bootWeb(Object(Config\Paths))
WARNING - 2025-09-30 08:46:10 --> [DEPRECATED] addslashes(): Passing null to parameter #1 ($string) of type string is deprecated in APPPATH/Views/service_list.php on line 10.
 1 APPPATH/Views/service_list.php(10): addslashes(null)
 2 SYSTEMPATH/View/View.php(224): include('/home/u810214334/domains/embellish-beauty.co.uk/public_html/app/Views/service_list.php')
 3 SYSTEMPATH/View/View.php(227): CodeIgniter\View\View->CodeIgniter\View\{closure}()
 4 SYSTEMPATH/Common.php(1173): CodeIgniter\View\View->render('service_list', [], true)
 5 APPPATH/Controllers/Home.php(129): view('service_list', [...])
 6 SYSTEMPATH/CodeIgniter.php(933): App\Controllers\Home->fetch_services()
 7 SYSTEMPATH/CodeIgniter.php(507): CodeIgniter\CodeIgniter->runController(Object(App\Controllers\Home))
 8 SYSTEMPATH/CodeIgniter.php(354): CodeIgniter\CodeIgniter->handleRequest(null, Object(Config\Cache), false)
 9 SYSTEMPATH/Boot.php(334): CodeIgniter\CodeIgniter->run()
10 SYSTEMPATH/Boot.php(67): CodeIgniter\Boot::runCodeIgniter(Object(CodeIgniter\CodeIgniter))
11 FCPATH/index.php(27): CodeIgniter\Boot::bootWeb(Object(Config\Paths))
WARNING - 2025-09-30 08:46:10 --> [DEPRECATED] addslashes(): Passing null to parameter #1 ($string) of type string is deprecated in APPPATH/Views/service_list.php on line 10.
 1 APPPATH/Views/service_list.php(10): addslashes(null)
 2 SYSTEMPATH/View/View.php(224): include('/home/u810214334/domains/embellish-beauty.co.uk/public_html/app/Views/service_list.php')
 3 SYSTEMPATH/View/View.php(227): CodeIgniter\View\View->CodeIgniter\View\{closure}()
 4 SYSTEMPATH/Common.php(1173): CodeIgniter\View\View->render('service_list', [], true)
 5 APPPATH/Controllers/Home.php(129): view('service_list', [...])
 6 SYSTEMPATH/CodeIgniter.php(933): App\Controllers\Home->fetch_services()
 7 SYSTEMPATH/CodeIgniter.php(507): CodeIgniter\CodeIgniter->runController(Object(App\Controllers\Home))
 8 SYSTEMPATH/CodeIgniter.php(354): CodeIgniter\CodeIgniter->handleRequest(null, Object(Config\Cache), false)
 9 SYSTEMPATH/Boot.php(334): CodeIgniter\CodeIgniter->run()
10 SYSTEMPATH/Boot.php(67): CodeIgniter\Boot::runCodeIgniter(Object(CodeIgniter\CodeIgniter))
11 FCPATH/index.php(27): CodeIgniter\Boot::bootWeb(Object(Config\Paths))
WARNING - 2025-09-30 08:46:10 --> [DEPRECATED] addslashes(): Passing null to parameter #1 ($string) of type string is deprecated in APPPATH/Views/service_list.php on line 10.
 1 APPPATH/Views/service_list.php(10): addslashes(null)
 2 SYSTEMPATH/View/View.php(224): include('/home/u810214334/domains/embellish-beauty.co.uk/public_html/app/Views/service_list.php')
 3 SYSTEMPATH/View/View.php(227): CodeIgniter\View\View->CodeIgniter\View\{closure}()
 4 SYSTEMPATH/Common.php(1173): CodeIgniter\View\View->render('service_list', [], true)
 5 APPPATH/Controllers/Home.php(129): view('service_list', [...])
 6 SYSTEMPATH/CodeIgniter.php(933): App\Controllers\Home->fetch_services()
 7 SYSTEMPATH/CodeIgniter.php(507): CodeIgniter\CodeIgniter->runController(Object(App\Controllers\Home))
 8 SYSTEMPATH/CodeIgniter.php(354): CodeIgniter\CodeIgniter->handleRequest(null, Object(Config\Cache), false)
 9 SYSTEMPATH/Boot.php(334): CodeIgniter\CodeIgniter->run()
10 SYSTEMPATH/Boot.php(67): CodeIgniter\Boot::runCodeIgniter(Object(CodeIgniter\CodeIgniter))
11 FCPATH/index.php(27): CodeIgniter\Boot::bootWeb(Object(Config\Paths))
WARNING - 2025-09-30 08:46:10 --> [DEPRECATED] addslashes(): Passing null to parameter #1 ($string) of type string is deprecated in APPPATH/Views/service_list.php on line 10.
 1 APPPATH/Views/service_list.php(10): addslashes(null)
 2 SYSTEMPATH/View/View.php(224): include('/home/u810214334/domains/embellish-beauty.co.uk/public_html/app/Views/service_list.php')
 3 SYSTEMPATH/View/View.php(227): CodeIgniter\View\View->CodeIgniter\View\{closure}()
 4 SYSTEMPATH/Common.php(1173): CodeIgniter\View\View->render('service_list', [], true)
 5 APPPATH/Controllers/Home.php(129): view('service_list', [...])
 6 SYSTEMPATH/CodeIgniter.php(933): App\Controllers\Home->fetch_services()
 7 SYSTEMPATH/CodeIgniter.php(507): CodeIgniter\CodeIgniter->runController(Object(App\Controllers\Home))
 8 SYSTEMPATH/CodeIgniter.php(354): CodeIgniter\CodeIgniter->handleRequest(null, Object(Config\Cache), false)
 9 SYSTEMPATH/Boot.php(334): CodeIgniter\CodeIgniter->run()
10 SYSTEMPATH/Boot.php(67): CodeIgniter\Boot::runCodeIgniter(Object(CodeIgniter\CodeIgniter))
11 FCPATH/index.php(27): CodeIgniter\Boot::bootWeb(Object(Config\Paths))
WARNING - 2025-09-30 08:46:10 --> [DEPRECATED] addslashes(): Passing null to parameter #1 ($string) of type string is deprecated in APPPATH/Views/service_list.php on line 10.
 1 APPPATH/Views/service_list.php(10): addslashes(null)
 2 SYSTEMPATH/View/View.php(224): include('/home/u810214334/domains/embellish-beauty.co.uk/public_html/app/Views/service_list.php')
 3 SYSTEMPATH/View/View.php(227): CodeIgniter\View\View->CodeIgniter\View\{closure}()
 4 SYSTEMPATH/Common.php(1173): CodeIgniter\View\View->render('service_list', [], true)
 5 APPPATH/Controllers/Home.php(129): view('service_list', [...])
 6 SYSTEMPATH/CodeIgniter.php(933): App\Controllers\Home->fetch_services()
 7 SYSTEMPATH/CodeIgniter.php(507): CodeIgniter\CodeIgniter->runController(Object(App\Controllers\Home))
 8 SYSTEMPATH/CodeIgniter.php(354): CodeIgniter\CodeIgniter->handleRequest(null, Object(Config\Cache), false)
 9 SYSTEMPATH/Boot.php(334): CodeIgniter\CodeIgniter->run()
10 SYSTEMPATH/Boot.php(67): CodeIgniter\Boot::runCodeIgniter(Object(CodeIgniter\CodeIgniter))
11 FCPATH/index.php(27): CodeIgniter\Boot::bootWeb(Object(Config\Paths))
WARNING - 2025-09-30 08:46:10 --> [DEPRECATED] addslashes(): Passing null to parameter #1 ($string) of type string is deprecated in APPPATH/Views/service_list.php on line 10.
 1 APPPATH/Views/service_list.php(10): addslashes(null)
 2 SYSTEMPATH/View/View.php(224): include('/home/u810214334/domains/embellish-beauty.co.uk/public_html/app/Views/service_list.php')
 3 SYSTEMPATH/View/View.php(227): CodeIgniter\View\View->CodeIgniter\View\{closure}()
 4 SYSTEMPATH/Common.php(1173): CodeIgniter\View\View->render('service_list', [], true)
 5 APPPATH/Controllers/Home.php(129): view('service_list', [...])
 6 SYSTEMPATH/CodeIgniter.php(933): App\Controllers\Home->fetch_services()
 7 SYSTEMPATH/CodeIgniter.php(507): CodeIgniter\CodeIgniter->runController(Object(App\Controllers\Home))
 8 SYSTEMPATH/CodeIgniter.php(354): CodeIgniter\CodeIgniter->handleRequest(null, Object(Config\Cache), false)
 9 SYSTEMPATH/Boot.php(334): CodeIgniter\CodeIgniter->run()
10 SYSTEMPATH/Boot.php(67): CodeIgniter\Boot::runCodeIgniter(Object(CodeIgniter\CodeIgniter))
11 FCPATH/index.php(27): CodeIgniter\Boot::bootWeb(Object(Config\Paths))
WARNING - 2025-09-30 08:46:10 --> [DEPRECATED] addslashes(): Passing null to parameter #1 ($string) of type string is deprecated in APPPATH/Views/service_list.php on line 10.
 1 APPPATH/Views/service_list.php(10): addslashes(null)
 2 SYSTEMPATH/View/View.php(224): include('/home/u810214334/domains/embellish-beauty.co.uk/public_html/app/Views/service_list.php')
 3 SYSTEMPATH/View/View.php(227): CodeIgniter\View\View->CodeIgniter\View\{closure}()
 4 SYSTEMPATH/Common.php(1173): CodeIgniter\View\View->render('service_list', [], true)
 5 APPPATH/Controllers/Home.php(129): view('service_list', [...])
 6 SYSTEMPATH/CodeIgniter.php(933): App\Controllers\Home->fetch_services()
 7 SYSTEMPATH/CodeIgniter.php(507): CodeIgniter\CodeIgniter->runController(Object(App\Controllers\Home))
 8 SYSTEMPATH/CodeIgniter.php(354): CodeIgniter\CodeIgniter->handleRequest(null, Object(Config\Cache), false)
 9 SYSTEMPATH/Boot.php(334): CodeIgniter\CodeIgniter->run()
10 SYSTEMPATH/Boot.php(67): CodeIgniter\Boot::runCodeIgniter(Object(CodeIgniter\CodeIgniter))
11 FCPATH/index.php(27): CodeIgniter\Boot::bootWeb(Object(Config\Paths))
WARNING - 2025-09-30 08:46:10 --> [DEPRECATED] addslashes(): Passing null to parameter #1 ($string) of type string is deprecated in APPPATH/Views/service_list.php on line 10.
 1 APPPATH/Views/service_list.php(10): addslashes(null)
 2 SYSTEMPATH/View/View.php(224): include('/home/u810214334/domains/embellish-beauty.co.uk/public_html/app/Views/service_list.php')
 3 SYSTEMPATH/View/View.php(227): CodeIgniter\View\View->CodeIgniter\View\{closure}()
 4 SYSTEMPATH/Common.php(1173): CodeIgniter\View\View->render('service_list', [], true)
 5 APPPATH/Controllers/Home.php(129): view('service_list', [...])
 6 SYSTEMPATH/CodeIgniter.php(933): App\Controllers\Home->fetch_services()
 7 SYSTEMPATH/CodeIgniter.php(507): CodeIgniter\CodeIgniter->runController(Object(App\Controllers\Home))
 8 SYSTEMPATH/CodeIgniter.php(354): CodeIgniter\CodeIgniter->handleRequest(null, Object(Config\Cache), false)
 9 SYSTEMPATH/Boot.php(334): CodeIgniter\CodeIgniter->run()
10 SYSTEMPATH/Boot.php(67): CodeIgniter\Boot::runCodeIgniter(Object(CodeIgniter\CodeIgniter))
11 FCPATH/index.php(27): CodeIgniter\Boot::bootWeb(Object(Config\Paths))
WARNING - 2025-09-30 08:46:10 --> [DEPRECATED] addslashes(): Passing null to parameter #1 ($string) of type string is deprecated in APPPATH/Views/service_list.php on line 10.
 1 APPPATH/Views/service_list.php(10): addslashes(null)
 2 SYSTEMPATH/View/View.php(224): include('/home/u810214334/domains/embellish-beauty.co.uk/public_html/app/Views/service_list.php')
 3 SYSTEMPATH/View/View.php(227): CodeIgniter\View\View->CodeIgniter\View\{closure}()
 4 SYSTEMPATH/Common.php(1173): CodeIgniter\View\View->render('service_list', [], true)
 5 APPPATH/Controllers/Home.php(129): view('service_list', [...])
 6 SYSTEMPATH/CodeIgniter.php(933): App\Controllers\Home->fetch_services()
 7 SYSTEMPATH/CodeIgniter.php(507): CodeIgniter\CodeIgniter->runController(Object(App\Controllers\Home))
 8 SYSTEMPATH/CodeIgniter.php(354): CodeIgniter\CodeIgniter->handleRequest(null, Object(Config\Cache), false)
 9 SYSTEMPATH/Boot.php(334): CodeIgniter\CodeIgniter->run()
10 SYSTEMPATH/Boot.php(67): CodeIgniter\Boot::runCodeIgniter(Object(CodeIgniter\CodeIgniter))
11 FCPATH/index.php(27): CodeIgniter\Boot::bootWeb(Object(Config\Paths))
WARNING - 2025-09-30 08:46:10 --> [DEPRECATED] addslashes(): Passing null to parameter #1 ($string) of type string is deprecated in APPPATH/Views/service_list.php on line 10.
 1 APPPATH/Views/service_list.php(10): addslashes(null)
 2 SYSTEMPATH/View/View.php(224): include('/home/u810214334/domains/embellish-beauty.co.uk/public_html/app/Views/service_list.php')
 3 SYSTEMPATH/View/View.php(227): CodeIgniter\View\View->CodeIgniter\View\{closure}()
 4 SYSTEMPATH/Common.php(1173): CodeIgniter\View\View->render('service_list', [], true)
 5 APPPATH/Controllers/Home.php(129): view('service_list', [...])
 6 SYSTEMPATH/CodeIgniter.php(933): App\Controllers\Home->fetch_services()
 7 SYSTEMPATH/CodeIgniter.php(507): CodeIgniter\CodeIgniter->runController(Object(App\Controllers\Home))
 8 SYSTEMPATH/CodeIgniter.php(354): CodeIgniter\CodeIgniter->handleRequest(null, Object(Config\Cache), false)
 9 SYSTEMPATH/Boot.php(334): CodeIgniter\CodeIgniter->run()
10 SYSTEMPATH/Boot.php(67): CodeIgniter\Boot::runCodeIgniter(Object(CodeIgniter\CodeIgniter))
11 FCPATH/index.php(27): CodeIgniter\Boot::bootWeb(Object(Config\Paths))
WARNING - 2025-09-30 08:46:10 --> [DEPRECATED] addslashes(): Passing null to parameter #1 ($string) of type string is deprecated in APPPATH/Views/service_list.php on line 10.
 1 APPPATH/Views/service_list.php(10): addslashes(null)
 2 SYSTEMPATH/View/View.php(224): include('/home/u810214334/domains/embellish-beauty.co.uk/public_html/app/Views/service_list.php')
 3 SYSTEMPATH/View/View.php(227): CodeIgniter\View\View->CodeIgniter\View\{closure}()
 4 SYSTEMPATH/Common.php(1173): CodeIgniter\View\View->render('service_list', [], true)
 5 APPPATH/Controllers/Home.php(129): view('service_list', [...])
 6 SYSTEMPATH/CodeIgniter.php(933): App\Controllers\Home->fetch_services()
 7 SYSTEMPATH/CodeIgniter.php(507): CodeIgniter\CodeIgniter->runController(Object(App\Controllers\Home))
 8 SYSTEMPATH/CodeIgniter.php(354): CodeIgniter\CodeIgniter->handleRequest(null, Object(Config\Cache), false)
 9 SYSTEMPATH/Boot.php(334): CodeIgniter\CodeIgniter->run()
10 SYSTEMPATH/Boot.php(67): CodeIgniter\Boot::runCodeIgniter(Object(CodeIgniter\CodeIgniter))
11 FCPATH/index.php(27): CodeIgniter\Boot::bootWeb(Object(Config\Paths))
WARNING - 2025-09-30 08:46:10 --> [DEPRECATED] addslashes(): Passing null to parameter #1 ($string) of type string is deprecated in APPPATH/Views/service_list.php on line 10.
 1 APPPATH/Views/service_list.php(10): addslashes(null)
 2 SYSTEMPATH/View/View.php(224): include('/home/u810214334/domains/embellish-beauty.co.uk/public_html/app/Views/service_list.php')
 3 SYSTEMPATH/View/View.php(227): CodeIgniter\View\View->CodeIgniter\View\{closure}()
 4 SYSTEMPATH/Common.php(1173): CodeIgniter\View\View->render('service_list', [], true)
 5 APPPATH/Controllers/Home.php(129): view('service_list', [...])
 6 SYSTEMPATH/CodeIgniter.php(933): App\Controllers\Home->fetch_services()
 7 SYSTEMPATH/CodeIgniter.php(507): CodeIgniter\CodeIgniter->runController(Object(App\Controllers\Home))
 8 SYSTEMPATH/CodeIgniter.php(354): CodeIgniter\CodeIgniter->handleRequest(null, Object(Config\Cache), false)
 9 SYSTEMPATH/Boot.php(334): CodeIgniter\CodeIgniter->run()
10 SYSTEMPATH/Boot.php(67): CodeIgniter\Boot::runCodeIgniter(Object(CodeIgniter\CodeIgniter))
11 FCPATH/index.php(27): CodeIgniter\Boot::bootWeb(Object(Config\Paths))
WARNING - 2025-09-30 08:46:10 --> [DEPRECATED] addslashes(): Passing null to parameter #1 ($string) of type string is deprecated in APPPATH/Views/service_list.php on line 10.
 1 APPPATH/Views/service_list.php(10): addslashes(null)
 2 SYSTEMPATH/View/View.php(224): include('/home/u810214334/domains/embellish-beauty.co.uk/public_html/app/Views/service_list.php')
 3 SYSTEMPATH/View/View.php(227): CodeIgniter\View\View->CodeIgniter\View\{closure}()
 4 SYSTEMPATH/Common.php(1173): CodeIgniter\View\View->render('service_list', [], true)
 5 APPPATH/Controllers/Home.php(129): view('service_list', [...])
 6 SYSTEMPATH/CodeIgniter.php(933): App\Controllers\Home->fetch_services()
 7 SYSTEMPATH/CodeIgniter.php(507): CodeIgniter\CodeIgniter->runController(Object(App\Controllers\Home))
 8 SYSTEMPATH/CodeIgniter.php(354): CodeIgniter\CodeIgniter->handleRequest(null, Object(Config\Cache), false)
 9 SYSTEMPATH/Boot.php(334): CodeIgniter\CodeIgniter->run()
10 SYSTEMPATH/Boot.php(67): CodeIgniter\Boot::runCodeIgniter(Object(CodeIgniter\CodeIgniter))
11 FCPATH/index.php(27): CodeIgniter\Boot::bootWeb(Object(Config\Paths))
WARNING - 2025-09-30 08:46:10 --> [DEPRECATED] addslashes(): Passing null to parameter #1 ($string) of type string is deprecated in APPPATH/Views/service_list.php on line 10.
 1 APPPATH/Views/service_list.php(10): addslashes(null)
 2 SYSTEMPATH/View/View.php(224): include('/home/u810214334/domains/embellish-beauty.co.uk/public_html/app/Views/service_list.php')
 3 SYSTEMPATH/View/View.php(227): CodeIgniter\View\View->CodeIgniter\View\{closure}()
 4 SYSTEMPATH/Common.php(1173): CodeIgniter\View\View->render('service_list', [], true)
 5 APPPATH/Controllers/Home.php(129): view('service_list', [...])
 6 SYSTEMPATH/CodeIgniter.php(933): App\Controllers\Home->fetch_services()
 7 SYSTEMPATH/CodeIgniter.php(507): CodeIgniter\CodeIgniter->runController(Object(App\Controllers\Home))
 8 SYSTEMPATH/CodeIgniter.php(354): CodeIgniter\CodeIgniter->handleRequest(null, Object(Config\Cache), false)
 9 SYSTEMPATH/Boot.php(334): CodeIgniter\CodeIgniter->run()
10 SYSTEMPATH/Boot.php(67): CodeIgniter\Boot::runCodeIgniter(Object(CodeIgniter\CodeIgniter))
11 FCPATH/index.php(27): CodeIgniter\Boot::bootWeb(Object(Config\Paths))
WARNING - 2025-09-30 08:46:10 --> [DEPRECATED] addslashes(): Passing null to parameter #1 ($string) of type string is deprecated in APPPATH/Views/service_list.php on line 10.
 1 APPPATH/Views/service_list.php(10): addslashes(null)
 2 SYSTEMPATH/View/View.php(224): include('/home/u810214334/domains/embellish-beauty.co.uk/public_html/app/Views/service_list.php')
 3 SYSTEMPATH/View/View.php(227): CodeIgniter\View\View->CodeIgniter\View\{closure}()
 4 SYSTEMPATH/Common.php(1173): CodeIgniter\View\View->render('service_list', [], true)
 5 APPPATH/Controllers/Home.php(129): view('service_list', [...])
 6 SYSTEMPATH/CodeIgniter.php(933): App\Controllers\Home->fetch_services()
 7 SYSTEMPATH/CodeIgniter.php(507): CodeIgniter\CodeIgniter->runController(Object(App\Controllers\Home))
 8 SYSTEMPATH/CodeIgniter.php(354): CodeIgniter\CodeIgniter->handleRequest(null, Object(Config\Cache), false)
 9 SYSTEMPATH/Boot.php(334): CodeIgniter\CodeIgniter->run()
10 SYSTEMPATH/Boot.php(67): CodeIgniter\Boot::runCodeIgniter(Object(CodeIgniter\CodeIgniter))
11 FCPATH/index.php(27): CodeIgniter\Boot::bootWeb(Object(Config\Paths))
WARNING - 2025-09-30 08:46:10 --> [DEPRECATED] addslashes(): Passing null to parameter #1 ($string) of type string is deprecated in APPPATH/Views/service_list.php on line 10.
 1 APPPATH/Views/service_list.php(10): addslashes(null)
 2 SYSTEMPATH/View/View.php(224): include('/home/u810214334/domains/embellish-beauty.co.uk/public_html/app/Views/service_list.php')
 3 SYSTEMPATH/View/View.php(227): CodeIgniter\View\View->CodeIgniter\View\{closure}()
 4 SYSTEMPATH/Common.php(1173): CodeIgniter\View\View->render('service_list', [], true)
 5 APPPATH/Controllers/Home.php(129): view('service_list', [...])
 6 SYSTEMPATH/CodeIgniter.php(933): App\Controllers\Home->fetch_services()
 7 SYSTEMPATH/CodeIgniter.php(507): CodeIgniter\CodeIgniter->runController(Object(App\Controllers\Home))
 8 SYSTEMPATH/CodeIgniter.php(354): CodeIgniter\CodeIgniter->handleRequest(null, Object(Config\Cache), false)
 9 SYSTEMPATH/Boot.php(334): CodeIgniter\CodeIgniter->run()
10 SYSTEMPATH/Boot.php(67): CodeIgniter\Boot::runCodeIgniter(Object(CodeIgniter\CodeIgniter))
11 FCPATH/index.php(27): CodeIgniter\Boot::bootWeb(Object(Config\Paths))
WARNING - 2025-09-30 08:46:10 --> [DEPRECATED] addslashes(): Passing null to parameter #1 ($string) of type string is deprecated in APPPATH/Views/service_list.php on line 10.
 1 APPPATH/Views/service_list.php(10): addslashes(null)
 2 SYSTEMPATH/View/View.php(224): include('/home/u810214334/domains/embellish-beauty.co.uk/public_html/app/Views/service_list.php')
 3 SYSTEMPATH/View/View.php(227): CodeIgniter\View\View->CodeIgniter\View\{closure}()
 4 SYSTEMPATH/Common.php(1173): CodeIgniter\View\View->render('service_list', [], true)
 5 APPPATH/Controllers/Home.php(129): view('service_list', [...])
 6 SYSTEMPATH/CodeIgniter.php(933): App\Controllers\Home->fetch_services()
 7 SYSTEMPATH/CodeIgniter.php(507): CodeIgniter\CodeIgniter->runController(Object(App\Controllers\Home))
 8 SYSTEMPATH/CodeIgniter.php(354): CodeIgniter\CodeIgniter->handleRequest(null, Object(Config\Cache), false)
 9 SYSTEMPATH/Boot.php(334): CodeIgniter\CodeIgniter->run()
10 SYSTEMPATH/Boot.php(67): CodeIgniter\Boot::runCodeIgniter(Object(CodeIgniter\CodeIgniter))
11 FCPATH/index.php(27): CodeIgniter\Boot::bootWeb(Object(Config\Paths))
DEBUG - 2025-09-30 08:46:13 --> Session: Class initialized using 'CodeIgniter\Session\Handlers\FileHandler' driver.
WARNING - 2025-09-30 08:46:13 --> [DEPRECATED] addslashes(): Passing null to parameter #1 ($string) of type string is deprecated in APPPATH/Views/service_list.php on line 10.
 1 APPPATH/Views/service_list.php(10): addslashes(null)
 2 SYSTEMPATH/View/View.php(224): include('/home/u810214334/domains/embellish-beauty.co.uk/public_html/app/Views/service_list.php')
 3 SYSTEMPATH/View/View.php(227): CodeIgniter\View\View->CodeIgniter\View\{closure}()
 4 SYSTEMPATH/Common.php(1173): CodeIgniter\View\View->render('service_list', [], true)
 5 APPPATH/Controllers/Home.php(129): view('service_list', [...])
 6 SYSTEMPATH/CodeIgniter.php(933): App\Controllers\Home->fetch_services()
 7 SYSTEMPATH/CodeIgniter.php(507): CodeIgniter\CodeIgniter->runController(Object(App\Controllers\Home))
 8 SYSTEMPATH/CodeIgniter.php(354): CodeIgniter\CodeIgniter->handleRequest(null, Object(Config\Cache), false)
 9 SYSTEMPATH/Boot.php(334): CodeIgniter\CodeIgniter->run()
10 SYSTEMPATH/Boot.php(67): CodeIgniter\Boot::runCodeIgniter(Object(CodeIgniter\CodeIgniter))
11 FCPATH/index.php(27): CodeIgniter\Boot::bootWeb(Object(Config\Paths))
WARNING - 2025-09-30 08:46:13 --> [DEPRECATED] addslashes(): Passing null to parameter #1 ($string) of type string is deprecated in APPPATH/Views/service_list.php on line 10.
 1 APPPATH/Views/service_list.php(10): addslashes(null)
 2 SYSTEMPATH/View/View.php(224): include('/home/u810214334/domains/embellish-beauty.co.uk/public_html/app/Views/service_list.php')
 3 SYSTEMPATH/View/View.php(227): CodeIgniter\View\View->CodeIgniter\View\{closure}()
 4 SYSTEMPATH/Common.php(1173): CodeIgniter\View\View->render('service_list', [], true)
 5 APPPATH/Controllers/Home.php(129): view('service_list', [...])
 6 SYSTEMPATH/CodeIgniter.php(933): App\Controllers\Home->fetch_services()
 7 SYSTEMPATH/CodeIgniter.php(507): CodeIgniter\CodeIgniter->runController(Object(App\Controllers\Home))
 8 SYSTEMPATH/CodeIgniter.php(354): CodeIgniter\CodeIgniter->handleRequest(null, Object(Config\Cache), false)
 9 SYSTEMPATH/Boot.php(334): CodeIgniter\CodeIgniter->run()
10 SYSTEMPATH/Boot.php(67): CodeIgniter\Boot::runCodeIgniter(Object(CodeIgniter\CodeIgniter))
11 FCPATH/index.php(27): CodeIgniter\Boot::bootWeb(Object(Config\Paths))
WARNING - 2025-09-30 08:46:13 --> [DEPRECATED] addslashes(): Passing null to parameter #1 ($string) of type string is deprecated in APPPATH/Views/service_list.php on line 10.
 1 APPPATH/Views/service_list.php(10): addslashes(null)
 2 SYSTEMPATH/View/View.php(224): include('/home/u810214334/domains/embellish-beauty.co.uk/public_html/app/Views/service_list.php')
 3 SYSTEMPATH/View/View.php(227): CodeIgniter\View\View->CodeIgniter\View\{closure}()
 4 SYSTEMPATH/Common.php(1173): CodeIgniter\View\View->render('service_list', [], true)
 5 APPPATH/Controllers/Home.php(129): view('service_list', [...])
 6 SYSTEMPATH/CodeIgniter.php(933): App\Controllers\Home->fetch_services()
 7 SYSTEMPATH/CodeIgniter.php(507): CodeIgniter\CodeIgniter->runController(Object(App\Controllers\Home))
 8 SYSTEMPATH/CodeIgniter.php(354): CodeIgniter\CodeIgniter->handleRequest(null, Object(Config\Cache), false)
 9 SYSTEMPATH/Boot.php(334): CodeIgniter\CodeIgniter->run()
10 SYSTEMPATH/Boot.php(67): CodeIgniter\Boot::runCodeIgniter(Object(CodeIgniter\CodeIgniter))
11 FCPATH/index.php(27): CodeIgniter\Boot::bootWeb(Object(Config\Paths))
WARNING - 2025-09-30 08:46:13 --> [DEPRECATED] addslashes(): Passing null to parameter #1 ($string) of type string is deprecated in APPPATH/Views/service_list.php on line 10.
 1 APPPATH/Views/service_list.php(10): addslashes(null)
 2 SYSTEMPATH/View/View.php(224): include('/home/u810214334/domains/embellish-beauty.co.uk/public_html/app/Views/service_list.php')
 3 SYSTEMPATH/View/View.php(227): CodeIgniter\View\View->CodeIgniter\View\{closure}()
 4 SYSTEMPATH/Common.php(1173): CodeIgniter\View\View->render('service_list', [], true)
 5 APPPATH/Controllers/Home.php(129): view('service_list', [...])
 6 SYSTEMPATH/CodeIgniter.php(933): App\Controllers\Home->fetch_services()
 7 SYSTEMPATH/CodeIgniter.php(507): CodeIgniter\CodeIgniter->runController(Object(App\Controllers\Home))
 8 SYSTEMPATH/CodeIgniter.php(354): CodeIgniter\CodeIgniter->handleRequest(null, Object(Config\Cache), false)
 9 SYSTEMPATH/Boot.php(334): CodeIgniter\CodeIgniter->run()
10 SYSTEMPATH/Boot.php(67): CodeIgniter\Boot::runCodeIgniter(Object(CodeIgniter\CodeIgniter))
11 FCPATH/index.php(27): CodeIgniter\Boot::bootWeb(Object(Config\Paths))
WARNING - 2025-09-30 08:46:13 --> [DEPRECATED] addslashes(): Passing null to parameter #1 ($string) of type string is deprecated in APPPATH/Views/service_list.php on line 10.
 1 APPPATH/Views/service_list.php(10): addslashes(null)
 2 SYSTEMPATH/View/View.php(224): include('/home/u810214334/domains/embellish-beauty.co.uk/public_html/app/Views/service_list.php')
 3 SYSTEMPATH/View/View.php(227): CodeIgniter\View\View->CodeIgniter\View\{closure}()
 4 SYSTEMPATH/Common.php(1173): CodeIgniter\View\View->render('service_list', [], true)
 5 APPPATH/Controllers/Home.php(129): view('service_list', [...])
 6 SYSTEMPATH/CodeIgniter.php(933): App\Controllers\Home->fetch_services()
 7 SYSTEMPATH/CodeIgniter.php(507): CodeIgniter\CodeIgniter->runController(Object(App\Controllers\Home))
 8 SYSTEMPATH/CodeIgniter.php(354): CodeIgniter\CodeIgniter->handleRequest(null, Object(Config\Cache), false)
 9 SYSTEMPATH/Boot.php(334): CodeIgniter\CodeIgniter->run()
10 SYSTEMPATH/Boot.php(67): CodeIgniter\Boot::runCodeIgniter(Object(CodeIgniter\CodeIgniter))
11 FCPATH/index.php(27): CodeIgniter\Boot::bootWeb(Object(Config\Paths))
WARNING - 2025-09-30 08:46:13 --> [DEPRECATED] addslashes(): Passing null to parameter #1 ($string) of type string is deprecated in APPPATH/Views/service_list.php on line 10.
 1 APPPATH/Views/service_list.php(10): addslashes(null)
 2 SYSTEMPATH/View/View.php(224): include('/home/u810214334/domains/embellish-beauty.co.uk/public_html/app/Views/service_list.php')
 3 SYSTEMPATH/View/View.php(227): CodeIgniter\View\View->CodeIgniter\View\{closure}()
 4 SYSTEMPATH/Common.php(1173): CodeIgniter\View\View->render('service_list', [], true)
 5 APPPATH/Controllers/Home.php(129): view('service_list', [...])
 6 SYSTEMPATH/CodeIgniter.php(933): App\Controllers\Home->fetch_services()
 7 SYSTEMPATH/CodeIgniter.php(507): CodeIgniter\CodeIgniter->runController(Object(App\Controllers\Home))
 8 SYSTEMPATH/CodeIgniter.php(354): CodeIgniter\CodeIgniter->handleRequest(null, Object(Config\Cache), false)
 9 SYSTEMPATH/Boot.php(334): CodeIgniter\CodeIgniter->run()
10 SYSTEMPATH/Boot.php(67): CodeIgniter\Boot::runCodeIgniter(Object(CodeIgniter\CodeIgniter))
11 FCPATH/index.php(27): CodeIgniter\Boot::bootWeb(Object(Config\Paths))
WARNING - 2025-09-30 08:46:13 --> [DEPRECATED] addslashes(): Passing null to parameter #1 ($string) of type string is deprecated in APPPATH/Views/service_list.php on line 10.
 1 APPPATH/Views/service_list.php(10): addslashes(null)
 2 SYSTEMPATH/View/View.php(224): include('/home/u810214334/domains/embellish-beauty.co.uk/public_html/app/Views/service_list.php')
 3 SYSTEMPATH/View/View.php(227): CodeIgniter\View\View->CodeIgniter\View\{closure}()
 4 SYSTEMPATH/Common.php(1173): CodeIgniter\View\View->render('service_list', [], true)
 5 APPPATH/Controllers/Home.php(129): view('service_list', [...])
 6 SYSTEMPATH/CodeIgniter.php(933): App\Controllers\Home->fetch_services()
 7 SYSTEMPATH/CodeIgniter.php(507): CodeIgniter\CodeIgniter->runController(Object(App\Controllers\Home))
 8 SYSTEMPATH/CodeIgniter.php(354): CodeIgniter\CodeIgniter->handleRequest(null, Object(Config\Cache), false)
 9 SYSTEMPATH/Boot.php(334): CodeIgniter\CodeIgniter->run()
10 SYSTEMPATH/Boot.php(67): CodeIgniter\Boot::runCodeIgniter(Object(CodeIgniter\CodeIgniter))
11 FCPATH/index.php(27): CodeIgniter\Boot::bootWeb(Object(Config\Paths))
WARNING - 2025-09-30 08:46:13 --> [DEPRECATED] addslashes(): Passing null to parameter #1 ($string) of type string is deprecated in APPPATH/Views/service_list.php on line 10.
 1 APPPATH/Views/service_list.php(10): addslashes(null)
 2 SYSTEMPATH/View/View.php(224): include('/home/u810214334/domains/embellish-beauty.co.uk/public_html/app/Views/service_list.php')
 3 SYSTEMPATH/View/View.php(227): CodeIgniter\View\View->CodeIgniter\View\{closure}()
 4 SYSTEMPATH/Common.php(1173): CodeIgniter\View\View->render('service_list', [], true)
 5 APPPATH/Controllers/Home.php(129): view('service_list', [...])
 6 SYSTEMPATH/CodeIgniter.php(933): App\Controllers\Home->fetch_services()
 7 SYSTEMPATH/CodeIgniter.php(507): CodeIgniter\CodeIgniter->runController(Object(App\Controllers\Home))
 8 SYSTEMPATH/CodeIgniter.php(354): CodeIgniter\CodeIgniter->handleRequest(null, Object(Config\Cache), false)
 9 SYSTEMPATH/Boot.php(334): CodeIgniter\CodeIgniter->run()
10 SYSTEMPATH/Boot.php(67): CodeIgniter\Boot::runCodeIgniter(Object(CodeIgniter\CodeIgniter))
11 FCPATH/index.php(27): CodeIgniter\Boot::bootWeb(Object(Config\Paths))
WARNING - 2025-09-30 08:46:13 --> [DEPRECATED] addslashes(): Passing null to parameter #1 ($string) of type string is deprecated in APPPATH/Views/service_list.php on line 10.
 1 APPPATH/Views/service_list.php(10): addslashes(null)
 2 SYSTEMPATH/View/View.php(224): include('/home/u810214334/domains/embellish-beauty.co.uk/public_html/app/Views/service_list.php')
 3 SYSTEMPATH/View/View.php(227): CodeIgniter\View\View->CodeIgniter\View\{closure}()
 4 SYSTEMPATH/Common.php(1173): CodeIgniter\View\View->render('service_list', [], true)
 5 APPPATH/Controllers/Home.php(129): view('service_list', [...])
 6 SYSTEMPATH/CodeIgniter.php(933): App\Controllers\Home->fetch_services()
 7 SYSTEMPATH/CodeIgniter.php(507): CodeIgniter\CodeIgniter->runController(Object(App\Controllers\Home))
 8 SYSTEMPATH/CodeIgniter.php(354): CodeIgniter\CodeIgniter->handleRequest(null, Object(Config\Cache), false)
 9 SYSTEMPATH/Boot.php(334): CodeIgniter\CodeIgniter->run()
10 SYSTEMPATH/Boot.php(67): CodeIgniter\Boot::runCodeIgniter(Object(CodeIgniter\CodeIgniter))
11 FCPATH/index.php(27): CodeIgniter\Boot::bootWeb(Object(Config\Paths))
WARNING - 2025-09-30 08:46:13 --> [DEPRECATED] addslashes(): Passing null to parameter #1 ($string) of type string is deprecated in APPPATH/Views/service_list.php on line 10.
 1 APPPATH/Views/service_list.php(10): addslashes(null)
 2 SYSTEMPATH/View/View.php(224): include('/home/u810214334/domains/embellish-beauty.co.uk/public_html/app/Views/service_list.php')
 3 SYSTEMPATH/View/View.php(227): CodeIgniter\View\View->CodeIgniter\View\{closure}()
 4 SYSTEMPATH/Common.php(1173): CodeIgniter\View\View->render('service_list', [], true)
 5 APPPATH/Controllers/Home.php(129): view('service_list', [...])
 6 SYSTEMPATH/CodeIgniter.php(933): App\Controllers\Home->fetch_services()
 7 SYSTEMPATH/CodeIgniter.php(507): CodeIgniter\CodeIgniter->runController(Object(App\Controllers\Home))
 8 SYSTEMPATH/CodeIgniter.php(354): CodeIgniter\CodeIgniter->handleRequest(null, Object(Config\Cache), false)
 9 SYSTEMPATH/Boot.php(334): CodeIgniter\CodeIgniter->run()
10 SYSTEMPATH/Boot.php(67): CodeIgniter\Boot::runCodeIgniter(Object(CodeIgniter\CodeIgniter))
11 FCPATH/index.php(27): CodeIgniter\Boot::bootWeb(Object(Config\Paths))
WARNING - 2025-09-30 08:46:13 --> [DEPRECATED] addslashes(): Passing null to parameter #1 ($string) of type string is deprecated in APPPATH/Views/service_list.php on line 10.
 1 APPPATH/Views/service_list.php(10): addslashes(null)
 2 SYSTEMPATH/View/View.php(224): include('/home/u810214334/domains/embellish-beauty.co.uk/public_html/app/Views/service_list.php')
 3 SYSTEMPATH/View/View.php(227): CodeIgniter\View\View->CodeIgniter\View\{closure}()
 4 SYSTEMPATH/Common.php(1173): CodeIgniter\View\View->render('service_list', [], true)
 5 APPPATH/Controllers/Home.php(129): view('service_list', [...])
 6 SYSTEMPATH/CodeIgniter.php(933): App\Controllers\Home->fetch_services()
 7 SYSTEMPATH/CodeIgniter.php(507): CodeIgniter\CodeIgniter->runController(Object(App\Controllers\Home))
 8 SYSTEMPATH/CodeIgniter.php(354): CodeIgniter\CodeIgniter->handleRequest(null, Object(Config\Cache), false)
 9 SYSTEMPATH/Boot.php(334): CodeIgniter\CodeIgniter->run()
10 SYSTEMPATH/Boot.php(67): CodeIgniter\Boot::runCodeIgniter(Object(CodeIgniter\CodeIgniter))
11 FCPATH/index.php(27): CodeIgniter\Boot::bootWeb(Object(Config\Paths))
WARNING - 2025-09-30 08:46:13 --> [DEPRECATED] addslashes(): Passing null to parameter #1 ($string) of type string is deprecated in APPPATH/Views/service_list.php on line 10.
 1 APPPATH/Views/service_list.php(10): addslashes(null)
 2 SYSTEMPATH/View/View.php(224): include('/home/u810214334/domains/embellish-beauty.co.uk/public_html/app/Views/service_list.php')
 3 SYSTEMPATH/View/View.php(227): CodeIgniter\View\View->CodeIgniter\View\{closure}()
 4 SYSTEMPATH/Common.php(1173): CodeIgniter\View\View->render('service_list', [], true)
 5 APPPATH/Controllers/Home.php(129): view('service_list', [...])
 6 SYSTEMPATH/CodeIgniter.php(933): App\Controllers\Home->fetch_services()
 7 SYSTEMPATH/CodeIgniter.php(507): CodeIgniter\CodeIgniter->runController(Object(App\Controllers\Home))
 8 SYSTEMPATH/CodeIgniter.php(354): CodeIgniter\CodeIgniter->handleRequest(null, Object(Config\Cache), false)
 9 SYSTEMPATH/Boot.php(334): CodeIgniter\CodeIgniter->run()
10 SYSTEMPATH/Boot.php(67): CodeIgniter\Boot::runCodeIgniter(Object(CodeIgniter\CodeIgniter))
11 FCPATH/index.php(27): CodeIgniter\Boot::bootWeb(Object(Config\Paths))
WARNING - 2025-09-30 08:46:13 --> [DEPRECATED] addslashes(): Passing null to parameter #1 ($string) of type string is deprecated in APPPATH/Views/service_list.php on line 10.
 1 APPPATH/Views/service_list.php(10): addslashes(null)
 2 SYSTEMPATH/View/View.php(224): include('/home/u810214334/domains/embellish-beauty.co.uk/public_html/app/Views/service_list.php')
 3 SYSTEMPATH/View/View.php(227): CodeIgniter\View\View->CodeIgniter\View\{closure}()
 4 SYSTEMPATH/Common.php(1173): CodeIgniter\View\View->render('service_list', [], true)
 5 APPPATH/Controllers/Home.php(129): view('service_list', [...])
 6 SYSTEMPATH/CodeIgniter.php(933): App\Controllers\Home->fetch_services()
 7 SYSTEMPATH/CodeIgniter.php(507): CodeIgniter\CodeIgniter->runController(Object(App\Controllers\Home))
 8 SYSTEMPATH/CodeIgniter.php(354): CodeIgniter\CodeIgniter->handleRequest(null, Object(Config\Cache), false)
 9 SYSTEMPATH/Boot.php(334): CodeIgniter\CodeIgniter->run()
10 SYSTEMPATH/Boot.php(67): CodeIgniter\Boot::runCodeIgniter(Object(CodeIgniter\CodeIgniter))
11 FCPATH/index.php(27): CodeIgniter\Boot::bootWeb(Object(Config\Paths))
WARNING - 2025-09-30 08:46:13 --> [DEPRECATED] addslashes(): Passing null to parameter #1 ($string) of type string is deprecated in APPPATH/Views/service_list.php on line 10.
 1 APPPATH/Views/service_list.php(10): addslashes(null)
 2 SYSTEMPATH/View/View.php(224): include('/home/u810214334/domains/embellish-beauty.co.uk/public_html/app/Views/service_list.php')
 3 SYSTEMPATH/View/View.php(227): CodeIgniter\View\View->CodeIgniter\View\{closure}()
 4 SYSTEMPATH/Common.php(1173): CodeIgniter\View\View->render('service_list', [], true)
 5 APPPATH/Controllers/Home.php(129): view('service_list', [...])
 6 SYSTEMPATH/CodeIgniter.php(933): App\Controllers\Home->fetch_services()
 7 SYSTEMPATH/CodeIgniter.php(507): CodeIgniter\CodeIgniter->runController(Object(App\Controllers\Home))
 8 SYSTEMPATH/CodeIgniter.php(354): CodeIgniter\CodeIgniter->handleRequest(null, Object(Config\Cache), false)
 9 SYSTEMPATH/Boot.php(334): CodeIgniter\CodeIgniter->run()
10 SYSTEMPATH/Boot.php(67): CodeIgniter\Boot::runCodeIgniter(Object(CodeIgniter\CodeIgniter))
11 FCPATH/index.php(27): CodeIgniter\Boot::bootWeb(Object(Config\Paths))
WARNING - 2025-09-30 08:46:13 --> [DEPRECATED] addslashes(): Passing null to parameter #1 ($string) of type string is deprecated in APPPATH/Views/service_list.php on line 10.
 1 APPPATH/Views/service_list.php(10): addslashes(null)
 2 SYSTEMPATH/View/View.php(224): include('/home/u810214334/domains/embellish-beauty.co.uk/public_html/app/Views/service_list.php')
 3 SYSTEMPATH/View/View.php(227): CodeIgniter\View\View->CodeIgniter\View\{closure}()
 4 SYSTEMPATH/Common.php(1173): CodeIgniter\View\View->render('service_list', [], true)
 5 APPPATH/Controllers/Home.php(129): view('service_list', [...])
 6 SYSTEMPATH/CodeIgniter.php(933): App\Controllers\Home->fetch_services()
 7 SYSTEMPATH/CodeIgniter.php(507): CodeIgniter\CodeIgniter->runController(Object(App\Controllers\Home))
 8 SYSTEMPATH/CodeIgniter.php(354): CodeIgniter\CodeIgniter->handleRequest(null, Object(Config\Cache), false)
 9 SYSTEMPATH/Boot.php(334): CodeIgniter\CodeIgniter->run()
10 SYSTEMPATH/Boot.php(67): CodeIgniter\Boot::runCodeIgniter(Object(CodeIgniter\CodeIgniter))
11 FCPATH/index.php(27): CodeIgniter\Boot::bootWeb(Object(Config\Paths))
WARNING - 2025-09-30 08:46:13 --> [DEPRECATED] addslashes(): Passing null to parameter #1 ($string) of type string is deprecated in APPPATH/Views/service_list.php on line 10.
 1 APPPATH/Views/service_list.php(10): addslashes(null)
 2 SYSTEMPATH/View/View.php(224): include('/home/u810214334/domains/embellish-beauty.co.uk/public_html/app/Views/service_list.php')
 3 SYSTEMPATH/View/View.php(227): CodeIgniter\View\View->CodeIgniter\View\{closure}()
 4 SYSTEMPATH/Common.php(1173): CodeIgniter\View\View->render('service_list', [], true)
 5 APPPATH/Controllers/Home.php(129): view('service_list', [...])
 6 SYSTEMPATH/CodeIgniter.php(933): App\Controllers\Home->fetch_services()
 7 SYSTEMPATH/CodeIgniter.php(507): CodeIgniter\CodeIgniter->runController(Object(App\Controllers\Home))
 8 SYSTEMPATH/CodeIgniter.php(354): CodeIgniter\CodeIgniter->handleRequest(null, Object(Config\Cache), false)
 9 SYSTEMPATH/Boot.php(334): CodeIgniter\CodeIgniter->run()
10 SYSTEMPATH/Boot.php(67): CodeIgniter\Boot::runCodeIgniter(Object(CodeIgniter\CodeIgniter))
11 FCPATH/index.php(27): CodeIgniter\Boot::bootWeb(Object(Config\Paths))
WARNING - 2025-09-30 08:46:13 --> [DEPRECATED] addslashes(): Passing null to parameter #1 ($string) of type string is deprecated in APPPATH/Views/service_list.php on line 10.
 1 APPPATH/Views/service_list.php(10): addslashes(null)
 2 SYSTEMPATH/View/View.php(224): include('/home/u810214334/domains/embellish-beauty.co.uk/public_html/app/Views/service_list.php')
 3 SYSTEMPATH/View/View.php(227): CodeIgniter\View\View->CodeIgniter\View\{closure}()
 4 SYSTEMPATH/Common.php(1173): CodeIgniter\View\View->render('service_list', [], true)
 5 APPPATH/Controllers/Home.php(129): view('service_list', [...])
 6 SYSTEMPATH/CodeIgniter.php(933): App\Controllers\Home->fetch_services()
 7 SYSTEMPATH/CodeIgniter.php(507): CodeIgniter\CodeIgniter->runController(Object(App\Controllers\Home))
 8 SYSTEMPATH/CodeIgniter.php(354): CodeIgniter\CodeIgniter->handleRequest(null, Object(Config\Cache), false)
 9 SYSTEMPATH/Boot.php(334): CodeIgniter\CodeIgniter->run()
10 SYSTEMPATH/Boot.php(67): CodeIgniter\Boot::runCodeIgniter(Object(CodeIgniter\CodeIgniter))
11 FCPATH/index.php(27): CodeIgniter\Boot::bootWeb(Object(Config\Paths))
WARNING - 2025-09-30 08:46:13 --> [DEPRECATED] addslashes(): Passing null to parameter #1 ($string) of type string is deprecated in APPPATH/Views/service_list.php on line 10.
 1 APPPATH/Views/service_list.php(10): addslashes(null)
 2 SYSTEMPATH/View/View.php(224): include('/home/u810214334/domains/embellish-beauty.co.uk/public_html/app/Views/service_list.php')
 3 SYSTEMPATH/View/View.php(227): CodeIgniter\View\View->CodeIgniter\View\{closure}()
 4 SYSTEMPATH/Common.php(1173): CodeIgniter\View\View->render('service_list', [], true)
 5 APPPATH/Controllers/Home.php(129): view('service_list', [...])
 6 SYSTEMPATH/CodeIgniter.php(933): App\Controllers\Home->fetch_services()
 7 SYSTEMPATH/CodeIgniter.php(507): CodeIgniter\CodeIgniter->runController(Object(App\Controllers\Home))
 8 SYSTEMPATH/CodeIgniter.php(354): CodeIgniter\CodeIgniter->handleRequest(null, Object(Config\Cache), false)
 9 SYSTEMPATH/Boot.php(334): CodeIgniter\CodeIgniter->run()
10 SYSTEMPATH/Boot.php(67): CodeIgniter\Boot::runCodeIgniter(Object(CodeIgniter\CodeIgniter))
11 FCPATH/index.php(27): CodeIgniter\Boot::bootWeb(Object(Config\Paths))
WARNING - 2025-09-30 08:46:13 --> [DEPRECATED] addslashes(): Passing null to parameter #1 ($string) of type string is deprecated in APPPATH/Views/service_list.php on line 10.
 1 APPPATH/Views/service_list.php(10): addslashes(null)
 2 SYSTEMPATH/View/View.php(224): include('/home/u810214334/domains/embellish-beauty.co.uk/public_html/app/Views/service_list.php')
 3 SYSTEMPATH/View/View.php(227): CodeIgniter\View\View->CodeIgniter\View\{closure}()
 4 SYSTEMPATH/Common.php(1173): CodeIgniter\View\View->render('service_list', [], true)
 5 APPPATH/Controllers/Home.php(129): view('service_list', [...])
 6 SYSTEMPATH/CodeIgniter.php(933): App\Controllers\Home->fetch_services()
 7 SYSTEMPATH/CodeIgniter.php(507): CodeIgniter\CodeIgniter->runController(Object(App\Controllers\Home))
 8 SYSTEMPATH/CodeIgniter.php(354): CodeIgniter\CodeIgniter->handleRequest(null, Object(Config\Cache), false)
 9 SYSTEMPATH/Boot.php(334): CodeIgniter\CodeIgniter->run()
10 SYSTEMPATH/Boot.php(67): CodeIgniter\Boot::runCodeIgniter(Object(CodeIgniter\CodeIgniter))
11 FCPATH/index.php(27): CodeIgniter\Boot::bootWeb(Object(Config\Paths))
WARNING - 2025-09-30 08:46:13 --> [DEPRECATED] addslashes(): Passing null to parameter #1 ($string) of type string is deprecated in APPPATH/Views/service_list.php on line 10.
 1 APPPATH/Views/service_list.php(10): addslashes(null)
 2 SYSTEMPATH/View/View.php(224): include('/home/u810214334/domains/embellish-beauty.co.uk/public_html/app/Views/service_list.php')
 3 SYSTEMPATH/View/View.php(227): CodeIgniter\View\View->CodeIgniter\View\{closure}()
 4 SYSTEMPATH/Common.php(1173): CodeIgniter\View\View->render('service_list', [], true)
 5 APPPATH/Controllers/Home.php(129): view('service_list', [...])
 6 SYSTEMPATH/CodeIgniter.php(933): App\Controllers\Home->fetch_services()
 7 SYSTEMPATH/CodeIgniter.php(507): CodeIgniter\CodeIgniter->runController(Object(App\Controllers\Home))
 8 SYSTEMPATH/CodeIgniter.php(354): CodeIgniter\CodeIgniter->handleRequest(null, Object(Config\Cache), false)
 9 SYSTEMPATH/Boot.php(334): CodeIgniter\CodeIgniter->run()
10 SYSTEMPATH/Boot.php(67): CodeIgniter\Boot::runCodeIgniter(Object(CodeIgniter\CodeIgniter))
11 FCPATH/index.php(27): CodeIgniter\Boot::bootWeb(Object(Config\Paths))
WARNING - 2025-09-30 08:46:13 --> [DEPRECATED] addslashes(): Passing null to parameter #1 ($string) of type string is deprecated in APPPATH/Views/service_list.php on line 10.
 1 APPPATH/Views/service_list.php(10): addslashes(null)
 2 SYSTEMPATH/View/View.php(224): include('/home/u810214334/domains/embellish-beauty.co.uk/public_html/app/Views/service_list.php')
 3 SYSTEMPATH/View/View.php(227): CodeIgniter\View\View->CodeIgniter\View\{closure}()
 4 SYSTEMPATH/Common.php(1173): CodeIgniter\View\View->render('service_list', [], true)
 5 APPPATH/Controllers/Home.php(129): view('service_list', [...])
 6 SYSTEMPATH/CodeIgniter.php(933): App\Controllers\Home->fetch_services()
 7 SYSTEMPATH/CodeIgniter.php(507): CodeIgniter\CodeIgniter->runController(Object(App\Controllers\Home))
 8 SYSTEMPATH/CodeIgniter.php(354): CodeIgniter\CodeIgniter->handleRequest(null, Object(Config\Cache), false)
 9 SYSTEMPATH/Boot.php(334): CodeIgniter\CodeIgniter->run()
10 SYSTEMPATH/Boot.php(67): CodeIgniter\Boot::runCodeIgniter(Object(CodeIgniter\CodeIgniter))
11 FCPATH/index.php(27): CodeIgniter\Boot::bootWeb(Object(Config\Paths))
WARNING - 2025-09-30 08:46:13 --> [DEPRECATED] addslashes(): Passing null to parameter #1 ($string) of type string is deprecated in APPPATH/Views/service_list.php on line 10.
 1 APPPATH/Views/service_list.php(10): addslashes(null)
 2 SYSTEMPATH/View/View.php(224): include('/home/u810214334/domains/embellish-beauty.co.uk/public_html/app/Views/service_list.php')
 3 SYSTEMPATH/View/View.php(227): CodeIgniter\View\View->CodeIgniter\View\{closure}()
 4 SYSTEMPATH/Common.php(1173): CodeIgniter\View\View->render('service_list', [], true)
 5 APPPATH/Controllers/Home.php(129): view('service_list', [...])
 6 SYSTEMPATH/CodeIgniter.php(933): App\Controllers\Home->fetch_services()
 7 SYSTEMPATH/CodeIgniter.php(507): CodeIgniter\CodeIgniter->runController(Object(App\Controllers\Home))
 8 SYSTEMPATH/CodeIgniter.php(354): CodeIgniter\CodeIgniter->handleRequest(null, Object(Config\Cache), false)
 9 SYSTEMPATH/Boot.php(334): CodeIgniter\CodeIgniter->run()
10 SYSTEMPATH/Boot.php(67): CodeIgniter\Boot::runCodeIgniter(Object(CodeIgniter\CodeIgniter))
11 FCPATH/index.php(27): CodeIgniter\Boot::bootWeb(Object(Config\Paths))
WARNING - 2025-09-30 08:46:13 --> [DEPRECATED] addslashes(): Passing null to parameter #1 ($string) of type string is deprecated in APPPATH/Views/service_list.php on line 10.
 1 APPPATH/Views/service_list.php(10): addslashes(null)
 2 SYSTEMPATH/View/View.php(224): include('/home/u810214334/domains/embellish-beauty.co.uk/public_html/app/Views/service_list.php')
 3 SYSTEMPATH/View/View.php(227): CodeIgniter\View\View->CodeIgniter\View\{closure}()
 4 SYSTEMPATH/Common.php(1173): CodeIgniter\View\View->render('service_list', [], true)
 5 APPPATH/Controllers/Home.php(129): view('service_list', [...])
 6 SYSTEMPATH/CodeIgniter.php(933): App\Controllers\Home->fetch_services()
 7 SYSTEMPATH/CodeIgniter.php(507): CodeIgniter\CodeIgniter->runController(Object(App\Controllers\Home))
 8 SYSTEMPATH/CodeIgniter.php(354): CodeIgniter\CodeIgniter->handleRequest(null, Object(Config\Cache), false)
 9 SYSTEMPATH/Boot.php(334): CodeIgniter\CodeIgniter->run()
10 SYSTEMPATH/Boot.php(67): CodeIgniter\Boot::runCodeIgniter(Object(CodeIgniter\CodeIgniter))
11 FCPATH/index.php(27): CodeIgniter\Boot::bootWeb(Object(Config\Paths))
WARNING - 2025-09-30 08:46:13 --> [DEPRECATED] addslashes(): Passing null to parameter #1 ($string) of type string is deprecated in APPPATH/Views/service_list.php on line 10.
 1 APPPATH/Views/service_list.php(10): addslashes(null)
 2 SYSTEMPATH/View/View.php(224): include('/home/u810214334/domains/embellish-beauty.co.uk/public_html/app/Views/service_list.php')
 3 SYSTEMPATH/View/View.php(227): CodeIgniter\View\View->CodeIgniter\View\{closure}()
 4 SYSTEMPATH/Common.php(1173): CodeIgniter\View\View->render('service_list', [], true)
 5 APPPATH/Controllers/Home.php(129): view('service_list', [...])
 6 SYSTEMPATH/CodeIgniter.php(933): App\Controllers\Home->fetch_services()
 7 SYSTEMPATH/CodeIgniter.php(507): CodeIgniter\CodeIgniter->runController(Object(App\Controllers\Home))
 8 SYSTEMPATH/CodeIgniter.php(354): CodeIgniter\CodeIgniter->handleRequest(null, Object(Config\Cache), false)
 9 SYSTEMPATH/Boot.php(334): CodeIgniter\CodeIgniter->run()
10 SYSTEMPATH/Boot.php(67): CodeIgniter\Boot::runCodeIgniter(Object(CodeIgniter\CodeIgniter))
11 FCPATH/index.php(27): CodeIgniter\Boot::bootWeb(Object(Config\Paths))
WARNING - 2025-09-30 08:46:13 --> [DEPRECATED] addslashes(): Passing null to parameter #1 ($string) of type string is deprecated in APPPATH/Views/service_list.php on line 10.
 1 APPPATH/Views/service_list.php(10): addslashes(null)
 2 SYSTEMPATH/View/View.php(224): include('/home/u810214334/domains/embellish-beauty.co.uk/public_html/app/Views/service_list.php')
 3 SYSTEMPATH/View/View.php(227): CodeIgniter\View\View->CodeIgniter\View\{closure}()
 4 SYSTEMPATH/Common.php(1173): CodeIgniter\View\View->render('service_list', [], true)
 5 APPPATH/Controllers/Home.php(129): view('service_list', [...])
 6 SYSTEMPATH/CodeIgniter.php(933): App\Controllers\Home->fetch_services()
 7 SYSTEMPATH/CodeIgniter.php(507): CodeIgniter\CodeIgniter->runController(Object(App\Controllers\Home))
 8 SYSTEMPATH/CodeIgniter.php(354): CodeIgniter\CodeIgniter->handleRequest(null, Object(Config\Cache), false)
 9 SYSTEMPATH/Boot.php(334): CodeIgniter\CodeIgniter->run()
10 SYSTEMPATH/Boot.php(67): CodeIgniter\Boot::runCodeIgniter(Object(CodeIgniter\CodeIgniter))
11 FCPATH/index.php(27): CodeIgniter\Boot::bootWeb(Object(Config\Paths))
WARNING - 2025-09-30 08:46:13 --> [DEPRECATED] addslashes(): Passing null to parameter #1 ($string) of type string is deprecated in APPPATH/Views/service_list.php on line 10.
 1 APPPATH/Views/service_list.php(10): addslashes(null)
 2 SYSTEMPATH/View/View.php(224): include('/home/u810214334/domains/embellish-beauty.co.uk/public_html/app/Views/service_list.php')
 3 SYSTEMPATH/View/View.php(227): CodeIgniter\View\View->CodeIgniter\View\{closure}()
 4 SYSTEMPATH/Common.php(1173): CodeIgniter\View\View->render('service_list', [], true)
 5 APPPATH/Controllers/Home.php(129): view('service_list', [...])
 6 SYSTEMPATH/CodeIgniter.php(933): App\Controllers\Home->fetch_services()
 7 SYSTEMPATH/CodeIgniter.php(507): CodeIgniter\CodeIgniter->runController(Object(App\Controllers\Home))
 8 SYSTEMPATH/CodeIgniter.php(354): CodeIgniter\CodeIgniter->handleRequest(null, Object(Config\Cache), false)
 9 SYSTEMPATH/Boot.php(334): CodeIgniter\CodeIgniter->run()
10 SYSTEMPATH/Boot.php(67): CodeIgniter\Boot::runCodeIgniter(Object(CodeIgniter\CodeIgniter))
11 FCPATH/index.php(27): CodeIgniter\Boot::bootWeb(Object(Config\Paths))
WARNING - 2025-09-30 08:46:13 --> [DEPRECATED] addslashes(): Passing null to parameter #1 ($string) of type string is deprecated in APPPATH/Views/service_list.php on line 10.
 1 APPPATH/Views/service_list.php(10): addslashes(null)
 2 SYSTEMPATH/View/View.php(224): include('/home/u810214334/domains/embellish-beauty.co.uk/public_html/app/Views/service_list.php')
 3 SYSTEMPATH/View/View.php(227): CodeIgniter\View\View->CodeIgniter\View\{closure}()
 4 SYSTEMPATH/Common.php(1173): CodeIgniter\View\View->render('service_list', [], true)
 5 APPPATH/Controllers/Home.php(129): view('service_list', [...])
 6 SYSTEMPATH/CodeIgniter.php(933): App\Controllers\Home->fetch_services()
 7 SYSTEMPATH/CodeIgniter.php(507): CodeIgniter\CodeIgniter->runController(Object(App\Controllers\Home))
 8 SYSTEMPATH/CodeIgniter.php(354): CodeIgniter\CodeIgniter->handleRequest(null, Object(Config\Cache), false)
 9 SYSTEMPATH/Boot.php(334): CodeIgniter\CodeIgniter->run()
10 SYSTEMPATH/Boot.php(67): CodeIgniter\Boot::runCodeIgniter(Object(CodeIgniter\CodeIgniter))
11 FCPATH/index.php(27): CodeIgniter\Boot::bootWeb(Object(Config\Paths))
WARNING - 2025-09-30 08:46:13 --> [DEPRECATED] addslashes(): Passing null to parameter #1 ($string) of type string is deprecated in APPPATH/Views/service_list.php on line 10.
 1 APPPATH/Views/service_list.php(10): addslashes(null)
 2 SYSTEMPATH/View/View.php(224): include('/home/u810214334/domains/embellish-beauty.co.uk/public_html/app/Views/service_list.php')
 3 SYSTEMPATH/View/View.php(227): CodeIgniter\View\View->CodeIgniter\View\{closure}()
 4 SYSTEMPATH/Common.php(1173): CodeIgniter\View\View->render('service_list', [], true)
 5 APPPATH/Controllers/Home.php(129): view('service_list', [...])
 6 SYSTEMPATH/CodeIgniter.php(933): App\Controllers\Home->fetch_services()
 7 SYSTEMPATH/CodeIgniter.php(507): CodeIgniter\CodeIgniter->runController(Object(App\Controllers\Home))
 8 SYSTEMPATH/CodeIgniter.php(354): CodeIgniter\CodeIgniter->handleRequest(null, Object(Config\Cache), false)
 9 SYSTEMPATH/Boot.php(334): CodeIgniter\CodeIgniter->run()
10 SYSTEMPATH/Boot.php(67): CodeIgniter\Boot::runCodeIgniter(Object(CodeIgniter\CodeIgniter))
11 FCPATH/index.php(27): CodeIgniter\Boot::bootWeb(Object(Config\Paths))
WARNING - 2025-09-30 08:46:13 --> [DEPRECATED] addslashes(): Passing null to parameter #1 ($string) of type string is deprecated in APPPATH/Views/service_list.php on line 10.
 1 APPPATH/Views/service_list.php(10): addslashes(null)
 2 SYSTEMPATH/View/View.php(224): include('/home/u810214334/domains/embellish-beauty.co.uk/public_html/app/Views/service_list.php')
 3 SYSTEMPATH/View/View.php(227): CodeIgniter\View\View->CodeIgniter\View\{closure}()
 4 SYSTEMPATH/Common.php(1173): CodeIgniter\View\View->render('service_list', [], true)
 5 APPPATH/Controllers/Home.php(129): view('service_list', [...])
 6 SYSTEMPATH/CodeIgniter.php(933): App\Controllers\Home->fetch_services()
 7 SYSTEMPATH/CodeIgniter.php(507): CodeIgniter\CodeIgniter->runController(Object(App\Controllers\Home))
 8 SYSTEMPATH/CodeIgniter.php(354): CodeIgniter\CodeIgniter->handleRequest(null, Object(Config\Cache), false)
 9 SYSTEMPATH/Boot.php(334): CodeIgniter\CodeIgniter->run()
10 SYSTEMPATH/Boot.php(67): CodeIgniter\Boot::runCodeIgniter(Object(CodeIgniter\CodeIgniter))
11 FCPATH/index.php(27): CodeIgniter\Boot::bootWeb(Object(Config\Paths))
DEBUG - 2025-09-30 08:46:16 --> Session: Class initialized using 'CodeIgniter\Session\Handlers\FileHandler' driver.
WARNING - 2025-09-30 08:46:16 --> [DEPRECATED] addslashes(): Passing null to parameter #1 ($string) of type string is deprecated in APPPATH/Views/service_list.php on line 10.
 1 APPPATH/Views/service_list.php(10): addslashes(null)
 2 SYSTEMPATH/View/View.php(224): include('/home/u810214334/domains/embellish-beauty.co.uk/public_html/app/Views/service_list.php')
 3 SYSTEMPATH/View/View.php(227): CodeIgniter\View\View->CodeIgniter\View\{closure}()
 4 SYSTEMPATH/Common.php(1173): CodeIgniter\View\View->render('service_list', [], true)
 5 APPPATH/Controllers/Home.php(129): view('service_list', [...])
 6 SYSTEMPATH/CodeIgniter.php(933): App\Controllers\Home->fetch_services()
 7 SYSTEMPATH/CodeIgniter.php(507): CodeIgniter\CodeIgniter->runController(Object(App\Controllers\Home))
 8 SYSTEMPATH/CodeIgniter.php(354): CodeIgniter\CodeIgniter->handleRequest(null, Object(Config\Cache), false)
 9 SYSTEMPATH/Boot.php(334): CodeIgniter\CodeIgniter->run()
10 SYSTEMPATH/Boot.php(67): CodeIgniter\Boot::runCodeIgniter(Object(CodeIgniter\CodeIgniter))
11 FCPATH/index.php(27): CodeIgniter\Boot::bootWeb(Object(Config\Paths))
WARNING - 2025-09-30 08:46:16 --> [DEPRECATED] addslashes(): Passing null to parameter #1 ($string) of type string is deprecated in APPPATH/Views/service_list.php on line 10.
 1 APPPATH/Views/service_list.php(10): addslashes(null)
 2 SYSTEMPATH/View/View.php(224): include('/home/u810214334/domains/embellish-beauty.co.uk/public_html/app/Views/service_list.php')
 3 SYSTEMPATH/View/View.php(227): CodeIgniter\View\View->CodeIgniter\View\{closure}()
 4 SYSTEMPATH/Common.php(1173): CodeIgniter\View\View->render('service_list', [], true)
 5 APPPATH/Controllers/Home.php(129): view('service_list', [...])
 6 SYSTEMPATH/CodeIgniter.php(933): App\Controllers\Home->fetch_services()
 7 SYSTEMPATH/CodeIgniter.php(507): CodeIgniter\CodeIgniter->runController(Object(App\Controllers\Home))
 8 SYSTEMPATH/CodeIgniter.php(354): CodeIgniter\CodeIgniter->handleRequest(null, Object(Config\Cache), false)
 9 SYSTEMPATH/Boot.php(334): CodeIgniter\CodeIgniter->run()
10 SYSTEMPATH/Boot.php(67): CodeIgniter\Boot::runCodeIgniter(Object(CodeIgniter\CodeIgniter))
11 FCPATH/index.php(27): CodeIgniter\Boot::bootWeb(Object(Config\Paths))
WARNING - 2025-09-30 08:46:16 --> [DEPRECATED] addslashes(): Passing null to parameter #1 ($string) of type string is deprecated in APPPATH/Views/service_list.php on line 10.
 1 APPPATH/Views/service_list.php(10): addslashes(null)
 2 SYSTEMPATH/View/View.php(224): include('/home/u810214334/domains/embellish-beauty.co.uk/public_html/app/Views/service_list.php')
 3 SYSTEMPATH/View/View.php(227): CodeIgniter\View\View->CodeIgniter\View\{closure}()
 4 SYSTEMPATH/Common.php(1173): CodeIgniter\View\View->render('service_list', [], true)
 5 APPPATH/Controllers/Home.php(129): view('service_list', [...])
 6 SYSTEMPATH/CodeIgniter.php(933): App\Controllers\Home->fetch_services()
 7 SYSTEMPATH/CodeIgniter.php(507): CodeIgniter\CodeIgniter->runController(Object(App\Controllers\Home))
 8 SYSTEMPATH/CodeIgniter.php(354): CodeIgniter\CodeIgniter->handleRequest(null, Object(Config\Cache), false)
 9 SYSTEMPATH/Boot.php(334): CodeIgniter\CodeIgniter->run()
10 SYSTEMPATH/Boot.php(67): CodeIgniter\Boot::runCodeIgniter(Object(CodeIgniter\CodeIgniter))
11 FCPATH/index.php(27): CodeIgniter\Boot::bootWeb(Object(Config\Paths))
WARNING - 2025-09-30 08:46:16 --> [DEPRECATED] addslashes(): Passing null to parameter #1 ($string) of type string is deprecated in APPPATH/Views/service_list.php on line 10.
 1 APPPATH/Views/service_list.php(10): addslashes(null)
 2 SYSTEMPATH/View/View.php(224): include('/home/u810214334/domains/embellish-beauty.co.uk/public_html/app/Views/service_list.php')
 3 SYSTEMPATH/View/View.php(227): CodeIgniter\View\View->CodeIgniter\View\{closure}()
 4 SYSTEMPATH/Common.php(1173): CodeIgniter\View\View->render('service_list', [], true)
 5 APPPATH/Controllers/Home.php(129): view('service_list', [...])
 6 SYSTEMPATH/CodeIgniter.php(933): App\Controllers\Home->fetch_services()
 7 SYSTEMPATH/CodeIgniter.php(507): CodeIgniter\CodeIgniter->runController(Object(App\Controllers\Home))
 8 SYSTEMPATH/CodeIgniter.php(354): CodeIgniter\CodeIgniter->handleRequest(null, Object(Config\Cache), false)
 9 SYSTEMPATH/Boot.php(334): CodeIgniter\CodeIgniter->run()
10 SYSTEMPATH/Boot.php(67): CodeIgniter\Boot::runCodeIgniter(Object(CodeIgniter\CodeIgniter))
11 FCPATH/index.php(27): CodeIgniter\Boot::bootWeb(Object(Config\Paths))
WARNING - 2025-09-30 08:46:16 --> [DEPRECATED] addslashes(): Passing null to parameter #1 ($string) of type string is deprecated in APPPATH/Views/service_list.php on line 10.
 1 APPPATH/Views/service_list.php(10): addslashes(null)
 2 SYSTEMPATH/View/View.php(224): include('/home/u810214334/domains/embellish-beauty.co.uk/public_html/app/Views/service_list.php')
 3 SYSTEMPATH/View/View.php(227): CodeIgniter\View\View->CodeIgniter\View\{closure}()
 4 SYSTEMPATH/Common.php(1173): CodeIgniter\View\View->render('service_list', [], true)
 5 APPPATH/Controllers/Home.php(129): view('service_list', [...])
 6 SYSTEMPATH/CodeIgniter.php(933): App\Controllers\Home->fetch_services()
 7 SYSTEMPATH/CodeIgniter.php(507): CodeIgniter\CodeIgniter->runController(Object(App\Controllers\Home))
 8 SYSTEMPATH/CodeIgniter.php(354): CodeIgniter\CodeIgniter->handleRequest(null, Object(Config\Cache), false)
 9 SYSTEMPATH/Boot.php(334): CodeIgniter\CodeIgniter->run()
10 SYSTEMPATH/Boot.php(67): CodeIgniter\Boot::runCodeIgniter(Object(CodeIgniter\CodeIgniter))
11 FCPATH/index.php(27): CodeIgniter\Boot::bootWeb(Object(Config\Paths))
WARNING - 2025-09-30 08:46:16 --> [DEPRECATED] addslashes(): Passing null to parameter #1 ($string) of type string is deprecated in APPPATH/Views/service_list.php on line 10.
 1 APPPATH/Views/service_list.php(10): addslashes(null)
 2 SYSTEMPATH/View/View.php(224): include('/home/u810214334/domains/embellish-beauty.co.uk/public_html/app/Views/service_list.php')
 3 SYSTEMPATH/View/View.php(227): CodeIgniter\View\View->CodeIgniter\View\{closure}()
 4 SYSTEMPATH/Common.php(1173): CodeIgniter\View\View->render('service_list', [], true)
 5 APPPATH/Controllers/Home.php(129): view('service_list', [...])
 6 SYSTEMPATH/CodeIgniter.php(933): App\Controllers\Home->fetch_services()
 7 SYSTEMPATH/CodeIgniter.php(507): CodeIgniter\CodeIgniter->runController(Object(App\Controllers\Home))
 8 SYSTEMPATH/CodeIgniter.php(354): CodeIgniter\CodeIgniter->handleRequest(null, Object(Config\Cache), false)
 9 SYSTEMPATH/Boot.php(334): CodeIgniter\CodeIgniter->run()
10 SYSTEMPATH/Boot.php(67): CodeIgniter\Boot::runCodeIgniter(Object(CodeIgniter\CodeIgniter))
11 FCPATH/index.php(27): CodeIgniter\Boot::bootWeb(Object(Config\Paths))
WARNING - 2025-09-30 08:46:16 --> [DEPRECATED] addslashes(): Passing null to parameter #1 ($string) of type string is deprecated in APPPATH/Views/service_list.php on line 10.
 1 APPPATH/Views/service_list.php(10): addslashes(null)
 2 SYSTEMPATH/View/View.php(224): include('/home/u810214334/domains/embellish-beauty.co.uk/public_html/app/Views/service_list.php')
 3 SYSTEMPATH/View/View.php(227): CodeIgniter\View\View->CodeIgniter\View\{closure}()
 4 SYSTEMPATH/Common.php(1173): CodeIgniter\View\View->render('service_list', [], true)
 5 APPPATH/Controllers/Home.php(129): view('service_list', [...])
 6 SYSTEMPATH/CodeIgniter.php(933): App\Controllers\Home->fetch_services()
 7 SYSTEMPATH/CodeIgniter.php(507): CodeIgniter\CodeIgniter->runController(Object(App\Controllers\Home))
 8 SYSTEMPATH/CodeIgniter.php(354): CodeIgniter\CodeIgniter->handleRequest(null, Object(Config\Cache), false)
 9 SYSTEMPATH/Boot.php(334): CodeIgniter\CodeIgniter->run()
10 SYSTEMPATH/Boot.php(67): CodeIgniter\Boot::runCodeIgniter(Object(CodeIgniter\CodeIgniter))
11 FCPATH/index.php(27): CodeIgniter\Boot::bootWeb(Object(Config\Paths))
WARNING - 2025-09-30 08:46:16 --> [DEPRECATED] addslashes(): Passing null to parameter #1 ($string) of type string is deprecated in APPPATH/Views/service_list.php on line 10.
 1 APPPATH/Views/service_list.php(10): addslashes(null)
 2 SYSTEMPATH/View/View.php(224): include('/home/u810214334/domains/embellish-beauty.co.uk/public_html/app/Views/service_list.php')
 3 SYSTEMPATH/View/View.php(227): CodeIgniter\View\View->CodeIgniter\View\{closure}()
 4 SYSTEMPATH/Common.php(1173): CodeIgniter\View\View->render('service_list', [], true)
 5 APPPATH/Controllers/Home.php(129): view('service_list', [...])
 6 SYSTEMPATH/CodeIgniter.php(933): App\Controllers\Home->fetch_services()
 7 SYSTEMPATH/CodeIgniter.php(507): CodeIgniter\CodeIgniter->runController(Object(App\Controllers\Home))
 8 SYSTEMPATH/CodeIgniter.php(354): CodeIgniter\CodeIgniter->handleRequest(null, Object(Config\Cache), false)
 9 SYSTEMPATH/Boot.php(334): CodeIgniter\CodeIgniter->run()
10 SYSTEMPATH/Boot.php(67): CodeIgniter\Boot::runCodeIgniter(Object(CodeIgniter\CodeIgniter))
11 FCPATH/index.php(27): CodeIgniter\Boot::bootWeb(Object(Config\Paths))
WARNING - 2025-09-30 08:46:16 --> [DEPRECATED] addslashes(): Passing null to parameter #1 ($string) of type string is deprecated in APPPATH/Views/service_list.php on line 10.
 1 APPPATH/Views/service_list.php(10): addslashes(null)
 2 SYSTEMPATH/View/View.php(224): include('/home/u810214334/domains/embellish-beauty.co.uk/public_html/app/Views/service_list.php')
 3 SYSTEMPATH/View/View.php(227): CodeIgniter\View\View->CodeIgniter\View\{closure}()
 4 SYSTEMPATH/Common.php(1173): CodeIgniter\View\View->render('service_list', [], true)
 5 APPPATH/Controllers/Home.php(129): view('service_list', [...])
 6 SYSTEMPATH/CodeIgniter.php(933): App\Controllers\Home->fetch_services()
 7 SYSTEMPATH/CodeIgniter.php(507): CodeIgniter\CodeIgniter->runController(Object(App\Controllers\Home))
 8 SYSTEMPATH/CodeIgniter.php(354): CodeIgniter\CodeIgniter->handleRequest(null, Object(Config\Cache), false)
 9 SYSTEMPATH/Boot.php(334): CodeIgniter\CodeIgniter->run()
10 SYSTEMPATH/Boot.php(67): CodeIgniter\Boot::runCodeIgniter(Object(CodeIgniter\CodeIgniter))
11 FCPATH/index.php(27): CodeIgniter\Boot::bootWeb(Object(Config\Paths))
WARNING - 2025-09-30 08:46:16 --> [DEPRECATED] addslashes(): Passing null to parameter #1 ($string) of type string is deprecated in APPPATH/Views/service_list.php on line 10.
 1 APPPATH/Views/service_list.php(10): addslashes(null)
 2 SYSTEMPATH/View/View.php(224): include('/home/u810214334/domains/embellish-beauty.co.uk/public_html/app/Views/service_list.php')
 3 SYSTEMPATH/View/View.php(227): CodeIgniter\View\View->CodeIgniter\View\{closure}()
 4 SYSTEMPATH/Common.php(1173): CodeIgniter\View\View->render('service_list', [], true)
 5 APPPATH/Controllers/Home.php(129): view('service_list', [...])
 6 SYSTEMPATH/CodeIgniter.php(933): App\Controllers\Home->fetch_services()
 7 SYSTEMPATH/CodeIgniter.php(507): CodeIgniter\CodeIgniter->runController(Object(App\Controllers\Home))
 8 SYSTEMPATH/CodeIgniter.php(354): CodeIgniter\CodeIgniter->handleRequest(null, Object(Config\Cache), false)
 9 SYSTEMPATH/Boot.php(334): CodeIgniter\CodeIgniter->run()
10 SYSTEMPATH/Boot.php(67): CodeIgniter\Boot::runCodeIgniter(Object(CodeIgniter\CodeIgniter))
11 FCPATH/index.php(27): CodeIgniter\Boot::bootWeb(Object(Config\Paths))
WARNING - 2025-09-30 08:46:16 --> [DEPRECATED] addslashes(): Passing null to parameter #1 ($string) of type string is deprecated in APPPATH/Views/service_list.php on line 10.
 1 APPPATH/Views/service_list.php(10): addslashes(null)
 2 SYSTEMPATH/View/View.php(224): include('/home/u810214334/domains/embellish-beauty.co.uk/public_html/app/Views/service_list.php')
 3 SYSTEMPATH/View/View.php(227): CodeIgniter\View\View->CodeIgniter\View\{closure}()
 4 SYSTEMPATH/Common.php(1173): CodeIgniter\View\View->render('service_list', [], true)
 5 APPPATH/Controllers/Home.php(129): view('service_list', [...])
 6 SYSTEMPATH/CodeIgniter.php(933): App\Controllers\Home->fetch_services()
 7 SYSTEMPATH/CodeIgniter.php(507): CodeIgniter\CodeIgniter->runController(Object(App\Controllers\Home))
 8 SYSTEMPATH/CodeIgniter.php(354): CodeIgniter\CodeIgniter->handleRequest(null, Object(Config\Cache), false)
 9 SYSTEMPATH/Boot.php(334): CodeIgniter\CodeIgniter->run()
10 SYSTEMPATH/Boot.php(67): CodeIgniter\Boot::runCodeIgniter(Object(CodeIgniter\CodeIgniter))
11 FCPATH/index.php(27): CodeIgniter\Boot::bootWeb(Object(Config\Paths))
WARNING - 2025-09-30 08:46:16 --> [DEPRECATED] addslashes(): Passing null to parameter #1 ($string) of type string is deprecated in APPPATH/Views/service_list.php on line 10.
 1 APPPATH/Views/service_list.php(10): addslashes(null)
 2 SYSTEMPATH/View/View.php(224): include('/home/u810214334/domains/embellish-beauty.co.uk/public_html/app/Views/service_list.php')
 3 SYSTEMPATH/View/View.php(227): CodeIgniter\View\View->CodeIgniter\View\{closure}()
 4 SYSTEMPATH/Common.php(1173): CodeIgniter\View\View->render('service_list', [], true)
 5 APPPATH/Controllers/Home.php(129): view('service_list', [...])
 6 SYSTEMPATH/CodeIgniter.php(933): App\Controllers\Home->fetch_services()
 7 SYSTEMPATH/CodeIgniter.php(507): CodeIgniter\CodeIgniter->runController(Object(App\Controllers\Home))
 8 SYSTEMPATH/CodeIgniter.php(354): CodeIgniter\CodeIgniter->handleRequest(null, Object(Config\Cache), false)
 9 SYSTEMPATH/Boot.php(334): CodeIgniter\CodeIgniter->run()
10 SYSTEMPATH/Boot.php(67): CodeIgniter\Boot::runCodeIgniter(Object(CodeIgniter\CodeIgniter))
11 FCPATH/index.php(27): CodeIgniter\Boot::bootWeb(Object(Config\Paths))
WARNING - 2025-09-30 08:46:16 --> [DEPRECATED] addslashes(): Passing null to parameter #1 ($string) of type string is deprecated in APPPATH/Views/service_list.php on line 10.
 1 APPPATH/Views/service_list.php(10): addslashes(null)
 2 SYSTEMPATH/View/View.php(224): include('/home/u810214334/domains/embellish-beauty.co.uk/public_html/app/Views/service_list.php')
 3 SYSTEMPATH/View/View.php(227): CodeIgniter\View\View->CodeIgniter\View\{closure}()
 4 SYSTEMPATH/Common.php(1173): CodeIgniter\View\View->render('service_list', [], true)
 5 APPPATH/Controllers/Home.php(129): view('service_list', [...])
 6 SYSTEMPATH/CodeIgniter.php(933): App\Controllers\Home->fetch_services()
 7 SYSTEMPATH/CodeIgniter.php(507): CodeIgniter\CodeIgniter->runController(Object(App\Controllers\Home))
 8 SYSTEMPATH/CodeIgniter.php(354): CodeIgniter\CodeIgniter->handleRequest(null, Object(Config\Cache), false)
 9 SYSTEMPATH/Boot.php(334): CodeIgniter\CodeIgniter->run()
10 SYSTEMPATH/Boot.php(67): CodeIgniter\Boot::runCodeIgniter(Object(CodeIgniter\CodeIgniter))
11 FCPATH/index.php(27): CodeIgniter\Boot::bootWeb(Object(Config\Paths))
WARNING - 2025-09-30 08:46:16 --> [DEPRECATED] addslashes(): Passing null to parameter #1 ($string) of type string is deprecated in APPPATH/Views/service_list.php on line 10.
 1 APPPATH/Views/service_list.php(10): addslashes(null)
 2 SYSTEMPATH/View/View.php(224): include('/home/u810214334/domains/embellish-beauty.co.uk/public_html/app/Views/service_list.php')
 3 SYSTEMPATH/View/View.php(227): CodeIgniter\View\View->CodeIgniter\View\{closure}()
 4 SYSTEMPATH/Common.php(1173): CodeIgniter\View\View->render('service_list', [], true)
 5 APPPATH/Controllers/Home.php(129): view('service_list', [...])
 6 SYSTEMPATH/CodeIgniter.php(933): App\Controllers\Home->fetch_services()
 7 SYSTEMPATH/CodeIgniter.php(507): CodeIgniter\CodeIgniter->runController(Object(App\Controllers\Home))
 8 SYSTEMPATH/CodeIgniter.php(354): CodeIgniter\CodeIgniter->handleRequest(null, Object(Config\Cache), false)
 9 SYSTEMPATH/Boot.php(334): CodeIgniter\CodeIgniter->run()
10 SYSTEMPATH/Boot.php(67): CodeIgniter\Boot::runCodeIgniter(Object(CodeIgniter\CodeIgniter))
11 FCPATH/index.php(27): CodeIgniter\Boot::bootWeb(Object(Config\Paths))
WARNING - 2025-09-30 08:46:16 --> [DEPRECATED] addslashes(): Passing null to parameter #1 ($string) of type string is deprecated in APPPATH/Views/service_list.php on line 10.
 1 APPPATH/Views/service_list.php(10): addslashes(null)
 2 SYSTEMPATH/View/View.php(224): include('/home/u810214334/domains/embellish-beauty.co.uk/public_html/app/Views/service_list.php')
 3 SYSTEMPATH/View/View.php(227): CodeIgniter\View\View->CodeIgniter\View\{closure}()
 4 SYSTEMPATH/Common.php(1173): CodeIgniter\View\View->render('service_list', [], true)
 5 APPPATH/Controllers/Home.php(129): view('service_list', [...])
 6 SYSTEMPATH/CodeIgniter.php(933): App\Controllers\Home->fetch_services()
 7 SYSTEMPATH/CodeIgniter.php(507): CodeIgniter\CodeIgniter->runController(Object(App\Controllers\Home))
 8 SYSTEMPATH/CodeIgniter.php(354): CodeIgniter\CodeIgniter->handleRequest(null, Object(Config\Cache), false)
 9 SYSTEMPATH/Boot.php(334): CodeIgniter\CodeIgniter->run()
10 SYSTEMPATH/Boot.php(67): CodeIgniter\Boot::runCodeIgniter(Object(CodeIgniter\CodeIgniter))
11 FCPATH/index.php(27): CodeIgniter\Boot::bootWeb(Object(Config\Paths))
WARNING - 2025-09-30 08:46:16 --> [DEPRECATED] addslashes(): Passing null to parameter #1 ($string) of type string is deprecated in APPPATH/Views/service_list.php on line 10.
 1 APPPATH/Views/service_list.php(10): addslashes(null)
 2 SYSTEMPATH/View/View.php(224): include('/home/u810214334/domains/embellish-beauty.co.uk/public_html/app/Views/service_list.php')
 3 SYSTEMPATH/View/View.php(227): CodeIgniter\View\View->CodeIgniter\View\{closure}()
 4 SYSTEMPATH/Common.php(1173): CodeIgniter\View\View->render('service_list', [], true)
 5 APPPATH/Controllers/Home.php(129): view('service_list', [...])
 6 SYSTEMPATH/CodeIgniter.php(933): App\Controllers\Home->fetch_services()
 7 SYSTEMPATH/CodeIgniter.php(507): CodeIgniter\CodeIgniter->runController(Object(App\Controllers\Home))
 8 SYSTEMPATH/CodeIgniter.php(354): CodeIgniter\CodeIgniter->handleRequest(null, Object(Config\Cache), false)
 9 SYSTEMPATH/Boot.php(334): CodeIgniter\CodeIgniter->run()
10 SYSTEMPATH/Boot.php(67): CodeIgniter\Boot::runCodeIgniter(Object(CodeIgniter\CodeIgniter))
11 FCPATH/index.php(27): CodeIgniter\Boot::bootWeb(Object(Config\Paths))
WARNING - 2025-09-30 08:46:16 --> [DEPRECATED] addslashes(): Passing null to parameter #1 ($string) of type string is deprecated in APPPATH/Views/service_list.php on line 10.
 1 APPPATH/Views/service_list.php(10): addslashes(null)
 2 SYSTEMPATH/View/View.php(224): include('/home/u810214334/domains/embellish-beauty.co.uk/public_html/app/Views/service_list.php')
 3 SYSTEMPATH/View/View.php(227): CodeIgniter\View\View->CodeIgniter\View\{closure}()
 4 SYSTEMPATH/Common.php(1173): CodeIgniter\View\View->render('service_list', [], true)
 5 APPPATH/Controllers/Home.php(129): view('service_list', [...])
 6 SYSTEMPATH/CodeIgniter.php(933): App\Controllers\Home->fetch_services()
 7 SYSTEMPATH/CodeIgniter.php(507): CodeIgniter\CodeIgniter->runController(Object(App\Controllers\Home))
 8 SYSTEMPATH/CodeIgniter.php(354): CodeIgniter\CodeIgniter->handleRequest(null, Object(Config\Cache), false)
 9 SYSTEMPATH/Boot.php(334): CodeIgniter\CodeIgniter->run()
10 SYSTEMPATH/Boot.php(67): CodeIgniter\Boot::runCodeIgniter(Object(CodeIgniter\CodeIgniter))
11 FCPATH/index.php(27): CodeIgniter\Boot::bootWeb(Object(Config\Paths))
WARNING - 2025-09-30 08:46:16 --> [DEPRECATED] addslashes(): Passing null to parameter #1 ($string) of type string is deprecated in APPPATH/Views/service_list.php on line 10.
 1 APPPATH/Views/service_list.php(10): addslashes(null)
 2 SYSTEMPATH/View/View.php(224): include('/home/u810214334/domains/embellish-beauty.co.uk/public_html/app/Views/service_list.php')
 3 SYSTEMPATH/View/View.php(227): CodeIgniter\View\View->CodeIgniter\View\{closure}()
 4 SYSTEMPATH/Common.php(1173): CodeIgniter\View\View->render('service_list', [], true)
 5 APPPATH/Controllers/Home.php(129): view('service_list', [...])
 6 SYSTEMPATH/CodeIgniter.php(933): App\Controllers\Home->fetch_services()
 7 SYSTEMPATH/CodeIgniter.php(507): CodeIgniter\CodeIgniter->runController(Object(App\Controllers\Home))
 8 SYSTEMPATH/CodeIgniter.php(354): CodeIgniter\CodeIgniter->handleRequest(null, Object(Config\Cache), false)
 9 SYSTEMPATH/Boot.php(334): CodeIgniter\CodeIgniter->run()
10 SYSTEMPATH/Boot.php(67): CodeIgniter\Boot::runCodeIgniter(Object(CodeIgniter\CodeIgniter))
11 FCPATH/index.php(27): CodeIgniter\Boot::bootWeb(Object(Config\Paths))
WARNING - 2025-09-30 08:46:16 --> [DEPRECATED] addslashes(): Passing null to parameter #1 ($string) of type string is deprecated in APPPATH/Views/service_list.php on line 10.
 1 APPPATH/Views/service_list.php(10): addslashes(null)
 2 SYSTEMPATH/View/View.php(224): include('/home/u810214334/domains/embellish-beauty.co.uk/public_html/app/Views/service_list.php')
 3 SYSTEMPATH/View/View.php(227): CodeIgniter\View\View->CodeIgniter\View\{closure}()
 4 SYSTEMPATH/Common.php(1173): CodeIgniter\View\View->render('service_list', [], true)
 5 APPPATH/Controllers/Home.php(129): view('service_list', [...])
 6 SYSTEMPATH/CodeIgniter.php(933): App\Controllers\Home->fetch_services()
 7 SYSTEMPATH/CodeIgniter.php(507): CodeIgniter\CodeIgniter->runController(Object(App\Controllers\Home))
 8 SYSTEMPATH/CodeIgniter.php(354): CodeIgniter\CodeIgniter->handleRequest(null, Object(Config\Cache), false)
 9 SYSTEMPATH/Boot.php(334): CodeIgniter\CodeIgniter->run()
10 SYSTEMPATH/Boot.php(67): CodeIgniter\Boot::runCodeIgniter(Object(CodeIgniter\CodeIgniter))
11 FCPATH/index.php(27): CodeIgniter\Boot::bootWeb(Object(Config\Paths))
WARNING - 2025-09-30 08:46:16 --> [DEPRECATED] addslashes(): Passing null to parameter #1 ($string) of type string is deprecated in APPPATH/Views/service_list.php on line 10.
 1 APPPATH/Views/service_list.php(10): addslashes(null)
 2 SYSTEMPATH/View/View.php(224): include('/home/u810214334/domains/embellish-beauty.co.uk/public_html/app/Views/service_list.php')
 3 SYSTEMPATH/View/View.php(227): CodeIgniter\View\View->CodeIgniter\View\{closure}()
 4 SYSTEMPATH/Common.php(1173): CodeIgniter\View\View->render('service_list', [], true)
 5 APPPATH/Controllers/Home.php(129): view('service_list', [...])
 6 SYSTEMPATH/CodeIgniter.php(933): App\Controllers\Home->fetch_services()
 7 SYSTEMPATH/CodeIgniter.php(507): CodeIgniter\CodeIgniter->runController(Object(App\Controllers\Home))
 8 SYSTEMPATH/CodeIgniter.php(354): CodeIgniter\CodeIgniter->handleRequest(null, Object(Config\Cache), false)
 9 SYSTEMPATH/Boot.php(334): CodeIgniter\CodeIgniter->run()
10 SYSTEMPATH/Boot.php(67): CodeIgniter\Boot::runCodeIgniter(Object(CodeIgniter\CodeIgniter))
11 FCPATH/index.php(27): CodeIgniter\Boot::bootWeb(Object(Config\Paths))
WARNING - 2025-09-30 08:46:16 --> [DEPRECATED] addslashes(): Passing null to parameter #1 ($string) of type string is deprecated in APPPATH/Views/service_list.php on line 10.
 1 APPPATH/Views/service_list.php(10): addslashes(null)
 2 SYSTEMPATH/View/View.php(224): include('/home/u810214334/domains/embellish-beauty.co.uk/public_html/app/Views/service_list.php')
 3 SYSTEMPATH/View/View.php(227): CodeIgniter\View\View->CodeIgniter\View\{closure}()
 4 SYSTEMPATH/Common.php(1173): CodeIgniter\View\View->render('service_list', [], true)
 5 APPPATH/Controllers/Home.php(129): view('service_list', [...])
 6 SYSTEMPATH/CodeIgniter.php(933): App\Controllers\Home->fetch_services()
 7 SYSTEMPATH/CodeIgniter.php(507): CodeIgniter\CodeIgniter->runController(Object(App\Controllers\Home))
 8 SYSTEMPATH/CodeIgniter.php(354): CodeIgniter\CodeIgniter->handleRequest(null, Object(Config\Cache), false)
 9 SYSTEMPATH/Boot.php(334): CodeIgniter\CodeIgniter->run()
10 SYSTEMPATH/Boot.php(67): CodeIgniter\Boot::runCodeIgniter(Object(CodeIgniter\CodeIgniter))
11 FCPATH/index.php(27): CodeIgniter\Boot::bootWeb(Object(Config\Paths))
WARNING - 2025-09-30 08:46:16 --> [DEPRECATED] addslashes(): Passing null to parameter #1 ($string) of type string is deprecated in APPPATH/Views/service_list.php on line 10.
 1 APPPATH/Views/service_list.php(10): addslashes(null)
 2 SYSTEMPATH/View/View.php(224): include('/home/u810214334/domains/embellish-beauty.co.uk/public_html/app/Views/service_list.php')
 3 SYSTEMPATH/View/View.php(227): CodeIgniter\View\View->CodeIgniter\View\{closure}()
 4 SYSTEMPATH/Common.php(1173): CodeIgniter\View\View->render('service_list', [], true)
 5 APPPATH/Controllers/Home.php(129): view('service_list', [...])
 6 SYSTEMPATH/CodeIgniter.php(933): App\Controllers\Home->fetch_services()
 7 SYSTEMPATH/CodeIgniter.php(507): CodeIgniter\CodeIgniter->runController(Object(App\Controllers\Home))
 8 SYSTEMPATH/CodeIgniter.php(354): CodeIgniter\CodeIgniter->handleRequest(null, Object(Config\Cache), false)
 9 SYSTEMPATH/Boot.php(334): CodeIgniter\CodeIgniter->run()
10 SYSTEMPATH/Boot.php(67): CodeIgniter\Boot::runCodeIgniter(Object(CodeIgniter\CodeIgniter))
11 FCPATH/index.php(27): CodeIgniter\Boot::bootWeb(Object(Config\Paths))
WARNING - 2025-09-30 08:46:16 --> [DEPRECATED] addslashes(): Passing null to parameter #1 ($string) of type string is deprecated in APPPATH/Views/service_list.php on line 10.
 1 APPPATH/Views/service_list.php(10): addslashes(null)
 2 SYSTEMPATH/View/View.php(224): include('/home/u810214334/domains/embellish-beauty.co.uk/public_html/app/Views/service_list.php')
 3 SYSTEMPATH/View/View.php(227): CodeIgniter\View\View->CodeIgniter\View\{closure}()
 4 SYSTEMPATH/Common.php(1173): CodeIgniter\View\View->render('service_list', [], true)
 5 APPPATH/Controllers/Home.php(129): view('service_list', [...])
 6 SYSTEMPATH/CodeIgniter.php(933): App\Controllers\Home->fetch_services()
 7 SYSTEMPATH/CodeIgniter.php(507): CodeIgniter\CodeIgniter->runController(Object(App\Controllers\Home))
 8 SYSTEMPATH/CodeIgniter.php(354): CodeIgniter\CodeIgniter->handleRequest(null, Object(Config\Cache), false)
 9 SYSTEMPATH/Boot.php(334): CodeIgniter\CodeIgniter->run()
10 SYSTEMPATH/Boot.php(67): CodeIgniter\Boot::runCodeIgniter(Object(CodeIgniter\CodeIgniter))
11 FCPATH/index.php(27): CodeIgniter\Boot::bootWeb(Object(Config\Paths))
WARNING - 2025-09-30 08:46:16 --> [DEPRECATED] addslashes(): Passing null to parameter #1 ($string) of type string is deprecated in APPPATH/Views/service_list.php on line 10.
 1 APPPATH/Views/service_list.php(10): addslashes(null)
 2 SYSTEMPATH/View/View.php(224): include('/home/u810214334/domains/embellish-beauty.co.uk/public_html/app/Views/service_list.php')
 3 SYSTEMPATH/View/View.php(227): CodeIgniter\View\View->CodeIgniter\View\{closure}()
 4 SYSTEMPATH/Common.php(1173): CodeIgniter\View\View->render('service_list', [], true)
 5 APPPATH/Controllers/Home.php(129): view('service_list', [...])
 6 SYSTEMPATH/CodeIgniter.php(933): App\Controllers\Home->fetch_services()
 7 SYSTEMPATH/CodeIgniter.php(507): CodeIgniter\CodeIgniter->runController(Object(App\Controllers\Home))
 8 SYSTEMPATH/CodeIgniter.php(354): CodeIgniter\CodeIgniter->handleRequest(null, Object(Config\Cache), false)
 9 SYSTEMPATH/Boot.php(334): CodeIgniter\CodeIgniter->run()
10 SYSTEMPATH/Boot.php(67): CodeIgniter\Boot::runCodeIgniter(Object(CodeIgniter\CodeIgniter))
11 FCPATH/index.php(27): CodeIgniter\Boot::bootWeb(Object(Config\Paths))
WARNING - 2025-09-30 08:46:16 --> [DEPRECATED] addslashes(): Passing null to parameter #1 ($string) of type string is deprecated in APPPATH/Views/service_list.php on line 10.
 1 APPPATH/Views/service_list.php(10): addslashes(null)
 2 SYSTEMPATH/View/View.php(224): include('/home/u810214334/domains/embellish-beauty.co.uk/public_html/app/Views/service_list.php')
 3 SYSTEMPATH/View/View.php(227): CodeIgniter\View\View->CodeIgniter\View\{closure}()
 4 SYSTEMPATH/Common.php(1173): CodeIgniter\View\View->render('service_list', [], true)
 5 APPPATH/Controllers/Home.php(129): view('service_list', [...])
 6 SYSTEMPATH/CodeIgniter.php(933): App\Controllers\Home->fetch_services()
 7 SYSTEMPATH/CodeIgniter.php(507): CodeIgniter\CodeIgniter->runController(Object(App\Controllers\Home))
 8 SYSTEMPATH/CodeIgniter.php(354): CodeIgniter\CodeIgniter->handleRequest(null, Object(Config\Cache), false)
 9 SYSTEMPATH/Boot.php(334): CodeIgniter\CodeIgniter->run()
10 SYSTEMPATH/Boot.php(67): CodeIgniter\Boot::runCodeIgniter(Object(CodeIgniter\CodeIgniter))
11 FCPATH/index.php(27): CodeIgniter\Boot::bootWeb(Object(Config\Paths))
WARNING - 2025-09-30 08:46:16 --> [DEPRECATED] addslashes(): Passing null to parameter #1 ($string) of type string is deprecated in APPPATH/Views/service_list.php on line 10.
 1 APPPATH/Views/service_list.php(10): addslashes(null)
 2 SYSTEMPATH/View/View.php(224): include('/home/u810214334/domains/embellish-beauty.co.uk/public_html/app/Views/service_list.php')
 3 SYSTEMPATH/View/View.php(227): CodeIgniter\View\View->CodeIgniter\View\{closure}()
 4 SYSTEMPATH/Common.php(1173): CodeIgniter\View\View->render('service_list', [], true)
 5 APPPATH/Controllers/Home.php(129): view('service_list', [...])
 6 SYSTEMPATH/CodeIgniter.php(933): App\Controllers\Home->fetch_services()
 7 SYSTEMPATH/CodeIgniter.php(507): CodeIgniter\CodeIgniter->runController(Object(App\Controllers\Home))
 8 SYSTEMPATH/CodeIgniter.php(354): CodeIgniter\CodeIgniter->handleRequest(null, Object(Config\Cache), false)
 9 SYSTEMPATH/Boot.php(334): CodeIgniter\CodeIgniter->run()
10 SYSTEMPATH/Boot.php(67): CodeIgniter\Boot::runCodeIgniter(Object(CodeIgniter\CodeIgniter))
11 FCPATH/index.php(27): CodeIgniter\Boot::bootWeb(Object(Config\Paths))
WARNING - 2025-09-30 08:46:16 --> [DEPRECATED] addslashes(): Passing null to parameter #1 ($string) of type string is deprecated in APPPATH/Views/service_list.php on line 10.
 1 APPPATH/Views/service_list.php(10): addslashes(null)
 2 SYSTEMPATH/View/View.php(224): include('/home/u810214334/domains/embellish-beauty.co.uk/public_html/app/Views/service_list.php')
 3 SYSTEMPATH/View/View.php(227): CodeIgniter\View\View->CodeIgniter\View\{closure}()
 4 SYSTEMPATH/Common.php(1173): CodeIgniter\View\View->render('service_list', [], true)
 5 APPPATH/Controllers/Home.php(129): view('service_list', [...])
 6 SYSTEMPATH/CodeIgniter.php(933): App\Controllers\Home->fetch_services()
 7 SYSTEMPATH/CodeIgniter.php(507): CodeIgniter\CodeIgniter->runController(Object(App\Controllers\Home))
 8 SYSTEMPATH/CodeIgniter.php(354): CodeIgniter\CodeIgniter->handleRequest(null, Object(Config\Cache), false)
 9 SYSTEMPATH/Boot.php(334): CodeIgniter\CodeIgniter->run()
10 SYSTEMPATH/Boot.php(67): CodeIgniter\Boot::runCodeIgniter(Object(CodeIgniter\CodeIgniter))
11 FCPATH/index.php(27): CodeIgniter\Boot::bootWeb(Object(Config\Paths))
WARNING - 2025-09-30 08:46:16 --> [DEPRECATED] addslashes(): Passing null to parameter #1 ($string) of type string is deprecated in APPPATH/Views/service_list.php on line 10.
 1 APPPATH/Views/service_list.php(10): addslashes(null)
 2 SYSTEMPATH/View/View.php(224): include('/home/u810214334/domains/embellish-beauty.co.uk/public_html/app/Views/service_list.php')
 3 SYSTEMPATH/View/View.php(227): CodeIgniter\View\View->CodeIgniter\View\{closure}()
 4 SYSTEMPATH/Common.php(1173): CodeIgniter\View\View->render('service_list', [], true)
 5 APPPATH/Controllers/Home.php(129): view('service_list', [...])
 6 SYSTEMPATH/CodeIgniter.php(933): App\Controllers\Home->fetch_services()
 7 SYSTEMPATH/CodeIgniter.php(507): CodeIgniter\CodeIgniter->runController(Object(App\Controllers\Home))
 8 SYSTEMPATH/CodeIgniter.php(354): CodeIgniter\CodeIgniter->handleRequest(null, Object(Config\Cache), false)
 9 SYSTEMPATH/Boot.php(334): CodeIgniter\CodeIgniter->run()
10 SYSTEMPATH/Boot.php(67): CodeIgniter\Boot::runCodeIgniter(Object(CodeIgniter\CodeIgniter))
11 FCPATH/index.php(27): CodeIgniter\Boot::bootWeb(Object(Config\Paths))
WARNING - 2025-09-30 08:46:16 --> [DEPRECATED] addslashes(): Passing null to parameter #1 ($string) of type string is deprecated in APPPATH/Views/service_list.php on line 10.
 1 APPPATH/Views/service_list.php(10): addslashes(null)
 2 SYSTEMPATH/View/View.php(224): include('/home/u810214334/domains/embellish-beauty.co.uk/public_html/app/Views/service_list.php')
 3 SYSTEMPATH/View/View.php(227): CodeIgniter\View\View->CodeIgniter\View\{closure}()
 4 SYSTEMPATH/Common.php(1173): CodeIgniter\View\View->render('service_list', [], true)
 5 APPPATH/Controllers/Home.php(129): view('service_list', [...])
 6 SYSTEMPATH/CodeIgniter.php(933): App\Controllers\Home->fetch_services()
 7 SYSTEMPATH/CodeIgniter.php(507): CodeIgniter\CodeIgniter->runController(Object(App\Controllers\Home))
 8 SYSTEMPATH/CodeIgniter.php(354): CodeIgniter\CodeIgniter->handleRequest(null, Object(Config\Cache), false)
 9 SYSTEMPATH/Boot.php(334): CodeIgniter\CodeIgniter->run()
10 SYSTEMPATH/Boot.php(67): CodeIgniter\Boot::runCodeIgniter(Object(CodeIgniter\CodeIgniter))
11 FCPATH/index.php(27): CodeIgniter\Boot::bootWeb(Object(Config\Paths))
DEBUG - 2025-09-30 08:46:53 --> Session: Class initialized using 'CodeIgniter\Session\Handlers\FileHandler' driver.
WARNING - 2025-09-30 08:46:53 --> [DEPRECATED] addslashes(): Passing null to parameter #1 ($string) of type string is deprecated in APPPATH/Views/service_list.php on line 10.
 1 APPPATH/Views/service_list.php(10): addslashes(null)
 2 SYSTEMPATH/View/View.php(224): include('/home/u810214334/domains/embellish-beauty.co.uk/public_html/app/Views/service_list.php')
 3 SYSTEMPATH/View/View.php(227): CodeIgniter\View\View->CodeIgniter\View\{closure}()
 4 SYSTEMPATH/Common.php(1173): CodeIgniter\View\View->render('service_list', [], true)
 5 APPPATH/Controllers/Home.php(129): view('service_list', [...])
 6 SYSTEMPATH/CodeIgniter.php(933): App\Controllers\Home->fetch_services()
 7 SYSTEMPATH/CodeIgniter.php(507): CodeIgniter\CodeIgniter->runController(Object(App\Controllers\Home))
 8 SYSTEMPATH/CodeIgniter.php(354): CodeIgniter\CodeIgniter->handleRequest(null, Object(Config\Cache), false)
 9 SYSTEMPATH/Boot.php(334): CodeIgniter\CodeIgniter->run()
10 SYSTEMPATH/Boot.php(67): CodeIgniter\Boot::runCodeIgniter(Object(CodeIgniter\CodeIgniter))
11 FCPATH/index.php(27): CodeIgniter\Boot::bootWeb(Object(Config\Paths))
WARNING - 2025-09-30 08:46:53 --> [DEPRECATED] addslashes(): Passing null to parameter #1 ($string) of type string is deprecated in APPPATH/Views/service_list.php on line 10.
 1 APPPATH/Views/service_list.php(10): addslashes(null)
 2 SYSTEMPATH/View/View.php(224): include('/home/u810214334/domains/embellish-beauty.co.uk/public_html/app/Views/service_list.php')
 3 SYSTEMPATH/View/View.php(227): CodeIgniter\View\View->CodeIgniter\View\{closure}()
 4 SYSTEMPATH/Common.php(1173): CodeIgniter\View\View->render('service_list', [], true)
 5 APPPATH/Controllers/Home.php(129): view('service_list', [...])
 6 SYSTEMPATH/CodeIgniter.php(933): App\Controllers\Home->fetch_services()
 7 SYSTEMPATH/CodeIgniter.php(507): CodeIgniter\CodeIgniter->runController(Object(App\Controllers\Home))
 8 SYSTEMPATH/CodeIgniter.php(354): CodeIgniter\CodeIgniter->handleRequest(null, Object(Config\Cache), false)
 9 SYSTEMPATH/Boot.php(334): CodeIgniter\CodeIgniter->run()
10 SYSTEMPATH/Boot.php(67): CodeIgniter\Boot::runCodeIgniter(Object(CodeIgniter\CodeIgniter))
11 FCPATH/index.php(27): CodeIgniter\Boot::bootWeb(Object(Config\Paths))
WARNING - 2025-09-30 08:46:53 --> [DEPRECATED] addslashes(): Passing null to parameter #1 ($string) of type string is deprecated in APPPATH/Views/service_list.php on line 10.
 1 APPPATH/Views/service_list.php(10): addslashes(null)
 2 SYSTEMPATH/View/View.php(224): include('/home/u810214334/domains/embellish-beauty.co.uk/public_html/app/Views/service_list.php')
 3 SYSTEMPATH/View/View.php(227): CodeIgniter\View\View->CodeIgniter\View\{closure}()
 4 SYSTEMPATH/Common.php(1173): CodeIgniter\View\View->render('service_list', [], true)
 5 APPPATH/Controllers/Home.php(129): view('service_list', [...])
 6 SYSTEMPATH/CodeIgniter.php(933): App\Controllers\Home->fetch_services()
 7 SYSTEMPATH/CodeIgniter.php(507): CodeIgniter\CodeIgniter->runController(Object(App\Controllers\Home))
 8 SYSTEMPATH/CodeIgniter.php(354): CodeIgniter\CodeIgniter->handleRequest(null, Object(Config\Cache), false)
 9 SYSTEMPATH/Boot.php(334): CodeIgniter\CodeIgniter->run()
10 SYSTEMPATH/Boot.php(67): CodeIgniter\Boot::runCodeIgniter(Object(CodeIgniter\CodeIgniter))
11 FCPATH/index.php(27): CodeIgniter\Boot::bootWeb(Object(Config\Paths))
WARNING - 2025-09-30 08:46:53 --> [DEPRECATED] addslashes(): Passing null to parameter #1 ($string) of type string is deprecated in APPPATH/Views/service_list.php on line 10.
 1 APPPATH/Views/service_list.php(10): addslashes(null)
 2 SYSTEMPATH/View/View.php(224): include('/home/u810214334/domains/embellish-beauty.co.uk/public_html/app/Views/service_list.php')
 3 SYSTEMPATH/View/View.php(227): CodeIgniter\View\View->CodeIgniter\View\{closure}()
 4 SYSTEMPATH/Common.php(1173): CodeIgniter\View\View->render('service_list', [], true)
 5 APPPATH/Controllers/Home.php(129): view('service_list', [...])
 6 SYSTEMPATH/CodeIgniter.php(933): App\Controllers\Home->fetch_services()
 7 SYSTEMPATH/CodeIgniter.php(507): CodeIgniter\CodeIgniter->runController(Object(App\Controllers\Home))
 8 SYSTEMPATH/CodeIgniter.php(354): CodeIgniter\CodeIgniter->handleRequest(null, Object(Config\Cache), false)
 9 SYSTEMPATH/Boot.php(334): CodeIgniter\CodeIgniter->run()
10 SYSTEMPATH/Boot.php(67): CodeIgniter\Boot::runCodeIgniter(Object(CodeIgniter\CodeIgniter))
11 FCPATH/index.php(27): CodeIgniter\Boot::bootWeb(Object(Config\Paths))
WARNING - 2025-09-30 08:46:53 --> [DEPRECATED] addslashes(): Passing null to parameter #1 ($string) of type string is deprecated in APPPATH/Views/service_list.php on line 10.
 1 APPPATH/Views/service_list.php(10): addslashes(null)
 2 SYSTEMPATH/View/View.php(224): include('/home/u810214334/domains/embellish-beauty.co.uk/public_html/app/Views/service_list.php')
 3 SYSTEMPATH/View/View.php(227): CodeIgniter\View\View->CodeIgniter\View\{closure}()
 4 SYSTEMPATH/Common.php(1173): CodeIgniter\View\View->render('service_list', [], true)
 5 APPPATH/Controllers/Home.php(129): view('service_list', [...])
 6 SYSTEMPATH/CodeIgniter.php(933): App\Controllers\Home->fetch_services()
 7 SYSTEMPATH/CodeIgniter.php(507): CodeIgniter\CodeIgniter->runController(Object(App\Controllers\Home))
 8 SYSTEMPATH/CodeIgniter.php(354): CodeIgniter\CodeIgniter->handleRequest(null, Object(Config\Cache), false)
 9 SYSTEMPATH/Boot.php(334): CodeIgniter\CodeIgniter->run()
10 SYSTEMPATH/Boot.php(67): CodeIgniter\Boot::runCodeIgniter(Object(CodeIgniter\CodeIgniter))
11 FCPATH/index.php(27): CodeIgniter\Boot::bootWeb(Object(Config\Paths))
WARNING - 2025-09-30 08:46:53 --> [DEPRECATED] addslashes(): Passing null to parameter #1 ($string) of type string is deprecated in APPPATH/Views/service_list.php on line 10.
 1 APPPATH/Views/service_list.php(10): addslashes(null)
 2 SYSTEMPATH/View/View.php(224): include('/home/u810214334/domains/embellish-beauty.co.uk/public_html/app/Views/service_list.php')
 3 SYSTEMPATH/View/View.php(227): CodeIgniter\View\View->CodeIgniter\View\{closure}()
 4 SYSTEMPATH/Common.php(1173): CodeIgniter\View\View->render('service_list', [], true)
 5 APPPATH/Controllers/Home.php(129): view('service_list', [...])
 6 SYSTEMPATH/CodeIgniter.php(933): App\Controllers\Home->fetch_services()
 7 SYSTEMPATH/CodeIgniter.php(507): CodeIgniter\CodeIgniter->runController(Object(App\Controllers\Home))
 8 SYSTEMPATH/CodeIgniter.php(354): CodeIgniter\CodeIgniter->handleRequest(null, Object(Config\Cache), false)
 9 SYSTEMPATH/Boot.php(334): CodeIgniter\CodeIgniter->run()
10 SYSTEMPATH/Boot.php(67): CodeIgniter\Boot::runCodeIgniter(Object(CodeIgniter\CodeIgniter))
11 FCPATH/index.php(27): CodeIgniter\Boot::bootWeb(Object(Config\Paths))
WARNING - 2025-09-30 08:46:53 --> [DEPRECATED] addslashes(): Passing null to parameter #1 ($string) of type string is deprecated in APPPATH/Views/service_list.php on line 10.
 1 APPPATH/Views/service_list.php(10): addslashes(null)
 2 SYSTEMPATH/View/View.php(224): include('/home/u810214334/domains/embellish-beauty.co.uk/public_html/app/Views/service_list.php')
 3 SYSTEMPATH/View/View.php(227): CodeIgniter\View\View->CodeIgniter\View\{closure}()
 4 SYSTEMPATH/Common.php(1173): CodeIgniter\View\View->render('service_list', [], true)
 5 APPPATH/Controllers/Home.php(129): view('service_list', [...])
 6 SYSTEMPATH/CodeIgniter.php(933): App\Controllers\Home->fetch_services()
 7 SYSTEMPATH/CodeIgniter.php(507): CodeIgniter\CodeIgniter->runController(Object(App\Controllers\Home))
 8 SYSTEMPATH/CodeIgniter.php(354): CodeIgniter\CodeIgniter->handleRequest(null, Object(Config\Cache), false)
 9 SYSTEMPATH/Boot.php(334): CodeIgniter\CodeIgniter->run()
10 SYSTEMPATH/Boot.php(67): CodeIgniter\Boot::runCodeIgniter(Object(CodeIgniter\CodeIgniter))
11 FCPATH/index.php(27): CodeIgniter\Boot::bootWeb(Object(Config\Paths))
WARNING - 2025-09-30 08:46:53 --> [DEPRECATED] addslashes(): Passing null to parameter #1 ($string) of type string is deprecated in APPPATH/Views/service_list.php on line 10.
 1 APPPATH/Views/service_list.php(10): addslashes(null)
 2 SYSTEMPATH/View/View.php(224): include('/home/u810214334/domains/embellish-beauty.co.uk/public_html/app/Views/service_list.php')
 3 SYSTEMPATH/View/View.php(227): CodeIgniter\View\View->CodeIgniter\View\{closure}()
 4 SYSTEMPATH/Common.php(1173): CodeIgniter\View\View->render('service_list', [], true)
 5 APPPATH/Controllers/Home.php(129): view('service_list', [...])
 6 SYSTEMPATH/CodeIgniter.php(933): App\Controllers\Home->fetch_services()
 7 SYSTEMPATH/CodeIgniter.php(507): CodeIgniter\CodeIgniter->runController(Object(App\Controllers\Home))
 8 SYSTEMPATH/CodeIgniter.php(354): CodeIgniter\CodeIgniter->handleRequest(null, Object(Config\Cache), false)
 9 SYSTEMPATH/Boot.php(334): CodeIgniter\CodeIgniter->run()
10 SYSTEMPATH/Boot.php(67): CodeIgniter\Boot::runCodeIgniter(Object(CodeIgniter\CodeIgniter))
11 FCPATH/index.php(27): CodeIgniter\Boot::bootWeb(Object(Config\Paths))
WARNING - 2025-09-30 08:46:53 --> [DEPRECATED] addslashes(): Passing null to parameter #1 ($string) of type string is deprecated in APPPATH/Views/service_list.php on line 10.
 1 APPPATH/Views/service_list.php(10): addslashes(null)
 2 SYSTEMPATH/View/View.php(224): include('/home/u810214334/domains/embellish-beauty.co.uk/public_html/app/Views/service_list.php')
 3 SYSTEMPATH/View/View.php(227): CodeIgniter\View\View->CodeIgniter\View\{closure}()
 4 SYSTEMPATH/Common.php(1173): CodeIgniter\View\View->render('service_list', [], true)
 5 APPPATH/Controllers/Home.php(129): view('service_list', [...])
 6 SYSTEMPATH/CodeIgniter.php(933): App\Controllers\Home->fetch_services()
 7 SYSTEMPATH/CodeIgniter.php(507): CodeIgniter\CodeIgniter->runController(Object(App\Controllers\Home))
 8 SYSTEMPATH/CodeIgniter.php(354): CodeIgniter\CodeIgniter->handleRequest(null, Object(Config\Cache), false)
 9 SYSTEMPATH/Boot.php(334): CodeIgniter\CodeIgniter->run()
10 SYSTEMPATH/Boot.php(67): CodeIgniter\Boot::runCodeIgniter(Object(CodeIgniter\CodeIgniter))
11 FCPATH/index.php(27): CodeIgniter\Boot::bootWeb(Object(Config\Paths))
WARNING - 2025-09-30 08:46:53 --> [DEPRECATED] addslashes(): Passing null to parameter #1 ($string) of type string is deprecated in APPPATH/Views/service_list.php on line 10.
 1 APPPATH/Views/service_list.php(10): addslashes(null)
 2 SYSTEMPATH/View/View.php(224): include('/home/u810214334/domains/embellish-beauty.co.uk/public_html/app/Views/service_list.php')
 3 SYSTEMPATH/View/View.php(227): CodeIgniter\View\View->CodeIgniter\View\{closure}()
 4 SYSTEMPATH/Common.php(1173): CodeIgniter\View\View->render('service_list', [], true)
 5 APPPATH/Controllers/Home.php(129): view('service_list', [...])
 6 SYSTEMPATH/CodeIgniter.php(933): App\Controllers\Home->fetch_services()
 7 SYSTEMPATH/CodeIgniter.php(507): CodeIgniter\CodeIgniter->runController(Object(App\Controllers\Home))
 8 SYSTEMPATH/CodeIgniter.php(354): CodeIgniter\CodeIgniter->handleRequest(null, Object(Config\Cache), false)
 9 SYSTEMPATH/Boot.php(334): CodeIgniter\CodeIgniter->run()
10 SYSTEMPATH/Boot.php(67): CodeIgniter\Boot::runCodeIgniter(Object(CodeIgniter\CodeIgniter))
11 FCPATH/index.php(27): CodeIgniter\Boot::bootWeb(Object(Config\Paths))
WARNING - 2025-09-30 08:46:53 --> [DEPRECATED] addslashes(): Passing null to parameter #1 ($string) of type string is deprecated in APPPATH/Views/service_list.php on line 10.
 1 APPPATH/Views/service_list.php(10): addslashes(null)
 2 SYSTEMPATH/View/View.php(224): include('/home/u810214334/domains/embellish-beauty.co.uk/public_html/app/Views/service_list.php')
 3 SYSTEMPATH/View/View.php(227): CodeIgniter\View\View->CodeIgniter\View\{closure}()
 4 SYSTEMPATH/Common.php(1173): CodeIgniter\View\View->render('service_list', [], true)
 5 APPPATH/Controllers/Home.php(129): view('service_list', [...])
 6 SYSTEMPATH/CodeIgniter.php(933): App\Controllers\Home->fetch_services()
 7 SYSTEMPATH/CodeIgniter.php(507): CodeIgniter\CodeIgniter->runController(Object(App\Controllers\Home))
 8 SYSTEMPATH/CodeIgniter.php(354): CodeIgniter\CodeIgniter->handleRequest(null, Object(Config\Cache), false)
 9 SYSTEMPATH/Boot.php(334): CodeIgniter\CodeIgniter->run()
10 SYSTEMPATH/Boot.php(67): CodeIgniter\Boot::runCodeIgniter(Object(CodeIgniter\CodeIgniter))
11 FCPATH/index.php(27): CodeIgniter\Boot::bootWeb(Object(Config\Paths))
WARNING - 2025-09-30 08:46:53 --> [DEPRECATED] addslashes(): Passing null to parameter #1 ($string) of type string is deprecated in APPPATH/Views/service_list.php on line 10.
 1 APPPATH/Views/service_list.php(10): addslashes(null)
 2 SYSTEMPATH/View/View.php(224): include('/home/u810214334/domains/embellish-beauty.co.uk/public_html/app/Views/service_list.php')
 3 SYSTEMPATH/View/View.php(227): CodeIgniter\View\View->CodeIgniter\View\{closure}()
 4 SYSTEMPATH/Common.php(1173): CodeIgniter\View\View->render('service_list', [], true)
 5 APPPATH/Controllers/Home.php(129): view('service_list', [...])
 6 SYSTEMPATH/CodeIgniter.php(933): App\Controllers\Home->fetch_services()
 7 SYSTEMPATH/CodeIgniter.php(507): CodeIgniter\CodeIgniter->runController(Object(App\Controllers\Home))
 8 SYSTEMPATH/CodeIgniter.php(354): CodeIgniter\CodeIgniter->handleRequest(null, Object(Config\Cache), false)
 9 SYSTEMPATH/Boot.php(334): CodeIgniter\CodeIgniter->run()
10 SYSTEMPATH/Boot.php(67): CodeIgniter\Boot::runCodeIgniter(Object(CodeIgniter\CodeIgniter))
11 FCPATH/index.php(27): CodeIgniter\Boot::bootWeb(Object(Config\Paths))
WARNING - 2025-09-30 08:46:53 --> [DEPRECATED] addslashes(): Passing null to parameter #1 ($string) of type string is deprecated in APPPATH/Views/service_list.php on line 10.
 1 APPPATH/Views/service_list.php(10): addslashes(null)
 2 SYSTEMPATH/View/View.php(224): include('/home/u810214334/domains/embellish-beauty.co.uk/public_html/app/Views/service_list.php')
 3 SYSTEMPATH/View/View.php(227): CodeIgniter\View\View->CodeIgniter\View\{closure}()
 4 SYSTEMPATH/Common.php(1173): CodeIgniter\View\View->render('service_list', [], true)
 5 APPPATH/Controllers/Home.php(129): view('service_list', [...])
 6 SYSTEMPATH/CodeIgniter.php(933): App\Controllers\Home->fetch_services()
 7 SYSTEMPATH/CodeIgniter.php(507): CodeIgniter\CodeIgniter->runController(Object(App\Controllers\Home))
 8 SYSTEMPATH/CodeIgniter.php(354): CodeIgniter\CodeIgniter->handleRequest(null, Object(Config\Cache), false)
 9 SYSTEMPATH/Boot.php(334): CodeIgniter\CodeIgniter->run()
10 SYSTEMPATH/Boot.php(67): CodeIgniter\Boot::runCodeIgniter(Object(CodeIgniter\CodeIgniter))
11 FCPATH/index.php(27): CodeIgniter\Boot::bootWeb(Object(Config\Paths))
WARNING - 2025-09-30 08:46:53 --> [DEPRECATED] addslashes(): Passing null to parameter #1 ($string) of type string is deprecated in APPPATH/Views/service_list.php on line 10.
 1 APPPATH/Views/service_list.php(10): addslashes(null)
 2 SYSTEMPATH/View/View.php(224): include('/home/u810214334/domains/embellish-beauty.co.uk/public_html/app/Views/service_list.php')
 3 SYSTEMPATH/View/View.php(227): CodeIgniter\View\View->CodeIgniter\View\{closure}()
 4 SYSTEMPATH/Common.php(1173): CodeIgniter\View\View->render('service_list', [], true)
 5 APPPATH/Controllers/Home.php(129): view('service_list', [...])
 6 SYSTEMPATH/CodeIgniter.php(933): App\Controllers\Home->fetch_services()
 7 SYSTEMPATH/CodeIgniter.php(507): CodeIgniter\CodeIgniter->runController(Object(App\Controllers\Home))
 8 SYSTEMPATH/CodeIgniter.php(354): CodeIgniter\CodeIgniter->handleRequest(null, Object(Config\Cache), false)
 9 SYSTEMPATH/Boot.php(334): CodeIgniter\CodeIgniter->run()
10 SYSTEMPATH/Boot.php(67): CodeIgniter\Boot::runCodeIgniter(Object(CodeIgniter\CodeIgniter))
11 FCPATH/index.php(27): CodeIgniter\Boot::bootWeb(Object(Config\Paths))
WARNING - 2025-09-30 08:46:53 --> [DEPRECATED] addslashes(): Passing null to parameter #1 ($string) of type string is deprecated in APPPATH/Views/service_list.php on line 10.
 1 APPPATH/Views/service_list.php(10): addslashes(null)
 2 SYSTEMPATH/View/View.php(224): include('/home/u810214334/domains/embellish-beauty.co.uk/public_html/app/Views/service_list.php')
 3 SYSTEMPATH/View/View.php(227): CodeIgniter\View\View->CodeIgniter\View\{closure}()
 4 SYSTEMPATH/Common.php(1173): CodeIgniter\View\View->render('service_list', [], true)
 5 APPPATH/Controllers/Home.php(129): view('service_list', [...])
 6 SYSTEMPATH/CodeIgniter.php(933): App\Controllers\Home->fetch_services()
 7 SYSTEMPATH/CodeIgniter.php(507): CodeIgniter\CodeIgniter->runController(Object(App\Controllers\Home))
 8 SYSTEMPATH/CodeIgniter.php(354): CodeIgniter\CodeIgniter->handleRequest(null, Object(Config\Cache), false)
 9 SYSTEMPATH/Boot.php(334): CodeIgniter\CodeIgniter->run()
10 SYSTEMPATH/Boot.php(67): CodeIgniter\Boot::runCodeIgniter(Object(CodeIgniter\CodeIgniter))
11 FCPATH/index.php(27): CodeIgniter\Boot::bootWeb(Object(Config\Paths))
WARNING - 2025-09-30 08:46:53 --> [DEPRECATED] addslashes(): Passing null to parameter #1 ($string) of type string is deprecated in APPPATH/Views/service_list.php on line 10.
 1 APPPATH/Views/service_list.php(10): addslashes(null)
 2 SYSTEMPATH/View/View.php(224): include('/home/u810214334/domains/embellish-beauty.co.uk/public_html/app/Views/service_list.php')
 3 SYSTEMPATH/View/View.php(227): CodeIgniter\View\View->CodeIgniter\View\{closure}()
 4 SYSTEMPATH/Common.php(1173): CodeIgniter\View\View->render('service_list', [], true)
 5 APPPATH/Controllers/Home.php(129): view('service_list', [...])
 6 SYSTEMPATH/CodeIgniter.php(933): App\Controllers\Home->fetch_services()
 7 SYSTEMPATH/CodeIgniter.php(507): CodeIgniter\CodeIgniter->runController(Object(App\Controllers\Home))
 8 SYSTEMPATH/CodeIgniter.php(354): CodeIgniter\CodeIgniter->handleRequest(null, Object(Config\Cache), false)
 9 SYSTEMPATH/Boot.php(334): CodeIgniter\CodeIgniter->run()
10 SYSTEMPATH/Boot.php(67): CodeIgniter\Boot::runCodeIgniter(Object(CodeIgniter\CodeIgniter))
11 FCPATH/index.php(27): CodeIgniter\Boot::bootWeb(Object(Config\Paths))
WARNING - 2025-09-30 08:46:53 --> [DEPRECATED] addslashes(): Passing null to parameter #1 ($string) of type string is deprecated in APPPATH/Views/service_list.php on line 10.
 1 APPPATH/Views/service_list.php(10): addslashes(null)
 2 SYSTEMPATH/View/View.php(224): include('/home/u810214334/domains/embellish-beauty.co.uk/public_html/app/Views/service_list.php')
 3 SYSTEMPATH/View/View.php(227): CodeIgniter\View\View->CodeIgniter\View\{closure}()
 4 SYSTEMPATH/Common.php(1173): CodeIgniter\View\View->render('service_list', [], true)
 5 APPPATH/Controllers/Home.php(129): view('service_list', [...])
 6 SYSTEMPATH/CodeIgniter.php(933): App\Controllers\Home->fetch_services()
 7 SYSTEMPATH/CodeIgniter.php(507): CodeIgniter\CodeIgniter->runController(Object(App\Controllers\Home))
 8 SYSTEMPATH/CodeIgniter.php(354): CodeIgniter\CodeIgniter->handleRequest(null, Object(Config\Cache), false)
 9 SYSTEMPATH/Boot.php(334): CodeIgniter\CodeIgniter->run()
10 SYSTEMPATH/Boot.php(67): CodeIgniter\Boot::runCodeIgniter(Object(CodeIgniter\CodeIgniter))
11 FCPATH/index.php(27): CodeIgniter\Boot::bootWeb(Object(Config\Paths))
WARNING - 2025-09-30 08:46:53 --> [DEPRECATED] addslashes(): Passing null to parameter #1 ($string) of type string is deprecated in APPPATH/Views/service_list.php on line 10.
 1 APPPATH/Views/service_list.php(10): addslashes(null)
 2 SYSTEMPATH/View/View.php(224): include('/home/u810214334/domains/embellish-beauty.co.uk/public_html/app/Views/service_list.php')
 3 SYSTEMPATH/View/View.php(227): CodeIgniter\View\View->CodeIgniter\View\{closure}()
 4 SYSTEMPATH/Common.php(1173): CodeIgniter\View\View->render('service_list', [], true)
 5 APPPATH/Controllers/Home.php(129): view('service_list', [...])
 6 SYSTEMPATH/CodeIgniter.php(933): App\Controllers\Home->fetch_services()
 7 SYSTEMPATH/CodeIgniter.php(507): CodeIgniter\CodeIgniter->runController(Object(App\Controllers\Home))
 8 SYSTEMPATH/CodeIgniter.php(354): CodeIgniter\CodeIgniter->handleRequest(null, Object(Config\Cache), false)
 9 SYSTEMPATH/Boot.php(334): CodeIgniter\CodeIgniter->run()
10 SYSTEMPATH/Boot.php(67): CodeIgniter\Boot::runCodeIgniter(Object(CodeIgniter\CodeIgniter))
11 FCPATH/index.php(27): CodeIgniter\Boot::bootWeb(Object(Config\Paths))
WARNING - 2025-09-30 08:46:53 --> [DEPRECATED] addslashes(): Passing null to parameter #1 ($string) of type string is deprecated in APPPATH/Views/service_list.php on line 10.
 1 APPPATH/Views/service_list.php(10): addslashes(null)
 2 SYSTEMPATH/View/View.php(224): include('/home/u810214334/domains/embellish-beauty.co.uk/public_html/app/Views/service_list.php')
 3 SYSTEMPATH/View/View.php(227): CodeIgniter\View\View->CodeIgniter\View\{closure}()
 4 SYSTEMPATH/Common.php(1173): CodeIgniter\View\View->render('service_list', [], true)
 5 APPPATH/Controllers/Home.php(129): view('service_list', [...])
 6 SYSTEMPATH/CodeIgniter.php(933): App\Controllers\Home->fetch_services()
 7 SYSTEMPATH/CodeIgniter.php(507): CodeIgniter\CodeIgniter->runController(Object(App\Controllers\Home))
 8 SYSTEMPATH/CodeIgniter.php(354): CodeIgniter\CodeIgniter->handleRequest(null, Object(Config\Cache), false)
 9 SYSTEMPATH/Boot.php(334): CodeIgniter\CodeIgniter->run()
10 SYSTEMPATH/Boot.php(67): CodeIgniter\Boot::runCodeIgniter(Object(CodeIgniter\CodeIgniter))
11 FCPATH/index.php(27): CodeIgniter\Boot::bootWeb(Object(Config\Paths))
WARNING - 2025-09-30 08:46:53 --> [DEPRECATED] addslashes(): Passing null to parameter #1 ($string) of type string is deprecated in APPPATH/Views/service_list.php on line 10.
 1 APPPATH/Views/service_list.php(10): addslashes(null)
 2 SYSTEMPATH/View/View.php(224): include('/home/u810214334/domains/embellish-beauty.co.uk/public_html/app/Views/service_list.php')
 3 SYSTEMPATH/View/View.php(227): CodeIgniter\View\View->CodeIgniter\View\{closure}()
 4 SYSTEMPATH/Common.php(1173): CodeIgniter\View\View->render('service_list', [], true)
 5 APPPATH/Controllers/Home.php(129): view('service_list', [...])
 6 SYSTEMPATH/CodeIgniter.php(933): App\Controllers\Home->fetch_services()
 7 SYSTEMPATH/CodeIgniter.php(507): CodeIgniter\CodeIgniter->runController(Object(App\Controllers\Home))
 8 SYSTEMPATH/CodeIgniter.php(354): CodeIgniter\CodeIgniter->handleRequest(null, Object(Config\Cache), false)
 9 SYSTEMPATH/Boot.php(334): CodeIgniter\CodeIgniter->run()
10 SYSTEMPATH/Boot.php(67): CodeIgniter\Boot::runCodeIgniter(Object(CodeIgniter\CodeIgniter))
11 FCPATH/index.php(27): CodeIgniter\Boot::bootWeb(Object(Config\Paths))
WARNING - 2025-09-30 08:46:53 --> [DEPRECATED] addslashes(): Passing null to parameter #1 ($string) of type string is deprecated in APPPATH/Views/service_list.php on line 10.
 1 APPPATH/Views/service_list.php(10): addslashes(null)
 2 SYSTEMPATH/View/View.php(224): include('/home/u810214334/domains/embellish-beauty.co.uk/public_html/app/Views/service_list.php')
 3 SYSTEMPATH/View/View.php(227): CodeIgniter\View\View->CodeIgniter\View\{closure}()
 4 SYSTEMPATH/Common.php(1173): CodeIgniter\View\View->render('service_list', [], true)
 5 APPPATH/Controllers/Home.php(129): view('service_list', [...])
 6 SYSTEMPATH/CodeIgniter.php(933): App\Controllers\Home->fetch_services()
 7 SYSTEMPATH/CodeIgniter.php(507): CodeIgniter\CodeIgniter->runController(Object(App\Controllers\Home))
 8 SYSTEMPATH/CodeIgniter.php(354): CodeIgniter\CodeIgniter->handleRequest(null, Object(Config\Cache), false)
 9 SYSTEMPATH/Boot.php(334): CodeIgniter\CodeIgniter->run()
10 SYSTEMPATH/Boot.php(67): CodeIgniter\Boot::runCodeIgniter(Object(CodeIgniter\CodeIgniter))
11 FCPATH/index.php(27): CodeIgniter\Boot::bootWeb(Object(Config\Paths))
WARNING - 2025-09-30 08:46:53 --> [DEPRECATED] addslashes(): Passing null to parameter #1 ($string) of type string is deprecated in APPPATH/Views/service_list.php on line 10.
 1 APPPATH/Views/service_list.php(10): addslashes(null)
 2 SYSTEMPATH/View/View.php(224): include('/home/u810214334/domains/embellish-beauty.co.uk/public_html/app/Views/service_list.php')
 3 SYSTEMPATH/View/View.php(227): CodeIgniter\View\View->CodeIgniter\View\{closure}()
 4 SYSTEMPATH/Common.php(1173): CodeIgniter\View\View->render('service_list', [], true)
 5 APPPATH/Controllers/Home.php(129): view('service_list', [...])
 6 SYSTEMPATH/CodeIgniter.php(933): App\Controllers\Home->fetch_services()
 7 SYSTEMPATH/CodeIgniter.php(507): CodeIgniter\CodeIgniter->runController(Object(App\Controllers\Home))
 8 SYSTEMPATH/CodeIgniter.php(354): CodeIgniter\CodeIgniter->handleRequest(null, Object(Config\Cache), false)
 9 SYSTEMPATH/Boot.php(334): CodeIgniter\CodeIgniter->run()
10 SYSTEMPATH/Boot.php(67): CodeIgniter\Boot::runCodeIgniter(Object(CodeIgniter\CodeIgniter))
11 FCPATH/index.php(27): CodeIgniter\Boot::bootWeb(Object(Config\Paths))
WARNING - 2025-09-30 08:46:53 --> [DEPRECATED] addslashes(): Passing null to parameter #1 ($string) of type string is deprecated in APPPATH/Views/service_list.php on line 10.
 1 APPPATH/Views/service_list.php(10): addslashes(null)
 2 SYSTEMPATH/View/View.php(224): include('/home/u810214334/domains/embellish-beauty.co.uk/public_html/app/Views/service_list.php')
 3 SYSTEMPATH/View/View.php(227): CodeIgniter\View\View->CodeIgniter\View\{closure}()
 4 SYSTEMPATH/Common.php(1173): CodeIgniter\View\View->render('service_list', [], true)
 5 APPPATH/Controllers/Home.php(129): view('service_list', [...])
 6 SYSTEMPATH/CodeIgniter.php(933): App\Controllers\Home->fetch_services()
 7 SYSTEMPATH/CodeIgniter.php(507): CodeIgniter\CodeIgniter->runController(Object(App\Controllers\Home))
 8 SYSTEMPATH/CodeIgniter.php(354): CodeIgniter\CodeIgniter->handleRequest(null, Object(Config\Cache), false)
 9 SYSTEMPATH/Boot.php(334): CodeIgniter\CodeIgniter->run()
10 SYSTEMPATH/Boot.php(67): CodeIgniter\Boot::runCodeIgniter(Object(CodeIgniter\CodeIgniter))
11 FCPATH/index.php(27): CodeIgniter\Boot::bootWeb(Object(Config\Paths))
WARNING - 2025-09-30 08:46:53 --> [DEPRECATED] addslashes(): Passing null to parameter #1 ($string) of type string is deprecated in APPPATH/Views/service_list.php on line 10.
 1 APPPATH/Views/service_list.php(10): addslashes(null)
 2 SYSTEMPATH/View/View.php(224): include('/home/u810214334/domains/embellish-beauty.co.uk/public_html/app/Views/service_list.php')
 3 SYSTEMPATH/View/View.php(227): CodeIgniter\View\View->CodeIgniter\View\{closure}()
 4 SYSTEMPATH/Common.php(1173): CodeIgniter\View\View->render('service_list', [], true)
 5 APPPATH/Controllers/Home.php(129): view('service_list', [...])
 6 SYSTEMPATH/CodeIgniter.php(933): App\Controllers\Home->fetch_services()
 7 SYSTEMPATH/CodeIgniter.php(507): CodeIgniter\CodeIgniter->runController(Object(App\Controllers\Home))
 8 SYSTEMPATH/CodeIgniter.php(354): CodeIgniter\CodeIgniter->handleRequest(null, Object(Config\Cache), false)
 9 SYSTEMPATH/Boot.php(334): CodeIgniter\CodeIgniter->run()
10 SYSTEMPATH/Boot.php(67): CodeIgniter\Boot::runCodeIgniter(Object(CodeIgniter\CodeIgniter))
11 FCPATH/index.php(27): CodeIgniter\Boot::bootWeb(Object(Config\Paths))
WARNING - 2025-09-30 08:46:53 --> [DEPRECATED] addslashes(): Passing null to parameter #1 ($string) of type string is deprecated in APPPATH/Views/service_list.php on line 10.
 1 APPPATH/Views/service_list.php(10): addslashes(null)
 2 SYSTEMPATH/View/View.php(224): include('/home/u810214334/domains/embellish-beauty.co.uk/public_html/app/Views/service_list.php')
 3 SYSTEMPATH/View/View.php(227): CodeIgniter\View\View->CodeIgniter\View\{closure}()
 4 SYSTEMPATH/Common.php(1173): CodeIgniter\View\View->render('service_list', [], true)
 5 APPPATH/Controllers/Home.php(129): view('service_list', [...])
 6 SYSTEMPATH/CodeIgniter.php(933): App\Controllers\Home->fetch_services()
 7 SYSTEMPATH/CodeIgniter.php(507): CodeIgniter\CodeIgniter->runController(Object(App\Controllers\Home))
 8 SYSTEMPATH/CodeIgniter.php(354): CodeIgniter\CodeIgniter->handleRequest(null, Object(Config\Cache), false)
 9 SYSTEMPATH/Boot.php(334): CodeIgniter\CodeIgniter->run()
10 SYSTEMPATH/Boot.php(67): CodeIgniter\Boot::runCodeIgniter(Object(CodeIgniter\CodeIgniter))
11 FCPATH/index.php(27): CodeIgniter\Boot::bootWeb(Object(Config\Paths))
WARNING - 2025-09-30 08:46:53 --> [DEPRECATED] addslashes(): Passing null to parameter #1 ($string) of type string is deprecated in APPPATH/Views/service_list.php on line 10.
 1 APPPATH/Views/service_list.php(10): addslashes(null)
 2 SYSTEMPATH/View/View.php(224): include('/home/u810214334/domains/embellish-beauty.co.uk/public_html/app/Views/service_list.php')
 3 SYSTEMPATH/View/View.php(227): CodeIgniter\View\View->CodeIgniter\View\{closure}()
 4 SYSTEMPATH/Common.php(1173): CodeIgniter\View\View->render('service_list', [], true)
 5 APPPATH/Controllers/Home.php(129): view('service_list', [...])
 6 SYSTEMPATH/CodeIgniter.php(933): App\Controllers\Home->fetch_services()
 7 SYSTEMPATH/CodeIgniter.php(507): CodeIgniter\CodeIgniter->runController(Object(App\Controllers\Home))
 8 SYSTEMPATH/CodeIgniter.php(354): CodeIgniter\CodeIgniter->handleRequest(null, Object(Config\Cache), false)
 9 SYSTEMPATH/Boot.php(334): CodeIgniter\CodeIgniter->run()
10 SYSTEMPATH/Boot.php(67): CodeIgniter\Boot::runCodeIgniter(Object(CodeIgniter\CodeIgniter))
11 FCPATH/index.php(27): CodeIgniter\Boot::bootWeb(Object(Config\Paths))
WARNING - 2025-09-30 08:46:53 --> [DEPRECATED] addslashes(): Passing null to parameter #1 ($string) of type string is deprecated in APPPATH/Views/service_list.php on line 10.
 1 APPPATH/Views/service_list.php(10): addslashes(null)
 2 SYSTEMPATH/View/View.php(224): include('/home/u810214334/domains/embellish-beauty.co.uk/public_html/app/Views/service_list.php')
 3 SYSTEMPATH/View/View.php(227): CodeIgniter\View\View->CodeIgniter\View\{closure}()
 4 SYSTEMPATH/Common.php(1173): CodeIgniter\View\View->render('service_list', [], true)
 5 APPPATH/Controllers/Home.php(129): view('service_list', [...])
 6 SYSTEMPATH/CodeIgniter.php(933): App\Controllers\Home->fetch_services()
 7 SYSTEMPATH/CodeIgniter.php(507): CodeIgniter\CodeIgniter->runController(Object(App\Controllers\Home))
 8 SYSTEMPATH/CodeIgniter.php(354): CodeIgniter\CodeIgniter->handleRequest(null, Object(Config\Cache), false)
 9 SYSTEMPATH/Boot.php(334): CodeIgniter\CodeIgniter->run()
10 SYSTEMPATH/Boot.php(67): CodeIgniter\Boot::runCodeIgniter(Object(CodeIgniter\CodeIgniter))
11 FCPATH/index.php(27): CodeIgniter\Boot::bootWeb(Object(Config\Paths))
WARNING - 2025-09-30 08:46:53 --> [DEPRECATED] addslashes(): Passing null to parameter #1 ($string) of type string is deprecated in APPPATH/Views/service_list.php on line 10.
 1 APPPATH/Views/service_list.php(10): addslashes(null)
 2 SYSTEMPATH/View/View.php(224): include('/home/u810214334/domains/embellish-beauty.co.uk/public_html/app/Views/service_list.php')
 3 SYSTEMPATH/View/View.php(227): CodeIgniter\View\View->CodeIgniter\View\{closure}()
 4 SYSTEMPATH/Common.php(1173): CodeIgniter\View\View->render('service_list', [], true)
 5 APPPATH/Controllers/Home.php(129): view('service_list', [...])
 6 SYSTEMPATH/CodeIgniter.php(933): App\Controllers\Home->fetch_services()
 7 SYSTEMPATH/CodeIgniter.php(507): CodeIgniter\CodeIgniter->runController(Object(App\Controllers\Home))
 8 SYSTEMPATH/CodeIgniter.php(354): CodeIgniter\CodeIgniter->handleRequest(null, Object(Config\Cache), false)
 9 SYSTEMPATH/Boot.php(334): CodeIgniter\CodeIgniter->run()
10 SYSTEMPATH/Boot.php(67): CodeIgniter\Boot::runCodeIgniter(Object(CodeIgniter\CodeIgniter))
11 FCPATH/index.php(27): CodeIgniter\Boot::bootWeb(Object(Config\Paths))
WARNING - 2025-09-30 08:46:53 --> [DEPRECATED] addslashes(): Passing null to parameter #1 ($string) of type string is deprecated in APPPATH/Views/service_list.php on line 10.
 1 APPPATH/Views/service_list.php(10): addslashes(null)
 2 SYSTEMPATH/View/View.php(224): include('/home/u810214334/domains/embellish-beauty.co.uk/public_html/app/Views/service_list.php')
 3 SYSTEMPATH/View/View.php(227): CodeIgniter\View\View->CodeIgniter\View\{closure}()
 4 SYSTEMPATH/Common.php(1173): CodeIgniter\View\View->render('service_list', [], true)
 5 APPPATH/Controllers/Home.php(129): view('service_list', [...])
 6 SYSTEMPATH/CodeIgniter.php(933): App\Controllers\Home->fetch_services()
 7 SYSTEMPATH/CodeIgniter.php(507): CodeIgniter\CodeIgniter->runController(Object(App\Controllers\Home))
 8 SYSTEMPATH/CodeIgniter.php(354): CodeIgniter\CodeIgniter->handleRequest(null, Object(Config\Cache), false)
 9 SYSTEMPATH/Boot.php(334): CodeIgniter\CodeIgniter->run()
10 SYSTEMPATH/Boot.php(67): CodeIgniter\Boot::runCodeIgniter(Object(CodeIgniter\CodeIgniter))
11 FCPATH/index.php(27): CodeIgniter\Boot::bootWeb(Object(Config\Paths))
WARNING - 2025-09-30 08:46:53 --> [DEPRECATED] addslashes(): Passing null to parameter #1 ($string) of type string is deprecated in APPPATH/Views/service_list.php on line 10.
 1 APPPATH/Views/service_list.php(10): addslashes(null)
 2 SYSTEMPATH/View/View.php(224): include('/home/u810214334/domains/embellish-beauty.co.uk/public_html/app/Views/service_list.php')
 3 SYSTEMPATH/View/View.php(227): CodeIgniter\View\View->CodeIgniter\View\{closure}()
 4 SYSTEMPATH/Common.php(1173): CodeIgniter\View\View->render('service_list', [], true)
 5 APPPATH/Controllers/Home.php(129): view('service_list', [...])
 6 SYSTEMPATH/CodeIgniter.php(933): App\Controllers\Home->fetch_services()
 7 SYSTEMPATH/CodeIgniter.php(507): CodeIgniter\CodeIgniter->runController(Object(App\Controllers\Home))
 8 SYSTEMPATH/CodeIgniter.php(354): CodeIgniter\CodeIgniter->handleRequest(null, Object(Config\Cache), false)
 9 SYSTEMPATH/Boot.php(334): CodeIgniter\CodeIgniter->run()
10 SYSTEMPATH/Boot.php(67): CodeIgniter\Boot::runCodeIgniter(Object(CodeIgniter\CodeIgniter))
11 FCPATH/index.php(27): CodeIgniter\Boot::bootWeb(Object(Config\Paths))
WARNING - 2025-09-30 08:46:53 --> [DEPRECATED] addslashes(): Passing null to parameter #1 ($string) of type string is deprecated in APPPATH/Views/service_list.php on line 10.
 1 APPPATH/Views/service_list.php(10): addslashes(null)
 2 SYSTEMPATH/View/View.php(224): include('/home/u810214334/domains/embellish-beauty.co.uk/public_html/app/Views/service_list.php')
 3 SYSTEMPATH/View/View.php(227): CodeIgniter\View\View->CodeIgniter\View\{closure}()
 4 SYSTEMPATH/Common.php(1173): CodeIgniter\View\View->render('service_list', [], true)
 5 APPPATH/Controllers/Home.php(129): view('service_list', [...])
 6 SYSTEMPATH/CodeIgniter.php(933): App\Controllers\Home->fetch_services()
 7 SYSTEMPATH/CodeIgniter.php(507): CodeIgniter\CodeIgniter->runController(Object(App\Controllers\Home))
 8 SYSTEMPATH/CodeIgniter.php(354): CodeIgniter\CodeIgniter->handleRequest(null, Object(Config\Cache), false)
 9 SYSTEMPATH/Boot.php(334): CodeIgniter\CodeIgniter->run()
10 SYSTEMPATH/Boot.php(67): CodeIgniter\Boot::runCodeIgniter(Object(CodeIgniter\CodeIgniter))
11 FCPATH/index.php(27): CodeIgniter\Boot::bootWeb(Object(Config\Paths))
WARNING - 2025-09-30 08:46:53 --> [DEPRECATED] addslashes(): Passing null to parameter #1 ($string) of type string is deprecated in APPPATH/Views/service_list.php on line 10.
 1 APPPATH/Views/service_list.php(10): addslashes(null)
 2 SYSTEMPATH/View/View.php(224): include('/home/u810214334/domains/embellish-beauty.co.uk/public_html/app/Views/service_list.php')
 3 SYSTEMPATH/View/View.php(227): CodeIgniter\View\View->CodeIgniter\View\{closure}()
 4 SYSTEMPATH/Common.php(1173): CodeIgniter\View\View->render('service_list', [], true)
 5 APPPATH/Controllers/Home.php(129): view('service_list', [...])
 6 SYSTEMPATH/CodeIgniter.php(933): App\Controllers\Home->fetch_services()
 7 SYSTEMPATH/CodeIgniter.php(507): CodeIgniter\CodeIgniter->runController(Object(App\Controllers\Home))
 8 SYSTEMPATH/CodeIgniter.php(354): CodeIgniter\CodeIgniter->handleRequest(null, Object(Config\Cache), false)
 9 SYSTEMPATH/Boot.php(334): CodeIgniter\CodeIgniter->run()
10 SYSTEMPATH/Boot.php(67): CodeIgniter\Boot::runCodeIgniter(Object(CodeIgniter\CodeIgniter))
11 FCPATH/index.php(27): CodeIgniter\Boot::bootWeb(Object(Config\Paths))
WARNING - 2025-09-30 08:46:53 --> [DEPRECATED] addslashes(): Passing null to parameter #1 ($string) of type string is deprecated in APPPATH/Views/service_list.php on line 10.
 1 APPPATH/Views/service_list.php(10): addslashes(null)
 2 SYSTEMPATH/View/View.php(224): include('/home/u810214334/domains/embellish-beauty.co.uk/public_html/app/Views/service_list.php')
 3 SYSTEMPATH/View/View.php(227): CodeIgniter\View\View->CodeIgniter\View\{closure}()
 4 SYSTEMPATH/Common.php(1173): CodeIgniter\View\View->render('service_list', [], true)
 5 APPPATH/Controllers/Home.php(129): view('service_list', [...])
 6 SYSTEMPATH/CodeIgniter.php(933): App\Controllers\Home->fetch_services()
 7 SYSTEMPATH/CodeIgniter.php(507): CodeIgniter\CodeIgniter->runController(Object(App\Controllers\Home))
 8 SYSTEMPATH/CodeIgniter.php(354): CodeIgniter\CodeIgniter->handleRequest(null, Object(Config\Cache), false)
 9 SYSTEMPATH/Boot.php(334): CodeIgniter\CodeIgniter->run()
10 SYSTEMPATH/Boot.php(67): CodeIgniter\Boot::runCodeIgniter(Object(CodeIgniter\CodeIgniter))
11 FCPATH/index.php(27): CodeIgniter\Boot::bootWeb(Object(Config\Paths))
WARNING - 2025-09-30 08:46:53 --> [DEPRECATED] addslashes(): Passing null to parameter #1 ($string) of type string is deprecated in APPPATH/Views/service_list.php on line 10.
 1 APPPATH/Views/service_list.php(10): addslashes(null)
 2 SYSTEMPATH/View/View.php(224): include('/home/u810214334/domains/embellish-beauty.co.uk/public_html/app/Views/service_list.php')
 3 SYSTEMPATH/View/View.php(227): CodeIgniter\View\View->CodeIgniter\View\{closure}()
 4 SYSTEMPATH/Common.php(1173): CodeIgniter\View\View->render('service_list', [], true)
 5 APPPATH/Controllers/Home.php(129): view('service_list', [...])
 6 SYSTEMPATH/CodeIgniter.php(933): App\Controllers\Home->fetch_services()
 7 SYSTEMPATH/CodeIgniter.php(507): CodeIgniter\CodeIgniter->runController(Object(App\Controllers\Home))
 8 SYSTEMPATH/CodeIgniter.php(354): CodeIgniter\CodeIgniter->handleRequest(null, Object(Config\Cache), false)
 9 SYSTEMPATH/Boot.php(334): CodeIgniter\CodeIgniter->run()
10 SYSTEMPATH/Boot.php(67): CodeIgniter\Boot::runCodeIgniter(Object(CodeIgniter\CodeIgniter))
11 FCPATH/index.php(27): CodeIgniter\Boot::bootWeb(Object(Config\Paths))
WARNING - 2025-09-30 08:46:53 --> [DEPRECATED] addslashes(): Passing null to parameter #1 ($string) of type string is deprecated in APPPATH/Views/service_list.php on line 10.
 1 APPPATH/Views/service_list.php(10): addslashes(null)
 2 SYSTEMPATH/View/View.php(224): include('/home/u810214334/domains/embellish-beauty.co.uk/public_html/app/Views/service_list.php')
 3 SYSTEMPATH/View/View.php(227): CodeIgniter\View\View->CodeIgniter\View\{closure}()
 4 SYSTEMPATH/Common.php(1173): CodeIgniter\View\View->render('service_list', [], true)
 5 APPPATH/Controllers/Home.php(129): view('service_list', [...])
 6 SYSTEMPATH/CodeIgniter.php(933): App\Controllers\Home->fetch_services()
 7 SYSTEMPATH/CodeIgniter.php(507): CodeIgniter\CodeIgniter->runController(Object(App\Controllers\Home))
 8 SYSTEMPATH/CodeIgniter.php(354): CodeIgniter\CodeIgniter->handleRequest(null, Object(Config\Cache), false)
 9 SYSTEMPATH/Boot.php(334): CodeIgniter\CodeIgniter->run()
10 SYSTEMPATH/Boot.php(67): CodeIgniter\Boot::runCodeIgniter(Object(CodeIgniter\CodeIgniter))
11 FCPATH/index.php(27): CodeIgniter\Boot::bootWeb(Object(Config\Paths))
WARNING - 2025-09-30 08:46:53 --> [DEPRECATED] addslashes(): Passing null to parameter #1 ($string) of type string is deprecated in APPPATH/Views/service_list.php on line 10.
 1 APPPATH/Views/service_list.php(10): addslashes(null)
 2 SYSTEMPATH/View/View.php(224): include('/home/u810214334/domains/embellish-beauty.co.uk/public_html/app/Views/service_list.php')
 3 SYSTEMPATH/View/View.php(227): CodeIgniter\View\View->CodeIgniter\View\{closure}()
 4 SYSTEMPATH/Common.php(1173): CodeIgniter\View\View->render('service_list', [], true)
 5 APPPATH/Controllers/Home.php(129): view('service_list', [...])
 6 SYSTEMPATH/CodeIgniter.php(933): App\Controllers\Home->fetch_services()
 7 SYSTEMPATH/CodeIgniter.php(507): CodeIgniter\CodeIgniter->runController(Object(App\Controllers\Home))
 8 SYSTEMPATH/CodeIgniter.php(354): CodeIgniter\CodeIgniter->handleRequest(null, Object(Config\Cache), false)
 9 SYSTEMPATH/Boot.php(334): CodeIgniter\CodeIgniter->run()
10 SYSTEMPATH/Boot.php(67): CodeIgniter\Boot::runCodeIgniter(Object(CodeIgniter\CodeIgniter))
11 FCPATH/index.php(27): CodeIgniter\Boot::bootWeb(Object(Config\Paths))
WARNING - 2025-09-30 08:46:53 --> [DEPRECATED] addslashes(): Passing null to parameter #1 ($string) of type string is deprecated in APPPATH/Views/service_list.php on line 10.
 1 APPPATH/Views/service_list.php(10): addslashes(null)
 2 SYSTEMPATH/View/View.php(224): include('/home/u810214334/domains/embellish-beauty.co.uk/public_html/app/Views/service_list.php')
 3 SYSTEMPATH/View/View.php(227): CodeIgniter\View\View->CodeIgniter\View\{closure}()
 4 SYSTEMPATH/Common.php(1173): CodeIgniter\View\View->render('service_list', [], true)
 5 APPPATH/Controllers/Home.php(129): view('service_list', [...])
 6 SYSTEMPATH/CodeIgniter.php(933): App\Controllers\Home->fetch_services()
 7 SYSTEMPATH/CodeIgniter.php(507): CodeIgniter\CodeIgniter->runController(Object(App\Controllers\Home))
 8 SYSTEMPATH/CodeIgniter.php(354): CodeIgniter\CodeIgniter->handleRequest(null, Object(Config\Cache), false)
 9 SYSTEMPATH/Boot.php(334): CodeIgniter\CodeIgniter->run()
10 SYSTEMPATH/Boot.php(67): CodeIgniter\Boot::runCodeIgniter(Object(CodeIgniter\CodeIgniter))
11 FCPATH/index.php(27): CodeIgniter\Boot::bootWeb(Object(Config\Paths))
WARNING - 2025-09-30 08:46:53 --> [DEPRECATED] addslashes(): Passing null to parameter #1 ($string) of type string is deprecated in APPPATH/Views/service_list.php on line 10.
 1 APPPATH/Views/service_list.php(10): addslashes(null)
 2 SYSTEMPATH/View/View.php(224): include('/home/u810214334/domains/embellish-beauty.co.uk/public_html/app/Views/service_list.php')
 3 SYSTEMPATH/View/View.php(227): CodeIgniter\View\View->CodeIgniter\View\{closure}()
 4 SYSTEMPATH/Common.php(1173): CodeIgniter\View\View->render('service_list', [], true)
 5 APPPATH/Controllers/Home.php(129): view('service_list', [...])
 6 SYSTEMPATH/CodeIgniter.php(933): App\Controllers\Home->fetch_services()
 7 SYSTEMPATH/CodeIgniter.php(507): CodeIgniter\CodeIgniter->runController(Object(App\Controllers\Home))
 8 SYSTEMPATH/CodeIgniter.php(354): CodeIgniter\CodeIgniter->handleRequest(null, Object(Config\Cache), false)
 9 SYSTEMPATH/Boot.php(334): CodeIgniter\CodeIgniter->run()
10 SYSTEMPATH/Boot.php(67): CodeIgniter\Boot::runCodeIgniter(Object(CodeIgniter\CodeIgniter))
11 FCPATH/index.php(27): CodeIgniter\Boot::bootWeb(Object(Config\Paths))
WARNING - 2025-09-30 08:46:53 --> [DEPRECATED] addslashes(): Passing null to parameter #1 ($string) of type string is deprecated in APPPATH/Views/service_list.php on line 10.
 1 APPPATH/Views/service_list.php(10): addslashes(null)
 2 SYSTEMPATH/View/View.php(224): include('/home/u810214334/domains/embellish-beauty.co.uk/public_html/app/Views/service_list.php')
 3 SYSTEMPATH/View/View.php(227): CodeIgniter\View\View->CodeIgniter\View\{closure}()
 4 SYSTEMPATH/Common.php(1173): CodeIgniter\View\View->render('service_list', [], true)
 5 APPPATH/Controllers/Home.php(129): view('service_list', [...])
 6 SYSTEMPATH/CodeIgniter.php(933): App\Controllers\Home->fetch_services()
 7 SYSTEMPATH/CodeIgniter.php(507): CodeIgniter\CodeIgniter->runController(Object(App\Controllers\Home))
 8 SYSTEMPATH/CodeIgniter.php(354): CodeIgniter\CodeIgniter->handleRequest(null, Object(Config\Cache), false)
 9 SYSTEMPATH/Boot.php(334): CodeIgniter\CodeIgniter->run()
10 SYSTEMPATH/Boot.php(67): CodeIgniter\Boot::runCodeIgniter(Object(CodeIgniter\CodeIgniter))
11 FCPATH/index.php(27): CodeIgniter\Boot::bootWeb(Object(Config\Paths))
WARNING - 2025-09-30 08:46:53 --> [DEPRECATED] addslashes(): Passing null to parameter #1 ($string) of type string is deprecated in APPPATH/Views/service_list.php on line 10.
 1 APPPATH/Views/service_list.php(10): addslashes(null)
 2 SYSTEMPATH/View/View.php(224): include('/home/u810214334/domains/embellish-beauty.co.uk/public_html/app/Views/service_list.php')
 3 SYSTEMPATH/View/View.php(227): CodeIgniter\View\View->CodeIgniter\View\{closure}()
 4 SYSTEMPATH/Common.php(1173): CodeIgniter\View\View->render('service_list', [], true)
 5 APPPATH/Controllers/Home.php(129): view('service_list', [...])
 6 SYSTEMPATH/CodeIgniter.php(933): App\Controllers\Home->fetch_services()
 7 SYSTEMPATH/CodeIgniter.php(507): CodeIgniter\CodeIgniter->runController(Object(App\Controllers\Home))
 8 SYSTEMPATH/CodeIgniter.php(354): CodeIgniter\CodeIgniter->handleRequest(null, Object(Config\Cache), false)
 9 SYSTEMPATH/Boot.php(334): CodeIgniter\CodeIgniter->run()
10 SYSTEMPATH/Boot.php(67): CodeIgniter\Boot::runCodeIgniter(Object(CodeIgniter\CodeIgniter))
11 FCPATH/index.php(27): CodeIgniter\Boot::bootWeb(Object(Config\Paths))
WARNING - 2025-09-30 08:46:53 --> [DEPRECATED] addslashes(): Passing null to parameter #1 ($string) of type string is deprecated in APPPATH/Views/service_list.php on line 10.
 1 APPPATH/Views/service_list.php(10): addslashes(null)
 2 SYSTEMPATH/View/View.php(224): include('/home/u810214334/domains/embellish-beauty.co.uk/public_html/app/Views/service_list.php')
 3 SYSTEMPATH/View/View.php(227): CodeIgniter\View\View->CodeIgniter\View\{closure}()
 4 SYSTEMPATH/Common.php(1173): CodeIgniter\View\View->render('service_list', [], true)
 5 APPPATH/Controllers/Home.php(129): view('service_list', [...])
 6 SYSTEMPATH/CodeIgniter.php(933): App\Controllers\Home->fetch_services()
 7 SYSTEMPATH/CodeIgniter.php(507): CodeIgniter\CodeIgniter->runController(Object(App\Controllers\Home))
 8 SYSTEMPATH/CodeIgniter.php(354): CodeIgniter\CodeIgniter->handleRequest(null, Object(Config\Cache), false)
 9 SYSTEMPATH/Boot.php(334): CodeIgniter\CodeIgniter->run()
10 SYSTEMPATH/Boot.php(67): CodeIgniter\Boot::runCodeIgniter(Object(CodeIgniter\CodeIgniter))
11 FCPATH/index.php(27): CodeIgniter\Boot::bootWeb(Object(Config\Paths))
DEBUG - 2025-09-30 08:47:47 --> Session: Class initialized using 'CodeIgniter\Session\Handlers\FileHandler' driver.
WARNING - 2025-09-30 08:47:47 --> [DEPRECATED] addslashes(): Passing null to parameter #1 ($string) of type string is deprecated in APPPATH/Views/service_list.php on line 10.
 1 APPPATH/Views/service_list.php(10): addslashes(null)
 2 SYSTEMPATH/View/View.php(224): include('/home/u810214334/domains/embellish-beauty.co.uk/public_html/app/Views/service_list.php')
 3 SYSTEMPATH/View/View.php(227): CodeIgniter\View\View->CodeIgniter\View\{closure}()
 4 SYSTEMPATH/Common.php(1173): CodeIgniter\View\View->render('service_list', [], true)
 5 APPPATH/Controllers/Home.php(129): view('service_list', [...])
 6 SYSTEMPATH/CodeIgniter.php(933): App\Controllers\Home->fetch_services()
 7 SYSTEMPATH/CodeIgniter.php(507): CodeIgniter\CodeIgniter->runController(Object(App\Controllers\Home))
 8 SYSTEMPATH/CodeIgniter.php(354): CodeIgniter\CodeIgniter->handleRequest(null, Object(Config\Cache), false)
 9 SYSTEMPATH/Boot.php(334): CodeIgniter\CodeIgniter->run()
10 SYSTEMPATH/Boot.php(67): CodeIgniter\Boot::runCodeIgniter(Object(CodeIgniter\CodeIgniter))
11 FCPATH/index.php(27): CodeIgniter\Boot::bootWeb(Object(Config\Paths))
WARNING - 2025-09-30 08:47:47 --> [DEPRECATED] addslashes(): Passing null to parameter #1 ($string) of type string is deprecated in APPPATH/Views/service_list.php on line 10.
 1 APPPATH/Views/service_list.php(10): addslashes(null)
 2 SYSTEMPATH/View/View.php(224): include('/home/u810214334/domains/embellish-beauty.co.uk/public_html/app/Views/service_list.php')
 3 SYSTEMPATH/View/View.php(227): CodeIgniter\View\View->CodeIgniter\View\{closure}()
 4 SYSTEMPATH/Common.php(1173): CodeIgniter\View\View->render('service_list', [], true)
 5 APPPATH/Controllers/Home.php(129): view('service_list', [...])
 6 SYSTEMPATH/CodeIgniter.php(933): App\Controllers\Home->fetch_services()
 7 SYSTEMPATH/CodeIgniter.php(507): CodeIgniter\CodeIgniter->runController(Object(App\Controllers\Home))
 8 SYSTEMPATH/CodeIgniter.php(354): CodeIgniter\CodeIgniter->handleRequest(null, Object(Config\Cache), false)
 9 SYSTEMPATH/Boot.php(334): CodeIgniter\CodeIgniter->run()
10 SYSTEMPATH/Boot.php(67): CodeIgniter\Boot::runCodeIgniter(Object(CodeIgniter\CodeIgniter))
11 FCPATH/index.php(27): CodeIgniter\Boot::bootWeb(Object(Config\Paths))
WARNING - 2025-09-30 08:47:47 --> [DEPRECATED] addslashes(): Passing null to parameter #1 ($string) of type string is deprecated in APPPATH/Views/service_list.php on line 10.
 1 APPPATH/Views/service_list.php(10): addslashes(null)
 2 SYSTEMPATH/View/View.php(224): include('/home/u810214334/domains/embellish-beauty.co.uk/public_html/app/Views/service_list.php')
 3 SYSTEMPATH/View/View.php(227): CodeIgniter\View\View->CodeIgniter\View\{closure}()
 4 SYSTEMPATH/Common.php(1173): CodeIgniter\View\View->render('service_list', [], true)
 5 APPPATH/Controllers/Home.php(129): view('service_list', [...])
 6 SYSTEMPATH/CodeIgniter.php(933): App\Controllers\Home->fetch_services()
 7 SYSTEMPATH/CodeIgniter.php(507): CodeIgniter\CodeIgniter->runController(Object(App\Controllers\Home))
 8 SYSTEMPATH/CodeIgniter.php(354): CodeIgniter\CodeIgniter->handleRequest(null, Object(Config\Cache), false)
 9 SYSTEMPATH/Boot.php(334): CodeIgniter\CodeIgniter->run()
10 SYSTEMPATH/Boot.php(67): CodeIgniter\Boot::runCodeIgniter(Object(CodeIgniter\CodeIgniter))
11 FCPATH/index.php(27): CodeIgniter\Boot::bootWeb(Object(Config\Paths))
WARNING - 2025-09-30 08:47:47 --> [DEPRECATED] addslashes(): Passing null to parameter #1 ($string) of type string is deprecated in APPPATH/Views/service_list.php on line 10.
 1 APPPATH/Views/service_list.php(10): addslashes(null)
 2 SYSTEMPATH/View/View.php(224): include('/home/u810214334/domains/embellish-beauty.co.uk/public_html/app/Views/service_list.php')
 3 SYSTEMPATH/View/View.php(227): CodeIgniter\View\View->CodeIgniter\View\{closure}()
 4 SYSTEMPATH/Common.php(1173): CodeIgniter\View\View->render('service_list', [], true)
 5 APPPATH/Controllers/Home.php(129): view('service_list', [...])
 6 SYSTEMPATH/CodeIgniter.php(933): App\Controllers\Home->fetch_services()
 7 SYSTEMPATH/CodeIgniter.php(507): CodeIgniter\CodeIgniter->runController(Object(App\Controllers\Home))
 8 SYSTEMPATH/CodeIgniter.php(354): CodeIgniter\CodeIgniter->handleRequest(null, Object(Config\Cache), false)
 9 SYSTEMPATH/Boot.php(334): CodeIgniter\CodeIgniter->run()
10 SYSTEMPATH/Boot.php(67): CodeIgniter\Boot::runCodeIgniter(Object(CodeIgniter\CodeIgniter))
11 FCPATH/index.php(27): CodeIgniter\Boot::bootWeb(Object(Config\Paths))
WARNING - 2025-09-30 08:47:47 --> [DEPRECATED] addslashes(): Passing null to parameter #1 ($string) of type string is deprecated in APPPATH/Views/service_list.php on line 10.
 1 APPPATH/Views/service_list.php(10): addslashes(null)
 2 SYSTEMPATH/View/View.php(224): include('/home/u810214334/domains/embellish-beauty.co.uk/public_html/app/Views/service_list.php')
 3 SYSTEMPATH/View/View.php(227): CodeIgniter\View\View->CodeIgniter\View\{closure}()
 4 SYSTEMPATH/Common.php(1173): CodeIgniter\View\View->render('service_list', [], true)
 5 APPPATH/Controllers/Home.php(129): view('service_list', [...])
 6 SYSTEMPATH/CodeIgniter.php(933): App\Controllers\Home->fetch_services()
 7 SYSTEMPATH/CodeIgniter.php(507): CodeIgniter\CodeIgniter->runController(Object(App\Controllers\Home))
 8 SYSTEMPATH/CodeIgniter.php(354): CodeIgniter\CodeIgniter->handleRequest(null, Object(Config\Cache), false)
 9 SYSTEMPATH/Boot.php(334): CodeIgniter\CodeIgniter->run()
10 SYSTEMPATH/Boot.php(67): CodeIgniter\Boot::runCodeIgniter(Object(CodeIgniter\CodeIgniter))
11 FCPATH/index.php(27): CodeIgniter\Boot::bootWeb(Object(Config\Paths))
WARNING - 2025-09-30 08:47:47 --> [DEPRECATED] addslashes(): Passing null to parameter #1 ($string) of type string is deprecated in APPPATH/Views/service_list.php on line 10.
 1 APPPATH/Views/service_list.php(10): addslashes(null)
 2 SYSTEMPATH/View/View.php(224): include('/home/u810214334/domains/embellish-beauty.co.uk/public_html/app/Views/service_list.php')
 3 SYSTEMPATH/View/View.php(227): CodeIgniter\View\View->CodeIgniter\View\{closure}()
 4 SYSTEMPATH/Common.php(1173): CodeIgniter\View\View->render('service_list', [], true)
 5 APPPATH/Controllers/Home.php(129): view('service_list', [...])
 6 SYSTEMPATH/CodeIgniter.php(933): App\Controllers\Home->fetch_services()
 7 SYSTEMPATH/CodeIgniter.php(507): CodeIgniter\CodeIgniter->runController(Object(App\Controllers\Home))
 8 SYSTEMPATH/CodeIgniter.php(354): CodeIgniter\CodeIgniter->handleRequest(null, Object(Config\Cache), false)
 9 SYSTEMPATH/Boot.php(334): CodeIgniter\CodeIgniter->run()
10 SYSTEMPATH/Boot.php(67): CodeIgniter\Boot::runCodeIgniter(Object(CodeIgniter\CodeIgniter))
11 FCPATH/index.php(27): CodeIgniter\Boot::bootWeb(Object(Config\Paths))
WARNING - 2025-09-30 08:47:47 --> [DEPRECATED] addslashes(): Passing null to parameter #1 ($string) of type string is deprecated in APPPATH/Views/service_list.php on line 10.
 1 APPPATH/Views/service_list.php(10): addslashes(null)
 2 SYSTEMPATH/View/View.php(224): include('/home/u810214334/domains/embellish-beauty.co.uk/public_html/app/Views/service_list.php')
 3 SYSTEMPATH/View/View.php(227): CodeIgniter\View\View->CodeIgniter\View\{closure}()
 4 SYSTEMPATH/Common.php(1173): CodeIgniter\View\View->render('service_list', [], true)
 5 APPPATH/Controllers/Home.php(129): view('service_list', [...])
 6 SYSTEMPATH/CodeIgniter.php(933): App\Controllers\Home->fetch_services()
 7 SYSTEMPATH/CodeIgniter.php(507): CodeIgniter\CodeIgniter->runController(Object(App\Controllers\Home))
 8 SYSTEMPATH/CodeIgniter.php(354): CodeIgniter\CodeIgniter->handleRequest(null, Object(Config\Cache), false)
 9 SYSTEMPATH/Boot.php(334): CodeIgniter\CodeIgniter->run()
10 SYSTEMPATH/Boot.php(67): CodeIgniter\Boot::runCodeIgniter(Object(CodeIgniter\CodeIgniter))
11 FCPATH/index.php(27): CodeIgniter\Boot::bootWeb(Object(Config\Paths))
WARNING - 2025-09-30 08:47:47 --> [DEPRECATED] addslashes(): Passing null to parameter #1 ($string) of type string is deprecated in APPPATH/Views/service_list.php on line 10.
 1 APPPATH/Views/service_list.php(10): addslashes(null)
 2 SYSTEMPATH/View/View.php(224): include('/home/u810214334/domains/embellish-beauty.co.uk/public_html/app/Views/service_list.php')
 3 SYSTEMPATH/View/View.php(227): CodeIgniter\View\View->CodeIgniter\View\{closure}()
 4 SYSTEMPATH/Common.php(1173): CodeIgniter\View\View->render('service_list', [], true)
 5 APPPATH/Controllers/Home.php(129): view('service_list', [...])
 6 SYSTEMPATH/CodeIgniter.php(933): App\Controllers\Home->fetch_services()
 7 SYSTEMPATH/CodeIgniter.php(507): CodeIgniter\CodeIgniter->runController(Object(App\Controllers\Home))
 8 SYSTEMPATH/CodeIgniter.php(354): CodeIgniter\CodeIgniter->handleRequest(null, Object(Config\Cache), false)
 9 SYSTEMPATH/Boot.php(334): CodeIgniter\CodeIgniter->run()
10 SYSTEMPATH/Boot.php(67): CodeIgniter\Boot::runCodeIgniter(Object(CodeIgniter\CodeIgniter))
11 FCPATH/index.php(27): CodeIgniter\Boot::bootWeb(Object(Config\Paths))
DEBUG - 2025-09-30 08:48:06 --> Session: Class initialized using 'CodeIgniter\Session\Handlers\FileHandler' driver.
WARNING - 2025-09-30 08:48:07 --> [DEPRECATED] addslashes(): Passing null to parameter #1 ($string) of type string is deprecated in APPPATH/Views/service_list.php on line 10.
 1 APPPATH/Views/service_list.php(10): addslashes(null)
 2 SYSTEMPATH/View/View.php(224): include('/home/u810214334/domains/embellish-beauty.co.uk/public_html/app/Views/service_list.php')
 3 SYSTEMPATH/View/View.php(227): CodeIgniter\View\View->CodeIgniter\View\{closure}()
 4 SYSTEMPATH/Common.php(1173): CodeIgniter\View\View->render('service_list', [], true)
 5 APPPATH/Controllers/Home.php(129): view('service_list', [...])
 6 SYSTEMPATH/CodeIgniter.php(933): App\Controllers\Home->fetch_services()
 7 SYSTEMPATH/CodeIgniter.php(507): CodeIgniter\CodeIgniter->runController(Object(App\Controllers\Home))
 8 SYSTEMPATH/CodeIgniter.php(354): CodeIgniter\CodeIgniter->handleRequest(null, Object(Config\Cache), false)
 9 SYSTEMPATH/Boot.php(334): CodeIgniter\CodeIgniter->run()
10 SYSTEMPATH/Boot.php(67): CodeIgniter\Boot::runCodeIgniter(Object(CodeIgniter\CodeIgniter))
11 FCPATH/index.php(27): CodeIgniter\Boot::bootWeb(Object(Config\Paths))
WARNING - 2025-09-30 08:48:07 --> [DEPRECATED] addslashes(): Passing null to parameter #1 ($string) of type string is deprecated in APPPATH/Views/service_list.php on line 10.
 1 APPPATH/Views/service_list.php(10): addslashes(null)
 2 SYSTEMPATH/View/View.php(224): include('/home/u810214334/domains/embellish-beauty.co.uk/public_html/app/Views/service_list.php')
 3 SYSTEMPATH/View/View.php(227): CodeIgniter\View\View->CodeIgniter\View\{closure}()
 4 SYSTEMPATH/Common.php(1173): CodeIgniter\View\View->render('service_list', [], true)
 5 APPPATH/Controllers/Home.php(129): view('service_list', [...])
 6 SYSTEMPATH/CodeIgniter.php(933): App\Controllers\Home->fetch_services()
 7 SYSTEMPATH/CodeIgniter.php(507): CodeIgniter\CodeIgniter->runController(Object(App\Controllers\Home))
 8 SYSTEMPATH/CodeIgniter.php(354): CodeIgniter\CodeIgniter->handleRequest(null, Object(Config\Cache), false)
 9 SYSTEMPATH/Boot.php(334): CodeIgniter\CodeIgniter->run()
10 SYSTEMPATH/Boot.php(67): CodeIgniter\Boot::runCodeIgniter(Object(CodeIgniter\CodeIgniter))
11 FCPATH/index.php(27): CodeIgniter\Boot::bootWeb(Object(Config\Paths))
WARNING - 2025-09-30 08:48:07 --> [DEPRECATED] addslashes(): Passing null to parameter #1 ($string) of type string is deprecated in APPPATH/Views/service_list.php on line 10.
 1 APPPATH/Views/service_list.php(10): addslashes(null)
 2 SYSTEMPATH/View/View.php(224): include('/home/u810214334/domains/embellish-beauty.co.uk/public_html/app/Views/service_list.php')
 3 SYSTEMPATH/View/View.php(227): CodeIgniter\View\View->CodeIgniter\View\{closure}()
 4 SYSTEMPATH/Common.php(1173): CodeIgniter\View\View->render('service_list', [], true)
 5 APPPATH/Controllers/Home.php(129): view('service_list', [...])
 6 SYSTEMPATH/CodeIgniter.php(933): App\Controllers\Home->fetch_services()
 7 SYSTEMPATH/CodeIgniter.php(507): CodeIgniter\CodeIgniter->runController(Object(App\Controllers\Home))
 8 SYSTEMPATH/CodeIgniter.php(354): CodeIgniter\CodeIgniter->handleRequest(null, Object(Config\Cache), false)
 9 SYSTEMPATH/Boot.php(334): CodeIgniter\CodeIgniter->run()
10 SYSTEMPATH/Boot.php(67): CodeIgniter\Boot::runCodeIgniter(Object(CodeIgniter\CodeIgniter))
11 FCPATH/index.php(27): CodeIgniter\Boot::bootWeb(Object(Config\Paths))
WARNING - 2025-09-30 08:48:07 --> [DEPRECATED] addslashes(): Passing null to parameter #1 ($string) of type string is deprecated in APPPATH/Views/service_list.php on line 10.
 1 APPPATH/Views/service_list.php(10): addslashes(null)
 2 SYSTEMPATH/View/View.php(224): include('/home/u810214334/domains/embellish-beauty.co.uk/public_html/app/Views/service_list.php')
 3 SYSTEMPATH/View/View.php(227): CodeIgniter\View\View->CodeIgniter\View\{closure}()
 4 SYSTEMPATH/Common.php(1173): CodeIgniter\View\View->render('service_list', [], true)
 5 APPPATH/Controllers/Home.php(129): view('service_list', [...])
 6 SYSTEMPATH/CodeIgniter.php(933): App\Controllers\Home->fetch_services()
 7 SYSTEMPATH/CodeIgniter.php(507): CodeIgniter\CodeIgniter->runController(Object(App\Controllers\Home))
 8 SYSTEMPATH/CodeIgniter.php(354): CodeIgniter\CodeIgniter->handleRequest(null, Object(Config\Cache), false)
 9 SYSTEMPATH/Boot.php(334): CodeIgniter\CodeIgniter->run()
10 SYSTEMPATH/Boot.php(67): CodeIgniter\Boot::runCodeIgniter(Object(CodeIgniter\CodeIgniter))
11 FCPATH/index.php(27): CodeIgniter\Boot::bootWeb(Object(Config\Paths))
WARNING - 2025-09-30 08:48:07 --> [DEPRECATED] addslashes(): Passing null to parameter #1 ($string) of type string is deprecated in APPPATH/Views/service_list.php on line 10.
 1 APPPATH/Views/service_list.php(10): addslashes(null)
 2 SYSTEMPATH/View/View.php(224): include('/home/u810214334/domains/embellish-beauty.co.uk/public_html/app/Views/service_list.php')
 3 SYSTEMPATH/View/View.php(227): CodeIgniter\View\View->CodeIgniter\View\{closure}()
 4 SYSTEMPATH/Common.php(1173): CodeIgniter\View\View->render('service_list', [], true)
 5 APPPATH/Controllers/Home.php(129): view('service_list', [...])
 6 SYSTEMPATH/CodeIgniter.php(933): App\Controllers\Home->fetch_services()
 7 SYSTEMPATH/CodeIgniter.php(507): CodeIgniter\CodeIgniter->runController(Object(App\Controllers\Home))
 8 SYSTEMPATH/CodeIgniter.php(354): CodeIgniter\CodeIgniter->handleRequest(null, Object(Config\Cache), false)
 9 SYSTEMPATH/Boot.php(334): CodeIgniter\CodeIgniter->run()
10 SYSTEMPATH/Boot.php(67): CodeIgniter\Boot::runCodeIgniter(Object(CodeIgniter\CodeIgniter))
11 FCPATH/index.php(27): CodeIgniter\Boot::bootWeb(Object(Config\Paths))
WARNING - 2025-09-30 08:48:07 --> [DEPRECATED] addslashes(): Passing null to parameter #1 ($string) of type string is deprecated in APPPATH/Views/service_list.php on line 10.
 1 APPPATH/Views/service_list.php(10): addslashes(null)
 2 SYSTEMPATH/View/View.php(224): include('/home/u810214334/domains/embellish-beauty.co.uk/public_html/app/Views/service_list.php')
 3 SYSTEMPATH/View/View.php(227): CodeIgniter\View\View->CodeIgniter\View\{closure}()
 4 SYSTEMPATH/Common.php(1173): CodeIgniter\View\View->render('service_list', [], true)
 5 APPPATH/Controllers/Home.php(129): view('service_list', [...])
 6 SYSTEMPATH/CodeIgniter.php(933): App\Controllers\Home->fetch_services()
 7 SYSTEMPATH/CodeIgniter.php(507): CodeIgniter\CodeIgniter->runController(Object(App\Controllers\Home))
 8 SYSTEMPATH/CodeIgniter.php(354): CodeIgniter\CodeIgniter->handleRequest(null, Object(Config\Cache), false)
 9 SYSTEMPATH/Boot.php(334): CodeIgniter\CodeIgniter->run()
10 SYSTEMPATH/Boot.php(67): CodeIgniter\Boot::runCodeIgniter(Object(CodeIgniter\CodeIgniter))
11 FCPATH/index.php(27): CodeIgniter\Boot::bootWeb(Object(Config\Paths))
WARNING - 2025-09-30 08:48:07 --> [DEPRECATED] addslashes(): Passing null to parameter #1 ($string) of type string is deprecated in APPPATH/Views/service_list.php on line 10.
 1 APPPATH/Views/service_list.php(10): addslashes(null)
 2 SYSTEMPATH/View/View.php(224): include('/home/u810214334/domains/embellish-beauty.co.uk/public_html/app/Views/service_list.php')
 3 SYSTEMPATH/View/View.php(227): CodeIgniter\View\View->CodeIgniter\View\{closure}()
 4 SYSTEMPATH/Common.php(1173): CodeIgniter\View\View->render('service_list', [], true)
 5 APPPATH/Controllers/Home.php(129): view('service_list', [...])
 6 SYSTEMPATH/CodeIgniter.php(933): App\Controllers\Home->fetch_services()
 7 SYSTEMPATH/CodeIgniter.php(507): CodeIgniter\CodeIgniter->runController(Object(App\Controllers\Home))
 8 SYSTEMPATH/CodeIgniter.php(354): CodeIgniter\CodeIgniter->handleRequest(null, Object(Config\Cache), false)
 9 SYSTEMPATH/Boot.php(334): CodeIgniter\CodeIgniter->run()
10 SYSTEMPATH/Boot.php(67): CodeIgniter\Boot::runCodeIgniter(Object(CodeIgniter\CodeIgniter))
11 FCPATH/index.php(27): CodeIgniter\Boot::bootWeb(Object(Config\Paths))
WARNING - 2025-09-30 08:48:07 --> [DEPRECATED] addslashes(): Passing null to parameter #1 ($string) of type string is deprecated in APPPATH/Views/service_list.php on line 10.
 1 APPPATH/Views/service_list.php(10): addslashes(null)
 2 SYSTEMPATH/View/View.php(224): include('/home/u810214334/domains/embellish-beauty.co.uk/public_html/app/Views/service_list.php')
 3 SYSTEMPATH/View/View.php(227): CodeIgniter\View\View->CodeIgniter\View\{closure}()
 4 SYSTEMPATH/Common.php(1173): CodeIgniter\View\View->render('service_list', [], true)
 5 APPPATH/Controllers/Home.php(129): view('service_list', [...])
 6 SYSTEMPATH/CodeIgniter.php(933): App\Controllers\Home->fetch_services()
 7 SYSTEMPATH/CodeIgniter.php(507): CodeIgniter\CodeIgniter->runController(Object(App\Controllers\Home))
 8 SYSTEMPATH/CodeIgniter.php(354): CodeIgniter\CodeIgniter->handleRequest(null, Object(Config\Cache), false)
 9 SYSTEMPATH/Boot.php(334): CodeIgniter\CodeIgniter->run()
10 SYSTEMPATH/Boot.php(67): CodeIgniter\Boot::runCodeIgniter(Object(CodeIgniter\CodeIgniter))
11 FCPATH/index.php(27): CodeIgniter\Boot::bootWeb(Object(Config\Paths))
WARNING - 2025-09-30 08:48:07 --> [DEPRECATED] addslashes(): Passing null to parameter #1 ($string) of type string is deprecated in APPPATH/Views/service_list.php on line 10.
 1 APPPATH/Views/service_list.php(10): addslashes(null)
 2 SYSTEMPATH/View/View.php(224): include('/home/u810214334/domains/embellish-beauty.co.uk/public_html/app/Views/service_list.php')
 3 SYSTEMPATH/View/View.php(227): CodeIgniter\View\View->CodeIgniter\View\{closure}()
 4 SYSTEMPATH/Common.php(1173): CodeIgniter\View\View->render('service_list', [], true)
 5 APPPATH/Controllers/Home.php(129): view('service_list', [...])
 6 SYSTEMPATH/CodeIgniter.php(933): App\Controllers\Home->fetch_services()
 7 SYSTEMPATH/CodeIgniter.php(507): CodeIgniter\CodeIgniter->runController(Object(App\Controllers\Home))
 8 SYSTEMPATH/CodeIgniter.php(354): CodeIgniter\CodeIgniter->handleRequest(null, Object(Config\Cache), false)
 9 SYSTEMPATH/Boot.php(334): CodeIgniter\CodeIgniter->run()
10 SYSTEMPATH/Boot.php(67): CodeIgniter\Boot::runCodeIgniter(Object(CodeIgniter\CodeIgniter))
11 FCPATH/index.php(27): CodeIgniter\Boot::bootWeb(Object(Config\Paths))
WARNING - 2025-09-30 08:48:07 --> [DEPRECATED] addslashes(): Passing null to parameter #1 ($string) of type string is deprecated in APPPATH/Views/service_list.php on line 10.
 1 APPPATH/Views/service_list.php(10): addslashes(null)
 2 SYSTEMPATH/View/View.php(224): include('/home/u810214334/domains/embellish-beauty.co.uk/public_html/app/Views/service_list.php')
 3 SYSTEMPATH/View/View.php(227): CodeIgniter\View\View->CodeIgniter\View\{closure}()
 4 SYSTEMPATH/Common.php(1173): CodeIgniter\View\View->render('service_list', [], true)
 5 APPPATH/Controllers/Home.php(129): view('service_list', [...])
 6 SYSTEMPATH/CodeIgniter.php(933): App\Controllers\Home->fetch_services()
 7 SYSTEMPATH/CodeIgniter.php(507): CodeIgniter\CodeIgniter->runController(Object(App\Controllers\Home))
 8 SYSTEMPATH/CodeIgniter.php(354): CodeIgniter\CodeIgniter->handleRequest(null, Object(Config\Cache), false)
 9 SYSTEMPATH/Boot.php(334): CodeIgniter\CodeIgniter->run()
10 SYSTEMPATH/Boot.php(67): CodeIgniter\Boot::runCodeIgniter(Object(CodeIgniter\CodeIgniter))
11 FCPATH/index.php(27): CodeIgniter\Boot::bootWeb(Object(Config\Paths))
WARNING - 2025-09-30 08:48:07 --> [DEPRECATED] addslashes(): Passing null to parameter #1 ($string) of type string is deprecated in APPPATH/Views/service_list.php on line 10.
 1 APPPATH/Views/service_list.php(10): addslashes(null)
 2 SYSTEMPATH/View/View.php(224): include('/home/u810214334/domains/embellish-beauty.co.uk/public_html/app/Views/service_list.php')
 3 SYSTEMPATH/View/View.php(227): CodeIgniter\View\View->CodeIgniter\View\{closure}()
 4 SYSTEMPATH/Common.php(1173): CodeIgniter\View\View->render('service_list', [], true)
 5 APPPATH/Controllers/Home.php(129): view('service_list', [...])
 6 SYSTEMPATH/CodeIgniter.php(933): App\Controllers\Home->fetch_services()
 7 SYSTEMPATH/CodeIgniter.php(507): CodeIgniter\CodeIgniter->runController(Object(App\Controllers\Home))
 8 SYSTEMPATH/CodeIgniter.php(354): CodeIgniter\CodeIgniter->handleRequest(null, Object(Config\Cache), false)
 9 SYSTEMPATH/Boot.php(334): CodeIgniter\CodeIgniter->run()
10 SYSTEMPATH/Boot.php(67): CodeIgniter\Boot::runCodeIgniter(Object(CodeIgniter\CodeIgniter))
11 FCPATH/index.php(27): CodeIgniter\Boot::bootWeb(Object(Config\Paths))
WARNING - 2025-09-30 08:48:07 --> [DEPRECATED] addslashes(): Passing null to parameter #1 ($string) of type string is deprecated in APPPATH/Views/service_list.php on line 10.
 1 APPPATH/Views/service_list.php(10): addslashes(null)
 2 SYSTEMPATH/View/View.php(224): include('/home/u810214334/domains/embellish-beauty.co.uk/public_html/app/Views/service_list.php')
 3 SYSTEMPATH/View/View.php(227): CodeIgniter\View\View->CodeIgniter\View\{closure}()
 4 SYSTEMPATH/Common.php(1173): CodeIgniter\View\View->render('service_list', [], true)
 5 APPPATH/Controllers/Home.php(129): view('service_list', [...])
 6 SYSTEMPATH/CodeIgniter.php(933): App\Controllers\Home->fetch_services()
 7 SYSTEMPATH/CodeIgniter.php(507): CodeIgniter\CodeIgniter->runController(Object(App\Controllers\Home))
 8 SYSTEMPATH/CodeIgniter.php(354): CodeIgniter\CodeIgniter->handleRequest(null, Object(Config\Cache), false)
 9 SYSTEMPATH/Boot.php(334): CodeIgniter\CodeIgniter->run()
10 SYSTEMPATH/Boot.php(67): CodeIgniter\Boot::runCodeIgniter(Object(CodeIgniter\CodeIgniter))
11 FCPATH/index.php(27): CodeIgniter\Boot::bootWeb(Object(Config\Paths))
WARNING - 2025-09-30 08:48:07 --> [DEPRECATED] addslashes(): Passing null to parameter #1 ($string) of type string is deprecated in APPPATH/Views/service_list.php on line 10.
 1 APPPATH/Views/service_list.php(10): addslashes(null)
 2 SYSTEMPATH/View/View.php(224): include('/home/u810214334/domains/embellish-beauty.co.uk/public_html/app/Views/service_list.php')
 3 SYSTEMPATH/View/View.php(227): CodeIgniter\View\View->CodeIgniter\View\{closure}()
 4 SYSTEMPATH/Common.php(1173): CodeIgniter\View\View->render('service_list', [], true)
 5 APPPATH/Controllers/Home.php(129): view('service_list', [...])
 6 SYSTEMPATH/CodeIgniter.php(933): App\Controllers\Home->fetch_services()
 7 SYSTEMPATH/CodeIgniter.php(507): CodeIgniter\CodeIgniter->runController(Object(App\Controllers\Home))
 8 SYSTEMPATH/CodeIgniter.php(354): CodeIgniter\CodeIgniter->handleRequest(null, Object(Config\Cache), false)
 9 SYSTEMPATH/Boot.php(334): CodeIgniter\CodeIgniter->run()
10 SYSTEMPATH/Boot.php(67): CodeIgniter\Boot::runCodeIgniter(Object(CodeIgniter\CodeIgniter))
11 FCPATH/index.php(27): CodeIgniter\Boot::bootWeb(Object(Config\Paths))
WARNING - 2025-09-30 08:48:07 --> [DEPRECATED] addslashes(): Passing null to parameter #1 ($string) of type string is deprecated in APPPATH/Views/service_list.php on line 10.
 1 APPPATH/Views/service_list.php(10): addslashes(null)
 2 SYSTEMPATH/View/View.php(224): include('/home/u810214334/domains/embellish-beauty.co.uk/public_html/app/Views/service_list.php')
 3 SYSTEMPATH/View/View.php(227): CodeIgniter\View\View->CodeIgniter\View\{closure}()
 4 SYSTEMPATH/Common.php(1173): CodeIgniter\View\View->render('service_list', [], true)
 5 APPPATH/Controllers/Home.php(129): view('service_list', [...])
 6 SYSTEMPATH/CodeIgniter.php(933): App\Controllers\Home->fetch_services()
 7 SYSTEMPATH/CodeIgniter.php(507): CodeIgniter\CodeIgniter->runController(Object(App\Controllers\Home))
 8 SYSTEMPATH/CodeIgniter.php(354): CodeIgniter\CodeIgniter->handleRequest(null, Object(Config\Cache), false)
 9 SYSTEMPATH/Boot.php(334): CodeIgniter\CodeIgniter->run()
10 SYSTEMPATH/Boot.php(67): CodeIgniter\Boot::runCodeIgniter(Object(CodeIgniter\CodeIgniter))
11 FCPATH/index.php(27): CodeIgniter\Boot::bootWeb(Object(Config\Paths))
WARNING - 2025-09-30 08:48:07 --> [DEPRECATED] addslashes(): Passing null to parameter #1 ($string) of type string is deprecated in APPPATH/Views/service_list.php on line 10.
 1 APPPATH/Views/service_list.php(10): addslashes(null)
 2 SYSTEMPATH/View/View.php(224): include('/home/u810214334/domains/embellish-beauty.co.uk/public_html/app/Views/service_list.php')
 3 SYSTEMPATH/View/View.php(227): CodeIgniter\View\View->CodeIgniter\View\{closure}()
 4 SYSTEMPATH/Common.php(1173): CodeIgniter\View\View->render('service_list', [], true)
 5 APPPATH/Controllers/Home.php(129): view('service_list', [...])
 6 SYSTEMPATH/CodeIgniter.php(933): App\Controllers\Home->fetch_services()
 7 SYSTEMPATH/CodeIgniter.php(507): CodeIgniter\CodeIgniter->runController(Object(App\Controllers\Home))
 8 SYSTEMPATH/CodeIgniter.php(354): CodeIgniter\CodeIgniter->handleRequest(null, Object(Config\Cache), false)
 9 SYSTEMPATH/Boot.php(334): CodeIgniter\CodeIgniter->run()
10 SYSTEMPATH/Boot.php(67): CodeIgniter\Boot::runCodeIgniter(Object(CodeIgniter\CodeIgniter))
11 FCPATH/index.php(27): CodeIgniter\Boot::bootWeb(Object(Config\Paths))
WARNING - 2025-09-30 08:48:07 --> [DEPRECATED] addslashes(): Passing null to parameter #1 ($string) of type string is deprecated in APPPATH/Views/service_list.php on line 10.
 1 APPPATH/Views/service_list.php(10): addslashes(null)
 2 SYSTEMPATH/View/View.php(224): include('/home/u810214334/domains/embellish-beauty.co.uk/public_html/app/Views/service_list.php')
 3 SYSTEMPATH/View/View.php(227): CodeIgniter\View\View->CodeIgniter\View\{closure}()
 4 SYSTEMPATH/Common.php(1173): CodeIgniter\View\View->render('service_list', [], true)
 5 APPPATH/Controllers/Home.php(129): view('service_list', [...])
 6 SYSTEMPATH/CodeIgniter.php(933): App\Controllers\Home->fetch_services()
 7 SYSTEMPATH/CodeIgniter.php(507): CodeIgniter\CodeIgniter->runController(Object(App\Controllers\Home))
 8 SYSTEMPATH/CodeIgniter.php(354): CodeIgniter\CodeIgniter->handleRequest(null, Object(Config\Cache), false)
 9 SYSTEMPATH/Boot.php(334): CodeIgniter\CodeIgniter->run()
10 SYSTEMPATH/Boot.php(67): CodeIgniter\Boot::runCodeIgniter(Object(CodeIgniter\CodeIgniter))
11 FCPATH/index.php(27): CodeIgniter\Boot::bootWeb(Object(Config\Paths))
WARNING - 2025-09-30 08:48:07 --> [DEPRECATED] addslashes(): Passing null to parameter #1 ($string) of type string is deprecated in APPPATH/Views/service_list.php on line 10.
 1 APPPATH/Views/service_list.php(10): addslashes(null)
 2 SYSTEMPATH/View/View.php(224): include('/home/u810214334/domains/embellish-beauty.co.uk/public_html/app/Views/service_list.php')
 3 SYSTEMPATH/View/View.php(227): CodeIgniter\View\View->CodeIgniter\View\{closure}()
 4 SYSTEMPATH/Common.php(1173): CodeIgniter\View\View->render('service_list', [], true)
 5 APPPATH/Controllers/Home.php(129): view('service_list', [...])
 6 SYSTEMPATH/CodeIgniter.php(933): App\Controllers\Home->fetch_services()
 7 SYSTEMPATH/CodeIgniter.php(507): CodeIgniter\CodeIgniter->runController(Object(App\Controllers\Home))
 8 SYSTEMPATH/CodeIgniter.php(354): CodeIgniter\CodeIgniter->handleRequest(null, Object(Config\Cache), false)
 9 SYSTEMPATH/Boot.php(334): CodeIgniter\CodeIgniter->run()
10 SYSTEMPATH/Boot.php(67): CodeIgniter\Boot::runCodeIgniter(Object(CodeIgniter\CodeIgniter))
11 FCPATH/index.php(27): CodeIgniter\Boot::bootWeb(Object(Config\Paths))
WARNING - 2025-09-30 08:48:07 --> [DEPRECATED] addslashes(): Passing null to parameter #1 ($string) of type string is deprecated in APPPATH/Views/service_list.php on line 10.
 1 APPPATH/Views/service_list.php(10): addslashes(null)
 2 SYSTEMPATH/View/View.php(224): include('/home/u810214334/domains/embellish-beauty.co.uk/public_html/app/Views/service_list.php')
 3 SYSTEMPATH/View/View.php(227): CodeIgniter\View\View->CodeIgniter\View\{closure}()
 4 SYSTEMPATH/Common.php(1173): CodeIgniter\View\View->render('service_list', [], true)
 5 APPPATH/Controllers/Home.php(129): view('service_list', [...])
 6 SYSTEMPATH/CodeIgniter.php(933): App\Controllers\Home->fetch_services()
 7 SYSTEMPATH/CodeIgniter.php(507): CodeIgniter\CodeIgniter->runController(Object(App\Controllers\Home))
 8 SYSTEMPATH/CodeIgniter.php(354): CodeIgniter\CodeIgniter->handleRequest(null, Object(Config\Cache), false)
 9 SYSTEMPATH/Boot.php(334): CodeIgniter\CodeIgniter->run()
10 SYSTEMPATH/Boot.php(67): CodeIgniter\Boot::runCodeIgniter(Object(CodeIgniter\CodeIgniter))
11 FCPATH/index.php(27): CodeIgniter\Boot::bootWeb(Object(Config\Paths))
WARNING - 2025-09-30 08:48:07 --> [DEPRECATED] addslashes(): Passing null to parameter #1 ($string) of type string is deprecated in APPPATH/Views/service_list.php on line 10.
 1 APPPATH/Views/service_list.php(10): addslashes(null)
 2 SYSTEMPATH/View/View.php(224): include('/home/u810214334/domains/embellish-beauty.co.uk/public_html/app/Views/service_list.php')
 3 SYSTEMPATH/View/View.php(227): CodeIgniter\View\View->CodeIgniter\View\{closure}()
 4 SYSTEMPATH/Common.php(1173): CodeIgniter\View\View->render('service_list', [], true)
 5 APPPATH/Controllers/Home.php(129): view('service_list', [...])
 6 SYSTEMPATH/CodeIgniter.php(933): App\Controllers\Home->fetch_services()
 7 SYSTEMPATH/CodeIgniter.php(507): CodeIgniter\CodeIgniter->runController(Object(App\Controllers\Home))
 8 SYSTEMPATH/CodeIgniter.php(354): CodeIgniter\CodeIgniter->handleRequest(null, Object(Config\Cache), false)
 9 SYSTEMPATH/Boot.php(334): CodeIgniter\CodeIgniter->run()
10 SYSTEMPATH/Boot.php(67): CodeIgniter\Boot::runCodeIgniter(Object(CodeIgniter\CodeIgniter))
11 FCPATH/index.php(27): CodeIgniter\Boot::bootWeb(Object(Config\Paths))
WARNING - 2025-09-30 08:48:07 --> [DEPRECATED] addslashes(): Passing null to parameter #1 ($string) of type string is deprecated in APPPATH/Views/service_list.php on line 10.
 1 APPPATH/Views/service_list.php(10): addslashes(null)
 2 SYSTEMPATH/View/View.php(224): include('/home/u810214334/domains/embellish-beauty.co.uk/public_html/app/Views/service_list.php')
 3 SYSTEMPATH/View/View.php(227): CodeIgniter\View\View->CodeIgniter\View\{closure}()
 4 SYSTEMPATH/Common.php(1173): CodeIgniter\View\View->render('service_list', [], true)
 5 APPPATH/Controllers/Home.php(129): view('service_list', [...])
 6 SYSTEMPATH/CodeIgniter.php(933): App\Controllers\Home->fetch_services()
 7 SYSTEMPATH/CodeIgniter.php(507): CodeIgniter\CodeIgniter->runController(Object(App\Controllers\Home))
 8 SYSTEMPATH/CodeIgniter.php(354): CodeIgniter\CodeIgniter->handleRequest(null, Object(Config\Cache), false)
 9 SYSTEMPATH/Boot.php(334): CodeIgniter\CodeIgniter->run()
10 SYSTEMPATH/Boot.php(67): CodeIgniter\Boot::runCodeIgniter(Object(CodeIgniter\CodeIgniter))
11 FCPATH/index.php(27): CodeIgniter\Boot::bootWeb(Object(Config\Paths))
WARNING - 2025-09-30 08:48:07 --> [DEPRECATED] addslashes(): Passing null to parameter #1 ($string) of type string is deprecated in APPPATH/Views/service_list.php on line 10.
 1 APPPATH/Views/service_list.php(10): addslashes(null)
 2 SYSTEMPATH/View/View.php(224): include('/home/u810214334/domains/embellish-beauty.co.uk/public_html/app/Views/service_list.php')
 3 SYSTEMPATH/View/View.php(227): CodeIgniter\View\View->CodeIgniter\View\{closure}()
 4 SYSTEMPATH/Common.php(1173): CodeIgniter\View\View->render('service_list', [], true)
 5 APPPATH/Controllers/Home.php(129): view('service_list', [...])
 6 SYSTEMPATH/CodeIgniter.php(933): App\Controllers\Home->fetch_services()
 7 SYSTEMPATH/CodeIgniter.php(507): CodeIgniter\CodeIgniter->runController(Object(App\Controllers\Home))
 8 SYSTEMPATH/CodeIgniter.php(354): CodeIgniter\CodeIgniter->handleRequest(null, Object(Config\Cache), false)
 9 SYSTEMPATH/Boot.php(334): CodeIgniter\CodeIgniter->run()
10 SYSTEMPATH/Boot.php(67): CodeIgniter\Boot::runCodeIgniter(Object(CodeIgniter\CodeIgniter))
11 FCPATH/index.php(27): CodeIgniter\Boot::bootWeb(Object(Config\Paths))
WARNING - 2025-09-30 08:48:07 --> [DEPRECATED] addslashes(): Passing null to parameter #1 ($string) of type string is deprecated in APPPATH/Views/service_list.php on line 10.
 1 APPPATH/Views/service_list.php(10): addslashes(null)
 2 SYSTEMPATH/View/View.php(224): include('/home/u810214334/domains/embellish-beauty.co.uk/public_html/app/Views/service_list.php')
 3 SYSTEMPATH/View/View.php(227): CodeIgniter\View\View->CodeIgniter\View\{closure}()
 4 SYSTEMPATH/Common.php(1173): CodeIgniter\View\View->render('service_list', [], true)
 5 APPPATH/Controllers/Home.php(129): view('service_list', [...])
 6 SYSTEMPATH/CodeIgniter.php(933): App\Controllers\Home->fetch_services()
 7 SYSTEMPATH/CodeIgniter.php(507): CodeIgniter\CodeIgniter->runController(Object(App\Controllers\Home))
 8 SYSTEMPATH/CodeIgniter.php(354): CodeIgniter\CodeIgniter->handleRequest(null, Object(Config\Cache), false)
 9 SYSTEMPATH/Boot.php(334): CodeIgniter\CodeIgniter->run()
10 SYSTEMPATH/Boot.php(67): CodeIgniter\Boot::runCodeIgniter(Object(CodeIgniter\CodeIgniter))
11 FCPATH/index.php(27): CodeIgniter\Boot::bootWeb(Object(Config\Paths))
WARNING - 2025-09-30 08:48:07 --> [DEPRECATED] addslashes(): Passing null to parameter #1 ($string) of type string is deprecated in APPPATH/Views/service_list.php on line 10.
 1 APPPATH/Views/service_list.php(10): addslashes(null)
 2 SYSTEMPATH/View/View.php(224): include('/home/u810214334/domains/embellish-beauty.co.uk/public_html/app/Views/service_list.php')
 3 SYSTEMPATH/View/View.php(227): CodeIgniter\View\View->CodeIgniter\View\{closure}()
 4 SYSTEMPATH/Common.php(1173): CodeIgniter\View\View->render('service_list', [], true)
 5 APPPATH/Controllers/Home.php(129): view('service_list', [...])
 6 SYSTEMPATH/CodeIgniter.php(933): App\Controllers\Home->fetch_services()
 7 SYSTEMPATH/CodeIgniter.php(507): CodeIgniter\CodeIgniter->runController(Object(App\Controllers\Home))
 8 SYSTEMPATH/CodeIgniter.php(354): CodeIgniter\CodeIgniter->handleRequest(null, Object(Config\Cache), false)
 9 SYSTEMPATH/Boot.php(334): CodeIgniter\CodeIgniter->run()
10 SYSTEMPATH/Boot.php(67): CodeIgniter\Boot::runCodeIgniter(Object(CodeIgniter\CodeIgniter))
11 FCPATH/index.php(27): CodeIgniter\Boot::bootWeb(Object(Config\Paths))
WARNING - 2025-09-30 08:48:07 --> [DEPRECATED] addslashes(): Passing null to parameter #1 ($string) of type string is deprecated in APPPATH/Views/service_list.php on line 10.
 1 APPPATH/Views/service_list.php(10): addslashes(null)
 2 SYSTEMPATH/View/View.php(224): include('/home/u810214334/domains/embellish-beauty.co.uk/public_html/app/Views/service_list.php')
 3 SYSTEMPATH/View/View.php(227): CodeIgniter\View\View->CodeIgniter\View\{closure}()
 4 SYSTEMPATH/Common.php(1173): CodeIgniter\View\View->render('service_list', [], true)
 5 APPPATH/Controllers/Home.php(129): view('service_list', [...])
 6 SYSTEMPATH/CodeIgniter.php(933): App\Controllers\Home->fetch_services()
 7 SYSTEMPATH/CodeIgniter.php(507): CodeIgniter\CodeIgniter->runController(Object(App\Controllers\Home))
 8 SYSTEMPATH/CodeIgniter.php(354): CodeIgniter\CodeIgniter->handleRequest(null, Object(Config\Cache), false)
 9 SYSTEMPATH/Boot.php(334): CodeIgniter\CodeIgniter->run()
10 SYSTEMPATH/Boot.php(67): CodeIgniter\Boot::runCodeIgniter(Object(CodeIgniter\CodeIgniter))
11 FCPATH/index.php(27): CodeIgniter\Boot::bootWeb(Object(Config\Paths))
WARNING - 2025-09-30 08:48:07 --> [DEPRECATED] addslashes(): Passing null to parameter #1 ($string) of type string is deprecated in APPPATH/Views/service_list.php on line 10.
 1 APPPATH/Views/service_list.php(10): addslashes(null)
 2 SYSTEMPATH/View/View.php(224): include('/home/u810214334/domains/embellish-beauty.co.uk/public_html/app/Views/service_list.php')
 3 SYSTEMPATH/View/View.php(227): CodeIgniter\View\View->CodeIgniter\View\{closure}()
 4 SYSTEMPATH/Common.php(1173): CodeIgniter\View\View->render('service_list', [], true)
 5 APPPATH/Controllers/Home.php(129): view('service_list', [...])
 6 SYSTEMPATH/CodeIgniter.php(933): App\Controllers\Home->fetch_services()
 7 SYSTEMPATH/CodeIgniter.php(507): CodeIgniter\CodeIgniter->runController(Object(App\Controllers\Home))
 8 SYSTEMPATH/CodeIgniter.php(354): CodeIgniter\CodeIgniter->handleRequest(null, Object(Config\Cache), false)
 9 SYSTEMPATH/Boot.php(334): CodeIgniter\CodeIgniter->run()
10 SYSTEMPATH/Boot.php(67): CodeIgniter\Boot::runCodeIgniter(Object(CodeIgniter\CodeIgniter))
11 FCPATH/index.php(27): CodeIgniter\Boot::bootWeb(Object(Config\Paths))
WARNING - 2025-09-30 08:48:07 --> [DEPRECATED] addslashes(): Passing null to parameter #1 ($string) of type string is deprecated in APPPATH/Views/service_list.php on line 10.
 1 APPPATH/Views/service_list.php(10): addslashes(null)
 2 SYSTEMPATH/View/View.php(224): include('/home/u810214334/domains/embellish-beauty.co.uk/public_html/app/Views/service_list.php')
 3 SYSTEMPATH/View/View.php(227): CodeIgniter\View\View->CodeIgniter\View\{closure}()
 4 SYSTEMPATH/Common.php(1173): CodeIgniter\View\View->render('service_list', [], true)
 5 APPPATH/Controllers/Home.php(129): view('service_list', [...])
 6 SYSTEMPATH/CodeIgniter.php(933): App\Controllers\Home->fetch_services()
 7 SYSTEMPATH/CodeIgniter.php(507): CodeIgniter\CodeIgniter->runController(Object(App\Controllers\Home))
 8 SYSTEMPATH/CodeIgniter.php(354): CodeIgniter\CodeIgniter->handleRequest(null, Object(Config\Cache), false)
 9 SYSTEMPATH/Boot.php(334): CodeIgniter\CodeIgniter->run()
10 SYSTEMPATH/Boot.php(67): CodeIgniter\Boot::runCodeIgniter(Object(CodeIgniter\CodeIgniter))
11 FCPATH/index.php(27): CodeIgniter\Boot::bootWeb(Object(Config\Paths))
WARNING - 2025-09-30 08:48:07 --> [DEPRECATED] addslashes(): Passing null to parameter #1 ($string) of type string is deprecated in APPPATH/Views/service_list.php on line 10.
 1 APPPATH/Views/service_list.php(10): addslashes(null)
 2 SYSTEMPATH/View/View.php(224): include('/home/u810214334/domains/embellish-beauty.co.uk/public_html/app/Views/service_list.php')
 3 SYSTEMPATH/View/View.php(227): CodeIgniter\View\View->CodeIgniter\View\{closure}()
 4 SYSTEMPATH/Common.php(1173): CodeIgniter\View\View->render('service_list', [], true)
 5 APPPATH/Controllers/Home.php(129): view('service_list', [...])
 6 SYSTEMPATH/CodeIgniter.php(933): App\Controllers\Home->fetch_services()
 7 SYSTEMPATH/CodeIgniter.php(507): CodeIgniter\CodeIgniter->runController(Object(App\Controllers\Home))
 8 SYSTEMPATH/CodeIgniter.php(354): CodeIgniter\CodeIgniter->handleRequest(null, Object(Config\Cache), false)
 9 SYSTEMPATH/Boot.php(334): CodeIgniter\CodeIgniter->run()
10 SYSTEMPATH/Boot.php(67): CodeIgniter\Boot::runCodeIgniter(Object(CodeIgniter\CodeIgniter))
11 FCPATH/index.php(27): CodeIgniter\Boot::bootWeb(Object(Config\Paths))
WARNING - 2025-09-30 08:48:07 --> [DEPRECATED] addslashes(): Passing null to parameter #1 ($string) of type string is deprecated in APPPATH/Views/service_list.php on line 10.
 1 APPPATH/Views/service_list.php(10): addslashes(null)
 2 SYSTEMPATH/View/View.php(224): include('/home/u810214334/domains/embellish-beauty.co.uk/public_html/app/Views/service_list.php')
 3 SYSTEMPATH/View/View.php(227): CodeIgniter\View\View->CodeIgniter\View\{closure}()
 4 SYSTEMPATH/Common.php(1173): CodeIgniter\View\View->render('service_list', [], true)
 5 APPPATH/Controllers/Home.php(129): view('service_list', [...])
 6 SYSTEMPATH/CodeIgniter.php(933): App\Controllers\Home->fetch_services()
 7 SYSTEMPATH/CodeIgniter.php(507): CodeIgniter\CodeIgniter->runController(Object(App\Controllers\Home))
 8 SYSTEMPATH/CodeIgniter.php(354): CodeIgniter\CodeIgniter->handleRequest(null, Object(Config\Cache), false)
 9 SYSTEMPATH/Boot.php(334): CodeIgniter\CodeIgniter->run()
10 SYSTEMPATH/Boot.php(67): CodeIgniter\Boot::runCodeIgniter(Object(CodeIgniter\CodeIgniter))
11 FCPATH/index.php(27): CodeIgniter\Boot::bootWeb(Object(Config\Paths))
WARNING - 2025-09-30 08:48:07 --> [DEPRECATED] addslashes(): Passing null to parameter #1 ($string) of type string is deprecated in APPPATH/Views/service_list.php on line 10.
 1 APPPATH/Views/service_list.php(10): addslashes(null)
 2 SYSTEMPATH/View/View.php(224): include('/home/u810214334/domains/embellish-beauty.co.uk/public_html/app/Views/service_list.php')
 3 SYSTEMPATH/View/View.php(227): CodeIgniter\View\View->CodeIgniter\View\{closure}()
 4 SYSTEMPATH/Common.php(1173): CodeIgniter\View\View->render('service_list', [], true)
 5 APPPATH/Controllers/Home.php(129): view('service_list', [...])
 6 SYSTEMPATH/CodeIgniter.php(933): App\Controllers\Home->fetch_services()
 7 SYSTEMPATH/CodeIgniter.php(507): CodeIgniter\CodeIgniter->runController(Object(App\Controllers\Home))
 8 SYSTEMPATH/CodeIgniter.php(354): CodeIgniter\CodeIgniter->handleRequest(null, Object(Config\Cache), false)
 9 SYSTEMPATH/Boot.php(334): CodeIgniter\CodeIgniter->run()
10 SYSTEMPATH/Boot.php(67): CodeIgniter\Boot::runCodeIgniter(Object(CodeIgniter\CodeIgniter))
11 FCPATH/index.php(27): CodeIgniter\Boot::bootWeb(Object(Config\Paths))
DEBUG - 2025-09-30 08:49:48 --> Session: Class initialized using 'CodeIgniter\Session\Handlers\FileHandler' driver.
DEBUG - 2025-09-30 08:49:49 --> Session: Class initialized using 'CodeIgniter\Session\Handlers\FileHandler' driver.
DEBUG - 2025-09-30 08:50:00 --> Session: Class initialized using 'CodeIgniter\Session\Handlers\FileHandler' driver.
DEBUG - 2025-09-30 08:50:04 --> Session: Class initialized using 'CodeIgniter\Session\Handlers\FileHandler' driver.
DEBUG - 2025-09-30 08:50:05 --> Session: Class initialized using 'CodeIgniter\Session\Handlers\FileHandler' driver.
DEBUG - 2025-09-30 08:50:05 --> Session: Class initialized using 'CodeIgniter\Session\Handlers\FileHandler' driver.
DEBUG - 2025-09-30 08:50:05 --> Session: Class initialized using 'CodeIgniter\Session\Handlers\FileHandler' driver.
DEBUG - 2025-09-30 08:50:11 --> Session: Class initialized using 'CodeIgniter\Session\Handlers\FileHandler' driver.
DEBUG - 2025-09-30 08:50:11 --> Session: Class initialized using 'CodeIgniter\Session\Handlers\FileHandler' driver.
DEBUG - 2025-09-30 08:50:14 --> Session: Class initialized using 'CodeIgniter\Session\Handlers\FileHandler' driver.
DEBUG - 2025-09-30 08:50:25 --> Session: Class initialized using 'CodeIgniter\Session\Handlers\FileHandler' driver.
DEBUG - 2025-09-30 08:51:03 --> Session: Class initialized using 'CodeIgniter\Session\Handlers\FileHandler' driver.
DEBUG - 2025-09-30 08:51:10 --> Session: Class initialized using 'CodeIgniter\Session\Handlers\FileHandler' driver.
DEBUG - 2025-09-30 08:51:10 --> Session: Class initialized using 'CodeIgniter\Session\Handlers\FileHandler' driver.
DEBUG - 2025-09-30 08:51:13 --> Session: Class initialized using 'CodeIgniter\Session\Handlers\FileHandler' driver.
DEBUG - 2025-09-30 08:51:31 --> Session: Class initialized using 'CodeIgniter\Session\Handlers\FileHandler' driver.
DEBUG - 2025-09-30 08:51:36 --> Session: Class initialized using 'CodeIgniter\Session\Handlers\FileHandler' driver.
DEBUG - 2025-09-30 08:51:49 --> Session: Class initialized using 'CodeIgniter\Session\Handlers\FileHandler' driver.
DEBUG - 2025-09-30 08:51:49 --> Session: Class initialized using 'CodeIgniter\Session\Handlers\FileHandler' driver.
DEBUG - 2025-09-30 08:51:50 --> Session: Class initialized using 'CodeIgniter\Session\Handlers\FileHandler' driver.
DEBUG - 2025-09-30 08:51:50 --> Session: Class initialized using 'CodeIgniter\Session\Handlers\FileHandler' driver.
WARNING - 2025-09-30 08:51:50 --> [DEPRECATED] addslashes(): Passing null to parameter #1 ($string) of type string is deprecated in APPPATH/Views/service_list.php on line 10.
 1 APPPATH/Views/service_list.php(10): addslashes(null)
 2 SYSTEMPATH/View/View.php(224): include('/home/u810214334/domains/embellish-beauty.co.uk/public_html/app/Views/service_list.php')
 3 SYSTEMPATH/View/View.php(227): CodeIgniter\View\View->CodeIgniter\View\{closure}()
 4 SYSTEMPATH/Common.php(1173): CodeIgniter\View\View->render('service_list', [], true)
 5 APPPATH/Controllers/Home.php(129): view('service_list', [...])
 6 SYSTEMPATH/CodeIgniter.php(933): App\Controllers\Home->fetch_services()
 7 SYSTEMPATH/CodeIgniter.php(507): CodeIgniter\CodeIgniter->runController(Object(App\Controllers\Home))
 8 SYSTEMPATH/CodeIgniter.php(354): CodeIgniter\CodeIgniter->handleRequest(null, Object(Config\Cache), false)
 9 SYSTEMPATH/Boot.php(334): CodeIgniter\CodeIgniter->run()
10 SYSTEMPATH/Boot.php(67): CodeIgniter\Boot::runCodeIgniter(Object(CodeIgniter\CodeIgniter))
11 FCPATH/index.php(27): CodeIgniter\Boot::bootWeb(Object(Config\Paths))
WARNING - 2025-09-30 08:51:50 --> [DEPRECATED] addslashes(): Passing null to parameter #1 ($string) of type string is deprecated in APPPATH/Views/service_list.php on line 10.
 1 APPPATH/Views/service_list.php(10): addslashes(null)
 2 SYSTEMPATH/View/View.php(224): include('/home/u810214334/domains/embellish-beauty.co.uk/public_html/app/Views/service_list.php')
 3 SYSTEMPATH/View/View.php(227): CodeIgniter\View\View->CodeIgniter\View\{closure}()
 4 SYSTEMPATH/Common.php(1173): CodeIgniter\View\View->render('service_list', [], true)
 5 APPPATH/Controllers/Home.php(129): view('service_list', [...])
 6 SYSTEMPATH/CodeIgniter.php(933): App\Controllers\Home->fetch_services()
 7 SYSTEMPATH/CodeIgniter.php(507): CodeIgniter\CodeIgniter->runController(Object(App\Controllers\Home))
 8 SYSTEMPATH/CodeIgniter.php(354): CodeIgniter\CodeIgniter->handleRequest(null, Object(Config\Cache), false)
 9 SYSTEMPATH/Boot.php(334): CodeIgniter\CodeIgniter->run()
10 SYSTEMPATH/Boot.php(67): CodeIgniter\Boot::runCodeIgniter(Object(CodeIgniter\CodeIgniter))
11 FCPATH/index.php(27): CodeIgniter\Boot::bootWeb(Object(Config\Paths))
WARNING - 2025-09-30 08:51:50 --> [DEPRECATED] addslashes(): Passing null to parameter #1 ($string) of type string is deprecated in APPPATH/Views/service_list.php on line 10.
 1 APPPATH/Views/service_list.php(10): addslashes(null)
 2 SYSTEMPATH/View/View.php(224): include('/home/u810214334/domains/embellish-beauty.co.uk/public_html/app/Views/service_list.php')
 3 SYSTEMPATH/View/View.php(227): CodeIgniter\View\View->CodeIgniter\View\{closure}()
 4 SYSTEMPATH/Common.php(1173): CodeIgniter\View\View->render('service_list', [], true)
 5 APPPATH/Controllers/Home.php(129): view('service_list', [...])
 6 SYSTEMPATH/CodeIgniter.php(933): App\Controllers\Home->fetch_services()
 7 SYSTEMPATH/CodeIgniter.php(507): CodeIgniter\CodeIgniter->runController(Object(App\Controllers\Home))
 8 SYSTEMPATH/CodeIgniter.php(354): CodeIgniter\CodeIgniter->handleRequest(null, Object(Config\Cache), false)
 9 SYSTEMPATH/Boot.php(334): CodeIgniter\CodeIgniter->run()
10 SYSTEMPATH/Boot.php(67): CodeIgniter\Boot::runCodeIgniter(Object(CodeIgniter\CodeIgniter))
11 FCPATH/index.php(27): CodeIgniter\Boot::bootWeb(Object(Config\Paths))
WARNING - 2025-09-30 08:51:50 --> [DEPRECATED] addslashes(): Passing null to parameter #1 ($string) of type string is deprecated in APPPATH/Views/service_list.php on line 10.
 1 APPPATH/Views/service_list.php(10): addslashes(null)
 2 SYSTEMPATH/View/View.php(224): include('/home/u810214334/domains/embellish-beauty.co.uk/public_html/app/Views/service_list.php')
 3 SYSTEMPATH/View/View.php(227): CodeIgniter\View\View->CodeIgniter\View\{closure}()
 4 SYSTEMPATH/Common.php(1173): CodeIgniter\View\View->render('service_list', [], true)
 5 APPPATH/Controllers/Home.php(129): view('service_list', [...])
 6 SYSTEMPATH/CodeIgniter.php(933): App\Controllers\Home->fetch_services()
 7 SYSTEMPATH/CodeIgniter.php(507): CodeIgniter\CodeIgniter->runController(Object(App\Controllers\Home))
 8 SYSTEMPATH/CodeIgniter.php(354): CodeIgniter\CodeIgniter->handleRequest(null, Object(Config\Cache), false)
 9 SYSTEMPATH/Boot.php(334): CodeIgniter\CodeIgniter->run()
10 SYSTEMPATH/Boot.php(67): CodeIgniter\Boot::runCodeIgniter(Object(CodeIgniter\CodeIgniter))
11 FCPATH/index.php(27): CodeIgniter\Boot::bootWeb(Object(Config\Paths))
WARNING - 2025-09-30 08:51:50 --> [DEPRECATED] addslashes(): Passing null to parameter #1 ($string) of type string is deprecated in APPPATH/Views/service_list.php on line 10.
 1 APPPATH/Views/service_list.php(10): addslashes(null)
 2 SYSTEMPATH/View/View.php(224): include('/home/u810214334/domains/embellish-beauty.co.uk/public_html/app/Views/service_list.php')
 3 SYSTEMPATH/View/View.php(227): CodeIgniter\View\View->CodeIgniter\View\{closure}()
 4 SYSTEMPATH/Common.php(1173): CodeIgniter\View\View->render('service_list', [], true)
 5 APPPATH/Controllers/Home.php(129): view('service_list', [...])
 6 SYSTEMPATH/CodeIgniter.php(933): App\Controllers\Home->fetch_services()
 7 SYSTEMPATH/CodeIgniter.php(507): CodeIgniter\CodeIgniter->runController(Object(App\Controllers\Home))
 8 SYSTEMPATH/CodeIgniter.php(354): CodeIgniter\CodeIgniter->handleRequest(null, Object(Config\Cache), false)
 9 SYSTEMPATH/Boot.php(334): CodeIgniter\CodeIgniter->run()
10 SYSTEMPATH/Boot.php(67): CodeIgniter\Boot::runCodeIgniter(Object(CodeIgniter\CodeIgniter))
11 FCPATH/index.php(27): CodeIgniter\Boot::bootWeb(Object(Config\Paths))
WARNING - 2025-09-30 08:51:50 --> [DEPRECATED] addslashes(): Passing null to parameter #1 ($string) of type string is deprecated in APPPATH/Views/service_list.php on line 10.
 1 APPPATH/Views/service_list.php(10): addslashes(null)
 2 SYSTEMPATH/View/View.php(224): include('/home/u810214334/domains/embellish-beauty.co.uk/public_html/app/Views/service_list.php')
 3 SYSTEMPATH/View/View.php(227): CodeIgniter\View\View->CodeIgniter\View\{closure}()
 4 SYSTEMPATH/Common.php(1173): CodeIgniter\View\View->render('service_list', [], true)
 5 APPPATH/Controllers/Home.php(129): view('service_list', [...])
 6 SYSTEMPATH/CodeIgniter.php(933): App\Controllers\Home->fetch_services()
 7 SYSTEMPATH/CodeIgniter.php(507): CodeIgniter\CodeIgniter->runController(Object(App\Controllers\Home))
 8 SYSTEMPATH/CodeIgniter.php(354): CodeIgniter\CodeIgniter->handleRequest(null, Object(Config\Cache), false)
 9 SYSTEMPATH/Boot.php(334): CodeIgniter\CodeIgniter->run()
10 SYSTEMPATH/Boot.php(67): CodeIgniter\Boot::runCodeIgniter(Object(CodeIgniter\CodeIgniter))
11 FCPATH/index.php(27): CodeIgniter\Boot::bootWeb(Object(Config\Paths))
WARNING - 2025-09-30 08:51:50 --> [DEPRECATED] addslashes(): Passing null to parameter #1 ($string) of type string is deprecated in APPPATH/Views/service_list.php on line 10.
 1 APPPATH/Views/service_list.php(10): addslashes(null)
 2 SYSTEMPATH/View/View.php(224): include('/home/u810214334/domains/embellish-beauty.co.uk/public_html/app/Views/service_list.php')
 3 SYSTEMPATH/View/View.php(227): CodeIgniter\View\View->CodeIgniter\View\{closure}()
 4 SYSTEMPATH/Common.php(1173): CodeIgniter\View\View->render('service_list', [], true)
 5 APPPATH/Controllers/Home.php(129): view('service_list', [...])
 6 SYSTEMPATH/CodeIgniter.php(933): App\Controllers\Home->fetch_services()
 7 SYSTEMPATH/CodeIgniter.php(507): CodeIgniter\CodeIgniter->runController(Object(App\Controllers\Home))
 8 SYSTEMPATH/CodeIgniter.php(354): CodeIgniter\CodeIgniter->handleRequest(null, Object(Config\Cache), false)
 9 SYSTEMPATH/Boot.php(334): CodeIgniter\CodeIgniter->run()
10 SYSTEMPATH/Boot.php(67): CodeIgniter\Boot::runCodeIgniter(Object(CodeIgniter\CodeIgniter))
11 FCPATH/index.php(27): CodeIgniter\Boot::bootWeb(Object(Config\Paths))
WARNING - 2025-09-30 08:51:50 --> [DEPRECATED] addslashes(): Passing null to parameter #1 ($string) of type string is deprecated in APPPATH/Views/service_list.php on line 10.
 1 APPPATH/Views/service_list.php(10): addslashes(null)
 2 SYSTEMPATH/View/View.php(224): include('/home/u810214334/domains/embellish-beauty.co.uk/public_html/app/Views/service_list.php')
 3 SYSTEMPATH/View/View.php(227): CodeIgniter\View\View->CodeIgniter\View\{closure}()
 4 SYSTEMPATH/Common.php(1173): CodeIgniter\View\View->render('service_list', [], true)
 5 APPPATH/Controllers/Home.php(129): view('service_list', [...])
 6 SYSTEMPATH/CodeIgniter.php(933): App\Controllers\Home->fetch_services()
 7 SYSTEMPATH/CodeIgniter.php(507): CodeIgniter\CodeIgniter->runController(Object(App\Controllers\Home))
 8 SYSTEMPATH/CodeIgniter.php(354): CodeIgniter\CodeIgniter->handleRequest(null, Object(Config\Cache), false)
 9 SYSTEMPATH/Boot.php(334): CodeIgniter\CodeIgniter->run()
10 SYSTEMPATH/Boot.php(67): CodeIgniter\Boot::runCodeIgniter(Object(CodeIgniter\CodeIgniter))
11 FCPATH/index.php(27): CodeIgniter\Boot::bootWeb(Object(Config\Paths))
WARNING - 2025-09-30 08:51:50 --> [DEPRECATED] addslashes(): Passing null to parameter #1 ($string) of type string is deprecated in APPPATH/Views/service_list.php on line 10.
 1 APPPATH/Views/service_list.php(10): addslashes(null)
 2 SYSTEMPATH/View/View.php(224): include('/home/u810214334/domains/embellish-beauty.co.uk/public_html/app/Views/service_list.php')
 3 SYSTEMPATH/View/View.php(227): CodeIgniter\View\View->CodeIgniter\View\{closure}()
 4 SYSTEMPATH/Common.php(1173): CodeIgniter\View\View->render('service_list', [], true)
 5 APPPATH/Controllers/Home.php(129): view('service_list', [...])
 6 SYSTEMPATH/CodeIgniter.php(933): App\Controllers\Home->fetch_services()
 7 SYSTEMPATH/CodeIgniter.php(507): CodeIgniter\CodeIgniter->runController(Object(App\Controllers\Home))
 8 SYSTEMPATH/CodeIgniter.php(354): CodeIgniter\CodeIgniter->handleRequest(null, Object(Config\Cache), false)
 9 SYSTEMPATH/Boot.php(334): CodeIgniter\CodeIgniter->run()
10 SYSTEMPATH/Boot.php(67): CodeIgniter\Boot::runCodeIgniter(Object(CodeIgniter\CodeIgniter))
11 FCPATH/index.php(27): CodeIgniter\Boot::bootWeb(Object(Config\Paths))
WARNING - 2025-09-30 08:51:50 --> [DEPRECATED] addslashes(): Passing null to parameter #1 ($string) of type string is deprecated in APPPATH/Views/service_list.php on line 10.
 1 APPPATH/Views/service_list.php(10): addslashes(null)
 2 SYSTEMPATH/View/View.php(224): include('/home/u810214334/domains/embellish-beauty.co.uk/public_html/app/Views/service_list.php')
 3 SYSTEMPATH/View/View.php(227): CodeIgniter\View\View->CodeIgniter\View\{closure}()
 4 SYSTEMPATH/Common.php(1173): CodeIgniter\View\View->render('service_list', [], true)
 5 APPPATH/Controllers/Home.php(129): view('service_list', [...])
 6 SYSTEMPATH/CodeIgniter.php(933): App\Controllers\Home->fetch_services()
 7 SYSTEMPATH/CodeIgniter.php(507): CodeIgniter\CodeIgniter->runController(Object(App\Controllers\Home))
 8 SYSTEMPATH/CodeIgniter.php(354): CodeIgniter\CodeIgniter->handleRequest(null, Object(Config\Cache), false)
 9 SYSTEMPATH/Boot.php(334): CodeIgniter\CodeIgniter->run()
10 SYSTEMPATH/Boot.php(67): CodeIgniter\Boot::runCodeIgniter(Object(CodeIgniter\CodeIgniter))
11 FCPATH/index.php(27): CodeIgniter\Boot::bootWeb(Object(Config\Paths))
WARNING - 2025-09-30 08:51:50 --> [DEPRECATED] addslashes(): Passing null to parameter #1 ($string) of type string is deprecated in APPPATH/Views/service_list.php on line 10.
 1 APPPATH/Views/service_list.php(10): addslashes(null)
 2 SYSTEMPATH/View/View.php(224): include('/home/u810214334/domains/embellish-beauty.co.uk/public_html/app/Views/service_list.php')
 3 SYSTEMPATH/View/View.php(227): CodeIgniter\View\View->CodeIgniter\View\{closure}()
 4 SYSTEMPATH/Common.php(1173): CodeIgniter\View\View->render('service_list', [], true)
 5 APPPATH/Controllers/Home.php(129): view('service_list', [...])
 6 SYSTEMPATH/CodeIgniter.php(933): App\Controllers\Home->fetch_services()
 7 SYSTEMPATH/CodeIgniter.php(507): CodeIgniter\CodeIgniter->runController(Object(App\Controllers\Home))
 8 SYSTEMPATH/CodeIgniter.php(354): CodeIgniter\CodeIgniter->handleRequest(null, Object(Config\Cache), false)
 9 SYSTEMPATH/Boot.php(334): CodeIgniter\CodeIgniter->run()
10 SYSTEMPATH/Boot.php(67): CodeIgniter\Boot::runCodeIgniter(Object(CodeIgniter\CodeIgniter))
11 FCPATH/index.php(27): CodeIgniter\Boot::bootWeb(Object(Config\Paths))
WARNING - 2025-09-30 08:51:50 --> [DEPRECATED] addslashes(): Passing null to parameter #1 ($string) of type string is deprecated in APPPATH/Views/service_list.php on line 10.
 1 APPPATH/Views/service_list.php(10): addslashes(null)
 2 SYSTEMPATH/View/View.php(224): include('/home/u810214334/domains/embellish-beauty.co.uk/public_html/app/Views/service_list.php')
 3 SYSTEMPATH/View/View.php(227): CodeIgniter\View\View->CodeIgniter\View\{closure}()
 4 SYSTEMPATH/Common.php(1173): CodeIgniter\View\View->render('service_list', [], true)
 5 APPPATH/Controllers/Home.php(129): view('service_list', [...])
 6 SYSTEMPATH/CodeIgniter.php(933): App\Controllers\Home->fetch_services()
 7 SYSTEMPATH/CodeIgniter.php(507): CodeIgniter\CodeIgniter->runController(Object(App\Controllers\Home))
 8 SYSTEMPATH/CodeIgniter.php(354): CodeIgniter\CodeIgniter->handleRequest(null, Object(Config\Cache), false)
 9 SYSTEMPATH/Boot.php(334): CodeIgniter\CodeIgniter->run()
10 SYSTEMPATH/Boot.php(67): CodeIgniter\Boot::runCodeIgniter(Object(CodeIgniter\CodeIgniter))
11 FCPATH/index.php(27): CodeIgniter\Boot::bootWeb(Object(Config\Paths))
WARNING - 2025-09-30 08:51:50 --> [DEPRECATED] addslashes(): Passing null to parameter #1 ($string) of type string is deprecated in APPPATH/Views/service_list.php on line 10.
 1 APPPATH/Views/service_list.php(10): addslashes(null)
 2 SYSTEMPATH/View/View.php(224): include('/home/u810214334/domains/embellish-beauty.co.uk/public_html/app/Views/service_list.php')
 3 SYSTEMPATH/View/View.php(227): CodeIgniter\View\View->CodeIgniter\View\{closure}()
 4 SYSTEMPATH/Common.php(1173): CodeIgniter\View\View->render('service_list', [], true)
 5 APPPATH/Controllers/Home.php(129): view('service_list', [...])
 6 SYSTEMPATH/CodeIgniter.php(933): App\Controllers\Home->fetch_services()
 7 SYSTEMPATH/CodeIgniter.php(507): CodeIgniter\CodeIgniter->runController(Object(App\Controllers\Home))
 8 SYSTEMPATH/CodeIgniter.php(354): CodeIgniter\CodeIgniter->handleRequest(null, Object(Config\Cache), false)
 9 SYSTEMPATH/Boot.php(334): CodeIgniter\CodeIgniter->run()
10 SYSTEMPATH/Boot.php(67): CodeIgniter\Boot::runCodeIgniter(Object(CodeIgniter\CodeIgniter))
11 FCPATH/index.php(27): CodeIgniter\Boot::bootWeb(Object(Config\Paths))
WARNING - 2025-09-30 08:51:50 --> [DEPRECATED] addslashes(): Passing null to parameter #1 ($string) of type string is deprecated in APPPATH/Views/service_list.php on line 10.
 1 APPPATH/Views/service_list.php(10): addslashes(null)
 2 SYSTEMPATH/View/View.php(224): include('/home/u810214334/domains/embellish-beauty.co.uk/public_html/app/Views/service_list.php')
 3 SYSTEMPATH/View/View.php(227): CodeIgniter\View\View->CodeIgniter\View\{closure}()
 4 SYSTEMPATH/Common.php(1173): CodeIgniter\View\View->render('service_list', [], true)
 5 APPPATH/Controllers/Home.php(129): view('service_list', [...])
 6 SYSTEMPATH/CodeIgniter.php(933): App\Controllers\Home->fetch_services()
 7 SYSTEMPATH/CodeIgniter.php(507): CodeIgniter\CodeIgniter->runController(Object(App\Controllers\Home))
 8 SYSTEMPATH/CodeIgniter.php(354): CodeIgniter\CodeIgniter->handleRequest(null, Object(Config\Cache), false)
 9 SYSTEMPATH/Boot.php(334): CodeIgniter\CodeIgniter->run()
10 SYSTEMPATH/Boot.php(67): CodeIgniter\Boot::runCodeIgniter(Object(CodeIgniter\CodeIgniter))
11 FCPATH/index.php(27): CodeIgniter\Boot::bootWeb(Object(Config\Paths))
WARNING - 2025-09-30 08:51:50 --> [DEPRECATED] addslashes(): Passing null to parameter #1 ($string) of type string is deprecated in APPPATH/Views/service_list.php on line 10.
 1 APPPATH/Views/service_list.php(10): addslashes(null)
 2 SYSTEMPATH/View/View.php(224): include('/home/u810214334/domains/embellish-beauty.co.uk/public_html/app/Views/service_list.php')
 3 SYSTEMPATH/View/View.php(227): CodeIgniter\View\View->CodeIgniter\View\{closure}()
 4 SYSTEMPATH/Common.php(1173): CodeIgniter\View\View->render('service_list', [], true)
 5 APPPATH/Controllers/Home.php(129): view('service_list', [...])
 6 SYSTEMPATH/CodeIgniter.php(933): App\Controllers\Home->fetch_services()
 7 SYSTEMPATH/CodeIgniter.php(507): CodeIgniter\CodeIgniter->runController(Object(App\Controllers\Home))
 8 SYSTEMPATH/CodeIgniter.php(354): CodeIgniter\CodeIgniter->handleRequest(null, Object(Config\Cache), false)
 9 SYSTEMPATH/Boot.php(334): CodeIgniter\CodeIgniter->run()
10 SYSTEMPATH/Boot.php(67): CodeIgniter\Boot::runCodeIgniter(Object(CodeIgniter\CodeIgniter))
11 FCPATH/index.php(27): CodeIgniter\Boot::bootWeb(Object(Config\Paths))
WARNING - 2025-09-30 08:51:50 --> [DEPRECATED] addslashes(): Passing null to parameter #1 ($string) of type string is deprecated in APPPATH/Views/service_list.php on line 10.
 1 APPPATH/Views/service_list.php(10): addslashes(null)
 2 SYSTEMPATH/View/View.php(224): include('/home/u810214334/domains/embellish-beauty.co.uk/public_html/app/Views/service_list.php')
 3 SYSTEMPATH/View/View.php(227): CodeIgniter\View\View->CodeIgniter\View\{closure}()
 4 SYSTEMPATH/Common.php(1173): CodeIgniter\View\View->render('service_list', [], true)
 5 APPPATH/Controllers/Home.php(129): view('service_list', [...])
 6 SYSTEMPATH/CodeIgniter.php(933): App\Controllers\Home->fetch_services()
 7 SYSTEMPATH/CodeIgniter.php(507): CodeIgniter\CodeIgniter->runController(Object(App\Controllers\Home))
 8 SYSTEMPATH/CodeIgniter.php(354): CodeIgniter\CodeIgniter->handleRequest(null, Object(Config\Cache), false)
 9 SYSTEMPATH/Boot.php(334): CodeIgniter\CodeIgniter->run()
10 SYSTEMPATH/Boot.php(67): CodeIgniter\Boot::runCodeIgniter(Object(CodeIgniter\CodeIgniter))
11 FCPATH/index.php(27): CodeIgniter\Boot::bootWeb(Object(Config\Paths))
WARNING - 2025-09-30 08:51:50 --> [DEPRECATED] addslashes(): Passing null to parameter #1 ($string) of type string is deprecated in APPPATH/Views/service_list.php on line 10.
 1 APPPATH/Views/service_list.php(10): addslashes(null)
 2 SYSTEMPATH/View/View.php(224): include('/home/u810214334/domains/embellish-beauty.co.uk/public_html/app/Views/service_list.php')
 3 SYSTEMPATH/View/View.php(227): CodeIgniter\View\View->CodeIgniter\View\{closure}()
 4 SYSTEMPATH/Common.php(1173): CodeIgniter\View\View->render('service_list', [], true)
 5 APPPATH/Controllers/Home.php(129): view('service_list', [...])
 6 SYSTEMPATH/CodeIgniter.php(933): App\Controllers\Home->fetch_services()
 7 SYSTEMPATH/CodeIgniter.php(507): CodeIgniter\CodeIgniter->runController(Object(App\Controllers\Home))
 8 SYSTEMPATH/CodeIgniter.php(354): CodeIgniter\CodeIgniter->handleRequest(null, Object(Config\Cache), false)
 9 SYSTEMPATH/Boot.php(334): CodeIgniter\CodeIgniter->run()
10 SYSTEMPATH/Boot.php(67): CodeIgniter\Boot::runCodeIgniter(Object(CodeIgniter\CodeIgniter))
11 FCPATH/index.php(27): CodeIgniter\Boot::bootWeb(Object(Config\Paths))
WARNING - 2025-09-30 08:51:50 --> [DEPRECATED] addslashes(): Passing null to parameter #1 ($string) of type string is deprecated in APPPATH/Views/service_list.php on line 10.
 1 APPPATH/Views/service_list.php(10): addslashes(null)
 2 SYSTEMPATH/View/View.php(224): include('/home/u810214334/domains/embellish-beauty.co.uk/public_html/app/Views/service_list.php')
 3 SYSTEMPATH/View/View.php(227): CodeIgniter\View\View->CodeIgniter\View\{closure}()
 4 SYSTEMPATH/Common.php(1173): CodeIgniter\View\View->render('service_list', [], true)
 5 APPPATH/Controllers/Home.php(129): view('service_list', [...])
 6 SYSTEMPATH/CodeIgniter.php(933): App\Controllers\Home->fetch_services()
 7 SYSTEMPATH/CodeIgniter.php(507): CodeIgniter\CodeIgniter->runController(Object(App\Controllers\Home))
 8 SYSTEMPATH/CodeIgniter.php(354): CodeIgniter\CodeIgniter->handleRequest(null, Object(Config\Cache), false)
 9 SYSTEMPATH/Boot.php(334): CodeIgniter\CodeIgniter->run()
10 SYSTEMPATH/Boot.php(67): CodeIgniter\Boot::runCodeIgniter(Object(CodeIgniter\CodeIgniter))
11 FCPATH/index.php(27): CodeIgniter\Boot::bootWeb(Object(Config\Paths))
WARNING - 2025-09-30 08:51:50 --> [DEPRECATED] addslashes(): Passing null to parameter #1 ($string) of type string is deprecated in APPPATH/Views/service_list.php on line 10.
 1 APPPATH/Views/service_list.php(10): addslashes(null)
 2 SYSTEMPATH/View/View.php(224): include('/home/u810214334/domains/embellish-beauty.co.uk/public_html/app/Views/service_list.php')
 3 SYSTEMPATH/View/View.php(227): CodeIgniter\View\View->CodeIgniter\View\{closure}()
 4 SYSTEMPATH/Common.php(1173): CodeIgniter\View\View->render('service_list', [], true)
 5 APPPATH/Controllers/Home.php(129): view('service_list', [...])
 6 SYSTEMPATH/CodeIgniter.php(933): App\Controllers\Home->fetch_services()
 7 SYSTEMPATH/CodeIgniter.php(507): CodeIgniter\CodeIgniter->runController(Object(App\Controllers\Home))
 8 SYSTEMPATH/CodeIgniter.php(354): CodeIgniter\CodeIgniter->handleRequest(null, Object(Config\Cache), false)
 9 SYSTEMPATH/Boot.php(334): CodeIgniter\CodeIgniter->run()
10 SYSTEMPATH/Boot.php(67): CodeIgniter\Boot::runCodeIgniter(Object(CodeIgniter\CodeIgniter))
11 FCPATH/index.php(27): CodeIgniter\Boot::bootWeb(Object(Config\Paths))
WARNING - 2025-09-30 08:51:50 --> [DEPRECATED] addslashes(): Passing null to parameter #1 ($string) of type string is deprecated in APPPATH/Views/service_list.php on line 10.
 1 APPPATH/Views/service_list.php(10): addslashes(null)
 2 SYSTEMPATH/View/View.php(224): include('/home/u810214334/domains/embellish-beauty.co.uk/public_html/app/Views/service_list.php')
 3 SYSTEMPATH/View/View.php(227): CodeIgniter\View\View->CodeIgniter\View\{closure}()
 4 SYSTEMPATH/Common.php(1173): CodeIgniter\View\View->render('service_list', [], true)
 5 APPPATH/Controllers/Home.php(129): view('service_list', [...])
 6 SYSTEMPATH/CodeIgniter.php(933): App\Controllers\Home->fetch_services()
 7 SYSTEMPATH/CodeIgniter.php(507): CodeIgniter\CodeIgniter->runController(Object(App\Controllers\Home))
 8 SYSTEMPATH/CodeIgniter.php(354): CodeIgniter\CodeIgniter->handleRequest(null, Object(Config\Cache), false)
 9 SYSTEMPATH/Boot.php(334): CodeIgniter\CodeIgniter->run()
10 SYSTEMPATH/Boot.php(67): CodeIgniter\Boot::runCodeIgniter(Object(CodeIgniter\CodeIgniter))
11 FCPATH/index.php(27): CodeIgniter\Boot::bootWeb(Object(Config\Paths))
WARNING - 2025-09-30 08:51:50 --> [DEPRECATED] addslashes(): Passing null to parameter #1 ($string) of type string is deprecated in APPPATH/Views/service_list.php on line 10.
 1 APPPATH/Views/service_list.php(10): addslashes(null)
 2 SYSTEMPATH/View/View.php(224): include('/home/u810214334/domains/embellish-beauty.co.uk/public_html/app/Views/service_list.php')
 3 SYSTEMPATH/View/View.php(227): CodeIgniter\View\View->CodeIgniter\View\{closure}()
 4 SYSTEMPATH/Common.php(1173): CodeIgniter\View\View->render('service_list', [], true)
 5 APPPATH/Controllers/Home.php(129): view('service_list', [...])
 6 SYSTEMPATH/CodeIgniter.php(933): App\Controllers\Home->fetch_services()
 7 SYSTEMPATH/CodeIgniter.php(507): CodeIgniter\CodeIgniter->runController(Object(App\Controllers\Home))
 8 SYSTEMPATH/CodeIgniter.php(354): CodeIgniter\CodeIgniter->handleRequest(null, Object(Config\Cache), false)
 9 SYSTEMPATH/Boot.php(334): CodeIgniter\CodeIgniter->run()
10 SYSTEMPATH/Boot.php(67): CodeIgniter\Boot::runCodeIgniter(Object(CodeIgniter\CodeIgniter))
11 FCPATH/index.php(27): CodeIgniter\Boot::bootWeb(Object(Config\Paths))
WARNING - 2025-09-30 08:51:50 --> [DEPRECATED] addslashes(): Passing null to parameter #1 ($string) of type string is deprecated in APPPATH/Views/service_list.php on line 10.
 1 APPPATH/Views/service_list.php(10): addslashes(null)
 2 SYSTEMPATH/View/View.php(224): include('/home/u810214334/domains/embellish-beauty.co.uk/public_html/app/Views/service_list.php')
 3 SYSTEMPATH/View/View.php(227): CodeIgniter\View\View->CodeIgniter\View\{closure}()
 4 SYSTEMPATH/Common.php(1173): CodeIgniter\View\View->render('service_list', [], true)
 5 APPPATH/Controllers/Home.php(129): view('service_list', [...])
 6 SYSTEMPATH/CodeIgniter.php(933): App\Controllers\Home->fetch_services()
 7 SYSTEMPATH/CodeIgniter.php(507): CodeIgniter\CodeIgniter->runController(Object(App\Controllers\Home))
 8 SYSTEMPATH/CodeIgniter.php(354): CodeIgniter\CodeIgniter->handleRequest(null, Object(Config\Cache), false)
 9 SYSTEMPATH/Boot.php(334): CodeIgniter\CodeIgniter->run()
10 SYSTEMPATH/Boot.php(67): CodeIgniter\Boot::runCodeIgniter(Object(CodeIgniter\CodeIgniter))
11 FCPATH/index.php(27): CodeIgniter\Boot::bootWeb(Object(Config\Paths))
WARNING - 2025-09-30 08:51:50 --> [DEPRECATED] addslashes(): Passing null to parameter #1 ($string) of type string is deprecated in APPPATH/Views/service_list.php on line 10.
 1 APPPATH/Views/service_list.php(10): addslashes(null)
 2 SYSTEMPATH/View/View.php(224): include('/home/u810214334/domains/embellish-beauty.co.uk/public_html/app/Views/service_list.php')
 3 SYSTEMPATH/View/View.php(227): CodeIgniter\View\View->CodeIgniter\View\{closure}()
 4 SYSTEMPATH/Common.php(1173): CodeIgniter\View\View->render('service_list', [], true)
 5 APPPATH/Controllers/Home.php(129): view('service_list', [...])
 6 SYSTEMPATH/CodeIgniter.php(933): App\Controllers\Home->fetch_services()
 7 SYSTEMPATH/CodeIgniter.php(507): CodeIgniter\CodeIgniter->runController(Object(App\Controllers\Home))
 8 SYSTEMPATH/CodeIgniter.php(354): CodeIgniter\CodeIgniter->handleRequest(null, Object(Config\Cache), false)
 9 SYSTEMPATH/Boot.php(334): CodeIgniter\CodeIgniter->run()
10 SYSTEMPATH/Boot.php(67): CodeIgniter\Boot::runCodeIgniter(Object(CodeIgniter\CodeIgniter))
11 FCPATH/index.php(27): CodeIgniter\Boot::bootWeb(Object(Config\Paths))
WARNING - 2025-09-30 08:51:50 --> [DEPRECATED] addslashes(): Passing null to parameter #1 ($string) of type string is deprecated in APPPATH/Views/service_list.php on line 10.
 1 APPPATH/Views/service_list.php(10): addslashes(null)
 2 SYSTEMPATH/View/View.php(224): include('/home/u810214334/domains/embellish-beauty.co.uk/public_html/app/Views/service_list.php')
 3 SYSTEMPATH/View/View.php(227): CodeIgniter\View\View->CodeIgniter\View\{closure}()
 4 SYSTEMPATH/Common.php(1173): CodeIgniter\View\View->render('service_list', [], true)
 5 APPPATH/Controllers/Home.php(129): view('service_list', [...])
 6 SYSTEMPATH/CodeIgniter.php(933): App\Controllers\Home->fetch_services()
 7 SYSTEMPATH/CodeIgniter.php(507): CodeIgniter\CodeIgniter->runController(Object(App\Controllers\Home))
 8 SYSTEMPATH/CodeIgniter.php(354): CodeIgniter\CodeIgniter->handleRequest(null, Object(Config\Cache), false)
 9 SYSTEMPATH/Boot.php(334): CodeIgniter\CodeIgniter->run()
10 SYSTEMPATH/Boot.php(67): CodeIgniter\Boot::runCodeIgniter(Object(CodeIgniter\CodeIgniter))
11 FCPATH/index.php(27): CodeIgniter\Boot::bootWeb(Object(Config\Paths))
WARNING - 2025-09-30 08:51:50 --> [DEPRECATED] addslashes(): Passing null to parameter #1 ($string) of type string is deprecated in APPPATH/Views/service_list.php on line 10.
 1 APPPATH/Views/service_list.php(10): addslashes(null)
 2 SYSTEMPATH/View/View.php(224): include('/home/u810214334/domains/embellish-beauty.co.uk/public_html/app/Views/service_list.php')
 3 SYSTEMPATH/View/View.php(227): CodeIgniter\View\View->CodeIgniter\View\{closure}()
 4 SYSTEMPATH/Common.php(1173): CodeIgniter\View\View->render('service_list', [], true)
 5 APPPATH/Controllers/Home.php(129): view('service_list', [...])
 6 SYSTEMPATH/CodeIgniter.php(933): App\Controllers\Home->fetch_services()
 7 SYSTEMPATH/CodeIgniter.php(507): CodeIgniter\CodeIgniter->runController(Object(App\Controllers\Home))
 8 SYSTEMPATH/CodeIgniter.php(354): CodeIgniter\CodeIgniter->handleRequest(null, Object(Config\Cache), false)
 9 SYSTEMPATH/Boot.php(334): CodeIgniter\CodeIgniter->run()
10 SYSTEMPATH/Boot.php(67): CodeIgniter\Boot::runCodeIgniter(Object(CodeIgniter\CodeIgniter))
11 FCPATH/index.php(27): CodeIgniter\Boot::bootWeb(Object(Config\Paths))
WARNING - 2025-09-30 08:51:50 --> [DEPRECATED] addslashes(): Passing null to parameter #1 ($string) of type string is deprecated in APPPATH/Views/service_list.php on line 10.
 1 APPPATH/Views/service_list.php(10): addslashes(null)
 2 SYSTEMPATH/View/View.php(224): include('/home/u810214334/domains/embellish-beauty.co.uk/public_html/app/Views/service_list.php')
 3 SYSTEMPATH/View/View.php(227): CodeIgniter\View\View->CodeIgniter\View\{closure}()
 4 SYSTEMPATH/Common.php(1173): CodeIgniter\View\View->render('service_list', [], true)
 5 APPPATH/Controllers/Home.php(129): view('service_list', [...])
 6 SYSTEMPATH/CodeIgniter.php(933): App\Controllers\Home->fetch_services()
 7 SYSTEMPATH/CodeIgniter.php(507): CodeIgniter\CodeIgniter->runController(Object(App\Controllers\Home))
 8 SYSTEMPATH/CodeIgniter.php(354): CodeIgniter\CodeIgniter->handleRequest(null, Object(Config\Cache), false)
 9 SYSTEMPATH/Boot.php(334): CodeIgniter\CodeIgniter->run()
10 SYSTEMPATH/Boot.php(67): CodeIgniter\Boot::runCodeIgniter(Object(CodeIgniter\CodeIgniter))
11 FCPATH/index.php(27): CodeIgniter\Boot::bootWeb(Object(Config\Paths))
DEBUG - 2025-09-30 09:25:21 --> Session: Class initialized using 'CodeIgniter\Session\Handlers\FileHandler' driver.
DEBUG - 2025-09-30 09:25:31 --> Session: Class initialized using 'CodeIgniter\Session\Handlers\FileHandler' driver.
DEBUG - 2025-09-30 09:31:49 --> Session: Class initialized using 'CodeIgniter\Session\Handlers\FileHandler' driver.
DEBUG - 2025-09-30 09:31:49 --> Session: Class initialized using 'CodeIgniter\Session\Handlers\FileHandler' driver.
DEBUG - 2025-09-30 09:31:49 --> Session: Class initialized using 'CodeIgniter\Session\Handlers\FileHandler' driver.
DEBUG - 2025-09-30 09:31:50 --> Session: Class initialized using 'CodeIgniter\Session\Handlers\FileHandler' driver.
DEBUG - 2025-09-30 09:31:50 --> Session: Class initialized using 'CodeIgniter\Session\Handlers\FileHandler' driver.
DEBUG - 2025-09-30 09:31:50 --> Session: Class initialized using 'CodeIgniter\Session\Handlers\FileHandler' driver.
DEBUG - 2025-09-30 09:31:50 --> Session: Class initialized using 'CodeIgniter\Session\Handlers\FileHandler' driver.
DEBUG - 2025-09-30 09:31:50 --> Session: Class initialized using 'CodeIgniter\Session\Handlers\FileHandler' driver.
DEBUG - 2025-09-30 09:31:50 --> Session: Class initialized using 'CodeIgniter\Session\Handlers\FileHandler' driver.
DEBUG - 2025-09-30 09:31:50 --> Session: Class initialized using 'CodeIgniter\Session\Handlers\FileHandler' driver.
DEBUG - 2025-09-30 09:31:50 --> Session: Class initialized using 'CodeIgniter\Session\Handlers\FileHandler' driver.
DEBUG - 2025-09-30 09:31:50 --> Session: Class initialized using 'CodeIgniter\Session\Handlers\FileHandler' driver.
DEBUG - 2025-09-30 09:31:51 --> Session: Class initialized using 'CodeIgniter\Session\Handlers\FileHandler' driver.
DEBUG - 2025-09-30 09:31:51 --> Session: Class initialized using 'CodeIgniter\Session\Handlers\FileHandler' driver.
DEBUG - 2025-09-30 09:31:51 --> Session: Class initialized using 'CodeIgniter\Session\Handlers\FileHandler' driver.
DEBUG - 2025-09-30 09:31:51 --> Session: Class initialized using 'CodeIgniter\Session\Handlers\FileHandler' driver.
DEBUG - 2025-09-30 09:31:52 --> Session: Class initialized using 'CodeIgniter\Session\Handlers\FileHandler' driver.
DEBUG - 2025-09-30 09:31:52 --> Session: Class initialized using 'CodeIgniter\Session\Handlers\FileHandler' driver.
DEBUG - 2025-09-30 09:31:52 --> Session: Class initialized using 'CodeIgniter\Session\Handlers\FileHandler' driver.
DEBUG - 2025-09-30 09:31:52 --> Session: Class initialized using 'CodeIgniter\Session\Handlers\FileHandler' driver.
DEBUG - 2025-09-30 09:31:52 --> Session: Class initialized using 'CodeIgniter\Session\Handlers\FileHandler' driver.
DEBUG - 2025-09-30 09:36:09 --> Session: Class initialized using 'CodeIgniter\Session\Handlers\FileHandler' driver.
DEBUG - 2025-09-30 11:02:36 --> Session: Class initialized using 'CodeIgniter\Session\Handlers\FileHandler' driver.
DEBUG - 2025-09-30 11:02:36 --> Session: Class initialized using 'CodeIgniter\Session\Handlers\FileHandler' driver.
DEBUG - 2025-09-30 11:02:37 --> Session: Class initialized using 'CodeIgniter\Session\Handlers\FileHandler' driver.
DEBUG - 2025-09-30 11:11:07 --> Session: Class initialized using 'CodeIgniter\Session\Handlers\FileHandler' driver.
DEBUG - 2025-09-30 11:15:18 --> Session: Class initialized using 'CodeIgniter\Session\Handlers\FileHandler' driver.
DEBUG - 2025-09-30 11:32:47 --> Session: Class initialized using 'CodeIgniter\Session\Handlers\FileHandler' driver.
DEBUG - 2025-09-30 11:33:16 --> Session: Class initialized using 'CodeIgniter\Session\Handlers\FileHandler' driver.
DEBUG - 2025-09-30 11:40:21 --> Session: Class initialized using 'CodeIgniter\Session\Handlers\FileHandler' driver.
DEBUG - 2025-09-30 11:55:06 --> Session: Class initialized using 'CodeIgniter\Session\Handlers\FileHandler' driver.
DEBUG - 2025-09-30 12:00:41 --> Session: Class initialized using 'CodeIgniter\Session\Handlers\FileHandler' driver.
DEBUG - 2025-09-30 12:11:39 --> Session: Class initialized using 'CodeIgniter\Session\Handlers\FileHandler' driver.
DEBUG - 2025-09-30 12:27:23 --> Session: Class initialized using 'CodeIgniter\Session\Handlers\FileHandler' driver.
DEBUG - 2025-09-30 12:33:54 --> Session: Class initialized using 'CodeIgniter\Session\Handlers\FileHandler' driver.
DEBUG - 2025-09-30 12:54:43 --> Session: Class initialized using 'CodeIgniter\Session\Handlers\FileHandler' driver.
DEBUG - 2025-09-30 13:25:28 --> Session: Class initialized using 'CodeIgniter\Session\Handlers\FileHandler' driver.
DEBUG - 2025-09-30 13:28:54 --> Session: Class initialized using 'CodeIgniter\Session\Handlers\FileHandler' driver.
DEBUG - 2025-09-30 13:29:06 --> Session: Class initialized using 'CodeIgniter\Session\Handlers\FileHandler' driver.
DEBUG - 2025-09-30 13:29:51 --> Session: Class initialized using 'CodeIgniter\Session\Handlers\FileHandler' driver.
DEBUG - 2025-09-30 13:32:14 --> Session: Class initialized using 'CodeIgniter\Session\Handlers\FileHandler' driver.
DEBUG - 2025-09-30 13:32:14 --> Session: Class initialized using 'CodeIgniter\Session\Handlers\FileHandler' driver.
DEBUG - 2025-09-30 13:32:15 --> Session: Class initialized using 'CodeIgniter\Session\Handlers\FileHandler' driver.
DEBUG - 2025-09-30 13:32:26 --> Session: Class initialized using 'CodeIgniter\Session\Handlers\FileHandler' driver.
DEBUG - 2025-09-30 13:32:44 --> Session: Class initialized using 'CodeIgniter\Session\Handlers\FileHandler' driver.
DEBUG - 2025-09-30 13:32:44 --> Session: Class initialized using 'CodeIgniter\Session\Handlers\FileHandler' driver.
DEBUG - 2025-09-30 13:32:45 --> Session: Class initialized using 'CodeIgniter\Session\Handlers\FileHandler' driver.
DEBUG - 2025-09-30 13:32:45 --> Session: Class initialized using 'CodeIgniter\Session\Handlers\FileHandler' driver.
DEBUG - 2025-09-30 13:32:45 --> Session: Class initialized using 'CodeIgniter\Session\Handlers\FileHandler' driver.
WARNING - 2025-09-30 13:32:45 --> [DEPRECATED] addslashes(): Passing null to parameter #1 ($string) of type string is deprecated in APPPATH/Views/service_list.php on line 10.
 1 APPPATH/Views/service_list.php(10): addslashes(null)
 2 SYSTEMPATH/View/View.php(224): include('/home/u810214334/domains/embellish-beauty.co.uk/public_html/app/Views/service_list.php')
 3 SYSTEMPATH/View/View.php(227): CodeIgniter\View\View->CodeIgniter\View\{closure}()
 4 SYSTEMPATH/Common.php(1173): CodeIgniter\View\View->render('service_list', [], true)
 5 APPPATH/Controllers/Home.php(129): view('service_list', [...])
 6 SYSTEMPATH/CodeIgniter.php(933): App\Controllers\Home->fetch_services()
 7 SYSTEMPATH/CodeIgniter.php(507): CodeIgniter\CodeIgniter->runController(Object(App\Controllers\Home))
 8 SYSTEMPATH/CodeIgniter.php(354): CodeIgniter\CodeIgniter->handleRequest(null, Object(Config\Cache), false)
 9 SYSTEMPATH/Boot.php(334): CodeIgniter\CodeIgniter->run()
10 SYSTEMPATH/Boot.php(67): CodeIgniter\Boot::runCodeIgniter(Object(CodeIgniter\CodeIgniter))
11 FCPATH/index.php(27): CodeIgniter\Boot::bootWeb(Object(Config\Paths))
WARNING - 2025-09-30 13:32:45 --> [DEPRECATED] addslashes(): Passing null to parameter #1 ($string) of type string is deprecated in APPPATH/Views/service_list.php on line 10.
 1 APPPATH/Views/service_list.php(10): addslashes(null)
 2 SYSTEMPATH/View/View.php(224): include('/home/u810214334/domains/embellish-beauty.co.uk/public_html/app/Views/service_list.php')
 3 SYSTEMPATH/View/View.php(227): CodeIgniter\View\View->CodeIgniter\View\{closure}()
 4 SYSTEMPATH/Common.php(1173): CodeIgniter\View\View->render('service_list', [], true)
 5 APPPATH/Controllers/Home.php(129): view('service_list', [...])
 6 SYSTEMPATH/CodeIgniter.php(933): App\Controllers\Home->fetch_services()
 7 SYSTEMPATH/CodeIgniter.php(507): CodeIgniter\CodeIgniter->runController(Object(App\Controllers\Home))
 8 SYSTEMPATH/CodeIgniter.php(354): CodeIgniter\CodeIgniter->handleRequest(null, Object(Config\Cache), false)
 9 SYSTEMPATH/Boot.php(334): CodeIgniter\CodeIgniter->run()
10 SYSTEMPATH/Boot.php(67): CodeIgniter\Boot::runCodeIgniter(Object(CodeIgniter\CodeIgniter))
11 FCPATH/index.php(27): CodeIgniter\Boot::bootWeb(Object(Config\Paths))
WARNING - 2025-09-30 13:32:45 --> [DEPRECATED] addslashes(): Passing null to parameter #1 ($string) of type string is deprecated in APPPATH/Views/service_list.php on line 10.
 1 APPPATH/Views/service_list.php(10): addslashes(null)
 2 SYSTEMPATH/View/View.php(224): include('/home/u810214334/domains/embellish-beauty.co.uk/public_html/app/Views/service_list.php')
 3 SYSTEMPATH/View/View.php(227): CodeIgniter\View\View->CodeIgniter\View\{closure}()
 4 SYSTEMPATH/Common.php(1173): CodeIgniter\View\View->render('service_list', [], true)
 5 APPPATH/Controllers/Home.php(129): view('service_list', [...])
 6 SYSTEMPATH/CodeIgniter.php(933): App\Controllers\Home->fetch_services()
 7 SYSTEMPATH/CodeIgniter.php(507): CodeIgniter\CodeIgniter->runController(Object(App\Controllers\Home))
 8 SYSTEMPATH/CodeIgniter.php(354): CodeIgniter\CodeIgniter->handleRequest(null, Object(Config\Cache), false)
 9 SYSTEMPATH/Boot.php(334): CodeIgniter\CodeIgniter->run()
10 SYSTEMPATH/Boot.php(67): CodeIgniter\Boot::runCodeIgniter(Object(CodeIgniter\CodeIgniter))
11 FCPATH/index.php(27): CodeIgniter\Boot::bootWeb(Object(Config\Paths))
WARNING - 2025-09-30 13:32:45 --> [DEPRECATED] addslashes(): Passing null to parameter #1 ($string) of type string is deprecated in APPPATH/Views/service_list.php on line 10.
 1 APPPATH/Views/service_list.php(10): addslashes(null)
 2 SYSTEMPATH/View/View.php(224): include('/home/u810214334/domains/embellish-beauty.co.uk/public_html/app/Views/service_list.php')
 3 SYSTEMPATH/View/View.php(227): CodeIgniter\View\View->CodeIgniter\View\{closure}()
 4 SYSTEMPATH/Common.php(1173): CodeIgniter\View\View->render('service_list', [], true)
 5 APPPATH/Controllers/Home.php(129): view('service_list', [...])
 6 SYSTEMPATH/CodeIgniter.php(933): App\Controllers\Home->fetch_services()
 7 SYSTEMPATH/CodeIgniter.php(507): CodeIgniter\CodeIgniter->runController(Object(App\Controllers\Home))
 8 SYSTEMPATH/CodeIgniter.php(354): CodeIgniter\CodeIgniter->handleRequest(null, Object(Config\Cache), false)
 9 SYSTEMPATH/Boot.php(334): CodeIgniter\CodeIgniter->run()
10 SYSTEMPATH/Boot.php(67): CodeIgniter\Boot::runCodeIgniter(Object(CodeIgniter\CodeIgniter))
11 FCPATH/index.php(27): CodeIgniter\Boot::bootWeb(Object(Config\Paths))
WARNING - 2025-09-30 13:32:45 --> [DEPRECATED] addslashes(): Passing null to parameter #1 ($string) of type string is deprecated in APPPATH/Views/service_list.php on line 10.
 1 APPPATH/Views/service_list.php(10): addslashes(null)
 2 SYSTEMPATH/View/View.php(224): include('/home/u810214334/domains/embellish-beauty.co.uk/public_html/app/Views/service_list.php')
 3 SYSTEMPATH/View/View.php(227): CodeIgniter\View\View->CodeIgniter\View\{closure}()
 4 SYSTEMPATH/Common.php(1173): CodeIgniter\View\View->render('service_list', [], true)
 5 APPPATH/Controllers/Home.php(129): view('service_list', [...])
 6 SYSTEMPATH/CodeIgniter.php(933): App\Controllers\Home->fetch_services()
 7 SYSTEMPATH/CodeIgniter.php(507): CodeIgniter\CodeIgniter->runController(Object(App\Controllers\Home))
 8 SYSTEMPATH/CodeIgniter.php(354): CodeIgniter\CodeIgniter->handleRequest(null, Object(Config\Cache), false)
 9 SYSTEMPATH/Boot.php(334): CodeIgniter\CodeIgniter->run()
10 SYSTEMPATH/Boot.php(67): CodeIgniter\Boot::runCodeIgniter(Object(CodeIgniter\CodeIgniter))
11 FCPATH/index.php(27): CodeIgniter\Boot::bootWeb(Object(Config\Paths))
WARNING - 2025-09-30 13:32:45 --> [DEPRECATED] addslashes(): Passing null to parameter #1 ($string) of type string is deprecated in APPPATH/Views/service_list.php on line 10.
 1 APPPATH/Views/service_list.php(10): addslashes(null)
 2 SYSTEMPATH/View/View.php(224): include('/home/u810214334/domains/embellish-beauty.co.uk/public_html/app/Views/service_list.php')
 3 SYSTEMPATH/View/View.php(227): CodeIgniter\View\View->CodeIgniter\View\{closure}()
 4 SYSTEMPATH/Common.php(1173): CodeIgniter\View\View->render('service_list', [], true)
 5 APPPATH/Controllers/Home.php(129): view('service_list', [...])
 6 SYSTEMPATH/CodeIgniter.php(933): App\Controllers\Home->fetch_services()
 7 SYSTEMPATH/CodeIgniter.php(507): CodeIgniter\CodeIgniter->runController(Object(App\Controllers\Home))
 8 SYSTEMPATH/CodeIgniter.php(354): CodeIgniter\CodeIgniter->handleRequest(null, Object(Config\Cache), false)
 9 SYSTEMPATH/Boot.php(334): CodeIgniter\CodeIgniter->run()
10 SYSTEMPATH/Boot.php(67): CodeIgniter\Boot::runCodeIgniter(Object(CodeIgniter\CodeIgniter))
11 FCPATH/index.php(27): CodeIgniter\Boot::bootWeb(Object(Config\Paths))
WARNING - 2025-09-30 13:32:45 --> [DEPRECATED] addslashes(): Passing null to parameter #1 ($string) of type string is deprecated in APPPATH/Views/service_list.php on line 10.
 1 APPPATH/Views/service_list.php(10): addslashes(null)
 2 SYSTEMPATH/View/View.php(224): include('/home/u810214334/domains/embellish-beauty.co.uk/public_html/app/Views/service_list.php')
 3 SYSTEMPATH/View/View.php(227): CodeIgniter\View\View->CodeIgniter\View\{closure}()
 4 SYSTEMPATH/Common.php(1173): CodeIgniter\View\View->render('service_list', [], true)
 5 APPPATH/Controllers/Home.php(129): view('service_list', [...])
 6 SYSTEMPATH/CodeIgniter.php(933): App\Controllers\Home->fetch_services()
 7 SYSTEMPATH/CodeIgniter.php(507): CodeIgniter\CodeIgniter->runController(Object(App\Controllers\Home))
 8 SYSTEMPATH/CodeIgniter.php(354): CodeIgniter\CodeIgniter->handleRequest(null, Object(Config\Cache), false)
 9 SYSTEMPATH/Boot.php(334): CodeIgniter\CodeIgniter->run()
10 SYSTEMPATH/Boot.php(67): CodeIgniter\Boot::runCodeIgniter(Object(CodeIgniter\CodeIgniter))
11 FCPATH/index.php(27): CodeIgniter\Boot::bootWeb(Object(Config\Paths))
WARNING - 2025-09-30 13:32:45 --> [DEPRECATED] addslashes(): Passing null to parameter #1 ($string) of type string is deprecated in APPPATH/Views/service_list.php on line 10.
 1 APPPATH/Views/service_list.php(10): addslashes(null)
 2 SYSTEMPATH/View/View.php(224): include('/home/u810214334/domains/embellish-beauty.co.uk/public_html/app/Views/service_list.php')
 3 SYSTEMPATH/View/View.php(227): CodeIgniter\View\View->CodeIgniter\View\{closure}()
 4 SYSTEMPATH/Common.php(1173): CodeIgniter\View\View->render('service_list', [], true)
 5 APPPATH/Controllers/Home.php(129): view('service_list', [...])
 6 SYSTEMPATH/CodeIgniter.php(933): App\Controllers\Home->fetch_services()
 7 SYSTEMPATH/CodeIgniter.php(507): CodeIgniter\CodeIgniter->runController(Object(App\Controllers\Home))
 8 SYSTEMPATH/CodeIgniter.php(354): CodeIgniter\CodeIgniter->handleRequest(null, Object(Config\Cache), false)
 9 SYSTEMPATH/Boot.php(334): CodeIgniter\CodeIgniter->run()
10 SYSTEMPATH/Boot.php(67): CodeIgniter\Boot::runCodeIgniter(Object(CodeIgniter\CodeIgniter))
11 FCPATH/index.php(27): CodeIgniter\Boot::bootWeb(Object(Config\Paths))
WARNING - 2025-09-30 13:32:45 --> [DEPRECATED] addslashes(): Passing null to parameter #1 ($string) of type string is deprecated in APPPATH/Views/service_list.php on line 10.
 1 APPPATH/Views/service_list.php(10): addslashes(null)
 2 SYSTEMPATH/View/View.php(224): include('/home/u810214334/domains/embellish-beauty.co.uk/public_html/app/Views/service_list.php')
 3 SYSTEMPATH/View/View.php(227): CodeIgniter\View\View->CodeIgniter\View\{closure}()
 4 SYSTEMPATH/Common.php(1173): CodeIgniter\View\View->render('service_list', [], true)
 5 APPPATH/Controllers/Home.php(129): view('service_list', [...])
 6 SYSTEMPATH/CodeIgniter.php(933): App\Controllers\Home->fetch_services()
 7 SYSTEMPATH/CodeIgniter.php(507): CodeIgniter\CodeIgniter->runController(Object(App\Controllers\Home))
 8 SYSTEMPATH/CodeIgniter.php(354): CodeIgniter\CodeIgniter->handleRequest(null, Object(Config\Cache), false)
 9 SYSTEMPATH/Boot.php(334): CodeIgniter\CodeIgniter->run()
10 SYSTEMPATH/Boot.php(67): CodeIgniter\Boot::runCodeIgniter(Object(CodeIgniter\CodeIgniter))
11 FCPATH/index.php(27): CodeIgniter\Boot::bootWeb(Object(Config\Paths))
WARNING - 2025-09-30 13:32:45 --> [DEPRECATED] addslashes(): Passing null to parameter #1 ($string) of type string is deprecated in APPPATH/Views/service_list.php on line 10.
 1 APPPATH/Views/service_list.php(10): addslashes(null)
 2 SYSTEMPATH/View/View.php(224): include('/home/u810214334/domains/embellish-beauty.co.uk/public_html/app/Views/service_list.php')
 3 SYSTEMPATH/View/View.php(227): CodeIgniter\View\View->CodeIgniter\View\{closure}()
 4 SYSTEMPATH/Common.php(1173): CodeIgniter\View\View->render('service_list', [], true)
 5 APPPATH/Controllers/Home.php(129): view('service_list', [...])
 6 SYSTEMPATH/CodeIgniter.php(933): App\Controllers\Home->fetch_services()
 7 SYSTEMPATH/CodeIgniter.php(507): CodeIgniter\CodeIgniter->runController(Object(App\Controllers\Home))
 8 SYSTEMPATH/CodeIgniter.php(354): CodeIgniter\CodeIgniter->handleRequest(null, Object(Config\Cache), false)
 9 SYSTEMPATH/Boot.php(334): CodeIgniter\CodeIgniter->run()
10 SYSTEMPATH/Boot.php(67): CodeIgniter\Boot::runCodeIgniter(Object(CodeIgniter\CodeIgniter))
11 FCPATH/index.php(27): CodeIgniter\Boot::bootWeb(Object(Config\Paths))
WARNING - 2025-09-30 13:32:45 --> [DEPRECATED] addslashes(): Passing null to parameter #1 ($string) of type string is deprecated in APPPATH/Views/service_list.php on line 10.
 1 APPPATH/Views/service_list.php(10): addslashes(null)
 2 SYSTEMPATH/View/View.php(224): include('/home/u810214334/domains/embellish-beauty.co.uk/public_html/app/Views/service_list.php')
 3 SYSTEMPATH/View/View.php(227): CodeIgniter\View\View->CodeIgniter\View\{closure}()
 4 SYSTEMPATH/Common.php(1173): CodeIgniter\View\View->render('service_list', [], true)
 5 APPPATH/Controllers/Home.php(129): view('service_list', [...])
 6 SYSTEMPATH/CodeIgniter.php(933): App\Controllers\Home->fetch_services()
 7 SYSTEMPATH/CodeIgniter.php(507): CodeIgniter\CodeIgniter->runController(Object(App\Controllers\Home))
 8 SYSTEMPATH/CodeIgniter.php(354): CodeIgniter\CodeIgniter->handleRequest(null, Object(Config\Cache), false)
 9 SYSTEMPATH/Boot.php(334): CodeIgniter\CodeIgniter->run()
10 SYSTEMPATH/Boot.php(67): CodeIgniter\Boot::runCodeIgniter(Object(CodeIgniter\CodeIgniter))
11 FCPATH/index.php(27): CodeIgniter\Boot::bootWeb(Object(Config\Paths))
WARNING - 2025-09-30 13:32:45 --> [DEPRECATED] addslashes(): Passing null to parameter #1 ($string) of type string is deprecated in APPPATH/Views/service_list.php on line 10.
 1 APPPATH/Views/service_list.php(10): addslashes(null)
 2 SYSTEMPATH/View/View.php(224): include('/home/u810214334/domains/embellish-beauty.co.uk/public_html/app/Views/service_list.php')
 3 SYSTEMPATH/View/View.php(227): CodeIgniter\View\View->CodeIgniter\View\{closure}()
 4 SYSTEMPATH/Common.php(1173): CodeIgniter\View\View->render('service_list', [], true)
 5 APPPATH/Controllers/Home.php(129): view('service_list', [...])
 6 SYSTEMPATH/CodeIgniter.php(933): App\Controllers\Home->fetch_services()
 7 SYSTEMPATH/CodeIgniter.php(507): CodeIgniter\CodeIgniter->runController(Object(App\Controllers\Home))
 8 SYSTEMPATH/CodeIgniter.php(354): CodeIgniter\CodeIgniter->handleRequest(null, Object(Config\Cache), false)
 9 SYSTEMPATH/Boot.php(334): CodeIgniter\CodeIgniter->run()
10 SYSTEMPATH/Boot.php(67): CodeIgniter\Boot::runCodeIgniter(Object(CodeIgniter\CodeIgniter))
11 FCPATH/index.php(27): CodeIgniter\Boot::bootWeb(Object(Config\Paths))
WARNING - 2025-09-30 13:32:45 --> [DEPRECATED] addslashes(): Passing null to parameter #1 ($string) of type string is deprecated in APPPATH/Views/service_list.php on line 10.
 1 APPPATH/Views/service_list.php(10): addslashes(null)
 2 SYSTEMPATH/View/View.php(224): include('/home/u810214334/domains/embellish-beauty.co.uk/public_html/app/Views/service_list.php')
 3 SYSTEMPATH/View/View.php(227): CodeIgniter\View\View->CodeIgniter\View\{closure}()
 4 SYSTEMPATH/Common.php(1173): CodeIgniter\View\View->render('service_list', [], true)
 5 APPPATH/Controllers/Home.php(129): view('service_list', [...])
 6 SYSTEMPATH/CodeIgniter.php(933): App\Controllers\Home->fetch_services()
 7 SYSTEMPATH/CodeIgniter.php(507): CodeIgniter\CodeIgniter->runController(Object(App\Controllers\Home))
 8 SYSTEMPATH/CodeIgniter.php(354): CodeIgniter\CodeIgniter->handleRequest(null, Object(Config\Cache), false)
 9 SYSTEMPATH/Boot.php(334): CodeIgniter\CodeIgniter->run()
10 SYSTEMPATH/Boot.php(67): CodeIgniter\Boot::runCodeIgniter(Object(CodeIgniter\CodeIgniter))
11 FCPATH/index.php(27): CodeIgniter\Boot::bootWeb(Object(Config\Paths))
WARNING - 2025-09-30 13:32:45 --> [DEPRECATED] addslashes(): Passing null to parameter #1 ($string) of type string is deprecated in APPPATH/Views/service_list.php on line 10.
 1 APPPATH/Views/service_list.php(10): addslashes(null)
 2 SYSTEMPATH/View/View.php(224): include('/home/u810214334/domains/embellish-beauty.co.uk/public_html/app/Views/service_list.php')
 3 SYSTEMPATH/View/View.php(227): CodeIgniter\View\View->CodeIgniter\View\{closure}()
 4 SYSTEMPATH/Common.php(1173): CodeIgniter\View\View->render('service_list', [], true)
 5 APPPATH/Controllers/Home.php(129): view('service_list', [...])
 6 SYSTEMPATH/CodeIgniter.php(933): App\Controllers\Home->fetch_services()
 7 SYSTEMPATH/CodeIgniter.php(507): CodeIgniter\CodeIgniter->runController(Object(App\Controllers\Home))
 8 SYSTEMPATH/CodeIgniter.php(354): CodeIgniter\CodeIgniter->handleRequest(null, Object(Config\Cache), false)
 9 SYSTEMPATH/Boot.php(334): CodeIgniter\CodeIgniter->run()
10 SYSTEMPATH/Boot.php(67): CodeIgniter\Boot::runCodeIgniter(Object(CodeIgniter\CodeIgniter))
11 FCPATH/index.php(27): CodeIgniter\Boot::bootWeb(Object(Config\Paths))
WARNING - 2025-09-30 13:32:45 --> [DEPRECATED] addslashes(): Passing null to parameter #1 ($string) of type string is deprecated in APPPATH/Views/service_list.php on line 10.
 1 APPPATH/Views/service_list.php(10): addslashes(null)
 2 SYSTEMPATH/View/View.php(224): include('/home/u810214334/domains/embellish-beauty.co.uk/public_html/app/Views/service_list.php')
 3 SYSTEMPATH/View/View.php(227): CodeIgniter\View\View->CodeIgniter\View\{closure}()
 4 SYSTEMPATH/Common.php(1173): CodeIgniter\View\View->render('service_list', [], true)
 5 APPPATH/Controllers/Home.php(129): view('service_list', [...])
 6 SYSTEMPATH/CodeIgniter.php(933): App\Controllers\Home->fetch_services()
 7 SYSTEMPATH/CodeIgniter.php(507): CodeIgniter\CodeIgniter->runController(Object(App\Controllers\Home))
 8 SYSTEMPATH/CodeIgniter.php(354): CodeIgniter\CodeIgniter->handleRequest(null, Object(Config\Cache), false)
 9 SYSTEMPATH/Boot.php(334): CodeIgniter\CodeIgniter->run()
10 SYSTEMPATH/Boot.php(67): CodeIgniter\Boot::runCodeIgniter(Object(CodeIgniter\CodeIgniter))
11 FCPATH/index.php(27): CodeIgniter\Boot::bootWeb(Object(Config\Paths))
WARNING - 2025-09-30 13:32:45 --> [DEPRECATED] addslashes(): Passing null to parameter #1 ($string) of type string is deprecated in APPPATH/Views/service_list.php on line 10.
 1 APPPATH/Views/service_list.php(10): addslashes(null)
 2 SYSTEMPATH/View/View.php(224): include('/home/u810214334/domains/embellish-beauty.co.uk/public_html/app/Views/service_list.php')
 3 SYSTEMPATH/View/View.php(227): CodeIgniter\View\View->CodeIgniter\View\{closure}()
 4 SYSTEMPATH/Common.php(1173): CodeIgniter\View\View->render('service_list', [], true)
 5 APPPATH/Controllers/Home.php(129): view('service_list', [...])
 6 SYSTEMPATH/CodeIgniter.php(933): App\Controllers\Home->fetch_services()
 7 SYSTEMPATH/CodeIgniter.php(507): CodeIgniter\CodeIgniter->runController(Object(App\Controllers\Home))
 8 SYSTEMPATH/CodeIgniter.php(354): CodeIgniter\CodeIgniter->handleRequest(null, Object(Config\Cache), false)
 9 SYSTEMPATH/Boot.php(334): CodeIgniter\CodeIgniter->run()
10 SYSTEMPATH/Boot.php(67): CodeIgniter\Boot::runCodeIgniter(Object(CodeIgniter\CodeIgniter))
11 FCPATH/index.php(27): CodeIgniter\Boot::bootWeb(Object(Config\Paths))
WARNING - 2025-09-30 13:32:45 --> [DEPRECATED] addslashes(): Passing null to parameter #1 ($string) of type string is deprecated in APPPATH/Views/service_list.php on line 10.
 1 APPPATH/Views/service_list.php(10): addslashes(null)
 2 SYSTEMPATH/View/View.php(224): include('/home/u810214334/domains/embellish-beauty.co.uk/public_html/app/Views/service_list.php')
 3 SYSTEMPATH/View/View.php(227): CodeIgniter\View\View->CodeIgniter\View\{closure}()
 4 SYSTEMPATH/Common.php(1173): CodeIgniter\View\View->render('service_list', [], true)
 5 APPPATH/Controllers/Home.php(129): view('service_list', [...])
 6 SYSTEMPATH/CodeIgniter.php(933): App\Controllers\Home->fetch_services()
 7 SYSTEMPATH/CodeIgniter.php(507): CodeIgniter\CodeIgniter->runController(Object(App\Controllers\Home))
 8 SYSTEMPATH/CodeIgniter.php(354): CodeIgniter\CodeIgniter->handleRequest(null, Object(Config\Cache), false)
 9 SYSTEMPATH/Boot.php(334): CodeIgniter\CodeIgniter->run()
10 SYSTEMPATH/Boot.php(67): CodeIgniter\Boot::runCodeIgniter(Object(CodeIgniter\CodeIgniter))
11 FCPATH/index.php(27): CodeIgniter\Boot::bootWeb(Object(Config\Paths))
WARNING - 2025-09-30 13:32:45 --> [DEPRECATED] addslashes(): Passing null to parameter #1 ($string) of type string is deprecated in APPPATH/Views/service_list.php on line 10.
 1 APPPATH/Views/service_list.php(10): addslashes(null)
 2 SYSTEMPATH/View/View.php(224): include('/home/u810214334/domains/embellish-beauty.co.uk/public_html/app/Views/service_list.php')
 3 SYSTEMPATH/View/View.php(227): CodeIgniter\View\View->CodeIgniter\View\{closure}()
 4 SYSTEMPATH/Common.php(1173): CodeIgniter\View\View->render('service_list', [], true)
 5 APPPATH/Controllers/Home.php(129): view('service_list', [...])
 6 SYSTEMPATH/CodeIgniter.php(933): App\Controllers\Home->fetch_services()
 7 SYSTEMPATH/CodeIgniter.php(507): CodeIgniter\CodeIgniter->runController(Object(App\Controllers\Home))
 8 SYSTEMPATH/CodeIgniter.php(354): CodeIgniter\CodeIgniter->handleRequest(null, Object(Config\Cache), false)
 9 SYSTEMPATH/Boot.php(334): CodeIgniter\CodeIgniter->run()
10 SYSTEMPATH/Boot.php(67): CodeIgniter\Boot::runCodeIgniter(Object(CodeIgniter\CodeIgniter))
11 FCPATH/index.php(27): CodeIgniter\Boot::bootWeb(Object(Config\Paths))
WARNING - 2025-09-30 13:32:45 --> [DEPRECATED] addslashes(): Passing null to parameter #1 ($string) of type string is deprecated in APPPATH/Views/service_list.php on line 10.
 1 APPPATH/Views/service_list.php(10): addslashes(null)
 2 SYSTEMPATH/View/View.php(224): include('/home/u810214334/domains/embellish-beauty.co.uk/public_html/app/Views/service_list.php')
 3 SYSTEMPATH/View/View.php(227): CodeIgniter\View\View->CodeIgniter\View\{closure}()
 4 SYSTEMPATH/Common.php(1173): CodeIgniter\View\View->render('service_list', [], true)
 5 APPPATH/Controllers/Home.php(129): view('service_list', [...])
 6 SYSTEMPATH/CodeIgniter.php(933): App\Controllers\Home->fetch_services()
 7 SYSTEMPATH/CodeIgniter.php(507): CodeIgniter\CodeIgniter->runController(Object(App\Controllers\Home))
 8 SYSTEMPATH/CodeIgniter.php(354): CodeIgniter\CodeIgniter->handleRequest(null, Object(Config\Cache), false)
 9 SYSTEMPATH/Boot.php(334): CodeIgniter\CodeIgniter->run()
10 SYSTEMPATH/Boot.php(67): CodeIgniter\Boot::runCodeIgniter(Object(CodeIgniter\CodeIgniter))
11 FCPATH/index.php(27): CodeIgniter\Boot::bootWeb(Object(Config\Paths))
WARNING - 2025-09-30 13:32:45 --> [DEPRECATED] addslashes(): Passing null to parameter #1 ($string) of type string is deprecated in APPPATH/Views/service_list.php on line 10.
 1 APPPATH/Views/service_list.php(10): addslashes(null)
 2 SYSTEMPATH/View/View.php(224): include('/home/u810214334/domains/embellish-beauty.co.uk/public_html/app/Views/service_list.php')
 3 SYSTEMPATH/View/View.php(227): CodeIgniter\View\View->CodeIgniter\View\{closure}()
 4 SYSTEMPATH/Common.php(1173): CodeIgniter\View\View->render('service_list', [], true)
 5 APPPATH/Controllers/Home.php(129): view('service_list', [...])
 6 SYSTEMPATH/CodeIgniter.php(933): App\Controllers\Home->fetch_services()
 7 SYSTEMPATH/CodeIgniter.php(507): CodeIgniter\CodeIgniter->runController(Object(App\Controllers\Home))
 8 SYSTEMPATH/CodeIgniter.php(354): CodeIgniter\CodeIgniter->handleRequest(null, Object(Config\Cache), false)
 9 SYSTEMPATH/Boot.php(334): CodeIgniter\CodeIgniter->run()
10 SYSTEMPATH/Boot.php(67): CodeIgniter\Boot::runCodeIgniter(Object(CodeIgniter\CodeIgniter))
11 FCPATH/index.php(27): CodeIgniter\Boot::bootWeb(Object(Config\Paths))
WARNING - 2025-09-30 13:32:45 --> [DEPRECATED] addslashes(): Passing null to parameter #1 ($string) of type string is deprecated in APPPATH/Views/service_list.php on line 10.
 1 APPPATH/Views/service_list.php(10): addslashes(null)
 2 SYSTEMPATH/View/View.php(224): include('/home/u810214334/domains/embellish-beauty.co.uk/public_html/app/Views/service_list.php')
 3 SYSTEMPATH/View/View.php(227): CodeIgniter\View\View->CodeIgniter\View\{closure}()
 4 SYSTEMPATH/Common.php(1173): CodeIgniter\View\View->render('service_list', [], true)
 5 APPPATH/Controllers/Home.php(129): view('service_list', [...])
 6 SYSTEMPATH/CodeIgniter.php(933): App\Controllers\Home->fetch_services()
 7 SYSTEMPATH/CodeIgniter.php(507): CodeIgniter\CodeIgniter->runController(Object(App\Controllers\Home))
 8 SYSTEMPATH/CodeIgniter.php(354): CodeIgniter\CodeIgniter->handleRequest(null, Object(Config\Cache), false)
 9 SYSTEMPATH/Boot.php(334): CodeIgniter\CodeIgniter->run()
10 SYSTEMPATH/Boot.php(67): CodeIgniter\Boot::runCodeIgniter(Object(CodeIgniter\CodeIgniter))
11 FCPATH/index.php(27): CodeIgniter\Boot::bootWeb(Object(Config\Paths))
WARNING - 2025-09-30 13:32:45 --> [DEPRECATED] addslashes(): Passing null to parameter #1 ($string) of type string is deprecated in APPPATH/Views/service_list.php on line 10.
 1 APPPATH/Views/service_list.php(10): addslashes(null)
 2 SYSTEMPATH/View/View.php(224): include('/home/u810214334/domains/embellish-beauty.co.uk/public_html/app/Views/service_list.php')
 3 SYSTEMPATH/View/View.php(227): CodeIgniter\View\View->CodeIgniter\View\{closure}()
 4 SYSTEMPATH/Common.php(1173): CodeIgniter\View\View->render('service_list', [], true)
 5 APPPATH/Controllers/Home.php(129): view('service_list', [...])
 6 SYSTEMPATH/CodeIgniter.php(933): App\Controllers\Home->fetch_services()
 7 SYSTEMPATH/CodeIgniter.php(507): CodeIgniter\CodeIgniter->runController(Object(App\Controllers\Home))
 8 SYSTEMPATH/CodeIgniter.php(354): CodeIgniter\CodeIgniter->handleRequest(null, Object(Config\Cache), false)
 9 SYSTEMPATH/Boot.php(334): CodeIgniter\CodeIgniter->run()
10 SYSTEMPATH/Boot.php(67): CodeIgniter\Boot::runCodeIgniter(Object(CodeIgniter\CodeIgniter))
11 FCPATH/index.php(27): CodeIgniter\Boot::bootWeb(Object(Config\Paths))
WARNING - 2025-09-30 13:32:45 --> [DEPRECATED] addslashes(): Passing null to parameter #1 ($string) of type string is deprecated in APPPATH/Views/service_list.php on line 10.
 1 APPPATH/Views/service_list.php(10): addslashes(null)
 2 SYSTEMPATH/View/View.php(224): include('/home/u810214334/domains/embellish-beauty.co.uk/public_html/app/Views/service_list.php')
 3 SYSTEMPATH/View/View.php(227): CodeIgniter\View\View->CodeIgniter\View\{closure}()
 4 SYSTEMPATH/Common.php(1173): CodeIgniter\View\View->render('service_list', [], true)
 5 APPPATH/Controllers/Home.php(129): view('service_list', [...])
 6 SYSTEMPATH/CodeIgniter.php(933): App\Controllers\Home->fetch_services()
 7 SYSTEMPATH/CodeIgniter.php(507): CodeIgniter\CodeIgniter->runController(Object(App\Controllers\Home))
 8 SYSTEMPATH/CodeIgniter.php(354): CodeIgniter\CodeIgniter->handleRequest(null, Object(Config\Cache), false)
 9 SYSTEMPATH/Boot.php(334): CodeIgniter\CodeIgniter->run()
10 SYSTEMPATH/Boot.php(67): CodeIgniter\Boot::runCodeIgniter(Object(CodeIgniter\CodeIgniter))
11 FCPATH/index.php(27): CodeIgniter\Boot::bootWeb(Object(Config\Paths))
WARNING - 2025-09-30 13:32:45 --> [DEPRECATED] addslashes(): Passing null to parameter #1 ($string) of type string is deprecated in APPPATH/Views/service_list.php on line 10.
 1 APPPATH/Views/service_list.php(10): addslashes(null)
 2 SYSTEMPATH/View/View.php(224): include('/home/u810214334/domains/embellish-beauty.co.uk/public_html/app/Views/service_list.php')
 3 SYSTEMPATH/View/View.php(227): CodeIgniter\View\View->CodeIgniter\View\{closure}()
 4 SYSTEMPATH/Common.php(1173): CodeIgniter\View\View->render('service_list', [], true)
 5 APPPATH/Controllers/Home.php(129): view('service_list', [...])
 6 SYSTEMPATH/CodeIgniter.php(933): App\Controllers\Home->fetch_services()
 7 SYSTEMPATH/CodeIgniter.php(507): CodeIgniter\CodeIgniter->runController(Object(App\Controllers\Home))
 8 SYSTEMPATH/CodeIgniter.php(354): CodeIgniter\CodeIgniter->handleRequest(null, Object(Config\Cache), false)
 9 SYSTEMPATH/Boot.php(334): CodeIgniter\CodeIgniter->run()
10 SYSTEMPATH/Boot.php(67): CodeIgniter\Boot::runCodeIgniter(Object(CodeIgniter\CodeIgniter))
11 FCPATH/index.php(27): CodeIgniter\Boot::bootWeb(Object(Config\Paths))
WARNING - 2025-09-30 13:32:45 --> [DEPRECATED] addslashes(): Passing null to parameter #1 ($string) of type string is deprecated in APPPATH/Views/service_list.php on line 10.
 1 APPPATH/Views/service_list.php(10): addslashes(null)
 2 SYSTEMPATH/View/View.php(224): include('/home/u810214334/domains/embellish-beauty.co.uk/public_html/app/Views/service_list.php')
 3 SYSTEMPATH/View/View.php(227): CodeIgniter\View\View->CodeIgniter\View\{closure}()
 4 SYSTEMPATH/Common.php(1173): CodeIgniter\View\View->render('service_list', [], true)
 5 APPPATH/Controllers/Home.php(129): view('service_list', [...])
 6 SYSTEMPATH/CodeIgniter.php(933): App\Controllers\Home->fetch_services()
 7 SYSTEMPATH/CodeIgniter.php(507): CodeIgniter\CodeIgniter->runController(Object(App\Controllers\Home))
 8 SYSTEMPATH/CodeIgniter.php(354): CodeIgniter\CodeIgniter->handleRequest(null, Object(Config\Cache), false)
 9 SYSTEMPATH/Boot.php(334): CodeIgniter\CodeIgniter->run()
10 SYSTEMPATH/Boot.php(67): CodeIgniter\Boot::runCodeIgniter(Object(CodeIgniter\CodeIgniter))
11 FCPATH/index.php(27): CodeIgniter\Boot::bootWeb(Object(Config\Paths))
WARNING - 2025-09-30 13:32:45 --> [DEPRECATED] addslashes(): Passing null to parameter #1 ($string) of type string is deprecated in APPPATH/Views/service_list.php on line 10.
 1 APPPATH/Views/service_list.php(10): addslashes(null)
 2 SYSTEMPATH/View/View.php(224): include('/home/u810214334/domains/embellish-beauty.co.uk/public_html/app/Views/service_list.php')
 3 SYSTEMPATH/View/View.php(227): CodeIgniter\View\View->CodeIgniter\View\{closure}()
 4 SYSTEMPATH/Common.php(1173): CodeIgniter\View\View->render('service_list', [], true)
 5 APPPATH/Controllers/Home.php(129): view('service_list', [...])
 6 SYSTEMPATH/CodeIgniter.php(933): App\Controllers\Home->fetch_services()
 7 SYSTEMPATH/CodeIgniter.php(507): CodeIgniter\CodeIgniter->runController(Object(App\Controllers\Home))
 8 SYSTEMPATH/CodeIgniter.php(354): CodeIgniter\CodeIgniter->handleRequest(null, Object(Config\Cache), false)
 9 SYSTEMPATH/Boot.php(334): CodeIgniter\CodeIgniter->run()
10 SYSTEMPATH/Boot.php(67): CodeIgniter\Boot::runCodeIgniter(Object(CodeIgniter\CodeIgniter))
11 FCPATH/index.php(27): CodeIgniter\Boot::bootWeb(Object(Config\Paths))
WARNING - 2025-09-30 13:32:45 --> [DEPRECATED] addslashes(): Passing null to parameter #1 ($string) of type string is deprecated in APPPATH/Views/service_list.php on line 10.
 1 APPPATH/Views/service_list.php(10): addslashes(null)
 2 SYSTEMPATH/View/View.php(224): include('/home/u810214334/domains/embellish-beauty.co.uk/public_html/app/Views/service_list.php')
 3 SYSTEMPATH/View/View.php(227): CodeIgniter\View\View->CodeIgniter\View\{closure}()
 4 SYSTEMPATH/Common.php(1173): CodeIgniter\View\View->render('service_list', [], true)
 5 APPPATH/Controllers/Home.php(129): view('service_list', [...])
 6 SYSTEMPATH/CodeIgniter.php(933): App\Controllers\Home->fetch_services()
 7 SYSTEMPATH/CodeIgniter.php(507): CodeIgniter\CodeIgniter->runController(Object(App\Controllers\Home))
 8 SYSTEMPATH/CodeIgniter.php(354): CodeIgniter\CodeIgniter->handleRequest(null, Object(Config\Cache), false)
 9 SYSTEMPATH/Boot.php(334): CodeIgniter\CodeIgniter->run()
10 SYSTEMPATH/Boot.php(67): CodeIgniter\Boot::runCodeIgniter(Object(CodeIgniter\CodeIgniter))
11 FCPATH/index.php(27): CodeIgniter\Boot::bootWeb(Object(Config\Paths))
WARNING - 2025-09-30 13:32:45 --> [DEPRECATED] addslashes(): Passing null to parameter #1 ($string) of type string is deprecated in APPPATH/Views/service_list.php on line 10.
 1 APPPATH/Views/service_list.php(10): addslashes(null)
 2 SYSTEMPATH/View/View.php(224): include('/home/u810214334/domains/embellish-beauty.co.uk/public_html/app/Views/service_list.php')
 3 SYSTEMPATH/View/View.php(227): CodeIgniter\View\View->CodeIgniter\View\{closure}()
 4 SYSTEMPATH/Common.php(1173): CodeIgniter\View\View->render('service_list', [], true)
 5 APPPATH/Controllers/Home.php(129): view('service_list', [...])
 6 SYSTEMPATH/CodeIgniter.php(933): App\Controllers\Home->fetch_services()
 7 SYSTEMPATH/CodeIgniter.php(507): CodeIgniter\CodeIgniter->runController(Object(App\Controllers\Home))
 8 SYSTEMPATH/CodeIgniter.php(354): CodeIgniter\CodeIgniter->handleRequest(null, Object(Config\Cache), false)
 9 SYSTEMPATH/Boot.php(334): CodeIgniter\CodeIgniter->run()
10 SYSTEMPATH/Boot.php(67): CodeIgniter\Boot::runCodeIgniter(Object(CodeIgniter\CodeIgniter))
11 FCPATH/index.php(27): CodeIgniter\Boot::bootWeb(Object(Config\Paths))
WARNING - 2025-09-30 13:32:45 --> [DEPRECATED] addslashes(): Passing null to parameter #1 ($string) of type string is deprecated in APPPATH/Views/service_list.php on line 10.
 1 APPPATH/Views/service_list.php(10): addslashes(null)
 2 SYSTEMPATH/View/View.php(224): include('/home/u810214334/domains/embellish-beauty.co.uk/public_html/app/Views/service_list.php')
 3 SYSTEMPATH/View/View.php(227): CodeIgniter\View\View->CodeIgniter\View\{closure}()
 4 SYSTEMPATH/Common.php(1173): CodeIgniter\View\View->render('service_list', [], true)
 5 APPPATH/Controllers/Home.php(129): view('service_list', [...])
 6 SYSTEMPATH/CodeIgniter.php(933): App\Controllers\Home->fetch_services()
 7 SYSTEMPATH/CodeIgniter.php(507): CodeIgniter\CodeIgniter->runController(Object(App\Controllers\Home))
 8 SYSTEMPATH/CodeIgniter.php(354): CodeIgniter\CodeIgniter->handleRequest(null, Object(Config\Cache), false)
 9 SYSTEMPATH/Boot.php(334): CodeIgniter\CodeIgniter->run()
10 SYSTEMPATH/Boot.php(67): CodeIgniter\Boot::runCodeIgniter(Object(CodeIgniter\CodeIgniter))
11 FCPATH/index.php(27): CodeIgniter\Boot::bootWeb(Object(Config\Paths))
DEBUG - 2025-09-30 13:32:48 --> Session: Class initialized using 'CodeIgniter\Session\Handlers\FileHandler' driver.
WARNING - 2025-09-30 13:32:48 --> [DEPRECATED] addslashes(): Passing null to parameter #1 ($string) of type string is deprecated in APPPATH/Views/service_list.php on line 10.
 1 APPPATH/Views/service_list.php(10): addslashes(null)
 2 SYSTEMPATH/View/View.php(224): include('/home/u810214334/domains/embellish-beauty.co.uk/public_html/app/Views/service_list.php')
 3 SYSTEMPATH/View/View.php(227): CodeIgniter\View\View->CodeIgniter\View\{closure}()
 4 SYSTEMPATH/Common.php(1173): CodeIgniter\View\View->render('service_list', [], true)
 5 APPPATH/Controllers/Home.php(129): view('service_list', [...])
 6 SYSTEMPATH/CodeIgniter.php(933): App\Controllers\Home->fetch_services()
 7 SYSTEMPATH/CodeIgniter.php(507): CodeIgniter\CodeIgniter->runController(Object(App\Controllers\Home))
 8 SYSTEMPATH/CodeIgniter.php(354): CodeIgniter\CodeIgniter->handleRequest(null, Object(Config\Cache), false)
 9 SYSTEMPATH/Boot.php(334): CodeIgniter\CodeIgniter->run()
10 SYSTEMPATH/Boot.php(67): CodeIgniter\Boot::runCodeIgniter(Object(CodeIgniter\CodeIgniter))
11 FCPATH/index.php(27): CodeIgniter\Boot::bootWeb(Object(Config\Paths))
WARNING - 2025-09-30 13:32:48 --> [DEPRECATED] addslashes(): Passing null to parameter #1 ($string) of type string is deprecated in APPPATH/Views/service_list.php on line 10.
 1 APPPATH/Views/service_list.php(10): addslashes(null)
 2 SYSTEMPATH/View/View.php(224): include('/home/u810214334/domains/embellish-beauty.co.uk/public_html/app/Views/service_list.php')
 3 SYSTEMPATH/View/View.php(227): CodeIgniter\View\View->CodeIgniter\View\{closure}()
 4 SYSTEMPATH/Common.php(1173): CodeIgniter\View\View->render('service_list', [], true)
 5 APPPATH/Controllers/Home.php(129): view('service_list', [...])
 6 SYSTEMPATH/CodeIgniter.php(933): App\Controllers\Home->fetch_services()
 7 SYSTEMPATH/CodeIgniter.php(507): CodeIgniter\CodeIgniter->runController(Object(App\Controllers\Home))
 8 SYSTEMPATH/CodeIgniter.php(354): CodeIgniter\CodeIgniter->handleRequest(null, Object(Config\Cache), false)
 9 SYSTEMPATH/Boot.php(334): CodeIgniter\CodeIgniter->run()
10 SYSTEMPATH/Boot.php(67): CodeIgniter\Boot::runCodeIgniter(Object(CodeIgniter\CodeIgniter))
11 FCPATH/index.php(27): CodeIgniter\Boot::bootWeb(Object(Config\Paths))
WARNING - 2025-09-30 13:32:48 --> [DEPRECATED] addslashes(): Passing null to parameter #1 ($string) of type string is deprecated in APPPATH/Views/service_list.php on line 10.
 1 APPPATH/Views/service_list.php(10): addslashes(null)
 2 SYSTEMPATH/View/View.php(224): include('/home/u810214334/domains/embellish-beauty.co.uk/public_html/app/Views/service_list.php')
 3 SYSTEMPATH/View/View.php(227): CodeIgniter\View\View->CodeIgniter\View\{closure}()
 4 SYSTEMPATH/Common.php(1173): CodeIgniter\View\View->render('service_list', [], true)
 5 APPPATH/Controllers/Home.php(129): view('service_list', [...])
 6 SYSTEMPATH/CodeIgniter.php(933): App\Controllers\Home->fetch_services()
 7 SYSTEMPATH/CodeIgniter.php(507): CodeIgniter\CodeIgniter->runController(Object(App\Controllers\Home))
 8 SYSTEMPATH/CodeIgniter.php(354): CodeIgniter\CodeIgniter->handleRequest(null, Object(Config\Cache), false)
 9 SYSTEMPATH/Boot.php(334): CodeIgniter\CodeIgniter->run()
10 SYSTEMPATH/Boot.php(67): CodeIgniter\Boot::runCodeIgniter(Object(CodeIgniter\CodeIgniter))
11 FCPATH/index.php(27): CodeIgniter\Boot::bootWeb(Object(Config\Paths))
WARNING - 2025-09-30 13:32:48 --> [DEPRECATED] addslashes(): Passing null to parameter #1 ($string) of type string is deprecated in APPPATH/Views/service_list.php on line 10.
 1 APPPATH/Views/service_list.php(10): addslashes(null)
 2 SYSTEMPATH/View/View.php(224): include('/home/u810214334/domains/embellish-beauty.co.uk/public_html/app/Views/service_list.php')
 3 SYSTEMPATH/View/View.php(227): CodeIgniter\View\View->CodeIgniter\View\{closure}()
 4 SYSTEMPATH/Common.php(1173): CodeIgniter\View\View->render('service_list', [], true)
 5 APPPATH/Controllers/Home.php(129): view('service_list', [...])
 6 SYSTEMPATH/CodeIgniter.php(933): App\Controllers\Home->fetch_services()
 7 SYSTEMPATH/CodeIgniter.php(507): CodeIgniter\CodeIgniter->runController(Object(App\Controllers\Home))
 8 SYSTEMPATH/CodeIgniter.php(354): CodeIgniter\CodeIgniter->handleRequest(null, Object(Config\Cache), false)
 9 SYSTEMPATH/Boot.php(334): CodeIgniter\CodeIgniter->run()
10 SYSTEMPATH/Boot.php(67): CodeIgniter\Boot::runCodeIgniter(Object(CodeIgniter\CodeIgniter))
11 FCPATH/index.php(27): CodeIgniter\Boot::bootWeb(Object(Config\Paths))
WARNING - 2025-09-30 13:32:48 --> [DEPRECATED] addslashes(): Passing null to parameter #1 ($string) of type string is deprecated in APPPATH/Views/service_list.php on line 10.
 1 APPPATH/Views/service_list.php(10): addslashes(null)
 2 SYSTEMPATH/View/View.php(224): include('/home/u810214334/domains/embellish-beauty.co.uk/public_html/app/Views/service_list.php')
 3 SYSTEMPATH/View/View.php(227): CodeIgniter\View\View->CodeIgniter\View\{closure}()
 4 SYSTEMPATH/Common.php(1173): CodeIgniter\View\View->render('service_list', [], true)
 5 APPPATH/Controllers/Home.php(129): view('service_list', [...])
 6 SYSTEMPATH/CodeIgniter.php(933): App\Controllers\Home->fetch_services()
 7 SYSTEMPATH/CodeIgniter.php(507): CodeIgniter\CodeIgniter->runController(Object(App\Controllers\Home))
 8 SYSTEMPATH/CodeIgniter.php(354): CodeIgniter\CodeIgniter->handleRequest(null, Object(Config\Cache), false)
 9 SYSTEMPATH/Boot.php(334): CodeIgniter\CodeIgniter->run()
10 SYSTEMPATH/Boot.php(67): CodeIgniter\Boot::runCodeIgniter(Object(CodeIgniter\CodeIgniter))
11 FCPATH/index.php(27): CodeIgniter\Boot::bootWeb(Object(Config\Paths))
WARNING - 2025-09-30 13:32:48 --> [DEPRECATED] addslashes(): Passing null to parameter #1 ($string) of type string is deprecated in APPPATH/Views/service_list.php on line 10.
 1 APPPATH/Views/service_list.php(10): addslashes(null)
 2 SYSTEMPATH/View/View.php(224): include('/home/u810214334/domains/embellish-beauty.co.uk/public_html/app/Views/service_list.php')
 3 SYSTEMPATH/View/View.php(227): CodeIgniter\View\View->CodeIgniter\View\{closure}()
 4 SYSTEMPATH/Common.php(1173): CodeIgniter\View\View->render('service_list', [], true)
 5 APPPATH/Controllers/Home.php(129): view('service_list', [...])
 6 SYSTEMPATH/CodeIgniter.php(933): App\Controllers\Home->fetch_services()
 7 SYSTEMPATH/CodeIgniter.php(507): CodeIgniter\CodeIgniter->runController(Object(App\Controllers\Home))
 8 SYSTEMPATH/CodeIgniter.php(354): CodeIgniter\CodeIgniter->handleRequest(null, Object(Config\Cache), false)
 9 SYSTEMPATH/Boot.php(334): CodeIgniter\CodeIgniter->run()
10 SYSTEMPATH/Boot.php(67): CodeIgniter\Boot::runCodeIgniter(Object(CodeIgniter\CodeIgniter))
11 FCPATH/index.php(27): CodeIgniter\Boot::bootWeb(Object(Config\Paths))
WARNING - 2025-09-30 13:32:48 --> [DEPRECATED] addslashes(): Passing null to parameter #1 ($string) of type string is deprecated in APPPATH/Views/service_list.php on line 10.
 1 APPPATH/Views/service_list.php(10): addslashes(null)
 2 SYSTEMPATH/View/View.php(224): include('/home/u810214334/domains/embellish-beauty.co.uk/public_html/app/Views/service_list.php')
 3 SYSTEMPATH/View/View.php(227): CodeIgniter\View\View->CodeIgniter\View\{closure}()
 4 SYSTEMPATH/Common.php(1173): CodeIgniter\View\View->render('service_list', [], true)
 5 APPPATH/Controllers/Home.php(129): view('service_list', [...])
 6 SYSTEMPATH/CodeIgniter.php(933): App\Controllers\Home->fetch_services()
 7 SYSTEMPATH/CodeIgniter.php(507): CodeIgniter\CodeIgniter->runController(Object(App\Controllers\Home))
 8 SYSTEMPATH/CodeIgniter.php(354): CodeIgniter\CodeIgniter->handleRequest(null, Object(Config\Cache), false)
 9 SYSTEMPATH/Boot.php(334): CodeIgniter\CodeIgniter->run()
10 SYSTEMPATH/Boot.php(67): CodeIgniter\Boot::runCodeIgniter(Object(CodeIgniter\CodeIgniter))
11 FCPATH/index.php(27): CodeIgniter\Boot::bootWeb(Object(Config\Paths))
WARNING - 2025-09-30 13:32:48 --> [DEPRECATED] addslashes(): Passing null to parameter #1 ($string) of type string is deprecated in APPPATH/Views/service_list.php on line 10.
 1 APPPATH/Views/service_list.php(10): addslashes(null)
 2 SYSTEMPATH/View/View.php(224): include('/home/u810214334/domains/embellish-beauty.co.uk/public_html/app/Views/service_list.php')
 3 SYSTEMPATH/View/View.php(227): CodeIgniter\View\View->CodeIgniter\View\{closure}()
 4 SYSTEMPATH/Common.php(1173): CodeIgniter\View\View->render('service_list', [], true)
 5 APPPATH/Controllers/Home.php(129): view('service_list', [...])
 6 SYSTEMPATH/CodeIgniter.php(933): App\Controllers\Home->fetch_services()
 7 SYSTEMPATH/CodeIgniter.php(507): CodeIgniter\CodeIgniter->runController(Object(App\Controllers\Home))
 8 SYSTEMPATH/CodeIgniter.php(354): CodeIgniter\CodeIgniter->handleRequest(null, Object(Config\Cache), false)
 9 SYSTEMPATH/Boot.php(334): CodeIgniter\CodeIgniter->run()
10 SYSTEMPATH/Boot.php(67): CodeIgniter\Boot::runCodeIgniter(Object(CodeIgniter\CodeIgniter))
11 FCPATH/index.php(27): CodeIgniter\Boot::bootWeb(Object(Config\Paths))
WARNING - 2025-09-30 13:32:48 --> [DEPRECATED] addslashes(): Passing null to parameter #1 ($string) of type string is deprecated in APPPATH/Views/service_list.php on line 10.
 1 APPPATH/Views/service_list.php(10): addslashes(null)
 2 SYSTEMPATH/View/View.php(224): include('/home/u810214334/domains/embellish-beauty.co.uk/public_html/app/Views/service_list.php')
 3 SYSTEMPATH/View/View.php(227): CodeIgniter\View\View->CodeIgniter\View\{closure}()
 4 SYSTEMPATH/Common.php(1173): CodeIgniter\View\View->render('service_list', [], true)
 5 APPPATH/Controllers/Home.php(129): view('service_list', [...])
 6 SYSTEMPATH/CodeIgniter.php(933): App\Controllers\Home->fetch_services()
 7 SYSTEMPATH/CodeIgniter.php(507): CodeIgniter\CodeIgniter->runController(Object(App\Controllers\Home))
 8 SYSTEMPATH/CodeIgniter.php(354): CodeIgniter\CodeIgniter->handleRequest(null, Object(Config\Cache), false)
 9 SYSTEMPATH/Boot.php(334): CodeIgniter\CodeIgniter->run()
10 SYSTEMPATH/Boot.php(67): CodeIgniter\Boot::runCodeIgniter(Object(CodeIgniter\CodeIgniter))
11 FCPATH/index.php(27): CodeIgniter\Boot::bootWeb(Object(Config\Paths))
WARNING - 2025-09-30 13:32:48 --> [DEPRECATED] addslashes(): Passing null to parameter #1 ($string) of type string is deprecated in APPPATH/Views/service_list.php on line 10.
 1 APPPATH/Views/service_list.php(10): addslashes(null)
 2 SYSTEMPATH/View/View.php(224): include('/home/u810214334/domains/embellish-beauty.co.uk/public_html/app/Views/service_list.php')
 3 SYSTEMPATH/View/View.php(227): CodeIgniter\View\View->CodeIgniter\View\{closure}()
 4 SYSTEMPATH/Common.php(1173): CodeIgniter\View\View->render('service_list', [], true)
 5 APPPATH/Controllers/Home.php(129): view('service_list', [...])
 6 SYSTEMPATH/CodeIgniter.php(933): App\Controllers\Home->fetch_services()
 7 SYSTEMPATH/CodeIgniter.php(507): CodeIgniter\CodeIgniter->runController(Object(App\Controllers\Home))
 8 SYSTEMPATH/CodeIgniter.php(354): CodeIgniter\CodeIgniter->handleRequest(null, Object(Config\Cache), false)
 9 SYSTEMPATH/Boot.php(334): CodeIgniter\CodeIgniter->run()
10 SYSTEMPATH/Boot.php(67): CodeIgniter\Boot::runCodeIgniter(Object(CodeIgniter\CodeIgniter))
11 FCPATH/index.php(27): CodeIgniter\Boot::bootWeb(Object(Config\Paths))
WARNING - 2025-09-30 13:32:48 --> [DEPRECATED] addslashes(): Passing null to parameter #1 ($string) of type string is deprecated in APPPATH/Views/service_list.php on line 10.
 1 APPPATH/Views/service_list.php(10): addslashes(null)
 2 SYSTEMPATH/View/View.php(224): include('/home/u810214334/domains/embellish-beauty.co.uk/public_html/app/Views/service_list.php')
 3 SYSTEMPATH/View/View.php(227): CodeIgniter\View\View->CodeIgniter\View\{closure}()
 4 SYSTEMPATH/Common.php(1173): CodeIgniter\View\View->render('service_list', [], true)
 5 APPPATH/Controllers/Home.php(129): view('service_list', [...])
 6 SYSTEMPATH/CodeIgniter.php(933): App\Controllers\Home->fetch_services()
 7 SYSTEMPATH/CodeIgniter.php(507): CodeIgniter\CodeIgniter->runController(Object(App\Controllers\Home))
 8 SYSTEMPATH/CodeIgniter.php(354): CodeIgniter\CodeIgniter->handleRequest(null, Object(Config\Cache), false)
 9 SYSTEMPATH/Boot.php(334): CodeIgniter\CodeIgniter->run()
10 SYSTEMPATH/Boot.php(67): CodeIgniter\Boot::runCodeIgniter(Object(CodeIgniter\CodeIgniter))
11 FCPATH/index.php(27): CodeIgniter\Boot::bootWeb(Object(Config\Paths))
WARNING - 2025-09-30 13:32:48 --> [DEPRECATED] addslashes(): Passing null to parameter #1 ($string) of type string is deprecated in APPPATH/Views/service_list.php on line 10.
 1 APPPATH/Views/service_list.php(10): addslashes(null)
 2 SYSTEMPATH/View/View.php(224): include('/home/u810214334/domains/embellish-beauty.co.uk/public_html/app/Views/service_list.php')
 3 SYSTEMPATH/View/View.php(227): CodeIgniter\View\View->CodeIgniter\View\{closure}()
 4 SYSTEMPATH/Common.php(1173): CodeIgniter\View\View->render('service_list', [], true)
 5 APPPATH/Controllers/Home.php(129): view('service_list', [...])
 6 SYSTEMPATH/CodeIgniter.php(933): App\Controllers\Home->fetch_services()
 7 SYSTEMPATH/CodeIgniter.php(507): CodeIgniter\CodeIgniter->runController(Object(App\Controllers\Home))
 8 SYSTEMPATH/CodeIgniter.php(354): CodeIgniter\CodeIgniter->handleRequest(null, Object(Config\Cache), false)
 9 SYSTEMPATH/Boot.php(334): CodeIgniter\CodeIgniter->run()
10 SYSTEMPATH/Boot.php(67): CodeIgniter\Boot::runCodeIgniter(Object(CodeIgniter\CodeIgniter))
11 FCPATH/index.php(27): CodeIgniter\Boot::bootWeb(Object(Config\Paths))
WARNING - 2025-09-30 13:32:48 --> [DEPRECATED] addslashes(): Passing null to parameter #1 ($string) of type string is deprecated in APPPATH/Views/service_list.php on line 10.
 1 APPPATH/Views/service_list.php(10): addslashes(null)
 2 SYSTEMPATH/View/View.php(224): include('/home/u810214334/domains/embellish-beauty.co.uk/public_html/app/Views/service_list.php')
 3 SYSTEMPATH/View/View.php(227): CodeIgniter\View\View->CodeIgniter\View\{closure}()
 4 SYSTEMPATH/Common.php(1173): CodeIgniter\View\View->render('service_list', [], true)
 5 APPPATH/Controllers/Home.php(129): view('service_list', [...])
 6 SYSTEMPATH/CodeIgniter.php(933): App\Controllers\Home->fetch_services()
 7 SYSTEMPATH/CodeIgniter.php(507): CodeIgniter\CodeIgniter->runController(Object(App\Controllers\Home))
 8 SYSTEMPATH/CodeIgniter.php(354): CodeIgniter\CodeIgniter->handleRequest(null, Object(Config\Cache), false)
 9 SYSTEMPATH/Boot.php(334): CodeIgniter\CodeIgniter->run()
10 SYSTEMPATH/Boot.php(67): CodeIgniter\Boot::runCodeIgniter(Object(CodeIgniter\CodeIgniter))
11 FCPATH/index.php(27): CodeIgniter\Boot::bootWeb(Object(Config\Paths))
WARNING - 2025-09-30 13:32:48 --> [DEPRECATED] addslashes(): Passing null to parameter #1 ($string) of type string is deprecated in APPPATH/Views/service_list.php on line 10.
 1 APPPATH/Views/service_list.php(10): addslashes(null)
 2 SYSTEMPATH/View/View.php(224): include('/home/u810214334/domains/embellish-beauty.co.uk/public_html/app/Views/service_list.php')
 3 SYSTEMPATH/View/View.php(227): CodeIgniter\View\View->CodeIgniter\View\{closure}()
 4 SYSTEMPATH/Common.php(1173): CodeIgniter\View\View->render('service_list', [], true)
 5 APPPATH/Controllers/Home.php(129): view('service_list', [...])
 6 SYSTEMPATH/CodeIgniter.php(933): App\Controllers\Home->fetch_services()
 7 SYSTEMPATH/CodeIgniter.php(507): CodeIgniter\CodeIgniter->runController(Object(App\Controllers\Home))
 8 SYSTEMPATH/CodeIgniter.php(354): CodeIgniter\CodeIgniter->handleRequest(null, Object(Config\Cache), false)
 9 SYSTEMPATH/Boot.php(334): CodeIgniter\CodeIgniter->run()
10 SYSTEMPATH/Boot.php(67): CodeIgniter\Boot::runCodeIgniter(Object(CodeIgniter\CodeIgniter))
11 FCPATH/index.php(27): CodeIgniter\Boot::bootWeb(Object(Config\Paths))
WARNING - 2025-09-30 13:32:48 --> [DEPRECATED] addslashes(): Passing null to parameter #1 ($string) of type string is deprecated in APPPATH/Views/service_list.php on line 10.
 1 APPPATH/Views/service_list.php(10): addslashes(null)
 2 SYSTEMPATH/View/View.php(224): include('/home/u810214334/domains/embellish-beauty.co.uk/public_html/app/Views/service_list.php')
 3 SYSTEMPATH/View/View.php(227): CodeIgniter\View\View->CodeIgniter\View\{closure}()
 4 SYSTEMPATH/Common.php(1173): CodeIgniter\View\View->render('service_list', [], true)
 5 APPPATH/Controllers/Home.php(129): view('service_list', [...])
 6 SYSTEMPATH/CodeIgniter.php(933): App\Controllers\Home->fetch_services()
 7 SYSTEMPATH/CodeIgniter.php(507): CodeIgniter\CodeIgniter->runController(Object(App\Controllers\Home))
 8 SYSTEMPATH/CodeIgniter.php(354): CodeIgniter\CodeIgniter->handleRequest(null, Object(Config\Cache), false)
 9 SYSTEMPATH/Boot.php(334): CodeIgniter\CodeIgniter->run()
10 SYSTEMPATH/Boot.php(67): CodeIgniter\Boot::runCodeIgniter(Object(CodeIgniter\CodeIgniter))
11 FCPATH/index.php(27): CodeIgniter\Boot::bootWeb(Object(Config\Paths))
WARNING - 2025-09-30 13:32:48 --> [DEPRECATED] addslashes(): Passing null to parameter #1 ($string) of type string is deprecated in APPPATH/Views/service_list.php on line 10.
 1 APPPATH/Views/service_list.php(10): addslashes(null)
 2 SYSTEMPATH/View/View.php(224): include('/home/u810214334/domains/embellish-beauty.co.uk/public_html/app/Views/service_list.php')
 3 SYSTEMPATH/View/View.php(227): CodeIgniter\View\View->CodeIgniter\View\{closure}()
 4 SYSTEMPATH/Common.php(1173): CodeIgniter\View\View->render('service_list', [], true)
 5 APPPATH/Controllers/Home.php(129): view('service_list', [...])
 6 SYSTEMPATH/CodeIgniter.php(933): App\Controllers\Home->fetch_services()
 7 SYSTEMPATH/CodeIgniter.php(507): CodeIgniter\CodeIgniter->runController(Object(App\Controllers\Home))
 8 SYSTEMPATH/CodeIgniter.php(354): CodeIgniter\CodeIgniter->handleRequest(null, Object(Config\Cache), false)
 9 SYSTEMPATH/Boot.php(334): CodeIgniter\CodeIgniter->run()
10 SYSTEMPATH/Boot.php(67): CodeIgniter\Boot::runCodeIgniter(Object(CodeIgniter\CodeIgniter))
11 FCPATH/index.php(27): CodeIgniter\Boot::bootWeb(Object(Config\Paths))
WARNING - 2025-09-30 13:32:48 --> [DEPRECATED] addslashes(): Passing null to parameter #1 ($string) of type string is deprecated in APPPATH/Views/service_list.php on line 10.
 1 APPPATH/Views/service_list.php(10): addslashes(null)
 2 SYSTEMPATH/View/View.php(224): include('/home/u810214334/domains/embellish-beauty.co.uk/public_html/app/Views/service_list.php')
 3 SYSTEMPATH/View/View.php(227): CodeIgniter\View\View->CodeIgniter\View\{closure}()
 4 SYSTEMPATH/Common.php(1173): CodeIgniter\View\View->render('service_list', [], true)
 5 APPPATH/Controllers/Home.php(129): view('service_list', [...])
 6 SYSTEMPATH/CodeIgniter.php(933): App\Controllers\Home->fetch_services()
 7 SYSTEMPATH/CodeIgniter.php(507): CodeIgniter\CodeIgniter->runController(Object(App\Controllers\Home))
 8 SYSTEMPATH/CodeIgniter.php(354): CodeIgniter\CodeIgniter->handleRequest(null, Object(Config\Cache), false)
 9 SYSTEMPATH/Boot.php(334): CodeIgniter\CodeIgniter->run()
10 SYSTEMPATH/Boot.php(67): CodeIgniter\Boot::runCodeIgniter(Object(CodeIgniter\CodeIgniter))
11 FCPATH/index.php(27): CodeIgniter\Boot::bootWeb(Object(Config\Paths))
WARNING - 2025-09-30 13:32:48 --> [DEPRECATED] addslashes(): Passing null to parameter #1 ($string) of type string is deprecated in APPPATH/Views/service_list.php on line 10.
 1 APPPATH/Views/service_list.php(10): addslashes(null)
 2 SYSTEMPATH/View/View.php(224): include('/home/u810214334/domains/embellish-beauty.co.uk/public_html/app/Views/service_list.php')
 3 SYSTEMPATH/View/View.php(227): CodeIgniter\View\View->CodeIgniter\View\{closure}()
 4 SYSTEMPATH/Common.php(1173): CodeIgniter\View\View->render('service_list', [], true)
 5 APPPATH/Controllers/Home.php(129): view('service_list', [...])
 6 SYSTEMPATH/CodeIgniter.php(933): App\Controllers\Home->fetch_services()
 7 SYSTEMPATH/CodeIgniter.php(507): CodeIgniter\CodeIgniter->runController(Object(App\Controllers\Home))
 8 SYSTEMPATH/CodeIgniter.php(354): CodeIgniter\CodeIgniter->handleRequest(null, Object(Config\Cache), false)
 9 SYSTEMPATH/Boot.php(334): CodeIgniter\CodeIgniter->run()
10 SYSTEMPATH/Boot.php(67): CodeIgniter\Boot::runCodeIgniter(Object(CodeIgniter\CodeIgniter))
11 FCPATH/index.php(27): CodeIgniter\Boot::bootWeb(Object(Config\Paths))
WARNING - 2025-09-30 13:32:48 --> [DEPRECATED] addslashes(): Passing null to parameter #1 ($string) of type string is deprecated in APPPATH/Views/service_list.php on line 10.
 1 APPPATH/Views/service_list.php(10): addslashes(null)
 2 SYSTEMPATH/View/View.php(224): include('/home/u810214334/domains/embellish-beauty.co.uk/public_html/app/Views/service_list.php')
 3 SYSTEMPATH/View/View.php(227): CodeIgniter\View\View->CodeIgniter\View\{closure}()
 4 SYSTEMPATH/Common.php(1173): CodeIgniter\View\View->render('service_list', [], true)
 5 APPPATH/Controllers/Home.php(129): view('service_list', [...])
 6 SYSTEMPATH/CodeIgniter.php(933): App\Controllers\Home->fetch_services()
 7 SYSTEMPATH/CodeIgniter.php(507): CodeIgniter\CodeIgniter->runController(Object(App\Controllers\Home))
 8 SYSTEMPATH/CodeIgniter.php(354): CodeIgniter\CodeIgniter->handleRequest(null, Object(Config\Cache), false)
 9 SYSTEMPATH/Boot.php(334): CodeIgniter\CodeIgniter->run()
10 SYSTEMPATH/Boot.php(67): CodeIgniter\Boot::runCodeIgniter(Object(CodeIgniter\CodeIgniter))
11 FCPATH/index.php(27): CodeIgniter\Boot::bootWeb(Object(Config\Paths))
WARNING - 2025-09-30 13:32:48 --> [DEPRECATED] addslashes(): Passing null to parameter #1 ($string) of type string is deprecated in APPPATH/Views/service_list.php on line 10.
 1 APPPATH/Views/service_list.php(10): addslashes(null)
 2 SYSTEMPATH/View/View.php(224): include('/home/u810214334/domains/embellish-beauty.co.uk/public_html/app/Views/service_list.php')
 3 SYSTEMPATH/View/View.php(227): CodeIgniter\View\View->CodeIgniter\View\{closure}()
 4 SYSTEMPATH/Common.php(1173): CodeIgniter\View\View->render('service_list', [], true)
 5 APPPATH/Controllers/Home.php(129): view('service_list', [...])
 6 SYSTEMPATH/CodeIgniter.php(933): App\Controllers\Home->fetch_services()
 7 SYSTEMPATH/CodeIgniter.php(507): CodeIgniter\CodeIgniter->runController(Object(App\Controllers\Home))
 8 SYSTEMPATH/CodeIgniter.php(354): CodeIgniter\CodeIgniter->handleRequest(null, Object(Config\Cache), false)
 9 SYSTEMPATH/Boot.php(334): CodeIgniter\CodeIgniter->run()
10 SYSTEMPATH/Boot.php(67): CodeIgniter\Boot::runCodeIgniter(Object(CodeIgniter\CodeIgniter))
11 FCPATH/index.php(27): CodeIgniter\Boot::bootWeb(Object(Config\Paths))
WARNING - 2025-09-30 13:32:48 --> [DEPRECATED] addslashes(): Passing null to parameter #1 ($string) of type string is deprecated in APPPATH/Views/service_list.php on line 10.
 1 APPPATH/Views/service_list.php(10): addslashes(null)
 2 SYSTEMPATH/View/View.php(224): include('/home/u810214334/domains/embellish-beauty.co.uk/public_html/app/Views/service_list.php')
 3 SYSTEMPATH/View/View.php(227): CodeIgniter\View\View->CodeIgniter\View\{closure}()
 4 SYSTEMPATH/Common.php(1173): CodeIgniter\View\View->render('service_list', [], true)
 5 APPPATH/Controllers/Home.php(129): view('service_list', [...])
 6 SYSTEMPATH/CodeIgniter.php(933): App\Controllers\Home->fetch_services()
 7 SYSTEMPATH/CodeIgniter.php(507): CodeIgniter\CodeIgniter->runController(Object(App\Controllers\Home))
 8 SYSTEMPATH/CodeIgniter.php(354): CodeIgniter\CodeIgniter->handleRequest(null, Object(Config\Cache), false)
 9 SYSTEMPATH/Boot.php(334): CodeIgniter\CodeIgniter->run()
10 SYSTEMPATH/Boot.php(67): CodeIgniter\Boot::runCodeIgniter(Object(CodeIgniter\CodeIgniter))
11 FCPATH/index.php(27): CodeIgniter\Boot::bootWeb(Object(Config\Paths))
WARNING - 2025-09-30 13:32:48 --> [DEPRECATED] addslashes(): Passing null to parameter #1 ($string) of type string is deprecated in APPPATH/Views/service_list.php on line 10.
 1 APPPATH/Views/service_list.php(10): addslashes(null)
 2 SYSTEMPATH/View/View.php(224): include('/home/u810214334/domains/embellish-beauty.co.uk/public_html/app/Views/service_list.php')
 3 SYSTEMPATH/View/View.php(227): CodeIgniter\View\View->CodeIgniter\View\{closure}()
 4 SYSTEMPATH/Common.php(1173): CodeIgniter\View\View->render('service_list', [], true)
 5 APPPATH/Controllers/Home.php(129): view('service_list', [...])
 6 SYSTEMPATH/CodeIgniter.php(933): App\Controllers\Home->fetch_services()
 7 SYSTEMPATH/CodeIgniter.php(507): CodeIgniter\CodeIgniter->runController(Object(App\Controllers\Home))
 8 SYSTEMPATH/CodeIgniter.php(354): CodeIgniter\CodeIgniter->handleRequest(null, Object(Config\Cache), false)
 9 SYSTEMPATH/Boot.php(334): CodeIgniter\CodeIgniter->run()
10 SYSTEMPATH/Boot.php(67): CodeIgniter\Boot::runCodeIgniter(Object(CodeIgniter\CodeIgniter))
11 FCPATH/index.php(27): CodeIgniter\Boot::bootWeb(Object(Config\Paths))
WARNING - 2025-09-30 13:32:48 --> [DEPRECATED] addslashes(): Passing null to parameter #1 ($string) of type string is deprecated in APPPATH/Views/service_list.php on line 10.
 1 APPPATH/Views/service_list.php(10): addslashes(null)
 2 SYSTEMPATH/View/View.php(224): include('/home/u810214334/domains/embellish-beauty.co.uk/public_html/app/Views/service_list.php')
 3 SYSTEMPATH/View/View.php(227): CodeIgniter\View\View->CodeIgniter\View\{closure}()
 4 SYSTEMPATH/Common.php(1173): CodeIgniter\View\View->render('service_list', [], true)
 5 APPPATH/Controllers/Home.php(129): view('service_list', [...])
 6 SYSTEMPATH/CodeIgniter.php(933): App\Controllers\Home->fetch_services()
 7 SYSTEMPATH/CodeIgniter.php(507): CodeIgniter\CodeIgniter->runController(Object(App\Controllers\Home))
 8 SYSTEMPATH/CodeIgniter.php(354): CodeIgniter\CodeIgniter->handleRequest(null, Object(Config\Cache), false)
 9 SYSTEMPATH/Boot.php(334): CodeIgniter\CodeIgniter->run()
10 SYSTEMPATH/Boot.php(67): CodeIgniter\Boot::runCodeIgniter(Object(CodeIgniter\CodeIgniter))
11 FCPATH/index.php(27): CodeIgniter\Boot::bootWeb(Object(Config\Paths))
WARNING - 2025-09-30 13:32:48 --> [DEPRECATED] addslashes(): Passing null to parameter #1 ($string) of type string is deprecated in APPPATH/Views/service_list.php on line 10.
 1 APPPATH/Views/service_list.php(10): addslashes(null)
 2 SYSTEMPATH/View/View.php(224): include('/home/u810214334/domains/embellish-beauty.co.uk/public_html/app/Views/service_list.php')
 3 SYSTEMPATH/View/View.php(227): CodeIgniter\View\View->CodeIgniter\View\{closure}()
 4 SYSTEMPATH/Common.php(1173): CodeIgniter\View\View->render('service_list', [], true)
 5 APPPATH/Controllers/Home.php(129): view('service_list', [...])
 6 SYSTEMPATH/CodeIgniter.php(933): App\Controllers\Home->fetch_services()
 7 SYSTEMPATH/CodeIgniter.php(507): CodeIgniter\CodeIgniter->runController(Object(App\Controllers\Home))
 8 SYSTEMPATH/CodeIgniter.php(354): CodeIgniter\CodeIgniter->handleRequest(null, Object(Config\Cache), false)
 9 SYSTEMPATH/Boot.php(334): CodeIgniter\CodeIgniter->run()
10 SYSTEMPATH/Boot.php(67): CodeIgniter\Boot::runCodeIgniter(Object(CodeIgniter\CodeIgniter))
11 FCPATH/index.php(27): CodeIgniter\Boot::bootWeb(Object(Config\Paths))
WARNING - 2025-09-30 13:32:48 --> [DEPRECATED] addslashes(): Passing null to parameter #1 ($string) of type string is deprecated in APPPATH/Views/service_list.php on line 10.
 1 APPPATH/Views/service_list.php(10): addslashes(null)
 2 SYSTEMPATH/View/View.php(224): include('/home/u810214334/domains/embellish-beauty.co.uk/public_html/app/Views/service_list.php')
 3 SYSTEMPATH/View/View.php(227): CodeIgniter\View\View->CodeIgniter\View\{closure}()
 4 SYSTEMPATH/Common.php(1173): CodeIgniter\View\View->render('service_list', [], true)
 5 APPPATH/Controllers/Home.php(129): view('service_list', [...])
 6 SYSTEMPATH/CodeIgniter.php(933): App\Controllers\Home->fetch_services()
 7 SYSTEMPATH/CodeIgniter.php(507): CodeIgniter\CodeIgniter->runController(Object(App\Controllers\Home))
 8 SYSTEMPATH/CodeIgniter.php(354): CodeIgniter\CodeIgniter->handleRequest(null, Object(Config\Cache), false)
 9 SYSTEMPATH/Boot.php(334): CodeIgniter\CodeIgniter->run()
10 SYSTEMPATH/Boot.php(67): CodeIgniter\Boot::runCodeIgniter(Object(CodeIgniter\CodeIgniter))
11 FCPATH/index.php(27): CodeIgniter\Boot::bootWeb(Object(Config\Paths))
WARNING - 2025-09-30 13:32:48 --> [DEPRECATED] addslashes(): Passing null to parameter #1 ($string) of type string is deprecated in APPPATH/Views/service_list.php on line 10.
 1 APPPATH/Views/service_list.php(10): addslashes(null)
 2 SYSTEMPATH/View/View.php(224): include('/home/u810214334/domains/embellish-beauty.co.uk/public_html/app/Views/service_list.php')
 3 SYSTEMPATH/View/View.php(227): CodeIgniter\View\View->CodeIgniter\View\{closure}()
 4 SYSTEMPATH/Common.php(1173): CodeIgniter\View\View->render('service_list', [], true)
 5 APPPATH/Controllers/Home.php(129): view('service_list', [...])
 6 SYSTEMPATH/CodeIgniter.php(933): App\Controllers\Home->fetch_services()
 7 SYSTEMPATH/CodeIgniter.php(507): CodeIgniter\CodeIgniter->runController(Object(App\Controllers\Home))
 8 SYSTEMPATH/CodeIgniter.php(354): CodeIgniter\CodeIgniter->handleRequest(null, Object(Config\Cache), false)
 9 SYSTEMPATH/Boot.php(334): CodeIgniter\CodeIgniter->run()
10 SYSTEMPATH/Boot.php(67): CodeIgniter\Boot::runCodeIgniter(Object(CodeIgniter\CodeIgniter))
11 FCPATH/index.php(27): CodeIgniter\Boot::bootWeb(Object(Config\Paths))
WARNING - 2025-09-30 13:32:48 --> [DEPRECATED] addslashes(): Passing null to parameter #1 ($string) of type string is deprecated in APPPATH/Views/service_list.php on line 10.
 1 APPPATH/Views/service_list.php(10): addslashes(null)
 2 SYSTEMPATH/View/View.php(224): include('/home/u810214334/domains/embellish-beauty.co.uk/public_html/app/Views/service_list.php')
 3 SYSTEMPATH/View/View.php(227): CodeIgniter\View\View->CodeIgniter\View\{closure}()
 4 SYSTEMPATH/Common.php(1173): CodeIgniter\View\View->render('service_list', [], true)
 5 APPPATH/Controllers/Home.php(129): view('service_list', [...])
 6 SYSTEMPATH/CodeIgniter.php(933): App\Controllers\Home->fetch_services()
 7 SYSTEMPATH/CodeIgniter.php(507): CodeIgniter\CodeIgniter->runController(Object(App\Controllers\Home))
 8 SYSTEMPATH/CodeIgniter.php(354): CodeIgniter\CodeIgniter->handleRequest(null, Object(Config\Cache), false)
 9 SYSTEMPATH/Boot.php(334): CodeIgniter\CodeIgniter->run()
10 SYSTEMPATH/Boot.php(67): CodeIgniter\Boot::runCodeIgniter(Object(CodeIgniter\CodeIgniter))
11 FCPATH/index.php(27): CodeIgniter\Boot::bootWeb(Object(Config\Paths))
WARNING - 2025-09-30 13:32:48 --> [DEPRECATED] addslashes(): Passing null to parameter #1 ($string) of type string is deprecated in APPPATH/Views/service_list.php on line 10.
 1 APPPATH/Views/service_list.php(10): addslashes(null)
 2 SYSTEMPATH/View/View.php(224): include('/home/u810214334/domains/embellish-beauty.co.uk/public_html/app/Views/service_list.php')
 3 SYSTEMPATH/View/View.php(227): CodeIgniter\View\View->CodeIgniter\View\{closure}()
 4 SYSTEMPATH/Common.php(1173): CodeIgniter\View\View->render('service_list', [], true)
 5 APPPATH/Controllers/Home.php(129): view('service_list', [...])
 6 SYSTEMPATH/CodeIgniter.php(933): App\Controllers\Home->fetch_services()
 7 SYSTEMPATH/CodeIgniter.php(507): CodeIgniter\CodeIgniter->runController(Object(App\Controllers\Home))
 8 SYSTEMPATH/CodeIgniter.php(354): CodeIgniter\CodeIgniter->handleRequest(null, Object(Config\Cache), false)
 9 SYSTEMPATH/Boot.php(334): CodeIgniter\CodeIgniter->run()
10 SYSTEMPATH/Boot.php(67): CodeIgniter\Boot::runCodeIgniter(Object(CodeIgniter\CodeIgniter))
11 FCPATH/index.php(27): CodeIgniter\Boot::bootWeb(Object(Config\Paths))
WARNING - 2025-09-30 13:32:48 --> [DEPRECATED] addslashes(): Passing null to parameter #1 ($string) of type string is deprecated in APPPATH/Views/service_list.php on line 10.
 1 APPPATH/Views/service_list.php(10): addslashes(null)
 2 SYSTEMPATH/View/View.php(224): include('/home/u810214334/domains/embellish-beauty.co.uk/public_html/app/Views/service_list.php')
 3 SYSTEMPATH/View/View.php(227): CodeIgniter\View\View->CodeIgniter\View\{closure}()
 4 SYSTEMPATH/Common.php(1173): CodeIgniter\View\View->render('service_list', [], true)
 5 APPPATH/Controllers/Home.php(129): view('service_list', [...])
 6 SYSTEMPATH/CodeIgniter.php(933): App\Controllers\Home->fetch_services()
 7 SYSTEMPATH/CodeIgniter.php(507): CodeIgniter\CodeIgniter->runController(Object(App\Controllers\Home))
 8 SYSTEMPATH/CodeIgniter.php(354): CodeIgniter\CodeIgniter->handleRequest(null, Object(Config\Cache), false)
 9 SYSTEMPATH/Boot.php(334): CodeIgniter\CodeIgniter->run()
10 SYSTEMPATH/Boot.php(67): CodeIgniter\Boot::runCodeIgniter(Object(CodeIgniter\CodeIgniter))
11 FCPATH/index.php(27): CodeIgniter\Boot::bootWeb(Object(Config\Paths))
DEBUG - 2025-09-30 13:32:52 --> Session: Class initialized using 'CodeIgniter\Session\Handlers\FileHandler' driver.
WARNING - 2025-09-30 13:32:52 --> [DEPRECATED] addslashes(): Passing null to parameter #1 ($string) of type string is deprecated in APPPATH/Views/service_list.php on line 10.
 1 APPPATH/Views/service_list.php(10): addslashes(null)
 2 SYSTEMPATH/View/View.php(224): include('/home/u810214334/domains/embellish-beauty.co.uk/public_html/app/Views/service_list.php')
 3 SYSTEMPATH/View/View.php(227): CodeIgniter\View\View->CodeIgniter\View\{closure}()
 4 SYSTEMPATH/Common.php(1173): CodeIgniter\View\View->render('service_list', [], true)
 5 APPPATH/Controllers/Home.php(129): view('service_list', [...])
 6 SYSTEMPATH/CodeIgniter.php(933): App\Controllers\Home->fetch_services()
 7 SYSTEMPATH/CodeIgniter.php(507): CodeIgniter\CodeIgniter->runController(Object(App\Controllers\Home))
 8 SYSTEMPATH/CodeIgniter.php(354): CodeIgniter\CodeIgniter->handleRequest(null, Object(Config\Cache), false)
 9 SYSTEMPATH/Boot.php(334): CodeIgniter\CodeIgniter->run()
10 SYSTEMPATH/Boot.php(67): CodeIgniter\Boot::runCodeIgniter(Object(CodeIgniter\CodeIgniter))
11 FCPATH/index.php(27): CodeIgniter\Boot::bootWeb(Object(Config\Paths))
WARNING - 2025-09-30 13:32:52 --> [DEPRECATED] addslashes(): Passing null to parameter #1 ($string) of type string is deprecated in APPPATH/Views/service_list.php on line 10.
 1 APPPATH/Views/service_list.php(10): addslashes(null)
 2 SYSTEMPATH/View/View.php(224): include('/home/u810214334/domains/embellish-beauty.co.uk/public_html/app/Views/service_list.php')
 3 SYSTEMPATH/View/View.php(227): CodeIgniter\View\View->CodeIgniter\View\{closure}()
 4 SYSTEMPATH/Common.php(1173): CodeIgniter\View\View->render('service_list', [], true)
 5 APPPATH/Controllers/Home.php(129): view('service_list', [...])
 6 SYSTEMPATH/CodeIgniter.php(933): App\Controllers\Home->fetch_services()
 7 SYSTEMPATH/CodeIgniter.php(507): CodeIgniter\CodeIgniter->runController(Object(App\Controllers\Home))
 8 SYSTEMPATH/CodeIgniter.php(354): CodeIgniter\CodeIgniter->handleRequest(null, Object(Config\Cache), false)
 9 SYSTEMPATH/Boot.php(334): CodeIgniter\CodeIgniter->run()
10 SYSTEMPATH/Boot.php(67): CodeIgniter\Boot::runCodeIgniter(Object(CodeIgniter\CodeIgniter))
11 FCPATH/index.php(27): CodeIgniter\Boot::bootWeb(Object(Config\Paths))
WARNING - 2025-09-30 13:32:52 --> [DEPRECATED] addslashes(): Passing null to parameter #1 ($string) of type string is deprecated in APPPATH/Views/service_list.php on line 10.
 1 APPPATH/Views/service_list.php(10): addslashes(null)
 2 SYSTEMPATH/View/View.php(224): include('/home/u810214334/domains/embellish-beauty.co.uk/public_html/app/Views/service_list.php')
 3 SYSTEMPATH/View/View.php(227): CodeIgniter\View\View->CodeIgniter\View\{closure}()
 4 SYSTEMPATH/Common.php(1173): CodeIgniter\View\View->render('service_list', [], true)
 5 APPPATH/Controllers/Home.php(129): view('service_list', [...])
 6 SYSTEMPATH/CodeIgniter.php(933): App\Controllers\Home->fetch_services()
 7 SYSTEMPATH/CodeIgniter.php(507): CodeIgniter\CodeIgniter->runController(Object(App\Controllers\Home))
 8 SYSTEMPATH/CodeIgniter.php(354): CodeIgniter\CodeIgniter->handleRequest(null, Object(Config\Cache), false)
 9 SYSTEMPATH/Boot.php(334): CodeIgniter\CodeIgniter->run()
10 SYSTEMPATH/Boot.php(67): CodeIgniter\Boot::runCodeIgniter(Object(CodeIgniter\CodeIgniter))
11 FCPATH/index.php(27): CodeIgniter\Boot::bootWeb(Object(Config\Paths))
WARNING - 2025-09-30 13:32:52 --> [DEPRECATED] addslashes(): Passing null to parameter #1 ($string) of type string is deprecated in APPPATH/Views/service_list.php on line 10.
 1 APPPATH/Views/service_list.php(10): addslashes(null)
 2 SYSTEMPATH/View/View.php(224): include('/home/u810214334/domains/embellish-beauty.co.uk/public_html/app/Views/service_list.php')
 3 SYSTEMPATH/View/View.php(227): CodeIgniter\View\View->CodeIgniter\View\{closure}()
 4 SYSTEMPATH/Common.php(1173): CodeIgniter\View\View->render('service_list', [], true)
 5 APPPATH/Controllers/Home.php(129): view('service_list', [...])
 6 SYSTEMPATH/CodeIgniter.php(933): App\Controllers\Home->fetch_services()
 7 SYSTEMPATH/CodeIgniter.php(507): CodeIgniter\CodeIgniter->runController(Object(App\Controllers\Home))
 8 SYSTEMPATH/CodeIgniter.php(354): CodeIgniter\CodeIgniter->handleRequest(null, Object(Config\Cache), false)
 9 SYSTEMPATH/Boot.php(334): CodeIgniter\CodeIgniter->run()
10 SYSTEMPATH/Boot.php(67): CodeIgniter\Boot::runCodeIgniter(Object(CodeIgniter\CodeIgniter))
11 FCPATH/index.php(27): CodeIgniter\Boot::bootWeb(Object(Config\Paths))
WARNING - 2025-09-30 13:32:52 --> [DEPRECATED] addslashes(): Passing null to parameter #1 ($string) of type string is deprecated in APPPATH/Views/service_list.php on line 10.
 1 APPPATH/Views/service_list.php(10): addslashes(null)
 2 SYSTEMPATH/View/View.php(224): include('/home/u810214334/domains/embellish-beauty.co.uk/public_html/app/Views/service_list.php')
 3 SYSTEMPATH/View/View.php(227): CodeIgniter\View\View->CodeIgniter\View\{closure}()
 4 SYSTEMPATH/Common.php(1173): CodeIgniter\View\View->render('service_list', [], true)
 5 APPPATH/Controllers/Home.php(129): view('service_list', [...])
 6 SYSTEMPATH/CodeIgniter.php(933): App\Controllers\Home->fetch_services()
 7 SYSTEMPATH/CodeIgniter.php(507): CodeIgniter\CodeIgniter->runController(Object(App\Controllers\Home))
 8 SYSTEMPATH/CodeIgniter.php(354): CodeIgniter\CodeIgniter->handleRequest(null, Object(Config\Cache), false)
 9 SYSTEMPATH/Boot.php(334): CodeIgniter\CodeIgniter->run()
10 SYSTEMPATH/Boot.php(67): CodeIgniter\Boot::runCodeIgniter(Object(CodeIgniter\CodeIgniter))
11 FCPATH/index.php(27): CodeIgniter\Boot::bootWeb(Object(Config\Paths))
WARNING - 2025-09-30 13:32:52 --> [DEPRECATED] addslashes(): Passing null to parameter #1 ($string) of type string is deprecated in APPPATH/Views/service_list.php on line 10.
 1 APPPATH/Views/service_list.php(10): addslashes(null)
 2 SYSTEMPATH/View/View.php(224): include('/home/u810214334/domains/embellish-beauty.co.uk/public_html/app/Views/service_list.php')
 3 SYSTEMPATH/View/View.php(227): CodeIgniter\View\View->CodeIgniter\View\{closure}()
 4 SYSTEMPATH/Common.php(1173): CodeIgniter\View\View->render('service_list', [], true)
 5 APPPATH/Controllers/Home.php(129): view('service_list', [...])
 6 SYSTEMPATH/CodeIgniter.php(933): App\Controllers\Home->fetch_services()
 7 SYSTEMPATH/CodeIgniter.php(507): CodeIgniter\CodeIgniter->runController(Object(App\Controllers\Home))
 8 SYSTEMPATH/CodeIgniter.php(354): CodeIgniter\CodeIgniter->handleRequest(null, Object(Config\Cache), false)
 9 SYSTEMPATH/Boot.php(334): CodeIgniter\CodeIgniter->run()
10 SYSTEMPATH/Boot.php(67): CodeIgniter\Boot::runCodeIgniter(Object(CodeIgniter\CodeIgniter))
11 FCPATH/index.php(27): CodeIgniter\Boot::bootWeb(Object(Config\Paths))
WARNING - 2025-09-30 13:32:52 --> [DEPRECATED] addslashes(): Passing null to parameter #1 ($string) of type string is deprecated in APPPATH/Views/service_list.php on line 10.
 1 APPPATH/Views/service_list.php(10): addslashes(null)
 2 SYSTEMPATH/View/View.php(224): include('/home/u810214334/domains/embellish-beauty.co.uk/public_html/app/Views/service_list.php')
 3 SYSTEMPATH/View/View.php(227): CodeIgniter\View\View->CodeIgniter\View\{closure}()
 4 SYSTEMPATH/Common.php(1173): CodeIgniter\View\View->render('service_list', [], true)
 5 APPPATH/Controllers/Home.php(129): view('service_list', [...])
 6 SYSTEMPATH/CodeIgniter.php(933): App\Controllers\Home->fetch_services()
 7 SYSTEMPATH/CodeIgniter.php(507): CodeIgniter\CodeIgniter->runController(Object(App\Controllers\Home))
 8 SYSTEMPATH/CodeIgniter.php(354): CodeIgniter\CodeIgniter->handleRequest(null, Object(Config\Cache), false)
 9 SYSTEMPATH/Boot.php(334): CodeIgniter\CodeIgniter->run()
10 SYSTEMPATH/Boot.php(67): CodeIgniter\Boot::runCodeIgniter(Object(CodeIgniter\CodeIgniter))
11 FCPATH/index.php(27): CodeIgniter\Boot::bootWeb(Object(Config\Paths))
WARNING - 2025-09-30 13:32:52 --> [DEPRECATED] addslashes(): Passing null to parameter #1 ($string) of type string is deprecated in APPPATH/Views/service_list.php on line 10.
 1 APPPATH/Views/service_list.php(10): addslashes(null)
 2 SYSTEMPATH/View/View.php(224): include('/home/u810214334/domains/embellish-beauty.co.uk/public_html/app/Views/service_list.php')
 3 SYSTEMPATH/View/View.php(227): CodeIgniter\View\View->CodeIgniter\View\{closure}()
 4 SYSTEMPATH/Common.php(1173): CodeIgniter\View\View->render('service_list', [], true)
 5 APPPATH/Controllers/Home.php(129): view('service_list', [...])
 6 SYSTEMPATH/CodeIgniter.php(933): App\Controllers\Home->fetch_services()
 7 SYSTEMPATH/CodeIgniter.php(507): CodeIgniter\CodeIgniter->runController(Object(App\Controllers\Home))
 8 SYSTEMPATH/CodeIgniter.php(354): CodeIgniter\CodeIgniter->handleRequest(null, Object(Config\Cache), false)
 9 SYSTEMPATH/Boot.php(334): CodeIgniter\CodeIgniter->run()
10 SYSTEMPATH/Boot.php(67): CodeIgniter\Boot::runCodeIgniter(Object(CodeIgniter\CodeIgniter))
11 FCPATH/index.php(27): CodeIgniter\Boot::bootWeb(Object(Config\Paths))
WARNING - 2025-09-30 13:32:52 --> [DEPRECATED] addslashes(): Passing null to parameter #1 ($string) of type string is deprecated in APPPATH/Views/service_list.php on line 10.
 1 APPPATH/Views/service_list.php(10): addslashes(null)
 2 SYSTEMPATH/View/View.php(224): include('/home/u810214334/domains/embellish-beauty.co.uk/public_html/app/Views/service_list.php')
 3 SYSTEMPATH/View/View.php(227): CodeIgniter\View\View->CodeIgniter\View\{closure}()
 4 SYSTEMPATH/Common.php(1173): CodeIgniter\View\View->render('service_list', [], true)
 5 APPPATH/Controllers/Home.php(129): view('service_list', [...])
 6 SYSTEMPATH/CodeIgniter.php(933): App\Controllers\Home->fetch_services()
 7 SYSTEMPATH/CodeIgniter.php(507): CodeIgniter\CodeIgniter->runController(Object(App\Controllers\Home))
 8 SYSTEMPATH/CodeIgniter.php(354): CodeIgniter\CodeIgniter->handleRequest(null, Object(Config\Cache), false)
 9 SYSTEMPATH/Boot.php(334): CodeIgniter\CodeIgniter->run()
10 SYSTEMPATH/Boot.php(67): CodeIgniter\Boot::runCodeIgniter(Object(CodeIgniter\CodeIgniter))
11 FCPATH/index.php(27): CodeIgniter\Boot::bootWeb(Object(Config\Paths))
WARNING - 2025-09-30 13:32:52 --> [DEPRECATED] addslashes(): Passing null to parameter #1 ($string) of type string is deprecated in APPPATH/Views/service_list.php on line 10.
 1 APPPATH/Views/service_list.php(10): addslashes(null)
 2 SYSTEMPATH/View/View.php(224): include('/home/u810214334/domains/embellish-beauty.co.uk/public_html/app/Views/service_list.php')
 3 SYSTEMPATH/View/View.php(227): CodeIgniter\View\View->CodeIgniter\View\{closure}()
 4 SYSTEMPATH/Common.php(1173): CodeIgniter\View\View->render('service_list', [], true)
 5 APPPATH/Controllers/Home.php(129): view('service_list', [...])
 6 SYSTEMPATH/CodeIgniter.php(933): App\Controllers\Home->fetch_services()
 7 SYSTEMPATH/CodeIgniter.php(507): CodeIgniter\CodeIgniter->runController(Object(App\Controllers\Home))
 8 SYSTEMPATH/CodeIgniter.php(354): CodeIgniter\CodeIgniter->handleRequest(null, Object(Config\Cache), false)
 9 SYSTEMPATH/Boot.php(334): CodeIgniter\CodeIgniter->run()
10 SYSTEMPATH/Boot.php(67): CodeIgniter\Boot::runCodeIgniter(Object(CodeIgniter\CodeIgniter))
11 FCPATH/index.php(27): CodeIgniter\Boot::bootWeb(Object(Config\Paths))
WARNING - 2025-09-30 13:32:52 --> [DEPRECATED] addslashes(): Passing null to parameter #1 ($string) of type string is deprecated in APPPATH/Views/service_list.php on line 10.
 1 APPPATH/Views/service_list.php(10): addslashes(null)
 2 SYSTEMPATH/View/View.php(224): include('/home/u810214334/domains/embellish-beauty.co.uk/public_html/app/Views/service_list.php')
 3 SYSTEMPATH/View/View.php(227): CodeIgniter\View\View->CodeIgniter\View\{closure}()
 4 SYSTEMPATH/Common.php(1173): CodeIgniter\View\View->render('service_list', [], true)
 5 APPPATH/Controllers/Home.php(129): view('service_list', [...])
 6 SYSTEMPATH/CodeIgniter.php(933): App\Controllers\Home->fetch_services()
 7 SYSTEMPATH/CodeIgniter.php(507): CodeIgniter\CodeIgniter->runController(Object(App\Controllers\Home))
 8 SYSTEMPATH/CodeIgniter.php(354): CodeIgniter\CodeIgniter->handleRequest(null, Object(Config\Cache), false)
 9 SYSTEMPATH/Boot.php(334): CodeIgniter\CodeIgniter->run()
10 SYSTEMPATH/Boot.php(67): CodeIgniter\Boot::runCodeIgniter(Object(CodeIgniter\CodeIgniter))
11 FCPATH/index.php(27): CodeIgniter\Boot::bootWeb(Object(Config\Paths))
WARNING - 2025-09-30 13:32:52 --> [DEPRECATED] addslashes(): Passing null to parameter #1 ($string) of type string is deprecated in APPPATH/Views/service_list.php on line 10.
 1 APPPATH/Views/service_list.php(10): addslashes(null)
 2 SYSTEMPATH/View/View.php(224): include('/home/u810214334/domains/embellish-beauty.co.uk/public_html/app/Views/service_list.php')
 3 SYSTEMPATH/View/View.php(227): CodeIgniter\View\View->CodeIgniter\View\{closure}()
 4 SYSTEMPATH/Common.php(1173): CodeIgniter\View\View->render('service_list', [], true)
 5 APPPATH/Controllers/Home.php(129): view('service_list', [...])
 6 SYSTEMPATH/CodeIgniter.php(933): App\Controllers\Home->fetch_services()
 7 SYSTEMPATH/CodeIgniter.php(507): CodeIgniter\CodeIgniter->runController(Object(App\Controllers\Home))
 8 SYSTEMPATH/CodeIgniter.php(354): CodeIgniter\CodeIgniter->handleRequest(null, Object(Config\Cache), false)
 9 SYSTEMPATH/Boot.php(334): CodeIgniter\CodeIgniter->run()
10 SYSTEMPATH/Boot.php(67): CodeIgniter\Boot::runCodeIgniter(Object(CodeIgniter\CodeIgniter))
11 FCPATH/index.php(27): CodeIgniter\Boot::bootWeb(Object(Config\Paths))
WARNING - 2025-09-30 13:32:52 --> [DEPRECATED] addslashes(): Passing null to parameter #1 ($string) of type string is deprecated in APPPATH/Views/service_list.php on line 10.
 1 APPPATH/Views/service_list.php(10): addslashes(null)
 2 SYSTEMPATH/View/View.php(224): include('/home/u810214334/domains/embellish-beauty.co.uk/public_html/app/Views/service_list.php')
 3 SYSTEMPATH/View/View.php(227): CodeIgniter\View\View->CodeIgniter\View\{closure}()
 4 SYSTEMPATH/Common.php(1173): CodeIgniter\View\View->render('service_list', [], true)
 5 APPPATH/Controllers/Home.php(129): view('service_list', [...])
 6 SYSTEMPATH/CodeIgniter.php(933): App\Controllers\Home->fetch_services()
 7 SYSTEMPATH/CodeIgniter.php(507): CodeIgniter\CodeIgniter->runController(Object(App\Controllers\Home))
 8 SYSTEMPATH/CodeIgniter.php(354): CodeIgniter\CodeIgniter->handleRequest(null, Object(Config\Cache), false)
 9 SYSTEMPATH/Boot.php(334): CodeIgniter\CodeIgniter->run()
10 SYSTEMPATH/Boot.php(67): CodeIgniter\Boot::runCodeIgniter(Object(CodeIgniter\CodeIgniter))
11 FCPATH/index.php(27): CodeIgniter\Boot::bootWeb(Object(Config\Paths))
WARNING - 2025-09-30 13:32:52 --> [DEPRECATED] addslashes(): Passing null to parameter #1 ($string) of type string is deprecated in APPPATH/Views/service_list.php on line 10.
 1 APPPATH/Views/service_list.php(10): addslashes(null)
 2 SYSTEMPATH/View/View.php(224): include('/home/u810214334/domains/embellish-beauty.co.uk/public_html/app/Views/service_list.php')
 3 SYSTEMPATH/View/View.php(227): CodeIgniter\View\View->CodeIgniter\View\{closure}()
 4 SYSTEMPATH/Common.php(1173): CodeIgniter\View\View->render('service_list', [], true)
 5 APPPATH/Controllers/Home.php(129): view('service_list', [...])
 6 SYSTEMPATH/CodeIgniter.php(933): App\Controllers\Home->fetch_services()
 7 SYSTEMPATH/CodeIgniter.php(507): CodeIgniter\CodeIgniter->runController(Object(App\Controllers\Home))
 8 SYSTEMPATH/CodeIgniter.php(354): CodeIgniter\CodeIgniter->handleRequest(null, Object(Config\Cache), false)
 9 SYSTEMPATH/Boot.php(334): CodeIgniter\CodeIgniter->run()
10 SYSTEMPATH/Boot.php(67): CodeIgniter\Boot::runCodeIgniter(Object(CodeIgniter\CodeIgniter))
11 FCPATH/index.php(27): CodeIgniter\Boot::bootWeb(Object(Config\Paths))
WARNING - 2025-09-30 13:32:52 --> [DEPRECATED] addslashes(): Passing null to parameter #1 ($string) of type string is deprecated in APPPATH/Views/service_list.php on line 10.
 1 APPPATH/Views/service_list.php(10): addslashes(null)
 2 SYSTEMPATH/View/View.php(224): include('/home/u810214334/domains/embellish-beauty.co.uk/public_html/app/Views/service_list.php')
 3 SYSTEMPATH/View/View.php(227): CodeIgniter\View\View->CodeIgniter\View\{closure}()
 4 SYSTEMPATH/Common.php(1173): CodeIgniter\View\View->render('service_list', [], true)
 5 APPPATH/Controllers/Home.php(129): view('service_list', [...])
 6 SYSTEMPATH/CodeIgniter.php(933): App\Controllers\Home->fetch_services()
 7 SYSTEMPATH/CodeIgniter.php(507): CodeIgniter\CodeIgniter->runController(Object(App\Controllers\Home))
 8 SYSTEMPATH/CodeIgniter.php(354): CodeIgniter\CodeIgniter->handleRequest(null, Object(Config\Cache), false)
 9 SYSTEMPATH/Boot.php(334): CodeIgniter\CodeIgniter->run()
10 SYSTEMPATH/Boot.php(67): CodeIgniter\Boot::runCodeIgniter(Object(CodeIgniter\CodeIgniter))
11 FCPATH/index.php(27): CodeIgniter\Boot::bootWeb(Object(Config\Paths))
WARNING - 2025-09-30 13:32:52 --> [DEPRECATED] addslashes(): Passing null to parameter #1 ($string) of type string is deprecated in APPPATH/Views/service_list.php on line 10.
 1 APPPATH/Views/service_list.php(10): addslashes(null)
 2 SYSTEMPATH/View/View.php(224): include('/home/u810214334/domains/embellish-beauty.co.uk/public_html/app/Views/service_list.php')
 3 SYSTEMPATH/View/View.php(227): CodeIgniter\View\View->CodeIgniter\View\{closure}()
 4 SYSTEMPATH/Common.php(1173): CodeIgniter\View\View->render('service_list', [], true)
 5 APPPATH/Controllers/Home.php(129): view('service_list', [...])
 6 SYSTEMPATH/CodeIgniter.php(933): App\Controllers\Home->fetch_services()
 7 SYSTEMPATH/CodeIgniter.php(507): CodeIgniter\CodeIgniter->runController(Object(App\Controllers\Home))
 8 SYSTEMPATH/CodeIgniter.php(354): CodeIgniter\CodeIgniter->handleRequest(null, Object(Config\Cache), false)
 9 SYSTEMPATH/Boot.php(334): CodeIgniter\CodeIgniter->run()
10 SYSTEMPATH/Boot.php(67): CodeIgniter\Boot::runCodeIgniter(Object(CodeIgniter\CodeIgniter))
11 FCPATH/index.php(27): CodeIgniter\Boot::bootWeb(Object(Config\Paths))
WARNING - 2025-09-30 13:32:52 --> [DEPRECATED] addslashes(): Passing null to parameter #1 ($string) of type string is deprecated in APPPATH/Views/service_list.php on line 10.
 1 APPPATH/Views/service_list.php(10): addslashes(null)
 2 SYSTEMPATH/View/View.php(224): include('/home/u810214334/domains/embellish-beauty.co.uk/public_html/app/Views/service_list.php')
 3 SYSTEMPATH/View/View.php(227): CodeIgniter\View\View->CodeIgniter\View\{closure}()
 4 SYSTEMPATH/Common.php(1173): CodeIgniter\View\View->render('service_list', [], true)
 5 APPPATH/Controllers/Home.php(129): view('service_list', [...])
 6 SYSTEMPATH/CodeIgniter.php(933): App\Controllers\Home->fetch_services()
 7 SYSTEMPATH/CodeIgniter.php(507): CodeIgniter\CodeIgniter->runController(Object(App\Controllers\Home))
 8 SYSTEMPATH/CodeIgniter.php(354): CodeIgniter\CodeIgniter->handleRequest(null, Object(Config\Cache), false)
 9 SYSTEMPATH/Boot.php(334): CodeIgniter\CodeIgniter->run()
10 SYSTEMPATH/Boot.php(67): CodeIgniter\Boot::runCodeIgniter(Object(CodeIgniter\CodeIgniter))
11 FCPATH/index.php(27): CodeIgniter\Boot::bootWeb(Object(Config\Paths))
WARNING - 2025-09-30 13:32:52 --> [DEPRECATED] addslashes(): Passing null to parameter #1 ($string) of type string is deprecated in APPPATH/Views/service_list.php on line 10.
 1 APPPATH/Views/service_list.php(10): addslashes(null)
 2 SYSTEMPATH/View/View.php(224): include('/home/u810214334/domains/embellish-beauty.co.uk/public_html/app/Views/service_list.php')
 3 SYSTEMPATH/View/View.php(227): CodeIgniter\View\View->CodeIgniter\View\{closure}()
 4 SYSTEMPATH/Common.php(1173): CodeIgniter\View\View->render('service_list', [], true)
 5 APPPATH/Controllers/Home.php(129): view('service_list', [...])
 6 SYSTEMPATH/CodeIgniter.php(933): App\Controllers\Home->fetch_services()
 7 SYSTEMPATH/CodeIgniter.php(507): CodeIgniter\CodeIgniter->runController(Object(App\Controllers\Home))
 8 SYSTEMPATH/CodeIgniter.php(354): CodeIgniter\CodeIgniter->handleRequest(null, Object(Config\Cache), false)
 9 SYSTEMPATH/Boot.php(334): CodeIgniter\CodeIgniter->run()
10 SYSTEMPATH/Boot.php(67): CodeIgniter\Boot::runCodeIgniter(Object(CodeIgniter\CodeIgniter))
11 FCPATH/index.php(27): CodeIgniter\Boot::bootWeb(Object(Config\Paths))
WARNING - 2025-09-30 13:32:52 --> [DEPRECATED] addslashes(): Passing null to parameter #1 ($string) of type string is deprecated in APPPATH/Views/service_list.php on line 10.
 1 APPPATH/Views/service_list.php(10): addslashes(null)
 2 SYSTEMPATH/View/View.php(224): include('/home/u810214334/domains/embellish-beauty.co.uk/public_html/app/Views/service_list.php')
 3 SYSTEMPATH/View/View.php(227): CodeIgniter\View\View->CodeIgniter\View\{closure}()
 4 SYSTEMPATH/Common.php(1173): CodeIgniter\View\View->render('service_list', [], true)
 5 APPPATH/Controllers/Home.php(129): view('service_list', [...])
 6 SYSTEMPATH/CodeIgniter.php(933): App\Controllers\Home->fetch_services()
 7 SYSTEMPATH/CodeIgniter.php(507): CodeIgniter\CodeIgniter->runController(Object(App\Controllers\Home))
 8 SYSTEMPATH/CodeIgniter.php(354): CodeIgniter\CodeIgniter->handleRequest(null, Object(Config\Cache), false)
 9 SYSTEMPATH/Boot.php(334): CodeIgniter\CodeIgniter->run()
10 SYSTEMPATH/Boot.php(67): CodeIgniter\Boot::runCodeIgniter(Object(CodeIgniter\CodeIgniter))
11 FCPATH/index.php(27): CodeIgniter\Boot::bootWeb(Object(Config\Paths))
WARNING - 2025-09-30 13:32:52 --> [DEPRECATED] addslashes(): Passing null to parameter #1 ($string) of type string is deprecated in APPPATH/Views/service_list.php on line 10.
 1 APPPATH/Views/service_list.php(10): addslashes(null)
 2 SYSTEMPATH/View/View.php(224): include('/home/u810214334/domains/embellish-beauty.co.uk/public_html/app/Views/service_list.php')
 3 SYSTEMPATH/View/View.php(227): CodeIgniter\View\View->CodeIgniter\View\{closure}()
 4 SYSTEMPATH/Common.php(1173): CodeIgniter\View\View->render('service_list', [], true)
 5 APPPATH/Controllers/Home.php(129): view('service_list', [...])
 6 SYSTEMPATH/CodeIgniter.php(933): App\Controllers\Home->fetch_services()
 7 SYSTEMPATH/CodeIgniter.php(507): CodeIgniter\CodeIgniter->runController(Object(App\Controllers\Home))
 8 SYSTEMPATH/CodeIgniter.php(354): CodeIgniter\CodeIgniter->handleRequest(null, Object(Config\Cache), false)
 9 SYSTEMPATH/Boot.php(334): CodeIgniter\CodeIgniter->run()
10 SYSTEMPATH/Boot.php(67): CodeIgniter\Boot::runCodeIgniter(Object(CodeIgniter\CodeIgniter))
11 FCPATH/index.php(27): CodeIgniter\Boot::bootWeb(Object(Config\Paths))
WARNING - 2025-09-30 13:32:52 --> [DEPRECATED] addslashes(): Passing null to parameter #1 ($string) of type string is deprecated in APPPATH/Views/service_list.php on line 10.
 1 APPPATH/Views/service_list.php(10): addslashes(null)
 2 SYSTEMPATH/View/View.php(224): include('/home/u810214334/domains/embellish-beauty.co.uk/public_html/app/Views/service_list.php')
 3 SYSTEMPATH/View/View.php(227): CodeIgniter\View\View->CodeIgniter\View\{closure}()
 4 SYSTEMPATH/Common.php(1173): CodeIgniter\View\View->render('service_list', [], true)
 5 APPPATH/Controllers/Home.php(129): view('service_list', [...])
 6 SYSTEMPATH/CodeIgniter.php(933): App\Controllers\Home->fetch_services()
 7 SYSTEMPATH/CodeIgniter.php(507): CodeIgniter\CodeIgniter->runController(Object(App\Controllers\Home))
 8 SYSTEMPATH/CodeIgniter.php(354): CodeIgniter\CodeIgniter->handleRequest(null, Object(Config\Cache), false)
 9 SYSTEMPATH/Boot.php(334): CodeIgniter\CodeIgniter->run()
10 SYSTEMPATH/Boot.php(67): CodeIgniter\Boot::runCodeIgniter(Object(CodeIgniter\CodeIgniter))
11 FCPATH/index.php(27): CodeIgniter\Boot::bootWeb(Object(Config\Paths))
WARNING - 2025-09-30 13:32:52 --> [DEPRECATED] addslashes(): Passing null to parameter #1 ($string) of type string is deprecated in APPPATH/Views/service_list.php on line 10.
 1 APPPATH/Views/service_list.php(10): addslashes(null)
 2 SYSTEMPATH/View/View.php(224): include('/home/u810214334/domains/embellish-beauty.co.uk/public_html/app/Views/service_list.php')
 3 SYSTEMPATH/View/View.php(227): CodeIgniter\View\View->CodeIgniter\View\{closure}()
 4 SYSTEMPATH/Common.php(1173): CodeIgniter\View\View->render('service_list', [], true)
 5 APPPATH/Controllers/Home.php(129): view('service_list', [...])
 6 SYSTEMPATH/CodeIgniter.php(933): App\Controllers\Home->fetch_services()
 7 SYSTEMPATH/CodeIgniter.php(507): CodeIgniter\CodeIgniter->runController(Object(App\Controllers\Home))
 8 SYSTEMPATH/CodeIgniter.php(354): CodeIgniter\CodeIgniter->handleRequest(null, Object(Config\Cache), false)
 9 SYSTEMPATH/Boot.php(334): CodeIgniter\CodeIgniter->run()
10 SYSTEMPATH/Boot.php(67): CodeIgniter\Boot::runCodeIgniter(Object(CodeIgniter\CodeIgniter))
11 FCPATH/index.php(27): CodeIgniter\Boot::bootWeb(Object(Config\Paths))
WARNING - 2025-09-30 13:32:52 --> [DEPRECATED] addslashes(): Passing null to parameter #1 ($string) of type string is deprecated in APPPATH/Views/service_list.php on line 10.
 1 APPPATH/Views/service_list.php(10): addslashes(null)
 2 SYSTEMPATH/View/View.php(224): include('/home/u810214334/domains/embellish-beauty.co.uk/public_html/app/Views/service_list.php')
 3 SYSTEMPATH/View/View.php(227): CodeIgniter\View\View->CodeIgniter\View\{closure}()
 4 SYSTEMPATH/Common.php(1173): CodeIgniter\View\View->render('service_list', [], true)
 5 APPPATH/Controllers/Home.php(129): view('service_list', [...])
 6 SYSTEMPATH/CodeIgniter.php(933): App\Controllers\Home->fetch_services()
 7 SYSTEMPATH/CodeIgniter.php(507): CodeIgniter\CodeIgniter->runController(Object(App\Controllers\Home))
 8 SYSTEMPATH/CodeIgniter.php(354): CodeIgniter\CodeIgniter->handleRequest(null, Object(Config\Cache), false)
 9 SYSTEMPATH/Boot.php(334): CodeIgniter\CodeIgniter->run()
10 SYSTEMPATH/Boot.php(67): CodeIgniter\Boot::runCodeIgniter(Object(CodeIgniter\CodeIgniter))
11 FCPATH/index.php(27): CodeIgniter\Boot::bootWeb(Object(Config\Paths))
WARNING - 2025-09-30 13:32:52 --> [DEPRECATED] addslashes(): Passing null to parameter #1 ($string) of type string is deprecated in APPPATH/Views/service_list.php on line 10.
 1 APPPATH/Views/service_list.php(10): addslashes(null)
 2 SYSTEMPATH/View/View.php(224): include('/home/u810214334/domains/embellish-beauty.co.uk/public_html/app/Views/service_list.php')
 3 SYSTEMPATH/View/View.php(227): CodeIgniter\View\View->CodeIgniter\View\{closure}()
 4 SYSTEMPATH/Common.php(1173): CodeIgniter\View\View->render('service_list', [], true)
 5 APPPATH/Controllers/Home.php(129): view('service_list', [...])
 6 SYSTEMPATH/CodeIgniter.php(933): App\Controllers\Home->fetch_services()
 7 SYSTEMPATH/CodeIgniter.php(507): CodeIgniter\CodeIgniter->runController(Object(App\Controllers\Home))
 8 SYSTEMPATH/CodeIgniter.php(354): CodeIgniter\CodeIgniter->handleRequest(null, Object(Config\Cache), false)
 9 SYSTEMPATH/Boot.php(334): CodeIgniter\CodeIgniter->run()
10 SYSTEMPATH/Boot.php(67): CodeIgniter\Boot::runCodeIgniter(Object(CodeIgniter\CodeIgniter))
11 FCPATH/index.php(27): CodeIgniter\Boot::bootWeb(Object(Config\Paths))
WARNING - 2025-09-30 13:32:52 --> [DEPRECATED] addslashes(): Passing null to parameter #1 ($string) of type string is deprecated in APPPATH/Views/service_list.php on line 10.
 1 APPPATH/Views/service_list.php(10): addslashes(null)
 2 SYSTEMPATH/View/View.php(224): include('/home/u810214334/domains/embellish-beauty.co.uk/public_html/app/Views/service_list.php')
 3 SYSTEMPATH/View/View.php(227): CodeIgniter\View\View->CodeIgniter\View\{closure}()
 4 SYSTEMPATH/Common.php(1173): CodeIgniter\View\View->render('service_list', [], true)
 5 APPPATH/Controllers/Home.php(129): view('service_list', [...])
 6 SYSTEMPATH/CodeIgniter.php(933): App\Controllers\Home->fetch_services()
 7 SYSTEMPATH/CodeIgniter.php(507): CodeIgniter\CodeIgniter->runController(Object(App\Controllers\Home))
 8 SYSTEMPATH/CodeIgniter.php(354): CodeIgniter\CodeIgniter->handleRequest(null, Object(Config\Cache), false)
 9 SYSTEMPATH/Boot.php(334): CodeIgniter\CodeIgniter->run()
10 SYSTEMPATH/Boot.php(67): CodeIgniter\Boot::runCodeIgniter(Object(CodeIgniter\CodeIgniter))
11 FCPATH/index.php(27): CodeIgniter\Boot::bootWeb(Object(Config\Paths))
WARNING - 2025-09-30 13:32:52 --> [DEPRECATED] addslashes(): Passing null to parameter #1 ($string) of type string is deprecated in APPPATH/Views/service_list.php on line 10.
 1 APPPATH/Views/service_list.php(10): addslashes(null)
 2 SYSTEMPATH/View/View.php(224): include('/home/u810214334/domains/embellish-beauty.co.uk/public_html/app/Views/service_list.php')
 3 SYSTEMPATH/View/View.php(227): CodeIgniter\View\View->CodeIgniter\View\{closure}()
 4 SYSTEMPATH/Common.php(1173): CodeIgniter\View\View->render('service_list', [], true)
 5 APPPATH/Controllers/Home.php(129): view('service_list', [...])
 6 SYSTEMPATH/CodeIgniter.php(933): App\Controllers\Home->fetch_services()
 7 SYSTEMPATH/CodeIgniter.php(507): CodeIgniter\CodeIgniter->runController(Object(App\Controllers\Home))
 8 SYSTEMPATH/CodeIgniter.php(354): CodeIgniter\CodeIgniter->handleRequest(null, Object(Config\Cache), false)
 9 SYSTEMPATH/Boot.php(334): CodeIgniter\CodeIgniter->run()
10 SYSTEMPATH/Boot.php(67): CodeIgniter\Boot::runCodeIgniter(Object(CodeIgniter\CodeIgniter))
11 FCPATH/index.php(27): CodeIgniter\Boot::bootWeb(Object(Config\Paths))
WARNING - 2025-09-30 13:32:52 --> [DEPRECATED] addslashes(): Passing null to parameter #1 ($string) of type string is deprecated in APPPATH/Views/service_list.php on line 10.
 1 APPPATH/Views/service_list.php(10): addslashes(null)
 2 SYSTEMPATH/View/View.php(224): include('/home/u810214334/domains/embellish-beauty.co.uk/public_html/app/Views/service_list.php')
 3 SYSTEMPATH/View/View.php(227): CodeIgniter\View\View->CodeIgniter\View\{closure}()
 4 SYSTEMPATH/Common.php(1173): CodeIgniter\View\View->render('service_list', [], true)
 5 APPPATH/Controllers/Home.php(129): view('service_list', [...])
 6 SYSTEMPATH/CodeIgniter.php(933): App\Controllers\Home->fetch_services()
 7 SYSTEMPATH/CodeIgniter.php(507): CodeIgniter\CodeIgniter->runController(Object(App\Controllers\Home))
 8 SYSTEMPATH/CodeIgniter.php(354): CodeIgniter\CodeIgniter->handleRequest(null, Object(Config\Cache), false)
 9 SYSTEMPATH/Boot.php(334): CodeIgniter\CodeIgniter->run()
10 SYSTEMPATH/Boot.php(67): CodeIgniter\Boot::runCodeIgniter(Object(CodeIgniter\CodeIgniter))
11 FCPATH/index.php(27): CodeIgniter\Boot::bootWeb(Object(Config\Paths))
WARNING - 2025-09-30 13:32:52 --> [DEPRECATED] addslashes(): Passing null to parameter #1 ($string) of type string is deprecated in APPPATH/Views/service_list.php on line 10.
 1 APPPATH/Views/service_list.php(10): addslashes(null)
 2 SYSTEMPATH/View/View.php(224): include('/home/u810214334/domains/embellish-beauty.co.uk/public_html/app/Views/service_list.php')
 3 SYSTEMPATH/View/View.php(227): CodeIgniter\View\View->CodeIgniter\View\{closure}()
 4 SYSTEMPATH/Common.php(1173): CodeIgniter\View\View->render('service_list', [], true)
 5 APPPATH/Controllers/Home.php(129): view('service_list', [...])
 6 SYSTEMPATH/CodeIgniter.php(933): App\Controllers\Home->fetch_services()
 7 SYSTEMPATH/CodeIgniter.php(507): CodeIgniter\CodeIgniter->runController(Object(App\Controllers\Home))
 8 SYSTEMPATH/CodeIgniter.php(354): CodeIgniter\CodeIgniter->handleRequest(null, Object(Config\Cache), false)
 9 SYSTEMPATH/Boot.php(334): CodeIgniter\CodeIgniter->run()
10 SYSTEMPATH/Boot.php(67): CodeIgniter\Boot::runCodeIgniter(Object(CodeIgniter\CodeIgniter))
11 FCPATH/index.php(27): CodeIgniter\Boot::bootWeb(Object(Config\Paths))
WARNING - 2025-09-30 13:32:52 --> [DEPRECATED] addslashes(): Passing null to parameter #1 ($string) of type string is deprecated in APPPATH/Views/service_list.php on line 10.
 1 APPPATH/Views/service_list.php(10): addslashes(null)
 2 SYSTEMPATH/View/View.php(224): include('/home/u810214334/domains/embellish-beauty.co.uk/public_html/app/Views/service_list.php')
 3 SYSTEMPATH/View/View.php(227): CodeIgniter\View\View->CodeIgniter\View\{closure}()
 4 SYSTEMPATH/Common.php(1173): CodeIgniter\View\View->render('service_list', [], true)
 5 APPPATH/Controllers/Home.php(129): view('service_list', [...])
 6 SYSTEMPATH/CodeIgniter.php(933): App\Controllers\Home->fetch_services()
 7 SYSTEMPATH/CodeIgniter.php(507): CodeIgniter\CodeIgniter->runController(Object(App\Controllers\Home))
 8 SYSTEMPATH/CodeIgniter.php(354): CodeIgniter\CodeIgniter->handleRequest(null, Object(Config\Cache), false)
 9 SYSTEMPATH/Boot.php(334): CodeIgniter\CodeIgniter->run()
10 SYSTEMPATH/Boot.php(67): CodeIgniter\Boot::runCodeIgniter(Object(CodeIgniter\CodeIgniter))
11 FCPATH/index.php(27): CodeIgniter\Boot::bootWeb(Object(Config\Paths))
DEBUG - 2025-09-30 13:33:37 --> Session: Class initialized using 'CodeIgniter\Session\Handlers\FileHandler' driver.
WARNING - 2025-09-30 13:33:37 --> [DEPRECATED] addslashes(): Passing null to parameter #1 ($string) of type string is deprecated in APPPATH/Views/service_list.php on line 10.
 1 APPPATH/Views/service_list.php(10): addslashes(null)
 2 SYSTEMPATH/View/View.php(224): include('/home/u810214334/domains/embellish-beauty.co.uk/public_html/app/Views/service_list.php')
 3 SYSTEMPATH/View/View.php(227): CodeIgniter\View\View->CodeIgniter\View\{closure}()
 4 SYSTEMPATH/Common.php(1173): CodeIgniter\View\View->render('service_list', [], true)
 5 APPPATH/Controllers/Home.php(129): view('service_list', [...])
 6 SYSTEMPATH/CodeIgniter.php(933): App\Controllers\Home->fetch_services()
 7 SYSTEMPATH/CodeIgniter.php(507): CodeIgniter\CodeIgniter->runController(Object(App\Controllers\Home))
 8 SYSTEMPATH/CodeIgniter.php(354): CodeIgniter\CodeIgniter->handleRequest(null, Object(Config\Cache), false)
 9 SYSTEMPATH/Boot.php(334): CodeIgniter\CodeIgniter->run()
10 SYSTEMPATH/Boot.php(67): CodeIgniter\Boot::runCodeIgniter(Object(CodeIgniter\CodeIgniter))
11 FCPATH/index.php(27): CodeIgniter\Boot::bootWeb(Object(Config\Paths))
WARNING - 2025-09-30 13:33:37 --> [DEPRECATED] addslashes(): Passing null to parameter #1 ($string) of type string is deprecated in APPPATH/Views/service_list.php on line 10.
 1 APPPATH/Views/service_list.php(10): addslashes(null)
 2 SYSTEMPATH/View/View.php(224): include('/home/u810214334/domains/embellish-beauty.co.uk/public_html/app/Views/service_list.php')
 3 SYSTEMPATH/View/View.php(227): CodeIgniter\View\View->CodeIgniter\View\{closure}()
 4 SYSTEMPATH/Common.php(1173): CodeIgniter\View\View->render('service_list', [], true)
 5 APPPATH/Controllers/Home.php(129): view('service_list', [...])
 6 SYSTEMPATH/CodeIgniter.php(933): App\Controllers\Home->fetch_services()
 7 SYSTEMPATH/CodeIgniter.php(507): CodeIgniter\CodeIgniter->runController(Object(App\Controllers\Home))
 8 SYSTEMPATH/CodeIgniter.php(354): CodeIgniter\CodeIgniter->handleRequest(null, Object(Config\Cache), false)
 9 SYSTEMPATH/Boot.php(334): CodeIgniter\CodeIgniter->run()
10 SYSTEMPATH/Boot.php(67): CodeIgniter\Boot::runCodeIgniter(Object(CodeIgniter\CodeIgniter))
11 FCPATH/index.php(27): CodeIgniter\Boot::bootWeb(Object(Config\Paths))
WARNING - 2025-09-30 13:33:37 --> [DEPRECATED] addslashes(): Passing null to parameter #1 ($string) of type string is deprecated in APPPATH/Views/service_list.php on line 10.
 1 APPPATH/Views/service_list.php(10): addslashes(null)
 2 SYSTEMPATH/View/View.php(224): include('/home/u810214334/domains/embellish-beauty.co.uk/public_html/app/Views/service_list.php')
 3 SYSTEMPATH/View/View.php(227): CodeIgniter\View\View->CodeIgniter\View\{closure}()
 4 SYSTEMPATH/Common.php(1173): CodeIgniter\View\View->render('service_list', [], true)
 5 APPPATH/Controllers/Home.php(129): view('service_list', [...])
 6 SYSTEMPATH/CodeIgniter.php(933): App\Controllers\Home->fetch_services()
 7 SYSTEMPATH/CodeIgniter.php(507): CodeIgniter\CodeIgniter->runController(Object(App\Controllers\Home))
 8 SYSTEMPATH/CodeIgniter.php(354): CodeIgniter\CodeIgniter->handleRequest(null, Object(Config\Cache), false)
 9 SYSTEMPATH/Boot.php(334): CodeIgniter\CodeIgniter->run()
10 SYSTEMPATH/Boot.php(67): CodeIgniter\Boot::runCodeIgniter(Object(CodeIgniter\CodeIgniter))
11 FCPATH/index.php(27): CodeIgniter\Boot::bootWeb(Object(Config\Paths))
WARNING - 2025-09-30 13:33:37 --> [DEPRECATED] addslashes(): Passing null to parameter #1 ($string) of type string is deprecated in APPPATH/Views/service_list.php on line 10.
 1 APPPATH/Views/service_list.php(10): addslashes(null)
 2 SYSTEMPATH/View/View.php(224): include('/home/u810214334/domains/embellish-beauty.co.uk/public_html/app/Views/service_list.php')
 3 SYSTEMPATH/View/View.php(227): CodeIgniter\View\View->CodeIgniter\View\{closure}()
 4 SYSTEMPATH/Common.php(1173): CodeIgniter\View\View->render('service_list', [], true)
 5 APPPATH/Controllers/Home.php(129): view('service_list', [...])
 6 SYSTEMPATH/CodeIgniter.php(933): App\Controllers\Home->fetch_services()
 7 SYSTEMPATH/CodeIgniter.php(507): CodeIgniter\CodeIgniter->runController(Object(App\Controllers\Home))
 8 SYSTEMPATH/CodeIgniter.php(354): CodeIgniter\CodeIgniter->handleRequest(null, Object(Config\Cache), false)
 9 SYSTEMPATH/Boot.php(334): CodeIgniter\CodeIgniter->run()
10 SYSTEMPATH/Boot.php(67): CodeIgniter\Boot::runCodeIgniter(Object(CodeIgniter\CodeIgniter))
11 FCPATH/index.php(27): CodeIgniter\Boot::bootWeb(Object(Config\Paths))
WARNING - 2025-09-30 13:33:37 --> [DEPRECATED] addslashes(): Passing null to parameter #1 ($string) of type string is deprecated in APPPATH/Views/service_list.php on line 10.
 1 APPPATH/Views/service_list.php(10): addslashes(null)
 2 SYSTEMPATH/View/View.php(224): include('/home/u810214334/domains/embellish-beauty.co.uk/public_html/app/Views/service_list.php')
 3 SYSTEMPATH/View/View.php(227): CodeIgniter\View\View->CodeIgniter\View\{closure}()
 4 SYSTEMPATH/Common.php(1173): CodeIgniter\View\View->render('service_list', [], true)
 5 APPPATH/Controllers/Home.php(129): view('service_list', [...])
 6 SYSTEMPATH/CodeIgniter.php(933): App\Controllers\Home->fetch_services()
 7 SYSTEMPATH/CodeIgniter.php(507): CodeIgniter\CodeIgniter->runController(Object(App\Controllers\Home))
 8 SYSTEMPATH/CodeIgniter.php(354): CodeIgniter\CodeIgniter->handleRequest(null, Object(Config\Cache), false)
 9 SYSTEMPATH/Boot.php(334): CodeIgniter\CodeIgniter->run()
10 SYSTEMPATH/Boot.php(67): CodeIgniter\Boot::runCodeIgniter(Object(CodeIgniter\CodeIgniter))
11 FCPATH/index.php(27): CodeIgniter\Boot::bootWeb(Object(Config\Paths))
WARNING - 2025-09-30 13:33:37 --> [DEPRECATED] addslashes(): Passing null to parameter #1 ($string) of type string is deprecated in APPPATH/Views/service_list.php on line 10.
 1 APPPATH/Views/service_list.php(10): addslashes(null)
 2 SYSTEMPATH/View/View.php(224): include('/home/u810214334/domains/embellish-beauty.co.uk/public_html/app/Views/service_list.php')
 3 SYSTEMPATH/View/View.php(227): CodeIgniter\View\View->CodeIgniter\View\{closure}()
 4 SYSTEMPATH/Common.php(1173): CodeIgniter\View\View->render('service_list', [], true)
 5 APPPATH/Controllers/Home.php(129): view('service_list', [...])
 6 SYSTEMPATH/CodeIgniter.php(933): App\Controllers\Home->fetch_services()
 7 SYSTEMPATH/CodeIgniter.php(507): CodeIgniter\CodeIgniter->runController(Object(App\Controllers\Home))
 8 SYSTEMPATH/CodeIgniter.php(354): CodeIgniter\CodeIgniter->handleRequest(null, Object(Config\Cache), false)
 9 SYSTEMPATH/Boot.php(334): CodeIgniter\CodeIgniter->run()
10 SYSTEMPATH/Boot.php(67): CodeIgniter\Boot::runCodeIgniter(Object(CodeIgniter\CodeIgniter))
11 FCPATH/index.php(27): CodeIgniter\Boot::bootWeb(Object(Config\Paths))
WARNING - 2025-09-30 13:33:37 --> [DEPRECATED] addslashes(): Passing null to parameter #1 ($string) of type string is deprecated in APPPATH/Views/service_list.php on line 10.
 1 APPPATH/Views/service_list.php(10): addslashes(null)
 2 SYSTEMPATH/View/View.php(224): include('/home/u810214334/domains/embellish-beauty.co.uk/public_html/app/Views/service_list.php')
 3 SYSTEMPATH/View/View.php(227): CodeIgniter\View\View->CodeIgniter\View\{closure}()
 4 SYSTEMPATH/Common.php(1173): CodeIgniter\View\View->render('service_list', [], true)
 5 APPPATH/Controllers/Home.php(129): view('service_list', [...])
 6 SYSTEMPATH/CodeIgniter.php(933): App\Controllers\Home->fetch_services()
 7 SYSTEMPATH/CodeIgniter.php(507): CodeIgniter\CodeIgniter->runController(Object(App\Controllers\Home))
 8 SYSTEMPATH/CodeIgniter.php(354): CodeIgniter\CodeIgniter->handleRequest(null, Object(Config\Cache), false)
 9 SYSTEMPATH/Boot.php(334): CodeIgniter\CodeIgniter->run()
10 SYSTEMPATH/Boot.php(67): CodeIgniter\Boot::runCodeIgniter(Object(CodeIgniter\CodeIgniter))
11 FCPATH/index.php(27): CodeIgniter\Boot::bootWeb(Object(Config\Paths))
WARNING - 2025-09-30 13:33:37 --> [DEPRECATED] addslashes(): Passing null to parameter #1 ($string) of type string is deprecated in APPPATH/Views/service_list.php on line 10.
 1 APPPATH/Views/service_list.php(10): addslashes(null)
 2 SYSTEMPATH/View/View.php(224): include('/home/u810214334/domains/embellish-beauty.co.uk/public_html/app/Views/service_list.php')
 3 SYSTEMPATH/View/View.php(227): CodeIgniter\View\View->CodeIgniter\View\{closure}()
 4 SYSTEMPATH/Common.php(1173): CodeIgniter\View\View->render('service_list', [], true)
 5 APPPATH/Controllers/Home.php(129): view('service_list', [...])
 6 SYSTEMPATH/CodeIgniter.php(933): App\Controllers\Home->fetch_services()
 7 SYSTEMPATH/CodeIgniter.php(507): CodeIgniter\CodeIgniter->runController(Object(App\Controllers\Home))
 8 SYSTEMPATH/CodeIgniter.php(354): CodeIgniter\CodeIgniter->handleRequest(null, Object(Config\Cache), false)
 9 SYSTEMPATH/Boot.php(334): CodeIgniter\CodeIgniter->run()
10 SYSTEMPATH/Boot.php(67): CodeIgniter\Boot::runCodeIgniter(Object(CodeIgniter\CodeIgniter))
11 FCPATH/index.php(27): CodeIgniter\Boot::bootWeb(Object(Config\Paths))
WARNING - 2025-09-30 13:33:37 --> [DEPRECATED] addslashes(): Passing null to parameter #1 ($string) of type string is deprecated in APPPATH/Views/service_list.php on line 10.
 1 APPPATH/Views/service_list.php(10): addslashes(null)
 2 SYSTEMPATH/View/View.php(224): include('/home/u810214334/domains/embellish-beauty.co.uk/public_html/app/Views/service_list.php')
 3 SYSTEMPATH/View/View.php(227): CodeIgniter\View\View->CodeIgniter\View\{closure}()
 4 SYSTEMPATH/Common.php(1173): CodeIgniter\View\View->render('service_list', [], true)
 5 APPPATH/Controllers/Home.php(129): view('service_list', [...])
 6 SYSTEMPATH/CodeIgniter.php(933): App\Controllers\Home->fetch_services()
 7 SYSTEMPATH/CodeIgniter.php(507): CodeIgniter\CodeIgniter->runController(Object(App\Controllers\Home))
 8 SYSTEMPATH/CodeIgniter.php(354): CodeIgniter\CodeIgniter->handleRequest(null, Object(Config\Cache), false)
 9 SYSTEMPATH/Boot.php(334): CodeIgniter\CodeIgniter->run()
10 SYSTEMPATH/Boot.php(67): CodeIgniter\Boot::runCodeIgniter(Object(CodeIgniter\CodeIgniter))
11 FCPATH/index.php(27): CodeIgniter\Boot::bootWeb(Object(Config\Paths))
DEBUG - 2025-09-30 13:33:55 --> Session: Class initialized using 'CodeIgniter\Session\Handlers\FileHandler' driver.
WARNING - 2025-09-30 13:33:55 --> [DEPRECATED] addslashes(): Passing null to parameter #1 ($string) of type string is deprecated in APPPATH/Views/service_list.php on line 10.
 1 APPPATH/Views/service_list.php(10): addslashes(null)
 2 SYSTEMPATH/View/View.php(224): include('/home/u810214334/domains/embellish-beauty.co.uk/public_html/app/Views/service_list.php')
 3 SYSTEMPATH/View/View.php(227): CodeIgniter\View\View->CodeIgniter\View\{closure}()
 4 SYSTEMPATH/Common.php(1173): CodeIgniter\View\View->render('service_list', [], true)
 5 APPPATH/Controllers/Home.php(129): view('service_list', [...])
 6 SYSTEMPATH/CodeIgniter.php(933): App\Controllers\Home->fetch_services()
 7 SYSTEMPATH/CodeIgniter.php(507): CodeIgniter\CodeIgniter->runController(Object(App\Controllers\Home))
 8 SYSTEMPATH/CodeIgniter.php(354): CodeIgniter\CodeIgniter->handleRequest(null, Object(Config\Cache), false)
 9 SYSTEMPATH/Boot.php(334): CodeIgniter\CodeIgniter->run()
10 SYSTEMPATH/Boot.php(67): CodeIgniter\Boot::runCodeIgniter(Object(CodeIgniter\CodeIgniter))
11 FCPATH/index.php(27): CodeIgniter\Boot::bootWeb(Object(Config\Paths))
WARNING - 2025-09-30 13:33:55 --> [DEPRECATED] addslashes(): Passing null to parameter #1 ($string) of type string is deprecated in APPPATH/Views/service_list.php on line 10.
 1 APPPATH/Views/service_list.php(10): addslashes(null)
 2 SYSTEMPATH/View/View.php(224): include('/home/u810214334/domains/embellish-beauty.co.uk/public_html/app/Views/service_list.php')
 3 SYSTEMPATH/View/View.php(227): CodeIgniter\View\View->CodeIgniter\View\{closure}()
 4 SYSTEMPATH/Common.php(1173): CodeIgniter\View\View->render('service_list', [], true)
 5 APPPATH/Controllers/Home.php(129): view('service_list', [...])
 6 SYSTEMPATH/CodeIgniter.php(933): App\Controllers\Home->fetch_services()
 7 SYSTEMPATH/CodeIgniter.php(507): CodeIgniter\CodeIgniter->runController(Object(App\Controllers\Home))
 8 SYSTEMPATH/CodeIgniter.php(354): CodeIgniter\CodeIgniter->handleRequest(null, Object(Config\Cache), false)
 9 SYSTEMPATH/Boot.php(334): CodeIgniter\CodeIgniter->run()
10 SYSTEMPATH/Boot.php(67): CodeIgniter\Boot::runCodeIgniter(Object(CodeIgniter\CodeIgniter))
11 FCPATH/index.php(27): CodeIgniter\Boot::bootWeb(Object(Config\Paths))
WARNING - 2025-09-30 13:33:55 --> [DEPRECATED] addslashes(): Passing null to parameter #1 ($string) of type string is deprecated in APPPATH/Views/service_list.php on line 10.
 1 APPPATH/Views/service_list.php(10): addslashes(null)
 2 SYSTEMPATH/View/View.php(224): include('/home/u810214334/domains/embellish-beauty.co.uk/public_html/app/Views/service_list.php')
 3 SYSTEMPATH/View/View.php(227): CodeIgniter\View\View->CodeIgniter\View\{closure}()
 4 SYSTEMPATH/Common.php(1173): CodeIgniter\View\View->render('service_list', [], true)
 5 APPPATH/Controllers/Home.php(129): view('service_list', [...])
 6 SYSTEMPATH/CodeIgniter.php(933): App\Controllers\Home->fetch_services()
 7 SYSTEMPATH/CodeIgniter.php(507): CodeIgniter\CodeIgniter->runController(Object(App\Controllers\Home))
 8 SYSTEMPATH/CodeIgniter.php(354): CodeIgniter\CodeIgniter->handleRequest(null, Object(Config\Cache), false)
 9 SYSTEMPATH/Boot.php(334): CodeIgniter\CodeIgniter->run()
10 SYSTEMPATH/Boot.php(67): CodeIgniter\Boot::runCodeIgniter(Object(CodeIgniter\CodeIgniter))
11 FCPATH/index.php(27): CodeIgniter\Boot::bootWeb(Object(Config\Paths))
WARNING - 2025-09-30 13:33:55 --> [DEPRECATED] addslashes(): Passing null to parameter #1 ($string) of type string is deprecated in APPPATH/Views/service_list.php on line 10.
 1 APPPATH/Views/service_list.php(10): addslashes(null)
 2 SYSTEMPATH/View/View.php(224): include('/home/u810214334/domains/embellish-beauty.co.uk/public_html/app/Views/service_list.php')
 3 SYSTEMPATH/View/View.php(227): CodeIgniter\View\View->CodeIgniter\View\{closure}()
 4 SYSTEMPATH/Common.php(1173): CodeIgniter\View\View->render('service_list', [], true)
 5 APPPATH/Controllers/Home.php(129): view('service_list', [...])
 6 SYSTEMPATH/CodeIgniter.php(933): App\Controllers\Home->fetch_services()
 7 SYSTEMPATH/CodeIgniter.php(507): CodeIgniter\CodeIgniter->runController(Object(App\Controllers\Home))
 8 SYSTEMPATH/CodeIgniter.php(354): CodeIgniter\CodeIgniter->handleRequest(null, Object(Config\Cache), false)
 9 SYSTEMPATH/Boot.php(334): CodeIgniter\CodeIgniter->run()
10 SYSTEMPATH/Boot.php(67): CodeIgniter\Boot::runCodeIgniter(Object(CodeIgniter\CodeIgniter))
11 FCPATH/index.php(27): CodeIgniter\Boot::bootWeb(Object(Config\Paths))
WARNING - 2025-09-30 13:33:55 --> [DEPRECATED] addslashes(): Passing null to parameter #1 ($string) of type string is deprecated in APPPATH/Views/service_list.php on line 10.
 1 APPPATH/Views/service_list.php(10): addslashes(null)
 2 SYSTEMPATH/View/View.php(224): include('/home/u810214334/domains/embellish-beauty.co.uk/public_html/app/Views/service_list.php')
 3 SYSTEMPATH/View/View.php(227): CodeIgniter\View\View->CodeIgniter\View\{closure}()
 4 SYSTEMPATH/Common.php(1173): CodeIgniter\View\View->render('service_list', [], true)
 5 APPPATH/Controllers/Home.php(129): view('service_list', [...])
 6 SYSTEMPATH/CodeIgniter.php(933): App\Controllers\Home->fetch_services()
 7 SYSTEMPATH/CodeIgniter.php(507): CodeIgniter\CodeIgniter->runController(Object(App\Controllers\Home))
 8 SYSTEMPATH/CodeIgniter.php(354): CodeIgniter\CodeIgniter->handleRequest(null, Object(Config\Cache), false)
 9 SYSTEMPATH/Boot.php(334): CodeIgniter\CodeIgniter->run()
10 SYSTEMPATH/Boot.php(67): CodeIgniter\Boot::runCodeIgniter(Object(CodeIgniter\CodeIgniter))
11 FCPATH/index.php(27): CodeIgniter\Boot::bootWeb(Object(Config\Paths))
WARNING - 2025-09-30 13:33:55 --> [DEPRECATED] addslashes(): Passing null to parameter #1 ($string) of type string is deprecated in APPPATH/Views/service_list.php on line 10.
 1 APPPATH/Views/service_list.php(10): addslashes(null)
 2 SYSTEMPATH/View/View.php(224): include('/home/u810214334/domains/embellish-beauty.co.uk/public_html/app/Views/service_list.php')
 3 SYSTEMPATH/View/View.php(227): CodeIgniter\View\View->CodeIgniter\View\{closure}()
 4 SYSTEMPATH/Common.php(1173): CodeIgniter\View\View->render('service_list', [], true)
 5 APPPATH/Controllers/Home.php(129): view('service_list', [...])
 6 SYSTEMPATH/CodeIgniter.php(933): App\Controllers\Home->fetch_services()
 7 SYSTEMPATH/CodeIgniter.php(507): CodeIgniter\CodeIgniter->runController(Object(App\Controllers\Home))
 8 SYSTEMPATH/CodeIgniter.php(354): CodeIgniter\CodeIgniter->handleRequest(null, Object(Config\Cache), false)
 9 SYSTEMPATH/Boot.php(334): CodeIgniter\CodeIgniter->run()
10 SYSTEMPATH/Boot.php(67): CodeIgniter\Boot::runCodeIgniter(Object(CodeIgniter\CodeIgniter))
11 FCPATH/index.php(27): CodeIgniter\Boot::bootWeb(Object(Config\Paths))
WARNING - 2025-09-30 13:33:55 --> [DEPRECATED] addslashes(): Passing null to parameter #1 ($string) of type string is deprecated in APPPATH/Views/service_list.php on line 10.
 1 APPPATH/Views/service_list.php(10): addslashes(null)
 2 SYSTEMPATH/View/View.php(224): include('/home/u810214334/domains/embellish-beauty.co.uk/public_html/app/Views/service_list.php')
 3 SYSTEMPATH/View/View.php(227): CodeIgniter\View\View->CodeIgniter\View\{closure}()
 4 SYSTEMPATH/Common.php(1173): CodeIgniter\View\View->render('service_list', [], true)
 5 APPPATH/Controllers/Home.php(129): view('service_list', [...])
 6 SYSTEMPATH/CodeIgniter.php(933): App\Controllers\Home->fetch_services()
 7 SYSTEMPATH/CodeIgniter.php(507): CodeIgniter\CodeIgniter->runController(Object(App\Controllers\Home))
 8 SYSTEMPATH/CodeIgniter.php(354): CodeIgniter\CodeIgniter->handleRequest(null, Object(Config\Cache), false)
 9 SYSTEMPATH/Boot.php(334): CodeIgniter\CodeIgniter->run()
10 SYSTEMPATH/Boot.php(67): CodeIgniter\Boot::runCodeIgniter(Object(CodeIgniter\CodeIgniter))
11 FCPATH/index.php(27): CodeIgniter\Boot::bootWeb(Object(Config\Paths))
WARNING - 2025-09-30 13:33:55 --> [DEPRECATED] addslashes(): Passing null to parameter #1 ($string) of type string is deprecated in APPPATH/Views/service_list.php on line 10.
 1 APPPATH/Views/service_list.php(10): addslashes(null)
 2 SYSTEMPATH/View/View.php(224): include('/home/u810214334/domains/embellish-beauty.co.uk/public_html/app/Views/service_list.php')
 3 SYSTEMPATH/View/View.php(227): CodeIgniter\View\View->CodeIgniter\View\{closure}()
 4 SYSTEMPATH/Common.php(1173): CodeIgniter\View\View->render('service_list', [], true)
 5 APPPATH/Controllers/Home.php(129): view('service_list', [...])
 6 SYSTEMPATH/CodeIgniter.php(933): App\Controllers\Home->fetch_services()
 7 SYSTEMPATH/CodeIgniter.php(507): CodeIgniter\CodeIgniter->runController(Object(App\Controllers\Home))
 8 SYSTEMPATH/CodeIgniter.php(354): CodeIgniter\CodeIgniter->handleRequest(null, Object(Config\Cache), false)
 9 SYSTEMPATH/Boot.php(334): CodeIgniter\CodeIgniter->run()
10 SYSTEMPATH/Boot.php(67): CodeIgniter\Boot::runCodeIgniter(Object(CodeIgniter\CodeIgniter))
11 FCPATH/index.php(27): CodeIgniter\Boot::bootWeb(Object(Config\Paths))
WARNING - 2025-09-30 13:33:55 --> [DEPRECATED] addslashes(): Passing null to parameter #1 ($string) of type string is deprecated in APPPATH/Views/service_list.php on line 10.
 1 APPPATH/Views/service_list.php(10): addslashes(null)
 2 SYSTEMPATH/View/View.php(224): include('/home/u810214334/domains/embellish-beauty.co.uk/public_html/app/Views/service_list.php')
 3 SYSTEMPATH/View/View.php(227): CodeIgniter\View\View->CodeIgniter\View\{closure}()
 4 SYSTEMPATH/Common.php(1173): CodeIgniter\View\View->render('service_list', [], true)
 5 APPPATH/Controllers/Home.php(129): view('service_list', [...])
 6 SYSTEMPATH/CodeIgniter.php(933): App\Controllers\Home->fetch_services()
 7 SYSTEMPATH/CodeIgniter.php(507): CodeIgniter\CodeIgniter->runController(Object(App\Controllers\Home))
 8 SYSTEMPATH/CodeIgniter.php(354): CodeIgniter\CodeIgniter->handleRequest(null, Object(Config\Cache), false)
 9 SYSTEMPATH/Boot.php(334): CodeIgniter\CodeIgniter->run()
10 SYSTEMPATH/Boot.php(67): CodeIgniter\Boot::runCodeIgniter(Object(CodeIgniter\CodeIgniter))
11 FCPATH/index.php(27): CodeIgniter\Boot::bootWeb(Object(Config\Paths))
WARNING - 2025-09-30 13:33:55 --> [DEPRECATED] addslashes(): Passing null to parameter #1 ($string) of type string is deprecated in APPPATH/Views/service_list.php on line 10.
 1 APPPATH/Views/service_list.php(10): addslashes(null)
 2 SYSTEMPATH/View/View.php(224): include('/home/u810214334/domains/embellish-beauty.co.uk/public_html/app/Views/service_list.php')
 3 SYSTEMPATH/View/View.php(227): CodeIgniter\View\View->CodeIgniter\View\{closure}()
 4 SYSTEMPATH/Common.php(1173): CodeIgniter\View\View->render('service_list', [], true)
 5 APPPATH/Controllers/Home.php(129): view('service_list', [...])
 6 SYSTEMPATH/CodeIgniter.php(933): App\Controllers\Home->fetch_services()
 7 SYSTEMPATH/CodeIgniter.php(507): CodeIgniter\CodeIgniter->runController(Object(App\Controllers\Home))
 8 SYSTEMPATH/CodeIgniter.php(354): CodeIgniter\CodeIgniter->handleRequest(null, Object(Config\Cache), false)
 9 SYSTEMPATH/Boot.php(334): CodeIgniter\CodeIgniter->run()
10 SYSTEMPATH/Boot.php(67): CodeIgniter\Boot::runCodeIgniter(Object(CodeIgniter\CodeIgniter))
11 FCPATH/index.php(27): CodeIgniter\Boot::bootWeb(Object(Config\Paths))
DEBUG - 2025-09-30 13:34:08 --> Session: Class initialized using 'CodeIgniter\Session\Handlers\FileHandler' driver.
WARNING - 2025-09-30 13:34:08 --> [DEPRECATED] addslashes(): Passing null to parameter #1 ($string) of type string is deprecated in APPPATH/Views/service_list.php on line 10.
 1 APPPATH/Views/service_list.php(10): addslashes(null)
 2 SYSTEMPATH/View/View.php(224): include('/home/u810214334/domains/embellish-beauty.co.uk/public_html/app/Views/service_list.php')
 3 SYSTEMPATH/View/View.php(227): CodeIgniter\View\View->CodeIgniter\View\{closure}()
 4 SYSTEMPATH/Common.php(1173): CodeIgniter\View\View->render('service_list', [], true)
 5 APPPATH/Controllers/Home.php(129): view('service_list', [...])
 6 SYSTEMPATH/CodeIgniter.php(933): App\Controllers\Home->fetch_services()
 7 SYSTEMPATH/CodeIgniter.php(507): CodeIgniter\CodeIgniter->runController(Object(App\Controllers\Home))
 8 SYSTEMPATH/CodeIgniter.php(354): CodeIgniter\CodeIgniter->handleRequest(null, Object(Config\Cache), false)
 9 SYSTEMPATH/Boot.php(334): CodeIgniter\CodeIgniter->run()
10 SYSTEMPATH/Boot.php(67): CodeIgniter\Boot::runCodeIgniter(Object(CodeIgniter\CodeIgniter))
11 FCPATH/index.php(27): CodeIgniter\Boot::bootWeb(Object(Config\Paths))
WARNING - 2025-09-30 13:34:08 --> [DEPRECATED] addslashes(): Passing null to parameter #1 ($string) of type string is deprecated in APPPATH/Views/service_list.php on line 10.
 1 APPPATH/Views/service_list.php(10): addslashes(null)
 2 SYSTEMPATH/View/View.php(224): include('/home/u810214334/domains/embellish-beauty.co.uk/public_html/app/Views/service_list.php')
 3 SYSTEMPATH/View/View.php(227): CodeIgniter\View\View->CodeIgniter\View\{closure}()
 4 SYSTEMPATH/Common.php(1173): CodeIgniter\View\View->render('service_list', [], true)
 5 APPPATH/Controllers/Home.php(129): view('service_list', [...])
 6 SYSTEMPATH/CodeIgniter.php(933): App\Controllers\Home->fetch_services()
 7 SYSTEMPATH/CodeIgniter.php(507): CodeIgniter\CodeIgniter->runController(Object(App\Controllers\Home))
 8 SYSTEMPATH/CodeIgniter.php(354): CodeIgniter\CodeIgniter->handleRequest(null, Object(Config\Cache), false)
 9 SYSTEMPATH/Boot.php(334): CodeIgniter\CodeIgniter->run()
10 SYSTEMPATH/Boot.php(67): CodeIgniter\Boot::runCodeIgniter(Object(CodeIgniter\CodeIgniter))
11 FCPATH/index.php(27): CodeIgniter\Boot::bootWeb(Object(Config\Paths))
WARNING - 2025-09-30 13:34:08 --> [DEPRECATED] addslashes(): Passing null to parameter #1 ($string) of type string is deprecated in APPPATH/Views/service_list.php on line 10.
 1 APPPATH/Views/service_list.php(10): addslashes(null)
 2 SYSTEMPATH/View/View.php(224): include('/home/u810214334/domains/embellish-beauty.co.uk/public_html/app/Views/service_list.php')
 3 SYSTEMPATH/View/View.php(227): CodeIgniter\View\View->CodeIgniter\View\{closure}()
 4 SYSTEMPATH/Common.php(1173): CodeIgniter\View\View->render('service_list', [], true)
 5 APPPATH/Controllers/Home.php(129): view('service_list', [...])
 6 SYSTEMPATH/CodeIgniter.php(933): App\Controllers\Home->fetch_services()
 7 SYSTEMPATH/CodeIgniter.php(507): CodeIgniter\CodeIgniter->runController(Object(App\Controllers\Home))
 8 SYSTEMPATH/CodeIgniter.php(354): CodeIgniter\CodeIgniter->handleRequest(null, Object(Config\Cache), false)
 9 SYSTEMPATH/Boot.php(334): CodeIgniter\CodeIgniter->run()
10 SYSTEMPATH/Boot.php(67): CodeIgniter\Boot::runCodeIgniter(Object(CodeIgniter\CodeIgniter))
11 FCPATH/index.php(27): CodeIgniter\Boot::bootWeb(Object(Config\Paths))
WARNING - 2025-09-30 13:34:08 --> [DEPRECATED] addslashes(): Passing null to parameter #1 ($string) of type string is deprecated in APPPATH/Views/service_list.php on line 10.
 1 APPPATH/Views/service_list.php(10): addslashes(null)
 2 SYSTEMPATH/View/View.php(224): include('/home/u810214334/domains/embellish-beauty.co.uk/public_html/app/Views/service_list.php')
 3 SYSTEMPATH/View/View.php(227): CodeIgniter\View\View->CodeIgniter\View\{closure}()
 4 SYSTEMPATH/Common.php(1173): CodeIgniter\View\View->render('service_list', [], true)
 5 APPPATH/Controllers/Home.php(129): view('service_list', [...])
 6 SYSTEMPATH/CodeIgniter.php(933): App\Controllers\Home->fetch_services()
 7 SYSTEMPATH/CodeIgniter.php(507): CodeIgniter\CodeIgniter->runController(Object(App\Controllers\Home))
 8 SYSTEMPATH/CodeIgniter.php(354): CodeIgniter\CodeIgniter->handleRequest(null, Object(Config\Cache), false)
 9 SYSTEMPATH/Boot.php(334): CodeIgniter\CodeIgniter->run()
10 SYSTEMPATH/Boot.php(67): CodeIgniter\Boot::runCodeIgniter(Object(CodeIgniter\CodeIgniter))
11 FCPATH/index.php(27): CodeIgniter\Boot::bootWeb(Object(Config\Paths))
WARNING - 2025-09-30 13:34:08 --> [DEPRECATED] addslashes(): Passing null to parameter #1 ($string) of type string is deprecated in APPPATH/Views/service_list.php on line 10.
 1 APPPATH/Views/service_list.php(10): addslashes(null)
 2 SYSTEMPATH/View/View.php(224): include('/home/u810214334/domains/embellish-beauty.co.uk/public_html/app/Views/service_list.php')
 3 SYSTEMPATH/View/View.php(227): CodeIgniter\View\View->CodeIgniter\View\{closure}()
 4 SYSTEMPATH/Common.php(1173): CodeIgniter\View\View->render('service_list', [], true)
 5 APPPATH/Controllers/Home.php(129): view('service_list', [...])
 6 SYSTEMPATH/CodeIgniter.php(933): App\Controllers\Home->fetch_services()
 7 SYSTEMPATH/CodeIgniter.php(507): CodeIgniter\CodeIgniter->runController(Object(App\Controllers\Home))
 8 SYSTEMPATH/CodeIgniter.php(354): CodeIgniter\CodeIgniter->handleRequest(null, Object(Config\Cache), false)
 9 SYSTEMPATH/Boot.php(334): CodeIgniter\CodeIgniter->run()
10 SYSTEMPATH/Boot.php(67): CodeIgniter\Boot::runCodeIgniter(Object(CodeIgniter\CodeIgniter))
11 FCPATH/index.php(27): CodeIgniter\Boot::bootWeb(Object(Config\Paths))
WARNING - 2025-09-30 13:34:08 --> [DEPRECATED] addslashes(): Passing null to parameter #1 ($string) of type string is deprecated in APPPATH/Views/service_list.php on line 10.
 1 APPPATH/Views/service_list.php(10): addslashes(null)
 2 SYSTEMPATH/View/View.php(224): include('/home/u810214334/domains/embellish-beauty.co.uk/public_html/app/Views/service_list.php')
 3 SYSTEMPATH/View/View.php(227): CodeIgniter\View\View->CodeIgniter\View\{closure}()
 4 SYSTEMPATH/Common.php(1173): CodeIgniter\View\View->render('service_list', [], true)
 5 APPPATH/Controllers/Home.php(129): view('service_list', [...])
 6 SYSTEMPATH/CodeIgniter.php(933): App\Controllers\Home->fetch_services()
 7 SYSTEMPATH/CodeIgniter.php(507): CodeIgniter\CodeIgniter->runController(Object(App\Controllers\Home))
 8 SYSTEMPATH/CodeIgniter.php(354): CodeIgniter\CodeIgniter->handleRequest(null, Object(Config\Cache), false)
 9 SYSTEMPATH/Boot.php(334): CodeIgniter\CodeIgniter->run()
10 SYSTEMPATH/Boot.php(67): CodeIgniter\Boot::runCodeIgniter(Object(CodeIgniter\CodeIgniter))
11 FCPATH/index.php(27): CodeIgniter\Boot::bootWeb(Object(Config\Paths))
WARNING - 2025-09-30 13:34:08 --> [DEPRECATED] addslashes(): Passing null to parameter #1 ($string) of type string is deprecated in APPPATH/Views/service_list.php on line 10.
 1 APPPATH/Views/service_list.php(10): addslashes(null)
 2 SYSTEMPATH/View/View.php(224): include('/home/u810214334/domains/embellish-beauty.co.uk/public_html/app/Views/service_list.php')
 3 SYSTEMPATH/View/View.php(227): CodeIgniter\View\View->CodeIgniter\View\{closure}()
 4 SYSTEMPATH/Common.php(1173): CodeIgniter\View\View->render('service_list', [], true)
 5 APPPATH/Controllers/Home.php(129): view('service_list', [...])
 6 SYSTEMPATH/CodeIgniter.php(933): App\Controllers\Home->fetch_services()
 7 SYSTEMPATH/CodeIgniter.php(507): CodeIgniter\CodeIgniter->runController(Object(App\Controllers\Home))
 8 SYSTEMPATH/CodeIgniter.php(354): CodeIgniter\CodeIgniter->handleRequest(null, Object(Config\Cache), false)
 9 SYSTEMPATH/Boot.php(334): CodeIgniter\CodeIgniter->run()
10 SYSTEMPATH/Boot.php(67): CodeIgniter\Boot::runCodeIgniter(Object(CodeIgniter\CodeIgniter))
11 FCPATH/index.php(27): CodeIgniter\Boot::bootWeb(Object(Config\Paths))
WARNING - 2025-09-30 13:34:08 --> [DEPRECATED] addslashes(): Passing null to parameter #1 ($string) of type string is deprecated in APPPATH/Views/service_list.php on line 10.
 1 APPPATH/Views/service_list.php(10): addslashes(null)
 2 SYSTEMPATH/View/View.php(224): include('/home/u810214334/domains/embellish-beauty.co.uk/public_html/app/Views/service_list.php')
 3 SYSTEMPATH/View/View.php(227): CodeIgniter\View\View->CodeIgniter\View\{closure}()
 4 SYSTEMPATH/Common.php(1173): CodeIgniter\View\View->render('service_list', [], true)
 5 APPPATH/Controllers/Home.php(129): view('service_list', [...])
 6 SYSTEMPATH/CodeIgniter.php(933): App\Controllers\Home->fetch_services()
 7 SYSTEMPATH/CodeIgniter.php(507): CodeIgniter\CodeIgniter->runController(Object(App\Controllers\Home))
 8 SYSTEMPATH/CodeIgniter.php(354): CodeIgniter\CodeIgniter->handleRequest(null, Object(Config\Cache), false)
 9 SYSTEMPATH/Boot.php(334): CodeIgniter\CodeIgniter->run()
10 SYSTEMPATH/Boot.php(67): CodeIgniter\Boot::runCodeIgniter(Object(CodeIgniter\CodeIgniter))
11 FCPATH/index.php(27): CodeIgniter\Boot::bootWeb(Object(Config\Paths))
WARNING - 2025-09-30 13:34:08 --> [DEPRECATED] addslashes(): Passing null to parameter #1 ($string) of type string is deprecated in APPPATH/Views/service_list.php on line 10.
 1 APPPATH/Views/service_list.php(10): addslashes(null)
 2 SYSTEMPATH/View/View.php(224): include('/home/u810214334/domains/embellish-beauty.co.uk/public_html/app/Views/service_list.php')
 3 SYSTEMPATH/View/View.php(227): CodeIgniter\View\View->CodeIgniter\View\{closure}()
 4 SYSTEMPATH/Common.php(1173): CodeIgniter\View\View->render('service_list', [], true)
 5 APPPATH/Controllers/Home.php(129): view('service_list', [...])
 6 SYSTEMPATH/CodeIgniter.php(933): App\Controllers\Home->fetch_services()
 7 SYSTEMPATH/CodeIgniter.php(507): CodeIgniter\CodeIgniter->runController(Object(App\Controllers\Home))
 8 SYSTEMPATH/CodeIgniter.php(354): CodeIgniter\CodeIgniter->handleRequest(null, Object(Config\Cache), false)
 9 SYSTEMPATH/Boot.php(334): CodeIgniter\CodeIgniter->run()
10 SYSTEMPATH/Boot.php(67): CodeIgniter\Boot::runCodeIgniter(Object(CodeIgniter\CodeIgniter))
11 FCPATH/index.php(27): CodeIgniter\Boot::bootWeb(Object(Config\Paths))
DEBUG - 2025-09-30 13:34:46 --> Session: Class initialized using 'CodeIgniter\Session\Handlers\FileHandler' driver.
DEBUG - 2025-09-30 13:36:01 --> Session: Class initialized using 'CodeIgniter\Session\Handlers\FileHandler' driver.
DEBUG - 2025-09-30 13:40:08 --> Session: Class initialized using 'CodeIgniter\Session\Handlers\FileHandler' driver.
DEBUG - 2025-09-30 13:40:11 --> Session: Class initialized using 'CodeIgniter\Session\Handlers\FileHandler' driver.
DEBUG - 2025-09-30 13:40:12 --> Session: Class initialized using 'CodeIgniter\Session\Handlers\FileHandler' driver.
DEBUG - 2025-09-30 13:40:12 --> Session: Class initialized using 'CodeIgniter\Session\Handlers\FileHandler' driver.
DEBUG - 2025-09-30 13:40:15 --> Session: Class initialized using 'CodeIgniter\Session\Handlers\FileHandler' driver.
DEBUG - 2025-09-30 13:40:15 --> Session: Class initialized using 'CodeIgniter\Session\Handlers\FileHandler' driver.
DEBUG - 2025-09-30 13:40:15 --> Session: Class initialized using 'CodeIgniter\Session\Handlers\FileHandler' driver.
DEBUG - 2025-09-30 13:40:16 --> Session: Class initialized using 'CodeIgniter\Session\Handlers\FileHandler' driver.
DEBUG - 2025-09-30 13:40:16 --> Session: Class initialized using 'CodeIgniter\Session\Handlers\FileHandler' driver.
WARNING - 2025-09-30 13:40:16 --> [DEPRECATED] addslashes(): Passing null to parameter #1 ($string) of type string is deprecated in APPPATH/Views/service_list.php on line 10.
 1 APPPATH/Views/service_list.php(10): addslashes(null)
 2 SYSTEMPATH/View/View.php(224): include('/home/u810214334/domains/embellish-beauty.co.uk/public_html/app/Views/service_list.php')
 3 SYSTEMPATH/View/View.php(227): CodeIgniter\View\View->CodeIgniter\View\{closure}()
 4 SYSTEMPATH/Common.php(1173): CodeIgniter\View\View->render('service_list', [], true)
 5 APPPATH/Controllers/Home.php(129): view('service_list', [...])
 6 SYSTEMPATH/CodeIgniter.php(933): App\Controllers\Home->fetch_services()
 7 SYSTEMPATH/CodeIgniter.php(507): CodeIgniter\CodeIgniter->runController(Object(App\Controllers\Home))
 8 SYSTEMPATH/CodeIgniter.php(354): CodeIgniter\CodeIgniter->handleRequest(null, Object(Config\Cache), false)
 9 SYSTEMPATH/Boot.php(334): CodeIgniter\CodeIgniter->run()
10 SYSTEMPATH/Boot.php(67): CodeIgniter\Boot::runCodeIgniter(Object(CodeIgniter\CodeIgniter))
11 FCPATH/index.php(27): CodeIgniter\Boot::bootWeb(Object(Config\Paths))
WARNING - 2025-09-30 13:40:16 --> [DEPRECATED] addslashes(): Passing null to parameter #1 ($string) of type string is deprecated in APPPATH/Views/service_list.php on line 10.
 1 APPPATH/Views/service_list.php(10): addslashes(null)
 2 SYSTEMPATH/View/View.php(224): include('/home/u810214334/domains/embellish-beauty.co.uk/public_html/app/Views/service_list.php')
 3 SYSTEMPATH/View/View.php(227): CodeIgniter\View\View->CodeIgniter\View\{closure}()
 4 SYSTEMPATH/Common.php(1173): CodeIgniter\View\View->render('service_list', [], true)
 5 APPPATH/Controllers/Home.php(129): view('service_list', [...])
 6 SYSTEMPATH/CodeIgniter.php(933): App\Controllers\Home->fetch_services()
 7 SYSTEMPATH/CodeIgniter.php(507): CodeIgniter\CodeIgniter->runController(Object(App\Controllers\Home))
 8 SYSTEMPATH/CodeIgniter.php(354): CodeIgniter\CodeIgniter->handleRequest(null, Object(Config\Cache), false)
 9 SYSTEMPATH/Boot.php(334): CodeIgniter\CodeIgniter->run()
10 SYSTEMPATH/Boot.php(67): CodeIgniter\Boot::runCodeIgniter(Object(CodeIgniter\CodeIgniter))
11 FCPATH/index.php(27): CodeIgniter\Boot::bootWeb(Object(Config\Paths))
WARNING - 2025-09-30 13:40:16 --> [DEPRECATED] addslashes(): Passing null to parameter #1 ($string) of type string is deprecated in APPPATH/Views/service_list.php on line 10.
 1 APPPATH/Views/service_list.php(10): addslashes(null)
 2 SYSTEMPATH/View/View.php(224): include('/home/u810214334/domains/embellish-beauty.co.uk/public_html/app/Views/service_list.php')
 3 SYSTEMPATH/View/View.php(227): CodeIgniter\View\View->CodeIgniter\View\{closure}()
 4 SYSTEMPATH/Common.php(1173): CodeIgniter\View\View->render('service_list', [], true)
 5 APPPATH/Controllers/Home.php(129): view('service_list', [...])
 6 SYSTEMPATH/CodeIgniter.php(933): App\Controllers\Home->fetch_services()
 7 SYSTEMPATH/CodeIgniter.php(507): CodeIgniter\CodeIgniter->runController(Object(App\Controllers\Home))
 8 SYSTEMPATH/CodeIgniter.php(354): CodeIgniter\CodeIgniter->handleRequest(null, Object(Config\Cache), false)
 9 SYSTEMPATH/Boot.php(334): CodeIgniter\CodeIgniter->run()
10 SYSTEMPATH/Boot.php(67): CodeIgniter\Boot::runCodeIgniter(Object(CodeIgniter\CodeIgniter))
11 FCPATH/index.php(27): CodeIgniter\Boot::bootWeb(Object(Config\Paths))
WARNING - 2025-09-30 13:40:16 --> [DEPRECATED] addslashes(): Passing null to parameter #1 ($string) of type string is deprecated in APPPATH/Views/service_list.php on line 10.
 1 APPPATH/Views/service_list.php(10): addslashes(null)
 2 SYSTEMPATH/View/View.php(224): include('/home/u810214334/domains/embellish-beauty.co.uk/public_html/app/Views/service_list.php')
 3 SYSTEMPATH/View/View.php(227): CodeIgniter\View\View->CodeIgniter\View\{closure}()
 4 SYSTEMPATH/Common.php(1173): CodeIgniter\View\View->render('service_list', [], true)
 5 APPPATH/Controllers/Home.php(129): view('service_list', [...])
 6 SYSTEMPATH/CodeIgniter.php(933): App\Controllers\Home->fetch_services()
 7 SYSTEMPATH/CodeIgniter.php(507): CodeIgniter\CodeIgniter->runController(Object(App\Controllers\Home))
 8 SYSTEMPATH/CodeIgniter.php(354): CodeIgniter\CodeIgniter->handleRequest(null, Object(Config\Cache), false)
 9 SYSTEMPATH/Boot.php(334): CodeIgniter\CodeIgniter->run()
10 SYSTEMPATH/Boot.php(67): CodeIgniter\Boot::runCodeIgniter(Object(CodeIgniter\CodeIgniter))
11 FCPATH/index.php(27): CodeIgniter\Boot::bootWeb(Object(Config\Paths))
WARNING - 2025-09-30 13:40:16 --> [DEPRECATED] addslashes(): Passing null to parameter #1 ($string) of type string is deprecated in APPPATH/Views/service_list.php on line 10.
 1 APPPATH/Views/service_list.php(10): addslashes(null)
 2 SYSTEMPATH/View/View.php(224): include('/home/u810214334/domains/embellish-beauty.co.uk/public_html/app/Views/service_list.php')
 3 SYSTEMPATH/View/View.php(227): CodeIgniter\View\View->CodeIgniter\View\{closure}()
 4 SYSTEMPATH/Common.php(1173): CodeIgniter\View\View->render('service_list', [], true)
 5 APPPATH/Controllers/Home.php(129): view('service_list', [...])
 6 SYSTEMPATH/CodeIgniter.php(933): App\Controllers\Home->fetch_services()
 7 SYSTEMPATH/CodeIgniter.php(507): CodeIgniter\CodeIgniter->runController(Object(App\Controllers\Home))
 8 SYSTEMPATH/CodeIgniter.php(354): CodeIgniter\CodeIgniter->handleRequest(null, Object(Config\Cache), false)
 9 SYSTEMPATH/Boot.php(334): CodeIgniter\CodeIgniter->run()
10 SYSTEMPATH/Boot.php(67): CodeIgniter\Boot::runCodeIgniter(Object(CodeIgniter\CodeIgniter))
11 FCPATH/index.php(27): CodeIgniter\Boot::bootWeb(Object(Config\Paths))
WARNING - 2025-09-30 13:40:16 --> [DEPRECATED] addslashes(): Passing null to parameter #1 ($string) of type string is deprecated in APPPATH/Views/service_list.php on line 10.
 1 APPPATH/Views/service_list.php(10): addslashes(null)
 2 SYSTEMPATH/View/View.php(224): include('/home/u810214334/domains/embellish-beauty.co.uk/public_html/app/Views/service_list.php')
 3 SYSTEMPATH/View/View.php(227): CodeIgniter\View\View->CodeIgniter\View\{closure}()
 4 SYSTEMPATH/Common.php(1173): CodeIgniter\View\View->render('service_list', [], true)
 5 APPPATH/Controllers/Home.php(129): view('service_list', [...])
 6 SYSTEMPATH/CodeIgniter.php(933): App\Controllers\Home->fetch_services()
 7 SYSTEMPATH/CodeIgniter.php(507): CodeIgniter\CodeIgniter->runController(Object(App\Controllers\Home))
 8 SYSTEMPATH/CodeIgniter.php(354): CodeIgniter\CodeIgniter->handleRequest(null, Object(Config\Cache), false)
 9 SYSTEMPATH/Boot.php(334): CodeIgniter\CodeIgniter->run()
10 SYSTEMPATH/Boot.php(67): CodeIgniter\Boot::runCodeIgniter(Object(CodeIgniter\CodeIgniter))
11 FCPATH/index.php(27): CodeIgniter\Boot::bootWeb(Object(Config\Paths))
WARNING - 2025-09-30 13:40:16 --> [DEPRECATED] addslashes(): Passing null to parameter #1 ($string) of type string is deprecated in APPPATH/Views/service_list.php on line 10.
 1 APPPATH/Views/service_list.php(10): addslashes(null)
 2 SYSTEMPATH/View/View.php(224): include('/home/u810214334/domains/embellish-beauty.co.uk/public_html/app/Views/service_list.php')
 3 SYSTEMPATH/View/View.php(227): CodeIgniter\View\View->CodeIgniter\View\{closure}()
 4 SYSTEMPATH/Common.php(1173): CodeIgniter\View\View->render('service_list', [], true)
 5 APPPATH/Controllers/Home.php(129): view('service_list', [...])
 6 SYSTEMPATH/CodeIgniter.php(933): App\Controllers\Home->fetch_services()
 7 SYSTEMPATH/CodeIgniter.php(507): CodeIgniter\CodeIgniter->runController(Object(App\Controllers\Home))
 8 SYSTEMPATH/CodeIgniter.php(354): CodeIgniter\CodeIgniter->handleRequest(null, Object(Config\Cache), false)
 9 SYSTEMPATH/Boot.php(334): CodeIgniter\CodeIgniter->run()
10 SYSTEMPATH/Boot.php(67): CodeIgniter\Boot::runCodeIgniter(Object(CodeIgniter\CodeIgniter))
11 FCPATH/index.php(27): CodeIgniter\Boot::bootWeb(Object(Config\Paths))
WARNING - 2025-09-30 13:40:16 --> [DEPRECATED] addslashes(): Passing null to parameter #1 ($string) of type string is deprecated in APPPATH/Views/service_list.php on line 10.
 1 APPPATH/Views/service_list.php(10): addslashes(null)
 2 SYSTEMPATH/View/View.php(224): include('/home/u810214334/domains/embellish-beauty.co.uk/public_html/app/Views/service_list.php')
 3 SYSTEMPATH/View/View.php(227): CodeIgniter\View\View->CodeIgniter\View\{closure}()
 4 SYSTEMPATH/Common.php(1173): CodeIgniter\View\View->render('service_list', [], true)
 5 APPPATH/Controllers/Home.php(129): view('service_list', [...])
 6 SYSTEMPATH/CodeIgniter.php(933): App\Controllers\Home->fetch_services()
 7 SYSTEMPATH/CodeIgniter.php(507): CodeIgniter\CodeIgniter->runController(Object(App\Controllers\Home))
 8 SYSTEMPATH/CodeIgniter.php(354): CodeIgniter\CodeIgniter->handleRequest(null, Object(Config\Cache), false)
 9 SYSTEMPATH/Boot.php(334): CodeIgniter\CodeIgniter->run()
10 SYSTEMPATH/Boot.php(67): CodeIgniter\Boot::runCodeIgniter(Object(CodeIgniter\CodeIgniter))
11 FCPATH/index.php(27): CodeIgniter\Boot::bootWeb(Object(Config\Paths))
WARNING - 2025-09-30 13:40:16 --> [DEPRECATED] addslashes(): Passing null to parameter #1 ($string) of type string is deprecated in APPPATH/Views/service_list.php on line 10.
 1 APPPATH/Views/service_list.php(10): addslashes(null)
 2 SYSTEMPATH/View/View.php(224): include('/home/u810214334/domains/embellish-beauty.co.uk/public_html/app/Views/service_list.php')
 3 SYSTEMPATH/View/View.php(227): CodeIgniter\View\View->CodeIgniter\View\{closure}()
 4 SYSTEMPATH/Common.php(1173): CodeIgniter\View\View->render('service_list', [], true)
 5 APPPATH/Controllers/Home.php(129): view('service_list', [...])
 6 SYSTEMPATH/CodeIgniter.php(933): App\Controllers\Home->fetch_services()
 7 SYSTEMPATH/CodeIgniter.php(507): CodeIgniter\CodeIgniter->runController(Object(App\Controllers\Home))
 8 SYSTEMPATH/CodeIgniter.php(354): CodeIgniter\CodeIgniter->handleRequest(null, Object(Config\Cache), false)
 9 SYSTEMPATH/Boot.php(334): CodeIgniter\CodeIgniter->run()
10 SYSTEMPATH/Boot.php(67): CodeIgniter\Boot::runCodeIgniter(Object(CodeIgniter\CodeIgniter))
11 FCPATH/index.php(27): CodeIgniter\Boot::bootWeb(Object(Config\Paths))
WARNING - 2025-09-30 13:40:16 --> [DEPRECATED] addslashes(): Passing null to parameter #1 ($string) of type string is deprecated in APPPATH/Views/service_list.php on line 10.
 1 APPPATH/Views/service_list.php(10): addslashes(null)
 2 SYSTEMPATH/View/View.php(224): include('/home/u810214334/domains/embellish-beauty.co.uk/public_html/app/Views/service_list.php')
 3 SYSTEMPATH/View/View.php(227): CodeIgniter\View\View->CodeIgniter\View\{closure}()
 4 SYSTEMPATH/Common.php(1173): CodeIgniter\View\View->render('service_list', [], true)
 5 APPPATH/Controllers/Home.php(129): view('service_list', [...])
 6 SYSTEMPATH/CodeIgniter.php(933): App\Controllers\Home->fetch_services()
 7 SYSTEMPATH/CodeIgniter.php(507): CodeIgniter\CodeIgniter->runController(Object(App\Controllers\Home))
 8 SYSTEMPATH/CodeIgniter.php(354): CodeIgniter\CodeIgniter->handleRequest(null, Object(Config\Cache), false)
 9 SYSTEMPATH/Boot.php(334): CodeIgniter\CodeIgniter->run()
10 SYSTEMPATH/Boot.php(67): CodeIgniter\Boot::runCodeIgniter(Object(CodeIgniter\CodeIgniter))
11 FCPATH/index.php(27): CodeIgniter\Boot::bootWeb(Object(Config\Paths))
WARNING - 2025-09-30 13:40:16 --> [DEPRECATED] addslashes(): Passing null to parameter #1 ($string) of type string is deprecated in APPPATH/Views/service_list.php on line 10.
 1 APPPATH/Views/service_list.php(10): addslashes(null)
 2 SYSTEMPATH/View/View.php(224): include('/home/u810214334/domains/embellish-beauty.co.uk/public_html/app/Views/service_list.php')
 3 SYSTEMPATH/View/View.php(227): CodeIgniter\View\View->CodeIgniter\View\{closure}()
 4 SYSTEMPATH/Common.php(1173): CodeIgniter\View\View->render('service_list', [], true)
 5 APPPATH/Controllers/Home.php(129): view('service_list', [...])
 6 SYSTEMPATH/CodeIgniter.php(933): App\Controllers\Home->fetch_services()
 7 SYSTEMPATH/CodeIgniter.php(507): CodeIgniter\CodeIgniter->runController(Object(App\Controllers\Home))
 8 SYSTEMPATH/CodeIgniter.php(354): CodeIgniter\CodeIgniter->handleRequest(null, Object(Config\Cache), false)
 9 SYSTEMPATH/Boot.php(334): CodeIgniter\CodeIgniter->run()
10 SYSTEMPATH/Boot.php(67): CodeIgniter\Boot::runCodeIgniter(Object(CodeIgniter\CodeIgniter))
11 FCPATH/index.php(27): CodeIgniter\Boot::bootWeb(Object(Config\Paths))
WARNING - 2025-09-30 13:40:16 --> [DEPRECATED] addslashes(): Passing null to parameter #1 ($string) of type string is deprecated in APPPATH/Views/service_list.php on line 10.
 1 APPPATH/Views/service_list.php(10): addslashes(null)
 2 SYSTEMPATH/View/View.php(224): include('/home/u810214334/domains/embellish-beauty.co.uk/public_html/app/Views/service_list.php')
 3 SYSTEMPATH/View/View.php(227): CodeIgniter\View\View->CodeIgniter\View\{closure}()
 4 SYSTEMPATH/Common.php(1173): CodeIgniter\View\View->render('service_list', [], true)
 5 APPPATH/Controllers/Home.php(129): view('service_list', [...])
 6 SYSTEMPATH/CodeIgniter.php(933): App\Controllers\Home->fetch_services()
 7 SYSTEMPATH/CodeIgniter.php(507): CodeIgniter\CodeIgniter->runController(Object(App\Controllers\Home))
 8 SYSTEMPATH/CodeIgniter.php(354): CodeIgniter\CodeIgniter->handleRequest(null, Object(Config\Cache), false)
 9 SYSTEMPATH/Boot.php(334): CodeIgniter\CodeIgniter->run()
10 SYSTEMPATH/Boot.php(67): CodeIgniter\Boot::runCodeIgniter(Object(CodeIgniter\CodeIgniter))
11 FCPATH/index.php(27): CodeIgniter\Boot::bootWeb(Object(Config\Paths))
WARNING - 2025-09-30 13:40:16 --> [DEPRECATED] addslashes(): Passing null to parameter #1 ($string) of type string is deprecated in APPPATH/Views/service_list.php on line 10.
 1 APPPATH/Views/service_list.php(10): addslashes(null)
 2 SYSTEMPATH/View/View.php(224): include('/home/u810214334/domains/embellish-beauty.co.uk/public_html/app/Views/service_list.php')
 3 SYSTEMPATH/View/View.php(227): CodeIgniter\View\View->CodeIgniter\View\{closure}()
 4 SYSTEMPATH/Common.php(1173): CodeIgniter\View\View->render('service_list', [], true)
 5 APPPATH/Controllers/Home.php(129): view('service_list', [...])
 6 SYSTEMPATH/CodeIgniter.php(933): App\Controllers\Home->fetch_services()
 7 SYSTEMPATH/CodeIgniter.php(507): CodeIgniter\CodeIgniter->runController(Object(App\Controllers\Home))
 8 SYSTEMPATH/CodeIgniter.php(354): CodeIgniter\CodeIgniter->handleRequest(null, Object(Config\Cache), false)
 9 SYSTEMPATH/Boot.php(334): CodeIgniter\CodeIgniter->run()
10 SYSTEMPATH/Boot.php(67): CodeIgniter\Boot::runCodeIgniter(Object(CodeIgniter\CodeIgniter))
11 FCPATH/index.php(27): CodeIgniter\Boot::bootWeb(Object(Config\Paths))
WARNING - 2025-09-30 13:40:16 --> [DEPRECATED] addslashes(): Passing null to parameter #1 ($string) of type string is deprecated in APPPATH/Views/service_list.php on line 10.
 1 APPPATH/Views/service_list.php(10): addslashes(null)
 2 SYSTEMPATH/View/View.php(224): include('/home/u810214334/domains/embellish-beauty.co.uk/public_html/app/Views/service_list.php')
 3 SYSTEMPATH/View/View.php(227): CodeIgniter\View\View->CodeIgniter\View\{closure}()
 4 SYSTEMPATH/Common.php(1173): CodeIgniter\View\View->render('service_list', [], true)
 5 APPPATH/Controllers/Home.php(129): view('service_list', [...])
 6 SYSTEMPATH/CodeIgniter.php(933): App\Controllers\Home->fetch_services()
 7 SYSTEMPATH/CodeIgniter.php(507): CodeIgniter\CodeIgniter->runController(Object(App\Controllers\Home))
 8 SYSTEMPATH/CodeIgniter.php(354): CodeIgniter\CodeIgniter->handleRequest(null, Object(Config\Cache), false)
 9 SYSTEMPATH/Boot.php(334): CodeIgniter\CodeIgniter->run()
10 SYSTEMPATH/Boot.php(67): CodeIgniter\Boot::runCodeIgniter(Object(CodeIgniter\CodeIgniter))
11 FCPATH/index.php(27): CodeIgniter\Boot::bootWeb(Object(Config\Paths))
WARNING - 2025-09-30 13:40:16 --> [DEPRECATED] addslashes(): Passing null to parameter #1 ($string) of type string is deprecated in APPPATH/Views/service_list.php on line 10.
 1 APPPATH/Views/service_list.php(10): addslashes(null)
 2 SYSTEMPATH/View/View.php(224): include('/home/u810214334/domains/embellish-beauty.co.uk/public_html/app/Views/service_list.php')
 3 SYSTEMPATH/View/View.php(227): CodeIgniter\View\View->CodeIgniter\View\{closure}()
 4 SYSTEMPATH/Common.php(1173): CodeIgniter\View\View->render('service_list', [], true)
 5 APPPATH/Controllers/Home.php(129): view('service_list', [...])
 6 SYSTEMPATH/CodeIgniter.php(933): App\Controllers\Home->fetch_services()
 7 SYSTEMPATH/CodeIgniter.php(507): CodeIgniter\CodeIgniter->runController(Object(App\Controllers\Home))
 8 SYSTEMPATH/CodeIgniter.php(354): CodeIgniter\CodeIgniter->handleRequest(null, Object(Config\Cache), false)
 9 SYSTEMPATH/Boot.php(334): CodeIgniter\CodeIgniter->run()
10 SYSTEMPATH/Boot.php(67): CodeIgniter\Boot::runCodeIgniter(Object(CodeIgniter\CodeIgniter))
11 FCPATH/index.php(27): CodeIgniter\Boot::bootWeb(Object(Config\Paths))
WARNING - 2025-09-30 13:40:16 --> [DEPRECATED] addslashes(): Passing null to parameter #1 ($string) of type string is deprecated in APPPATH/Views/service_list.php on line 10.
 1 APPPATH/Views/service_list.php(10): addslashes(null)
 2 SYSTEMPATH/View/View.php(224): include('/home/u810214334/domains/embellish-beauty.co.uk/public_html/app/Views/service_list.php')
 3 SYSTEMPATH/View/View.php(227): CodeIgniter\View\View->CodeIgniter\View\{closure}()
 4 SYSTEMPATH/Common.php(1173): CodeIgniter\View\View->render('service_list', [], true)
 5 APPPATH/Controllers/Home.php(129): view('service_list', [...])
 6 SYSTEMPATH/CodeIgniter.php(933): App\Controllers\Home->fetch_services()
 7 SYSTEMPATH/CodeIgniter.php(507): CodeIgniter\CodeIgniter->runController(Object(App\Controllers\Home))
 8 SYSTEMPATH/CodeIgniter.php(354): CodeIgniter\CodeIgniter->handleRequest(null, Object(Config\Cache), false)
 9 SYSTEMPATH/Boot.php(334): CodeIgniter\CodeIgniter->run()
10 SYSTEMPATH/Boot.php(67): CodeIgniter\Boot::runCodeIgniter(Object(CodeIgniter\CodeIgniter))
11 FCPATH/index.php(27): CodeIgniter\Boot::bootWeb(Object(Config\Paths))
WARNING - 2025-09-30 13:40:16 --> [DEPRECATED] addslashes(): Passing null to parameter #1 ($string) of type string is deprecated in APPPATH/Views/service_list.php on line 10.
 1 APPPATH/Views/service_list.php(10): addslashes(null)
 2 SYSTEMPATH/View/View.php(224): include('/home/u810214334/domains/embellish-beauty.co.uk/public_html/app/Views/service_list.php')
 3 SYSTEMPATH/View/View.php(227): CodeIgniter\View\View->CodeIgniter\View\{closure}()
 4 SYSTEMPATH/Common.php(1173): CodeIgniter\View\View->render('service_list', [], true)
 5 APPPATH/Controllers/Home.php(129): view('service_list', [...])
 6 SYSTEMPATH/CodeIgniter.php(933): App\Controllers\Home->fetch_services()
 7 SYSTEMPATH/CodeIgniter.php(507): CodeIgniter\CodeIgniter->runController(Object(App\Controllers\Home))
 8 SYSTEMPATH/CodeIgniter.php(354): CodeIgniter\CodeIgniter->handleRequest(null, Object(Config\Cache), false)
 9 SYSTEMPATH/Boot.php(334): CodeIgniter\CodeIgniter->run()
10 SYSTEMPATH/Boot.php(67): CodeIgniter\Boot::runCodeIgniter(Object(CodeIgniter\CodeIgniter))
11 FCPATH/index.php(27): CodeIgniter\Boot::bootWeb(Object(Config\Paths))
WARNING - 2025-09-30 13:40:16 --> [DEPRECATED] addslashes(): Passing null to parameter #1 ($string) of type string is deprecated in APPPATH/Views/service_list.php on line 10.
 1 APPPATH/Views/service_list.php(10): addslashes(null)
 2 SYSTEMPATH/View/View.php(224): include('/home/u810214334/domains/embellish-beauty.co.uk/public_html/app/Views/service_list.php')
 3 SYSTEMPATH/View/View.php(227): CodeIgniter\View\View->CodeIgniter\View\{closure}()
 4 SYSTEMPATH/Common.php(1173): CodeIgniter\View\View->render('service_list', [], true)
 5 APPPATH/Controllers/Home.php(129): view('service_list', [...])
 6 SYSTEMPATH/CodeIgniter.php(933): App\Controllers\Home->fetch_services()
 7 SYSTEMPATH/CodeIgniter.php(507): CodeIgniter\CodeIgniter->runController(Object(App\Controllers\Home))
 8 SYSTEMPATH/CodeIgniter.php(354): CodeIgniter\CodeIgniter->handleRequest(null, Object(Config\Cache), false)
 9 SYSTEMPATH/Boot.php(334): CodeIgniter\CodeIgniter->run()
10 SYSTEMPATH/Boot.php(67): CodeIgniter\Boot::runCodeIgniter(Object(CodeIgniter\CodeIgniter))
11 FCPATH/index.php(27): CodeIgniter\Boot::bootWeb(Object(Config\Paths))
WARNING - 2025-09-30 13:40:16 --> [DEPRECATED] addslashes(): Passing null to parameter #1 ($string) of type string is deprecated in APPPATH/Views/service_list.php on line 10.
 1 APPPATH/Views/service_list.php(10): addslashes(null)
 2 SYSTEMPATH/View/View.php(224): include('/home/u810214334/domains/embellish-beauty.co.uk/public_html/app/Views/service_list.php')
 3 SYSTEMPATH/View/View.php(227): CodeIgniter\View\View->CodeIgniter\View\{closure}()
 4 SYSTEMPATH/Common.php(1173): CodeIgniter\View\View->render('service_list', [], true)
 5 APPPATH/Controllers/Home.php(129): view('service_list', [...])
 6 SYSTEMPATH/CodeIgniter.php(933): App\Controllers\Home->fetch_services()
 7 SYSTEMPATH/CodeIgniter.php(507): CodeIgniter\CodeIgniter->runController(Object(App\Controllers\Home))
 8 SYSTEMPATH/CodeIgniter.php(354): CodeIgniter\CodeIgniter->handleRequest(null, Object(Config\Cache), false)
 9 SYSTEMPATH/Boot.php(334): CodeIgniter\CodeIgniter->run()
10 SYSTEMPATH/Boot.php(67): CodeIgniter\Boot::runCodeIgniter(Object(CodeIgniter\CodeIgniter))
11 FCPATH/index.php(27): CodeIgniter\Boot::bootWeb(Object(Config\Paths))
WARNING - 2025-09-30 13:40:16 --> [DEPRECATED] addslashes(): Passing null to parameter #1 ($string) of type string is deprecated in APPPATH/Views/service_list.php on line 10.
 1 APPPATH/Views/service_list.php(10): addslashes(null)
 2 SYSTEMPATH/View/View.php(224): include('/home/u810214334/domains/embellish-beauty.co.uk/public_html/app/Views/service_list.php')
 3 SYSTEMPATH/View/View.php(227): CodeIgniter\View\View->CodeIgniter\View\{closure}()
 4 SYSTEMPATH/Common.php(1173): CodeIgniter\View\View->render('service_list', [], true)
 5 APPPATH/Controllers/Home.php(129): view('service_list', [...])
 6 SYSTEMPATH/CodeIgniter.php(933): App\Controllers\Home->fetch_services()
 7 SYSTEMPATH/CodeIgniter.php(507): CodeIgniter\CodeIgniter->runController(Object(App\Controllers\Home))
 8 SYSTEMPATH/CodeIgniter.php(354): CodeIgniter\CodeIgniter->handleRequest(null, Object(Config\Cache), false)
 9 SYSTEMPATH/Boot.php(334): CodeIgniter\CodeIgniter->run()
10 SYSTEMPATH/Boot.php(67): CodeIgniter\Boot::runCodeIgniter(Object(CodeIgniter\CodeIgniter))
11 FCPATH/index.php(27): CodeIgniter\Boot::bootWeb(Object(Config\Paths))
WARNING - 2025-09-30 13:40:16 --> [DEPRECATED] addslashes(): Passing null to parameter #1 ($string) of type string is deprecated in APPPATH/Views/service_list.php on line 10.
 1 APPPATH/Views/service_list.php(10): addslashes(null)
 2 SYSTEMPATH/View/View.php(224): include('/home/u810214334/domains/embellish-beauty.co.uk/public_html/app/Views/service_list.php')
 3 SYSTEMPATH/View/View.php(227): CodeIgniter\View\View->CodeIgniter\View\{closure}()
 4 SYSTEMPATH/Common.php(1173): CodeIgniter\View\View->render('service_list', [], true)
 5 APPPATH/Controllers/Home.php(129): view('service_list', [...])
 6 SYSTEMPATH/CodeIgniter.php(933): App\Controllers\Home->fetch_services()
 7 SYSTEMPATH/CodeIgniter.php(507): CodeIgniter\CodeIgniter->runController(Object(App\Controllers\Home))
 8 SYSTEMPATH/CodeIgniter.php(354): CodeIgniter\CodeIgniter->handleRequest(null, Object(Config\Cache), false)
 9 SYSTEMPATH/Boot.php(334): CodeIgniter\CodeIgniter->run()
10 SYSTEMPATH/Boot.php(67): CodeIgniter\Boot::runCodeIgniter(Object(CodeIgniter\CodeIgniter))
11 FCPATH/index.php(27): CodeIgniter\Boot::bootWeb(Object(Config\Paths))
WARNING - 2025-09-30 13:40:16 --> [DEPRECATED] addslashes(): Passing null to parameter #1 ($string) of type string is deprecated in APPPATH/Views/service_list.php on line 10.
 1 APPPATH/Views/service_list.php(10): addslashes(null)
 2 SYSTEMPATH/View/View.php(224): include('/home/u810214334/domains/embellish-beauty.co.uk/public_html/app/Views/service_list.php')
 3 SYSTEMPATH/View/View.php(227): CodeIgniter\View\View->CodeIgniter\View\{closure}()
 4 SYSTEMPATH/Common.php(1173): CodeIgniter\View\View->render('service_list', [], true)
 5 APPPATH/Controllers/Home.php(129): view('service_list', [...])
 6 SYSTEMPATH/CodeIgniter.php(933): App\Controllers\Home->fetch_services()
 7 SYSTEMPATH/CodeIgniter.php(507): CodeIgniter\CodeIgniter->runController(Object(App\Controllers\Home))
 8 SYSTEMPATH/CodeIgniter.php(354): CodeIgniter\CodeIgniter->handleRequest(null, Object(Config\Cache), false)
 9 SYSTEMPATH/Boot.php(334): CodeIgniter\CodeIgniter->run()
10 SYSTEMPATH/Boot.php(67): CodeIgniter\Boot::runCodeIgniter(Object(CodeIgniter\CodeIgniter))
11 FCPATH/index.php(27): CodeIgniter\Boot::bootWeb(Object(Config\Paths))
WARNING - 2025-09-30 13:40:16 --> [DEPRECATED] addslashes(): Passing null to parameter #1 ($string) of type string is deprecated in APPPATH/Views/service_list.php on line 10.
 1 APPPATH/Views/service_list.php(10): addslashes(null)
 2 SYSTEMPATH/View/View.php(224): include('/home/u810214334/domains/embellish-beauty.co.uk/public_html/app/Views/service_list.php')
 3 SYSTEMPATH/View/View.php(227): CodeIgniter\View\View->CodeIgniter\View\{closure}()
 4 SYSTEMPATH/Common.php(1173): CodeIgniter\View\View->render('service_list', [], true)
 5 APPPATH/Controllers/Home.php(129): view('service_list', [...])
 6 SYSTEMPATH/CodeIgniter.php(933): App\Controllers\Home->fetch_services()
 7 SYSTEMPATH/CodeIgniter.php(507): CodeIgniter\CodeIgniter->runController(Object(App\Controllers\Home))
 8 SYSTEMPATH/CodeIgniter.php(354): CodeIgniter\CodeIgniter->handleRequest(null, Object(Config\Cache), false)
 9 SYSTEMPATH/Boot.php(334): CodeIgniter\CodeIgniter->run()
10 SYSTEMPATH/Boot.php(67): CodeIgniter\Boot::runCodeIgniter(Object(CodeIgniter\CodeIgniter))
11 FCPATH/index.php(27): CodeIgniter\Boot::bootWeb(Object(Config\Paths))
WARNING - 2025-09-30 13:40:16 --> [DEPRECATED] addslashes(): Passing null to parameter #1 ($string) of type string is deprecated in APPPATH/Views/service_list.php on line 10.
 1 APPPATH/Views/service_list.php(10): addslashes(null)
 2 SYSTEMPATH/View/View.php(224): include('/home/u810214334/domains/embellish-beauty.co.uk/public_html/app/Views/service_list.php')
 3 SYSTEMPATH/View/View.php(227): CodeIgniter\View\View->CodeIgniter\View\{closure}()
 4 SYSTEMPATH/Common.php(1173): CodeIgniter\View\View->render('service_list', [], true)
 5 APPPATH/Controllers/Home.php(129): view('service_list', [...])
 6 SYSTEMPATH/CodeIgniter.php(933): App\Controllers\Home->fetch_services()
 7 SYSTEMPATH/CodeIgniter.php(507): CodeIgniter\CodeIgniter->runController(Object(App\Controllers\Home))
 8 SYSTEMPATH/CodeIgniter.php(354): CodeIgniter\CodeIgniter->handleRequest(null, Object(Config\Cache), false)
 9 SYSTEMPATH/Boot.php(334): CodeIgniter\CodeIgniter->run()
10 SYSTEMPATH/Boot.php(67): CodeIgniter\Boot::runCodeIgniter(Object(CodeIgniter\CodeIgniter))
11 FCPATH/index.php(27): CodeIgniter\Boot::bootWeb(Object(Config\Paths))
WARNING - 2025-09-30 13:40:16 --> [DEPRECATED] addslashes(): Passing null to parameter #1 ($string) of type string is deprecated in APPPATH/Views/service_list.php on line 10.
 1 APPPATH/Views/service_list.php(10): addslashes(null)
 2 SYSTEMPATH/View/View.php(224): include('/home/u810214334/domains/embellish-beauty.co.uk/public_html/app/Views/service_list.php')
 3 SYSTEMPATH/View/View.php(227): CodeIgniter\View\View->CodeIgniter\View\{closure}()
 4 SYSTEMPATH/Common.php(1173): CodeIgniter\View\View->render('service_list', [], true)
 5 APPPATH/Controllers/Home.php(129): view('service_list', [...])
 6 SYSTEMPATH/CodeIgniter.php(933): App\Controllers\Home->fetch_services()
 7 SYSTEMPATH/CodeIgniter.php(507): CodeIgniter\CodeIgniter->runController(Object(App\Controllers\Home))
 8 SYSTEMPATH/CodeIgniter.php(354): CodeIgniter\CodeIgniter->handleRequest(null, Object(Config\Cache), false)
 9 SYSTEMPATH/Boot.php(334): CodeIgniter\CodeIgniter->run()
10 SYSTEMPATH/Boot.php(67): CodeIgniter\Boot::runCodeIgniter(Object(CodeIgniter\CodeIgniter))
11 FCPATH/index.php(27): CodeIgniter\Boot::bootWeb(Object(Config\Paths))
WARNING - 2025-09-30 13:40:16 --> [DEPRECATED] addslashes(): Passing null to parameter #1 ($string) of type string is deprecated in APPPATH/Views/service_list.php on line 10.
 1 APPPATH/Views/service_list.php(10): addslashes(null)
 2 SYSTEMPATH/View/View.php(224): include('/home/u810214334/domains/embellish-beauty.co.uk/public_html/app/Views/service_list.php')
 3 SYSTEMPATH/View/View.php(227): CodeIgniter\View\View->CodeIgniter\View\{closure}()
 4 SYSTEMPATH/Common.php(1173): CodeIgniter\View\View->render('service_list', [], true)
 5 APPPATH/Controllers/Home.php(129): view('service_list', [...])
 6 SYSTEMPATH/CodeIgniter.php(933): App\Controllers\Home->fetch_services()
 7 SYSTEMPATH/CodeIgniter.php(507): CodeIgniter\CodeIgniter->runController(Object(App\Controllers\Home))
 8 SYSTEMPATH/CodeIgniter.php(354): CodeIgniter\CodeIgniter->handleRequest(null, Object(Config\Cache), false)
 9 SYSTEMPATH/Boot.php(334): CodeIgniter\CodeIgniter->run()
10 SYSTEMPATH/Boot.php(67): CodeIgniter\Boot::runCodeIgniter(Object(CodeIgniter\CodeIgniter))
11 FCPATH/index.php(27): CodeIgniter\Boot::bootWeb(Object(Config\Paths))
WARNING - 2025-09-30 13:40:16 --> [DEPRECATED] addslashes(): Passing null to parameter #1 ($string) of type string is deprecated in APPPATH/Views/service_list.php on line 10.
 1 APPPATH/Views/service_list.php(10): addslashes(null)
 2 SYSTEMPATH/View/View.php(224): include('/home/u810214334/domains/embellish-beauty.co.uk/public_html/app/Views/service_list.php')
 3 SYSTEMPATH/View/View.php(227): CodeIgniter\View\View->CodeIgniter\View\{closure}()
 4 SYSTEMPATH/Common.php(1173): CodeIgniter\View\View->render('service_list', [], true)
 5 APPPATH/Controllers/Home.php(129): view('service_list', [...])
 6 SYSTEMPATH/CodeIgniter.php(933): App\Controllers\Home->fetch_services()
 7 SYSTEMPATH/CodeIgniter.php(507): CodeIgniter\CodeIgniter->runController(Object(App\Controllers\Home))
 8 SYSTEMPATH/CodeIgniter.php(354): CodeIgniter\CodeIgniter->handleRequest(null, Object(Config\Cache), false)
 9 SYSTEMPATH/Boot.php(334): CodeIgniter\CodeIgniter->run()
10 SYSTEMPATH/Boot.php(67): CodeIgniter\Boot::runCodeIgniter(Object(CodeIgniter\CodeIgniter))
11 FCPATH/index.php(27): CodeIgniter\Boot::bootWeb(Object(Config\Paths))
WARNING - 2025-09-30 13:40:16 --> [DEPRECATED] addslashes(): Passing null to parameter #1 ($string) of type string is deprecated in APPPATH/Views/service_list.php on line 10.
 1 APPPATH/Views/service_list.php(10): addslashes(null)
 2 SYSTEMPATH/View/View.php(224): include('/home/u810214334/domains/embellish-beauty.co.uk/public_html/app/Views/service_list.php')
 3 SYSTEMPATH/View/View.php(227): CodeIgniter\View\View->CodeIgniter\View\{closure}()
 4 SYSTEMPATH/Common.php(1173): CodeIgniter\View\View->render('service_list', [], true)
 5 APPPATH/Controllers/Home.php(129): view('service_list', [...])
 6 SYSTEMPATH/CodeIgniter.php(933): App\Controllers\Home->fetch_services()
 7 SYSTEMPATH/CodeIgniter.php(507): CodeIgniter\CodeIgniter->runController(Object(App\Controllers\Home))
 8 SYSTEMPATH/CodeIgniter.php(354): CodeIgniter\CodeIgniter->handleRequest(null, Object(Config\Cache), false)
 9 SYSTEMPATH/Boot.php(334): CodeIgniter\CodeIgniter->run()
10 SYSTEMPATH/Boot.php(67): CodeIgniter\Boot::runCodeIgniter(Object(CodeIgniter\CodeIgniter))
11 FCPATH/index.php(27): CodeIgniter\Boot::bootWeb(Object(Config\Paths))
WARNING - 2025-09-30 13:40:16 --> [DEPRECATED] addslashes(): Passing null to parameter #1 ($string) of type string is deprecated in APPPATH/Views/service_list.php on line 10.
 1 APPPATH/Views/service_list.php(10): addslashes(null)
 2 SYSTEMPATH/View/View.php(224): include('/home/u810214334/domains/embellish-beauty.co.uk/public_html/app/Views/service_list.php')
 3 SYSTEMPATH/View/View.php(227): CodeIgniter\View\View->CodeIgniter\View\{closure}()
 4 SYSTEMPATH/Common.php(1173): CodeIgniter\View\View->render('service_list', [], true)
 5 APPPATH/Controllers/Home.php(129): view('service_list', [...])
 6 SYSTEMPATH/CodeIgniter.php(933): App\Controllers\Home->fetch_services()
 7 SYSTEMPATH/CodeIgniter.php(507): CodeIgniter\CodeIgniter->runController(Object(App\Controllers\Home))
 8 SYSTEMPATH/CodeIgniter.php(354): CodeIgniter\CodeIgniter->handleRequest(null, Object(Config\Cache), false)
 9 SYSTEMPATH/Boot.php(334): CodeIgniter\CodeIgniter->run()
10 SYSTEMPATH/Boot.php(67): CodeIgniter\Boot::runCodeIgniter(Object(CodeIgniter\CodeIgniter))
11 FCPATH/index.php(27): CodeIgniter\Boot::bootWeb(Object(Config\Paths))
DEBUG - 2025-09-30 13:40:18 --> Session: Class initialized using 'CodeIgniter\Session\Handlers\FileHandler' driver.
WARNING - 2025-09-30 13:40:18 --> [DEPRECATED] addslashes(): Passing null to parameter #1 ($string) of type string is deprecated in APPPATH/Views/service_list.php on line 10.
 1 APPPATH/Views/service_list.php(10): addslashes(null)
 2 SYSTEMPATH/View/View.php(224): include('/home/u810214334/domains/embellish-beauty.co.uk/public_html/app/Views/service_list.php')
 3 SYSTEMPATH/View/View.php(227): CodeIgniter\View\View->CodeIgniter\View\{closure}()
 4 SYSTEMPATH/Common.php(1173): CodeIgniter\View\View->render('service_list', [], true)
 5 APPPATH/Controllers/Home.php(129): view('service_list', [...])
 6 SYSTEMPATH/CodeIgniter.php(933): App\Controllers\Home->fetch_services()
 7 SYSTEMPATH/CodeIgniter.php(507): CodeIgniter\CodeIgniter->runController(Object(App\Controllers\Home))
 8 SYSTEMPATH/CodeIgniter.php(354): CodeIgniter\CodeIgniter->handleRequest(null, Object(Config\Cache), false)
 9 SYSTEMPATH/Boot.php(334): CodeIgniter\CodeIgniter->run()
10 SYSTEMPATH/Boot.php(67): CodeIgniter\Boot::runCodeIgniter(Object(CodeIgniter\CodeIgniter))
11 FCPATH/index.php(27): CodeIgniter\Boot::bootWeb(Object(Config\Paths))
WARNING - 2025-09-30 13:40:18 --> [DEPRECATED] addslashes(): Passing null to parameter #1 ($string) of type string is deprecated in APPPATH/Views/service_list.php on line 10.
 1 APPPATH/Views/service_list.php(10): addslashes(null)
 2 SYSTEMPATH/View/View.php(224): include('/home/u810214334/domains/embellish-beauty.co.uk/public_html/app/Views/service_list.php')
 3 SYSTEMPATH/View/View.php(227): CodeIgniter\View\View->CodeIgniter\View\{closure}()
 4 SYSTEMPATH/Common.php(1173): CodeIgniter\View\View->render('service_list', [], true)
 5 APPPATH/Controllers/Home.php(129): view('service_list', [...])
 6 SYSTEMPATH/CodeIgniter.php(933): App\Controllers\Home->fetch_services()
 7 SYSTEMPATH/CodeIgniter.php(507): CodeIgniter\CodeIgniter->runController(Object(App\Controllers\Home))
 8 SYSTEMPATH/CodeIgniter.php(354): CodeIgniter\CodeIgniter->handleRequest(null, Object(Config\Cache), false)
 9 SYSTEMPATH/Boot.php(334): CodeIgniter\CodeIgniter->run()
10 SYSTEMPATH/Boot.php(67): CodeIgniter\Boot::runCodeIgniter(Object(CodeIgniter\CodeIgniter))
11 FCPATH/index.php(27): CodeIgniter\Boot::bootWeb(Object(Config\Paths))
WARNING - 2025-09-30 13:40:18 --> [DEPRECATED] addslashes(): Passing null to parameter #1 ($string) of type string is deprecated in APPPATH/Views/service_list.php on line 10.
 1 APPPATH/Views/service_list.php(10): addslashes(null)
 2 SYSTEMPATH/View/View.php(224): include('/home/u810214334/domains/embellish-beauty.co.uk/public_html/app/Views/service_list.php')
 3 SYSTEMPATH/View/View.php(227): CodeIgniter\View\View->CodeIgniter\View\{closure}()
 4 SYSTEMPATH/Common.php(1173): CodeIgniter\View\View->render('service_list', [], true)
 5 APPPATH/Controllers/Home.php(129): view('service_list', [...])
 6 SYSTEMPATH/CodeIgniter.php(933): App\Controllers\Home->fetch_services()
 7 SYSTEMPATH/CodeIgniter.php(507): CodeIgniter\CodeIgniter->runController(Object(App\Controllers\Home))
 8 SYSTEMPATH/CodeIgniter.php(354): CodeIgniter\CodeIgniter->handleRequest(null, Object(Config\Cache), false)
 9 SYSTEMPATH/Boot.php(334): CodeIgniter\CodeIgniter->run()
10 SYSTEMPATH/Boot.php(67): CodeIgniter\Boot::runCodeIgniter(Object(CodeIgniter\CodeIgniter))
11 FCPATH/index.php(27): CodeIgniter\Boot::bootWeb(Object(Config\Paths))
WARNING - 2025-09-30 13:40:18 --> [DEPRECATED] addslashes(): Passing null to parameter #1 ($string) of type string is deprecated in APPPATH/Views/service_list.php on line 10.
 1 APPPATH/Views/service_list.php(10): addslashes(null)
 2 SYSTEMPATH/View/View.php(224): include('/home/u810214334/domains/embellish-beauty.co.uk/public_html/app/Views/service_list.php')
 3 SYSTEMPATH/View/View.php(227): CodeIgniter\View\View->CodeIgniter\View\{closure}()
 4 SYSTEMPATH/Common.php(1173): CodeIgniter\View\View->render('service_list', [], true)
 5 APPPATH/Controllers/Home.php(129): view('service_list', [...])
 6 SYSTEMPATH/CodeIgniter.php(933): App\Controllers\Home->fetch_services()
 7 SYSTEMPATH/CodeIgniter.php(507): CodeIgniter\CodeIgniter->runController(Object(App\Controllers\Home))
 8 SYSTEMPATH/CodeIgniter.php(354): CodeIgniter\CodeIgniter->handleRequest(null, Object(Config\Cache), false)
 9 SYSTEMPATH/Boot.php(334): CodeIgniter\CodeIgniter->run()
10 SYSTEMPATH/Boot.php(67): CodeIgniter\Boot::runCodeIgniter(Object(CodeIgniter\CodeIgniter))
11 FCPATH/index.php(27): CodeIgniter\Boot::bootWeb(Object(Config\Paths))
WARNING - 2025-09-30 13:40:18 --> [DEPRECATED] addslashes(): Passing null to parameter #1 ($string) of type string is deprecated in APPPATH/Views/service_list.php on line 10.
 1 APPPATH/Views/service_list.php(10): addslashes(null)
 2 SYSTEMPATH/View/View.php(224): include('/home/u810214334/domains/embellish-beauty.co.uk/public_html/app/Views/service_list.php')
 3 SYSTEMPATH/View/View.php(227): CodeIgniter\View\View->CodeIgniter\View\{closure}()
 4 SYSTEMPATH/Common.php(1173): CodeIgniter\View\View->render('service_list', [], true)
 5 APPPATH/Controllers/Home.php(129): view('service_list', [...])
 6 SYSTEMPATH/CodeIgniter.php(933): App\Controllers\Home->fetch_services()
 7 SYSTEMPATH/CodeIgniter.php(507): CodeIgniter\CodeIgniter->runController(Object(App\Controllers\Home))
 8 SYSTEMPATH/CodeIgniter.php(354): CodeIgniter\CodeIgniter->handleRequest(null, Object(Config\Cache), false)
 9 SYSTEMPATH/Boot.php(334): CodeIgniter\CodeIgniter->run()
10 SYSTEMPATH/Boot.php(67): CodeIgniter\Boot::runCodeIgniter(Object(CodeIgniter\CodeIgniter))
11 FCPATH/index.php(27): CodeIgniter\Boot::bootWeb(Object(Config\Paths))
WARNING - 2025-09-30 13:40:18 --> [DEPRECATED] addslashes(): Passing null to parameter #1 ($string) of type string is deprecated in APPPATH/Views/service_list.php on line 10.
 1 APPPATH/Views/service_list.php(10): addslashes(null)
 2 SYSTEMPATH/View/View.php(224): include('/home/u810214334/domains/embellish-beauty.co.uk/public_html/app/Views/service_list.php')
 3 SYSTEMPATH/View/View.php(227): CodeIgniter\View\View->CodeIgniter\View\{closure}()
 4 SYSTEMPATH/Common.php(1173): CodeIgniter\View\View->render('service_list', [], true)
 5 APPPATH/Controllers/Home.php(129): view('service_list', [...])
 6 SYSTEMPATH/CodeIgniter.php(933): App\Controllers\Home->fetch_services()
 7 SYSTEMPATH/CodeIgniter.php(507): CodeIgniter\CodeIgniter->runController(Object(App\Controllers\Home))
 8 SYSTEMPATH/CodeIgniter.php(354): CodeIgniter\CodeIgniter->handleRequest(null, Object(Config\Cache), false)
 9 SYSTEMPATH/Boot.php(334): CodeIgniter\CodeIgniter->run()
10 SYSTEMPATH/Boot.php(67): CodeIgniter\Boot::runCodeIgniter(Object(CodeIgniter\CodeIgniter))
11 FCPATH/index.php(27): CodeIgniter\Boot::bootWeb(Object(Config\Paths))
WARNING - 2025-09-30 13:40:18 --> [DEPRECATED] addslashes(): Passing null to parameter #1 ($string) of type string is deprecated in APPPATH/Views/service_list.php on line 10.
 1 APPPATH/Views/service_list.php(10): addslashes(null)
 2 SYSTEMPATH/View/View.php(224): include('/home/u810214334/domains/embellish-beauty.co.uk/public_html/app/Views/service_list.php')
 3 SYSTEMPATH/View/View.php(227): CodeIgniter\View\View->CodeIgniter\View\{closure}()
 4 SYSTEMPATH/Common.php(1173): CodeIgniter\View\View->render('service_list', [], true)
 5 APPPATH/Controllers/Home.php(129): view('service_list', [...])
 6 SYSTEMPATH/CodeIgniter.php(933): App\Controllers\Home->fetch_services()
 7 SYSTEMPATH/CodeIgniter.php(507): CodeIgniter\CodeIgniter->runController(Object(App\Controllers\Home))
 8 SYSTEMPATH/CodeIgniter.php(354): CodeIgniter\CodeIgniter->handleRequest(null, Object(Config\Cache), false)
 9 SYSTEMPATH/Boot.php(334): CodeIgniter\CodeIgniter->run()
10 SYSTEMPATH/Boot.php(67): CodeIgniter\Boot::runCodeIgniter(Object(CodeIgniter\CodeIgniter))
11 FCPATH/index.php(27): CodeIgniter\Boot::bootWeb(Object(Config\Paths))
WARNING - 2025-09-30 13:40:18 --> [DEPRECATED] addslashes(): Passing null to parameter #1 ($string) of type string is deprecated in APPPATH/Views/service_list.php on line 10.
 1 APPPATH/Views/service_list.php(10): addslashes(null)
 2 SYSTEMPATH/View/View.php(224): include('/home/u810214334/domains/embellish-beauty.co.uk/public_html/app/Views/service_list.php')
 3 SYSTEMPATH/View/View.php(227): CodeIgniter\View\View->CodeIgniter\View\{closure}()
 4 SYSTEMPATH/Common.php(1173): CodeIgniter\View\View->render('service_list', [], true)
 5 APPPATH/Controllers/Home.php(129): view('service_list', [...])
 6 SYSTEMPATH/CodeIgniter.php(933): App\Controllers\Home->fetch_services()
 7 SYSTEMPATH/CodeIgniter.php(507): CodeIgniter\CodeIgniter->runController(Object(App\Controllers\Home))
 8 SYSTEMPATH/CodeIgniter.php(354): CodeIgniter\CodeIgniter->handleRequest(null, Object(Config\Cache), false)
 9 SYSTEMPATH/Boot.php(334): CodeIgniter\CodeIgniter->run()
10 SYSTEMPATH/Boot.php(67): CodeIgniter\Boot::runCodeIgniter(Object(CodeIgniter\CodeIgniter))
11 FCPATH/index.php(27): CodeIgniter\Boot::bootWeb(Object(Config\Paths))
WARNING - 2025-09-30 13:40:18 --> [DEPRECATED] addslashes(): Passing null to parameter #1 ($string) of type string is deprecated in APPPATH/Views/service_list.php on line 10.
 1 APPPATH/Views/service_list.php(10): addslashes(null)
 2 SYSTEMPATH/View/View.php(224): include('/home/u810214334/domains/embellish-beauty.co.uk/public_html/app/Views/service_list.php')
 3 SYSTEMPATH/View/View.php(227): CodeIgniter\View\View->CodeIgniter\View\{closure}()
 4 SYSTEMPATH/Common.php(1173): CodeIgniter\View\View->render('service_list', [], true)
 5 APPPATH/Controllers/Home.php(129): view('service_list', [...])
 6 SYSTEMPATH/CodeIgniter.php(933): App\Controllers\Home->fetch_services()
 7 SYSTEMPATH/CodeIgniter.php(507): CodeIgniter\CodeIgniter->runController(Object(App\Controllers\Home))
 8 SYSTEMPATH/CodeIgniter.php(354): CodeIgniter\CodeIgniter->handleRequest(null, Object(Config\Cache), false)
 9 SYSTEMPATH/Boot.php(334): CodeIgniter\CodeIgniter->run()
10 SYSTEMPATH/Boot.php(67): CodeIgniter\Boot::runCodeIgniter(Object(CodeIgniter\CodeIgniter))
11 FCPATH/index.php(27): CodeIgniter\Boot::bootWeb(Object(Config\Paths))
WARNING - 2025-09-30 13:40:18 --> [DEPRECATED] addslashes(): Passing null to parameter #1 ($string) of type string is deprecated in APPPATH/Views/service_list.php on line 10.
 1 APPPATH/Views/service_list.php(10): addslashes(null)
 2 SYSTEMPATH/View/View.php(224): include('/home/u810214334/domains/embellish-beauty.co.uk/public_html/app/Views/service_list.php')
 3 SYSTEMPATH/View/View.php(227): CodeIgniter\View\View->CodeIgniter\View\{closure}()
 4 SYSTEMPATH/Common.php(1173): CodeIgniter\View\View->render('service_list', [], true)
 5 APPPATH/Controllers/Home.php(129): view('service_list', [...])
 6 SYSTEMPATH/CodeIgniter.php(933): App\Controllers\Home->fetch_services()
 7 SYSTEMPATH/CodeIgniter.php(507): CodeIgniter\CodeIgniter->runController(Object(App\Controllers\Home))
 8 SYSTEMPATH/CodeIgniter.php(354): CodeIgniter\CodeIgniter->handleRequest(null, Object(Config\Cache), false)
 9 SYSTEMPATH/Boot.php(334): CodeIgniter\CodeIgniter->run()
10 SYSTEMPATH/Boot.php(67): CodeIgniter\Boot::runCodeIgniter(Object(CodeIgniter\CodeIgniter))
11 FCPATH/index.php(27): CodeIgniter\Boot::bootWeb(Object(Config\Paths))
WARNING - 2025-09-30 13:40:18 --> [DEPRECATED] addslashes(): Passing null to parameter #1 ($string) of type string is deprecated in APPPATH/Views/service_list.php on line 10.
 1 APPPATH/Views/service_list.php(10): addslashes(null)
 2 SYSTEMPATH/View/View.php(224): include('/home/u810214334/domains/embellish-beauty.co.uk/public_html/app/Views/service_list.php')
 3 SYSTEMPATH/View/View.php(227): CodeIgniter\View\View->CodeIgniter\View\{closure}()
 4 SYSTEMPATH/Common.php(1173): CodeIgniter\View\View->render('service_list', [], true)
 5 APPPATH/Controllers/Home.php(129): view('service_list', [...])
 6 SYSTEMPATH/CodeIgniter.php(933): App\Controllers\Home->fetch_services()
 7 SYSTEMPATH/CodeIgniter.php(507): CodeIgniter\CodeIgniter->runController(Object(App\Controllers\Home))
 8 SYSTEMPATH/CodeIgniter.php(354): CodeIgniter\CodeIgniter->handleRequest(null, Object(Config\Cache), false)
 9 SYSTEMPATH/Boot.php(334): CodeIgniter\CodeIgniter->run()
10 SYSTEMPATH/Boot.php(67): CodeIgniter\Boot::runCodeIgniter(Object(CodeIgniter\CodeIgniter))
11 FCPATH/index.php(27): CodeIgniter\Boot::bootWeb(Object(Config\Paths))
WARNING - 2025-09-30 13:40:18 --> [DEPRECATED] addslashes(): Passing null to parameter #1 ($string) of type string is deprecated in APPPATH/Views/service_list.php on line 10.
 1 APPPATH/Views/service_list.php(10): addslashes(null)
 2 SYSTEMPATH/View/View.php(224): include('/home/u810214334/domains/embellish-beauty.co.uk/public_html/app/Views/service_list.php')
 3 SYSTEMPATH/View/View.php(227): CodeIgniter\View\View->CodeIgniter\View\{closure}()
 4 SYSTEMPATH/Common.php(1173): CodeIgniter\View\View->render('service_list', [], true)
 5 APPPATH/Controllers/Home.php(129): view('service_list', [...])
 6 SYSTEMPATH/CodeIgniter.php(933): App\Controllers\Home->fetch_services()
 7 SYSTEMPATH/CodeIgniter.php(507): CodeIgniter\CodeIgniter->runController(Object(App\Controllers\Home))
 8 SYSTEMPATH/CodeIgniter.php(354): CodeIgniter\CodeIgniter->handleRequest(null, Object(Config\Cache), false)
 9 SYSTEMPATH/Boot.php(334): CodeIgniter\CodeIgniter->run()
10 SYSTEMPATH/Boot.php(67): CodeIgniter\Boot::runCodeIgniter(Object(CodeIgniter\CodeIgniter))
11 FCPATH/index.php(27): CodeIgniter\Boot::bootWeb(Object(Config\Paths))
WARNING - 2025-09-30 13:40:18 --> [DEPRECATED] addslashes(): Passing null to parameter #1 ($string) of type string is deprecated in APPPATH/Views/service_list.php on line 10.
 1 APPPATH/Views/service_list.php(10): addslashes(null)
 2 SYSTEMPATH/View/View.php(224): include('/home/u810214334/domains/embellish-beauty.co.uk/public_html/app/Views/service_list.php')
 3 SYSTEMPATH/View/View.php(227): CodeIgniter\View\View->CodeIgniter\View\{closure}()
 4 SYSTEMPATH/Common.php(1173): CodeIgniter\View\View->render('service_list', [], true)
 5 APPPATH/Controllers/Home.php(129): view('service_list', [...])
 6 SYSTEMPATH/CodeIgniter.php(933): App\Controllers\Home->fetch_services()
 7 SYSTEMPATH/CodeIgniter.php(507): CodeIgniter\CodeIgniter->runController(Object(App\Controllers\Home))
 8 SYSTEMPATH/CodeIgniter.php(354): CodeIgniter\CodeIgniter->handleRequest(null, Object(Config\Cache), false)
 9 SYSTEMPATH/Boot.php(334): CodeIgniter\CodeIgniter->run()
10 SYSTEMPATH/Boot.php(67): CodeIgniter\Boot::runCodeIgniter(Object(CodeIgniter\CodeIgniter))
11 FCPATH/index.php(27): CodeIgniter\Boot::bootWeb(Object(Config\Paths))
WARNING - 2025-09-30 13:40:18 --> [DEPRECATED] addslashes(): Passing null to parameter #1 ($string) of type string is deprecated in APPPATH/Views/service_list.php on line 10.
 1 APPPATH/Views/service_list.php(10): addslashes(null)
 2 SYSTEMPATH/View/View.php(224): include('/home/u810214334/domains/embellish-beauty.co.uk/public_html/app/Views/service_list.php')
 3 SYSTEMPATH/View/View.php(227): CodeIgniter\View\View->CodeIgniter\View\{closure}()
 4 SYSTEMPATH/Common.php(1173): CodeIgniter\View\View->render('service_list', [], true)
 5 APPPATH/Controllers/Home.php(129): view('service_list', [...])
 6 SYSTEMPATH/CodeIgniter.php(933): App\Controllers\Home->fetch_services()
 7 SYSTEMPATH/CodeIgniter.php(507): CodeIgniter\CodeIgniter->runController(Object(App\Controllers\Home))
 8 SYSTEMPATH/CodeIgniter.php(354): CodeIgniter\CodeIgniter->handleRequest(null, Object(Config\Cache), false)
 9 SYSTEMPATH/Boot.php(334): CodeIgniter\CodeIgniter->run()
10 SYSTEMPATH/Boot.php(67): CodeIgniter\Boot::runCodeIgniter(Object(CodeIgniter\CodeIgniter))
11 FCPATH/index.php(27): CodeIgniter\Boot::bootWeb(Object(Config\Paths))
WARNING - 2025-09-30 13:40:18 --> [DEPRECATED] addslashes(): Passing null to parameter #1 ($string) of type string is deprecated in APPPATH/Views/service_list.php on line 10.
 1 APPPATH/Views/service_list.php(10): addslashes(null)
 2 SYSTEMPATH/View/View.php(224): include('/home/u810214334/domains/embellish-beauty.co.uk/public_html/app/Views/service_list.php')
 3 SYSTEMPATH/View/View.php(227): CodeIgniter\View\View->CodeIgniter\View\{closure}()
 4 SYSTEMPATH/Common.php(1173): CodeIgniter\View\View->render('service_list', [], true)
 5 APPPATH/Controllers/Home.php(129): view('service_list', [...])
 6 SYSTEMPATH/CodeIgniter.php(933): App\Controllers\Home->fetch_services()
 7 SYSTEMPATH/CodeIgniter.php(507): CodeIgniter\CodeIgniter->runController(Object(App\Controllers\Home))
 8 SYSTEMPATH/CodeIgniter.php(354): CodeIgniter\CodeIgniter->handleRequest(null, Object(Config\Cache), false)
 9 SYSTEMPATH/Boot.php(334): CodeIgniter\CodeIgniter->run()
10 SYSTEMPATH/Boot.php(67): CodeIgniter\Boot::runCodeIgniter(Object(CodeIgniter\CodeIgniter))
11 FCPATH/index.php(27): CodeIgniter\Boot::bootWeb(Object(Config\Paths))
WARNING - 2025-09-30 13:40:18 --> [DEPRECATED] addslashes(): Passing null to parameter #1 ($string) of type string is deprecated in APPPATH/Views/service_list.php on line 10.
 1 APPPATH/Views/service_list.php(10): addslashes(null)
 2 SYSTEMPATH/View/View.php(224): include('/home/u810214334/domains/embellish-beauty.co.uk/public_html/app/Views/service_list.php')
 3 SYSTEMPATH/View/View.php(227): CodeIgniter\View\View->CodeIgniter\View\{closure}()
 4 SYSTEMPATH/Common.php(1173): CodeIgniter\View\View->render('service_list', [], true)
 5 APPPATH/Controllers/Home.php(129): view('service_list', [...])
 6 SYSTEMPATH/CodeIgniter.php(933): App\Controllers\Home->fetch_services()
 7 SYSTEMPATH/CodeIgniter.php(507): CodeIgniter\CodeIgniter->runController(Object(App\Controllers\Home))
 8 SYSTEMPATH/CodeIgniter.php(354): CodeIgniter\CodeIgniter->handleRequest(null, Object(Config\Cache), false)
 9 SYSTEMPATH/Boot.php(334): CodeIgniter\CodeIgniter->run()
10 SYSTEMPATH/Boot.php(67): CodeIgniter\Boot::runCodeIgniter(Object(CodeIgniter\CodeIgniter))
11 FCPATH/index.php(27): CodeIgniter\Boot::bootWeb(Object(Config\Paths))
WARNING - 2025-09-30 13:40:18 --> [DEPRECATED] addslashes(): Passing null to parameter #1 ($string) of type string is deprecated in APPPATH/Views/service_list.php on line 10.
 1 APPPATH/Views/service_list.php(10): addslashes(null)
 2 SYSTEMPATH/View/View.php(224): include('/home/u810214334/domains/embellish-beauty.co.uk/public_html/app/Views/service_list.php')
 3 SYSTEMPATH/View/View.php(227): CodeIgniter\View\View->CodeIgniter\View\{closure}()
 4 SYSTEMPATH/Common.php(1173): CodeIgniter\View\View->render('service_list', [], true)
 5 APPPATH/Controllers/Home.php(129): view('service_list', [...])
 6 SYSTEMPATH/CodeIgniter.php(933): App\Controllers\Home->fetch_services()
 7 SYSTEMPATH/CodeIgniter.php(507): CodeIgniter\CodeIgniter->runController(Object(App\Controllers\Home))
 8 SYSTEMPATH/CodeIgniter.php(354): CodeIgniter\CodeIgniter->handleRequest(null, Object(Config\Cache), false)
 9 SYSTEMPATH/Boot.php(334): CodeIgniter\CodeIgniter->run()
10 SYSTEMPATH/Boot.php(67): CodeIgniter\Boot::runCodeIgniter(Object(CodeIgniter\CodeIgniter))
11 FCPATH/index.php(27): CodeIgniter\Boot::bootWeb(Object(Config\Paths))
WARNING - 2025-09-30 13:40:18 --> [DEPRECATED] addslashes(): Passing null to parameter #1 ($string) of type string is deprecated in APPPATH/Views/service_list.php on line 10.
 1 APPPATH/Views/service_list.php(10): addslashes(null)
 2 SYSTEMPATH/View/View.php(224): include('/home/u810214334/domains/embellish-beauty.co.uk/public_html/app/Views/service_list.php')
 3 SYSTEMPATH/View/View.php(227): CodeIgniter\View\View->CodeIgniter\View\{closure}()
 4 SYSTEMPATH/Common.php(1173): CodeIgniter\View\View->render('service_list', [], true)
 5 APPPATH/Controllers/Home.php(129): view('service_list', [...])
 6 SYSTEMPATH/CodeIgniter.php(933): App\Controllers\Home->fetch_services()
 7 SYSTEMPATH/CodeIgniter.php(507): CodeIgniter\CodeIgniter->runController(Object(App\Controllers\Home))
 8 SYSTEMPATH/CodeIgniter.php(354): CodeIgniter\CodeIgniter->handleRequest(null, Object(Config\Cache), false)
 9 SYSTEMPATH/Boot.php(334): CodeIgniter\CodeIgniter->run()
10 SYSTEMPATH/Boot.php(67): CodeIgniter\Boot::runCodeIgniter(Object(CodeIgniter\CodeIgniter))
11 FCPATH/index.php(27): CodeIgniter\Boot::bootWeb(Object(Config\Paths))
WARNING - 2025-09-30 13:40:18 --> [DEPRECATED] addslashes(): Passing null to parameter #1 ($string) of type string is deprecated in APPPATH/Views/service_list.php on line 10.
 1 APPPATH/Views/service_list.php(10): addslashes(null)
 2 SYSTEMPATH/View/View.php(224): include('/home/u810214334/domains/embellish-beauty.co.uk/public_html/app/Views/service_list.php')
 3 SYSTEMPATH/View/View.php(227): CodeIgniter\View\View->CodeIgniter\View\{closure}()
 4 SYSTEMPATH/Common.php(1173): CodeIgniter\View\View->render('service_list', [], true)
 5 APPPATH/Controllers/Home.php(129): view('service_list', [...])
 6 SYSTEMPATH/CodeIgniter.php(933): App\Controllers\Home->fetch_services()
 7 SYSTEMPATH/CodeIgniter.php(507): CodeIgniter\CodeIgniter->runController(Object(App\Controllers\Home))
 8 SYSTEMPATH/CodeIgniter.php(354): CodeIgniter\CodeIgniter->handleRequest(null, Object(Config\Cache), false)
 9 SYSTEMPATH/Boot.php(334): CodeIgniter\CodeIgniter->run()
10 SYSTEMPATH/Boot.php(67): CodeIgniter\Boot::runCodeIgniter(Object(CodeIgniter\CodeIgniter))
11 FCPATH/index.php(27): CodeIgniter\Boot::bootWeb(Object(Config\Paths))
WARNING - 2025-09-30 13:40:18 --> [DEPRECATED] addslashes(): Passing null to parameter #1 ($string) of type string is deprecated in APPPATH/Views/service_list.php on line 10.
 1 APPPATH/Views/service_list.php(10): addslashes(null)
 2 SYSTEMPATH/View/View.php(224): include('/home/u810214334/domains/embellish-beauty.co.uk/public_html/app/Views/service_list.php')
 3 SYSTEMPATH/View/View.php(227): CodeIgniter\View\View->CodeIgniter\View\{closure}()
 4 SYSTEMPATH/Common.php(1173): CodeIgniter\View\View->render('service_list', [], true)
 5 APPPATH/Controllers/Home.php(129): view('service_list', [...])
 6 SYSTEMPATH/CodeIgniter.php(933): App\Controllers\Home->fetch_services()
 7 SYSTEMPATH/CodeIgniter.php(507): CodeIgniter\CodeIgniter->runController(Object(App\Controllers\Home))
 8 SYSTEMPATH/CodeIgniter.php(354): CodeIgniter\CodeIgniter->handleRequest(null, Object(Config\Cache), false)
 9 SYSTEMPATH/Boot.php(334): CodeIgniter\CodeIgniter->run()
10 SYSTEMPATH/Boot.php(67): CodeIgniter\Boot::runCodeIgniter(Object(CodeIgniter\CodeIgniter))
11 FCPATH/index.php(27): CodeIgniter\Boot::bootWeb(Object(Config\Paths))
WARNING - 2025-09-30 13:40:18 --> [DEPRECATED] addslashes(): Passing null to parameter #1 ($string) of type string is deprecated in APPPATH/Views/service_list.php on line 10.
 1 APPPATH/Views/service_list.php(10): addslashes(null)
 2 SYSTEMPATH/View/View.php(224): include('/home/u810214334/domains/embellish-beauty.co.uk/public_html/app/Views/service_list.php')
 3 SYSTEMPATH/View/View.php(227): CodeIgniter\View\View->CodeIgniter\View\{closure}()
 4 SYSTEMPATH/Common.php(1173): CodeIgniter\View\View->render('service_list', [], true)
 5 APPPATH/Controllers/Home.php(129): view('service_list', [...])
 6 SYSTEMPATH/CodeIgniter.php(933): App\Controllers\Home->fetch_services()
 7 SYSTEMPATH/CodeIgniter.php(507): CodeIgniter\CodeIgniter->runController(Object(App\Controllers\Home))
 8 SYSTEMPATH/CodeIgniter.php(354): CodeIgniter\CodeIgniter->handleRequest(null, Object(Config\Cache), false)
 9 SYSTEMPATH/Boot.php(334): CodeIgniter\CodeIgniter->run()
10 SYSTEMPATH/Boot.php(67): CodeIgniter\Boot::runCodeIgniter(Object(CodeIgniter\CodeIgniter))
11 FCPATH/index.php(27): CodeIgniter\Boot::bootWeb(Object(Config\Paths))
WARNING - 2025-09-30 13:40:18 --> [DEPRECATED] addslashes(): Passing null to parameter #1 ($string) of type string is deprecated in APPPATH/Views/service_list.php on line 10.
 1 APPPATH/Views/service_list.php(10): addslashes(null)
 2 SYSTEMPATH/View/View.php(224): include('/home/u810214334/domains/embellish-beauty.co.uk/public_html/app/Views/service_list.php')
 3 SYSTEMPATH/View/View.php(227): CodeIgniter\View\View->CodeIgniter\View\{closure}()
 4 SYSTEMPATH/Common.php(1173): CodeIgniter\View\View->render('service_list', [], true)
 5 APPPATH/Controllers/Home.php(129): view('service_list', [...])
 6 SYSTEMPATH/CodeIgniter.php(933): App\Controllers\Home->fetch_services()
 7 SYSTEMPATH/CodeIgniter.php(507): CodeIgniter\CodeIgniter->runController(Object(App\Controllers\Home))
 8 SYSTEMPATH/CodeIgniter.php(354): CodeIgniter\CodeIgniter->handleRequest(null, Object(Config\Cache), false)
 9 SYSTEMPATH/Boot.php(334): CodeIgniter\CodeIgniter->run()
10 SYSTEMPATH/Boot.php(67): CodeIgniter\Boot::runCodeIgniter(Object(CodeIgniter\CodeIgniter))
11 FCPATH/index.php(27): CodeIgniter\Boot::bootWeb(Object(Config\Paths))
WARNING - 2025-09-30 13:40:18 --> [DEPRECATED] addslashes(): Passing null to parameter #1 ($string) of type string is deprecated in APPPATH/Views/service_list.php on line 10.
 1 APPPATH/Views/service_list.php(10): addslashes(null)
 2 SYSTEMPATH/View/View.php(224): include('/home/u810214334/domains/embellish-beauty.co.uk/public_html/app/Views/service_list.php')
 3 SYSTEMPATH/View/View.php(227): CodeIgniter\View\View->CodeIgniter\View\{closure}()
 4 SYSTEMPATH/Common.php(1173): CodeIgniter\View\View->render('service_list', [], true)
 5 APPPATH/Controllers/Home.php(129): view('service_list', [...])
 6 SYSTEMPATH/CodeIgniter.php(933): App\Controllers\Home->fetch_services()
 7 SYSTEMPATH/CodeIgniter.php(507): CodeIgniter\CodeIgniter->runController(Object(App\Controllers\Home))
 8 SYSTEMPATH/CodeIgniter.php(354): CodeIgniter\CodeIgniter->handleRequest(null, Object(Config\Cache), false)
 9 SYSTEMPATH/Boot.php(334): CodeIgniter\CodeIgniter->run()
10 SYSTEMPATH/Boot.php(67): CodeIgniter\Boot::runCodeIgniter(Object(CodeIgniter\CodeIgniter))
11 FCPATH/index.php(27): CodeIgniter\Boot::bootWeb(Object(Config\Paths))
WARNING - 2025-09-30 13:40:18 --> [DEPRECATED] addslashes(): Passing null to parameter #1 ($string) of type string is deprecated in APPPATH/Views/service_list.php on line 10.
 1 APPPATH/Views/service_list.php(10): addslashes(null)
 2 SYSTEMPATH/View/View.php(224): include('/home/u810214334/domains/embellish-beauty.co.uk/public_html/app/Views/service_list.php')
 3 SYSTEMPATH/View/View.php(227): CodeIgniter\View\View->CodeIgniter\View\{closure}()
 4 SYSTEMPATH/Common.php(1173): CodeIgniter\View\View->render('service_list', [], true)
 5 APPPATH/Controllers/Home.php(129): view('service_list', [...])
 6 SYSTEMPATH/CodeIgniter.php(933): App\Controllers\Home->fetch_services()
 7 SYSTEMPATH/CodeIgniter.php(507): CodeIgniter\CodeIgniter->runController(Object(App\Controllers\Home))
 8 SYSTEMPATH/CodeIgniter.php(354): CodeIgniter\CodeIgniter->handleRequest(null, Object(Config\Cache), false)
 9 SYSTEMPATH/Boot.php(334): CodeIgniter\CodeIgniter->run()
10 SYSTEMPATH/Boot.php(67): CodeIgniter\Boot::runCodeIgniter(Object(CodeIgniter\CodeIgniter))
11 FCPATH/index.php(27): CodeIgniter\Boot::bootWeb(Object(Config\Paths))
WARNING - 2025-09-30 13:40:18 --> [DEPRECATED] addslashes(): Passing null to parameter #1 ($string) of type string is deprecated in APPPATH/Views/service_list.php on line 10.
 1 APPPATH/Views/service_list.php(10): addslashes(null)
 2 SYSTEMPATH/View/View.php(224): include('/home/u810214334/domains/embellish-beauty.co.uk/public_html/app/Views/service_list.php')
 3 SYSTEMPATH/View/View.php(227): CodeIgniter\View\View->CodeIgniter\View\{closure}()
 4 SYSTEMPATH/Common.php(1173): CodeIgniter\View\View->render('service_list', [], true)
 5 APPPATH/Controllers/Home.php(129): view('service_list', [...])
 6 SYSTEMPATH/CodeIgniter.php(933): App\Controllers\Home->fetch_services()
 7 SYSTEMPATH/CodeIgniter.php(507): CodeIgniter\CodeIgniter->runController(Object(App\Controllers\Home))
 8 SYSTEMPATH/CodeIgniter.php(354): CodeIgniter\CodeIgniter->handleRequest(null, Object(Config\Cache), false)
 9 SYSTEMPATH/Boot.php(334): CodeIgniter\CodeIgniter->run()
10 SYSTEMPATH/Boot.php(67): CodeIgniter\Boot::runCodeIgniter(Object(CodeIgniter\CodeIgniter))
11 FCPATH/index.php(27): CodeIgniter\Boot::bootWeb(Object(Config\Paths))
WARNING - 2025-09-30 13:40:18 --> [DEPRECATED] addslashes(): Passing null to parameter #1 ($string) of type string is deprecated in APPPATH/Views/service_list.php on line 10.
 1 APPPATH/Views/service_list.php(10): addslashes(null)
 2 SYSTEMPATH/View/View.php(224): include('/home/u810214334/domains/embellish-beauty.co.uk/public_html/app/Views/service_list.php')
 3 SYSTEMPATH/View/View.php(227): CodeIgniter\View\View->CodeIgniter\View\{closure}()
 4 SYSTEMPATH/Common.php(1173): CodeIgniter\View\View->render('service_list', [], true)
 5 APPPATH/Controllers/Home.php(129): view('service_list', [...])
 6 SYSTEMPATH/CodeIgniter.php(933): App\Controllers\Home->fetch_services()
 7 SYSTEMPATH/CodeIgniter.php(507): CodeIgniter\CodeIgniter->runController(Object(App\Controllers\Home))
 8 SYSTEMPATH/CodeIgniter.php(354): CodeIgniter\CodeIgniter->handleRequest(null, Object(Config\Cache), false)
 9 SYSTEMPATH/Boot.php(334): CodeIgniter\CodeIgniter->run()
10 SYSTEMPATH/Boot.php(67): CodeIgniter\Boot::runCodeIgniter(Object(CodeIgniter\CodeIgniter))
11 FCPATH/index.php(27): CodeIgniter\Boot::bootWeb(Object(Config\Paths))
WARNING - 2025-09-30 13:40:18 --> [DEPRECATED] addslashes(): Passing null to parameter #1 ($string) of type string is deprecated in APPPATH/Views/service_list.php on line 10.
 1 APPPATH/Views/service_list.php(10): addslashes(null)
 2 SYSTEMPATH/View/View.php(224): include('/home/u810214334/domains/embellish-beauty.co.uk/public_html/app/Views/service_list.php')
 3 SYSTEMPATH/View/View.php(227): CodeIgniter\View\View->CodeIgniter\View\{closure}()
 4 SYSTEMPATH/Common.php(1173): CodeIgniter\View\View->render('service_list', [], true)
 5 APPPATH/Controllers/Home.php(129): view('service_list', [...])
 6 SYSTEMPATH/CodeIgniter.php(933): App\Controllers\Home->fetch_services()
 7 SYSTEMPATH/CodeIgniter.php(507): CodeIgniter\CodeIgniter->runController(Object(App\Controllers\Home))
 8 SYSTEMPATH/CodeIgniter.php(354): CodeIgniter\CodeIgniter->handleRequest(null, Object(Config\Cache), false)
 9 SYSTEMPATH/Boot.php(334): CodeIgniter\CodeIgniter->run()
10 SYSTEMPATH/Boot.php(67): CodeIgniter\Boot::runCodeIgniter(Object(CodeIgniter\CodeIgniter))
11 FCPATH/index.php(27): CodeIgniter\Boot::bootWeb(Object(Config\Paths))
WARNING - 2025-09-30 13:40:18 --> [DEPRECATED] addslashes(): Passing null to parameter #1 ($string) of type string is deprecated in APPPATH/Views/service_list.php on line 10.
 1 APPPATH/Views/service_list.php(10): addslashes(null)
 2 SYSTEMPATH/View/View.php(224): include('/home/u810214334/domains/embellish-beauty.co.uk/public_html/app/Views/service_list.php')
 3 SYSTEMPATH/View/View.php(227): CodeIgniter\View\View->CodeIgniter\View\{closure}()
 4 SYSTEMPATH/Common.php(1173): CodeIgniter\View\View->render('service_list', [], true)
 5 APPPATH/Controllers/Home.php(129): view('service_list', [...])
 6 SYSTEMPATH/CodeIgniter.php(933): App\Controllers\Home->fetch_services()
 7 SYSTEMPATH/CodeIgniter.php(507): CodeIgniter\CodeIgniter->runController(Object(App\Controllers\Home))
 8 SYSTEMPATH/CodeIgniter.php(354): CodeIgniter\CodeIgniter->handleRequest(null, Object(Config\Cache), false)
 9 SYSTEMPATH/Boot.php(334): CodeIgniter\CodeIgniter->run()
10 SYSTEMPATH/Boot.php(67): CodeIgniter\Boot::runCodeIgniter(Object(CodeIgniter\CodeIgniter))
11 FCPATH/index.php(27): CodeIgniter\Boot::bootWeb(Object(Config\Paths))
WARNING - 2025-09-30 13:40:18 --> [DEPRECATED] addslashes(): Passing null to parameter #1 ($string) of type string is deprecated in APPPATH/Views/service_list.php on line 10.
 1 APPPATH/Views/service_list.php(10): addslashes(null)
 2 SYSTEMPATH/View/View.php(224): include('/home/u810214334/domains/embellish-beauty.co.uk/public_html/app/Views/service_list.php')
 3 SYSTEMPATH/View/View.php(227): CodeIgniter\View\View->CodeIgniter\View\{closure}()
 4 SYSTEMPATH/Common.php(1173): CodeIgniter\View\View->render('service_list', [], true)
 5 APPPATH/Controllers/Home.php(129): view('service_list', [...])
 6 SYSTEMPATH/CodeIgniter.php(933): App\Controllers\Home->fetch_services()
 7 SYSTEMPATH/CodeIgniter.php(507): CodeIgniter\CodeIgniter->runController(Object(App\Controllers\Home))
 8 SYSTEMPATH/CodeIgniter.php(354): CodeIgniter\CodeIgniter->handleRequest(null, Object(Config\Cache), false)
 9 SYSTEMPATH/Boot.php(334): CodeIgniter\CodeIgniter->run()
10 SYSTEMPATH/Boot.php(67): CodeIgniter\Boot::runCodeIgniter(Object(CodeIgniter\CodeIgniter))
11 FCPATH/index.php(27): CodeIgniter\Boot::bootWeb(Object(Config\Paths))
DEBUG - 2025-09-30 13:40:21 --> Session: Class initialized using 'CodeIgniter\Session\Handlers\FileHandler' driver.
DEBUG - 2025-09-30 13:40:37 --> Session: Class initialized using 'CodeIgniter\Session\Handlers\FileHandler' driver.
DEBUG - 2025-09-30 14:02:12 --> Session: Class initialized using 'CodeIgniter\Session\Handlers\FileHandler' driver.
DEBUG - 2025-09-30 14:02:15 --> Session: Class initialized using 'CodeIgniter\Session\Handlers\FileHandler' driver.
DEBUG - 2025-09-30 14:02:17 --> Session: Class initialized using 'CodeIgniter\Session\Handlers\FileHandler' driver.
DEBUG - 2025-09-30 14:02:18 --> Session: Class initialized using 'CodeIgniter\Session\Handlers\FileHandler' driver.
DEBUG - 2025-09-30 14:02:18 --> Session: Class initialized using 'CodeIgniter\Session\Handlers\FileHandler' driver.
DEBUG - 2025-09-30 14:02:28 --> Session: Class initialized using 'CodeIgniter\Session\Handlers\FileHandler' driver.
DEBUG - 2025-09-30 14:02:29 --> Session: Class initialized using 'CodeIgniter\Session\Handlers\FileHandler' driver.
DEBUG - 2025-09-30 14:10:42 --> Session: Class initialized using 'CodeIgniter\Session\Handlers\FileHandler' driver.
DEBUG - 2025-09-30 14:13:00 --> Session: Class initialized using 'CodeIgniter\Session\Handlers\FileHandler' driver.
DEBUG - 2025-09-30 14:13:03 --> Session: Class initialized using 'CodeIgniter\Session\Handlers\FileHandler' driver.
DEBUG - 2025-09-30 14:13:08 --> Session: Class initialized using 'CodeIgniter\Session\Handlers\FileHandler' driver.
DEBUG - 2025-09-30 14:13:09 --> Session: Class initialized using 'CodeIgniter\Session\Handlers\FileHandler' driver.
DEBUG - 2025-09-30 14:13:09 --> Session: Class initialized using 'CodeIgniter\Session\Handlers\FileHandler' driver.
DEBUG - 2025-09-30 14:13:25 --> Session: Class initialized using 'CodeIgniter\Session\Handlers\FileHandler' driver.
DEBUG - 2025-09-30 14:13:26 --> Session: Class initialized using 'CodeIgniter\Session\Handlers\FileHandler' driver.
DEBUG - 2025-09-30 14:34:47 --> Session: Class initialized using 'CodeIgniter\Session\Handlers\FileHandler' driver.
DEBUG - 2025-09-30 14:57:41 --> Session: Class initialized using 'CodeIgniter\Session\Handlers\FileHandler' driver.
DEBUG - 2025-09-30 15:11:40 --> Session: Class initialized using 'CodeIgniter\Session\Handlers\FileHandler' driver.
DEBUG - 2025-09-30 15:11:44 --> Session: Class initialized using 'CodeIgniter\Session\Handlers\FileHandler' driver.
DEBUG - 2025-09-30 15:11:45 --> Session: Class initialized using 'CodeIgniter\Session\Handlers\FileHandler' driver.
DEBUG - 2025-09-30 15:11:45 --> Session: Class initialized using 'CodeIgniter\Session\Handlers\FileHandler' driver.
DEBUG - 2025-09-30 15:11:53 --> Session: Class initialized using 'CodeIgniter\Session\Handlers\FileHandler' driver.
DEBUG - 2025-09-30 15:12:16 --> Session: Class initialized using 'CodeIgniter\Session\Handlers\FileHandler' driver.
DEBUG - 2025-09-30 15:12:23 --> Session: Class initialized using 'CodeIgniter\Session\Handlers\FileHandler' driver.
DEBUG - 2025-09-30 15:12:38 --> Session: Class initialized using 'CodeIgniter\Session\Handlers\FileHandler' driver.
DEBUG - 2025-09-30 15:12:38 --> Session: Class initialized using 'CodeIgniter\Session\Handlers\FileHandler' driver.
DEBUG - 2025-09-30 15:12:44 --> Session: Class initialized using 'CodeIgniter\Session\Handlers\FileHandler' driver.
DEBUG - 2025-09-30 15:12:58 --> Session: Class initialized using 'CodeIgniter\Session\Handlers\FileHandler' driver.
DEBUG - 2025-09-30 15:13:10 --> Session: Class initialized using 'CodeIgniter\Session\Handlers\FileHandler' driver.
DEBUG - 2025-09-30 15:13:12 --> Session: Class initialized using 'CodeIgniter\Session\Handlers\FileHandler' driver.
DEBUG - 2025-09-30 15:13:12 --> Session: Class initialized using 'CodeIgniter\Session\Handlers\FileHandler' driver.
DEBUG - 2025-09-30 15:13:12 --> Session: Class initialized using 'CodeIgniter\Session\Handlers\FileHandler' driver.
DEBUG - 2025-09-30 15:13:13 --> Session: Class initialized using 'CodeIgniter\Session\Handlers\FileHandler' driver.
WARNING - 2025-09-30 15:13:13 --> [DEPRECATED] addslashes(): Passing null to parameter #1 ($string) of type string is deprecated in APPPATH/Views/service_list.php on line 10.
 1 APPPATH/Views/service_list.php(10): addslashes(null)
 2 SYSTEMPATH/View/View.php(224): include('/home/u810214334/domains/embellish-beauty.co.uk/public_html/app/Views/service_list.php')
 3 SYSTEMPATH/View/View.php(227): CodeIgniter\View\View->CodeIgniter\View\{closure}()
 4 SYSTEMPATH/Common.php(1173): CodeIgniter\View\View->render('service_list', [], true)
 5 APPPATH/Controllers/Home.php(129): view('service_list', [...])
 6 SYSTEMPATH/CodeIgniter.php(933): App\Controllers\Home->fetch_services()
 7 SYSTEMPATH/CodeIgniter.php(507): CodeIgniter\CodeIgniter->runController(Object(App\Controllers\Home))
 8 SYSTEMPATH/CodeIgniter.php(354): CodeIgniter\CodeIgniter->handleRequest(null, Object(Config\Cache), false)
 9 SYSTEMPATH/Boot.php(334): CodeIgniter\CodeIgniter->run()
10 SYSTEMPATH/Boot.php(67): CodeIgniter\Boot::runCodeIgniter(Object(CodeIgniter\CodeIgniter))
11 FCPATH/index.php(27): CodeIgniter\Boot::bootWeb(Object(Config\Paths))
WARNING - 2025-09-30 15:13:13 --> [DEPRECATED] addslashes(): Passing null to parameter #1 ($string) of type string is deprecated in APPPATH/Views/service_list.php on line 10.
 1 APPPATH/Views/service_list.php(10): addslashes(null)
 2 SYSTEMPATH/View/View.php(224): include('/home/u810214334/domains/embellish-beauty.co.uk/public_html/app/Views/service_list.php')
 3 SYSTEMPATH/View/View.php(227): CodeIgniter\View\View->CodeIgniter\View\{closure}()
 4 SYSTEMPATH/Common.php(1173): CodeIgniter\View\View->render('service_list', [], true)
 5 APPPATH/Controllers/Home.php(129): view('service_list', [...])
 6 SYSTEMPATH/CodeIgniter.php(933): App\Controllers\Home->fetch_services()
 7 SYSTEMPATH/CodeIgniter.php(507): CodeIgniter\CodeIgniter->runController(Object(App\Controllers\Home))
 8 SYSTEMPATH/CodeIgniter.php(354): CodeIgniter\CodeIgniter->handleRequest(null, Object(Config\Cache), false)
 9 SYSTEMPATH/Boot.php(334): CodeIgniter\CodeIgniter->run()
10 SYSTEMPATH/Boot.php(67): CodeIgniter\Boot::runCodeIgniter(Object(CodeIgniter\CodeIgniter))
11 FCPATH/index.php(27): CodeIgniter\Boot::bootWeb(Object(Config\Paths))
WARNING - 2025-09-30 15:13:13 --> [DEPRECATED] addslashes(): Passing null to parameter #1 ($string) of type string is deprecated in APPPATH/Views/service_list.php on line 10.
 1 APPPATH/Views/service_list.php(10): addslashes(null)
 2 SYSTEMPATH/View/View.php(224): include('/home/u810214334/domains/embellish-beauty.co.uk/public_html/app/Views/service_list.php')
 3 SYSTEMPATH/View/View.php(227): CodeIgniter\View\View->CodeIgniter\View\{closure}()
 4 SYSTEMPATH/Common.php(1173): CodeIgniter\View\View->render('service_list', [], true)
 5 APPPATH/Controllers/Home.php(129): view('service_list', [...])
 6 SYSTEMPATH/CodeIgniter.php(933): App\Controllers\Home->fetch_services()
 7 SYSTEMPATH/CodeIgniter.php(507): CodeIgniter\CodeIgniter->runController(Object(App\Controllers\Home))
 8 SYSTEMPATH/CodeIgniter.php(354): CodeIgniter\CodeIgniter->handleRequest(null, Object(Config\Cache), false)
 9 SYSTEMPATH/Boot.php(334): CodeIgniter\CodeIgniter->run()
10 SYSTEMPATH/Boot.php(67): CodeIgniter\Boot::runCodeIgniter(Object(CodeIgniter\CodeIgniter))
11 FCPATH/index.php(27): CodeIgniter\Boot::bootWeb(Object(Config\Paths))
WARNING - 2025-09-30 15:13:13 --> [DEPRECATED] addslashes(): Passing null to parameter #1 ($string) of type string is deprecated in APPPATH/Views/service_list.php on line 10.
 1 APPPATH/Views/service_list.php(10): addslashes(null)
 2 SYSTEMPATH/View/View.php(224): include('/home/u810214334/domains/embellish-beauty.co.uk/public_html/app/Views/service_list.php')
 3 SYSTEMPATH/View/View.php(227): CodeIgniter\View\View->CodeIgniter\View\{closure}()
 4 SYSTEMPATH/Common.php(1173): CodeIgniter\View\View->render('service_list', [], true)
 5 APPPATH/Controllers/Home.php(129): view('service_list', [...])
 6 SYSTEMPATH/CodeIgniter.php(933): App\Controllers\Home->fetch_services()
 7 SYSTEMPATH/CodeIgniter.php(507): CodeIgniter\CodeIgniter->runController(Object(App\Controllers\Home))
 8 SYSTEMPATH/CodeIgniter.php(354): CodeIgniter\CodeIgniter->handleRequest(null, Object(Config\Cache), false)
 9 SYSTEMPATH/Boot.php(334): CodeIgniter\CodeIgniter->run()
10 SYSTEMPATH/Boot.php(67): CodeIgniter\Boot::runCodeIgniter(Object(CodeIgniter\CodeIgniter))
11 FCPATH/index.php(27): CodeIgniter\Boot::bootWeb(Object(Config\Paths))
WARNING - 2025-09-30 15:13:13 --> [DEPRECATED] addslashes(): Passing null to parameter #1 ($string) of type string is deprecated in APPPATH/Views/service_list.php on line 10.
 1 APPPATH/Views/service_list.php(10): addslashes(null)
 2 SYSTEMPATH/View/View.php(224): include('/home/u810214334/domains/embellish-beauty.co.uk/public_html/app/Views/service_list.php')
 3 SYSTEMPATH/View/View.php(227): CodeIgniter\View\View->CodeIgniter\View\{closure}()
 4 SYSTEMPATH/Common.php(1173): CodeIgniter\View\View->render('service_list', [], true)
 5 APPPATH/Controllers/Home.php(129): view('service_list', [...])
 6 SYSTEMPATH/CodeIgniter.php(933): App\Controllers\Home->fetch_services()
 7 SYSTEMPATH/CodeIgniter.php(507): CodeIgniter\CodeIgniter->runController(Object(App\Controllers\Home))
 8 SYSTEMPATH/CodeIgniter.php(354): CodeIgniter\CodeIgniter->handleRequest(null, Object(Config\Cache), false)
 9 SYSTEMPATH/Boot.php(334): CodeIgniter\CodeIgniter->run()
10 SYSTEMPATH/Boot.php(67): CodeIgniter\Boot::runCodeIgniter(Object(CodeIgniter\CodeIgniter))
11 FCPATH/index.php(27): CodeIgniter\Boot::bootWeb(Object(Config\Paths))
WARNING - 2025-09-30 15:13:13 --> [DEPRECATED] addslashes(): Passing null to parameter #1 ($string) of type string is deprecated in APPPATH/Views/service_list.php on line 10.
 1 APPPATH/Views/service_list.php(10): addslashes(null)
 2 SYSTEMPATH/View/View.php(224): include('/home/u810214334/domains/embellish-beauty.co.uk/public_html/app/Views/service_list.php')
 3 SYSTEMPATH/View/View.php(227): CodeIgniter\View\View->CodeIgniter\View\{closure}()
 4 SYSTEMPATH/Common.php(1173): CodeIgniter\View\View->render('service_list', [], true)
 5 APPPATH/Controllers/Home.php(129): view('service_list', [...])
 6 SYSTEMPATH/CodeIgniter.php(933): App\Controllers\Home->fetch_services()
 7 SYSTEMPATH/CodeIgniter.php(507): CodeIgniter\CodeIgniter->runController(Object(App\Controllers\Home))
 8 SYSTEMPATH/CodeIgniter.php(354): CodeIgniter\CodeIgniter->handleRequest(null, Object(Config\Cache), false)
 9 SYSTEMPATH/Boot.php(334): CodeIgniter\CodeIgniter->run()
10 SYSTEMPATH/Boot.php(67): CodeIgniter\Boot::runCodeIgniter(Object(CodeIgniter\CodeIgniter))
11 FCPATH/index.php(27): CodeIgniter\Boot::bootWeb(Object(Config\Paths))
WARNING - 2025-09-30 15:13:13 --> [DEPRECATED] addslashes(): Passing null to parameter #1 ($string) of type string is deprecated in APPPATH/Views/service_list.php on line 10.
 1 APPPATH/Views/service_list.php(10): addslashes(null)
 2 SYSTEMPATH/View/View.php(224): include('/home/u810214334/domains/embellish-beauty.co.uk/public_html/app/Views/service_list.php')
 3 SYSTEMPATH/View/View.php(227): CodeIgniter\View\View->CodeIgniter\View\{closure}()
 4 SYSTEMPATH/Common.php(1173): CodeIgniter\View\View->render('service_list', [], true)
 5 APPPATH/Controllers/Home.php(129): view('service_list', [...])
 6 SYSTEMPATH/CodeIgniter.php(933): App\Controllers\Home->fetch_services()
 7 SYSTEMPATH/CodeIgniter.php(507): CodeIgniter\CodeIgniter->runController(Object(App\Controllers\Home))
 8 SYSTEMPATH/CodeIgniter.php(354): CodeIgniter\CodeIgniter->handleRequest(null, Object(Config\Cache), false)
 9 SYSTEMPATH/Boot.php(334): CodeIgniter\CodeIgniter->run()
10 SYSTEMPATH/Boot.php(67): CodeIgniter\Boot::runCodeIgniter(Object(CodeIgniter\CodeIgniter))
11 FCPATH/index.php(27): CodeIgniter\Boot::bootWeb(Object(Config\Paths))
WARNING - 2025-09-30 15:13:13 --> [DEPRECATED] addslashes(): Passing null to parameter #1 ($string) of type string is deprecated in APPPATH/Views/service_list.php on line 10.
 1 APPPATH/Views/service_list.php(10): addslashes(null)
 2 SYSTEMPATH/View/View.php(224): include('/home/u810214334/domains/embellish-beauty.co.uk/public_html/app/Views/service_list.php')
 3 SYSTEMPATH/View/View.php(227): CodeIgniter\View\View->CodeIgniter\View\{closure}()
 4 SYSTEMPATH/Common.php(1173): CodeIgniter\View\View->render('service_list', [], true)
 5 APPPATH/Controllers/Home.php(129): view('service_list', [...])
 6 SYSTEMPATH/CodeIgniter.php(933): App\Controllers\Home->fetch_services()
 7 SYSTEMPATH/CodeIgniter.php(507): CodeIgniter\CodeIgniter->runController(Object(App\Controllers\Home))
 8 SYSTEMPATH/CodeIgniter.php(354): CodeIgniter\CodeIgniter->handleRequest(null, Object(Config\Cache), false)
 9 SYSTEMPATH/Boot.php(334): CodeIgniter\CodeIgniter->run()
10 SYSTEMPATH/Boot.php(67): CodeIgniter\Boot::runCodeIgniter(Object(CodeIgniter\CodeIgniter))
11 FCPATH/index.php(27): CodeIgniter\Boot::bootWeb(Object(Config\Paths))
WARNING - 2025-09-30 15:13:13 --> [DEPRECATED] addslashes(): Passing null to parameter #1 ($string) of type string is deprecated in APPPATH/Views/service_list.php on line 10.
 1 APPPATH/Views/service_list.php(10): addslashes(null)
 2 SYSTEMPATH/View/View.php(224): include('/home/u810214334/domains/embellish-beauty.co.uk/public_html/app/Views/service_list.php')
 3 SYSTEMPATH/View/View.php(227): CodeIgniter\View\View->CodeIgniter\View\{closure}()
 4 SYSTEMPATH/Common.php(1173): CodeIgniter\View\View->render('service_list', [], true)
 5 APPPATH/Controllers/Home.php(129): view('service_list', [...])
 6 SYSTEMPATH/CodeIgniter.php(933): App\Controllers\Home->fetch_services()
 7 SYSTEMPATH/CodeIgniter.php(507): CodeIgniter\CodeIgniter->runController(Object(App\Controllers\Home))
 8 SYSTEMPATH/CodeIgniter.php(354): CodeIgniter\CodeIgniter->handleRequest(null, Object(Config\Cache), false)
 9 SYSTEMPATH/Boot.php(334): CodeIgniter\CodeIgniter->run()
10 SYSTEMPATH/Boot.php(67): CodeIgniter\Boot::runCodeIgniter(Object(CodeIgniter\CodeIgniter))
11 FCPATH/index.php(27): CodeIgniter\Boot::bootWeb(Object(Config\Paths))
WARNING - 2025-09-30 15:13:13 --> [DEPRECATED] addslashes(): Passing null to parameter #1 ($string) of type string is deprecated in APPPATH/Views/service_list.php on line 10.
 1 APPPATH/Views/service_list.php(10): addslashes(null)
 2 SYSTEMPATH/View/View.php(224): include('/home/u810214334/domains/embellish-beauty.co.uk/public_html/app/Views/service_list.php')
 3 SYSTEMPATH/View/View.php(227): CodeIgniter\View\View->CodeIgniter\View\{closure}()
 4 SYSTEMPATH/Common.php(1173): CodeIgniter\View\View->render('service_list', [], true)
 5 APPPATH/Controllers/Home.php(129): view('service_list', [...])
 6 SYSTEMPATH/CodeIgniter.php(933): App\Controllers\Home->fetch_services()
 7 SYSTEMPATH/CodeIgniter.php(507): CodeIgniter\CodeIgniter->runController(Object(App\Controllers\Home))
 8 SYSTEMPATH/CodeIgniter.php(354): CodeIgniter\CodeIgniter->handleRequest(null, Object(Config\Cache), false)
 9 SYSTEMPATH/Boot.php(334): CodeIgniter\CodeIgniter->run()
10 SYSTEMPATH/Boot.php(67): CodeIgniter\Boot::runCodeIgniter(Object(CodeIgniter\CodeIgniter))
11 FCPATH/index.php(27): CodeIgniter\Boot::bootWeb(Object(Config\Paths))
WARNING - 2025-09-30 15:13:13 --> [DEPRECATED] addslashes(): Passing null to parameter #1 ($string) of type string is deprecated in APPPATH/Views/service_list.php on line 10.
 1 APPPATH/Views/service_list.php(10): addslashes(null)
 2 SYSTEMPATH/View/View.php(224): include('/home/u810214334/domains/embellish-beauty.co.uk/public_html/app/Views/service_list.php')
 3 SYSTEMPATH/View/View.php(227): CodeIgniter\View\View->CodeIgniter\View\{closure}()
 4 SYSTEMPATH/Common.php(1173): CodeIgniter\View\View->render('service_list', [], true)
 5 APPPATH/Controllers/Home.php(129): view('service_list', [...])
 6 SYSTEMPATH/CodeIgniter.php(933): App\Controllers\Home->fetch_services()
 7 SYSTEMPATH/CodeIgniter.php(507): CodeIgniter\CodeIgniter->runController(Object(App\Controllers\Home))
 8 SYSTEMPATH/CodeIgniter.php(354): CodeIgniter\CodeIgniter->handleRequest(null, Object(Config\Cache), false)
 9 SYSTEMPATH/Boot.php(334): CodeIgniter\CodeIgniter->run()
10 SYSTEMPATH/Boot.php(67): CodeIgniter\Boot::runCodeIgniter(Object(CodeIgniter\CodeIgniter))
11 FCPATH/index.php(27): CodeIgniter\Boot::bootWeb(Object(Config\Paths))
WARNING - 2025-09-30 15:13:13 --> [DEPRECATED] addslashes(): Passing null to parameter #1 ($string) of type string is deprecated in APPPATH/Views/service_list.php on line 10.
 1 APPPATH/Views/service_list.php(10): addslashes(null)
 2 SYSTEMPATH/View/View.php(224): include('/home/u810214334/domains/embellish-beauty.co.uk/public_html/app/Views/service_list.php')
 3 SYSTEMPATH/View/View.php(227): CodeIgniter\View\View->CodeIgniter\View\{closure}()
 4 SYSTEMPATH/Common.php(1173): CodeIgniter\View\View->render('service_list', [], true)
 5 APPPATH/Controllers/Home.php(129): view('service_list', [...])
 6 SYSTEMPATH/CodeIgniter.php(933): App\Controllers\Home->fetch_services()
 7 SYSTEMPATH/CodeIgniter.php(507): CodeIgniter\CodeIgniter->runController(Object(App\Controllers\Home))
 8 SYSTEMPATH/CodeIgniter.php(354): CodeIgniter\CodeIgniter->handleRequest(null, Object(Config\Cache), false)
 9 SYSTEMPATH/Boot.php(334): CodeIgniter\CodeIgniter->run()
10 SYSTEMPATH/Boot.php(67): CodeIgniter\Boot::runCodeIgniter(Object(CodeIgniter\CodeIgniter))
11 FCPATH/index.php(27): CodeIgniter\Boot::bootWeb(Object(Config\Paths))
WARNING - 2025-09-30 15:13:13 --> [DEPRECATED] addslashes(): Passing null to parameter #1 ($string) of type string is deprecated in APPPATH/Views/service_list.php on line 10.
 1 APPPATH/Views/service_list.php(10): addslashes(null)
 2 SYSTEMPATH/View/View.php(224): include('/home/u810214334/domains/embellish-beauty.co.uk/public_html/app/Views/service_list.php')
 3 SYSTEMPATH/View/View.php(227): CodeIgniter\View\View->CodeIgniter\View\{closure}()
 4 SYSTEMPATH/Common.php(1173): CodeIgniter\View\View->render('service_list', [], true)
 5 APPPATH/Controllers/Home.php(129): view('service_list', [...])
 6 SYSTEMPATH/CodeIgniter.php(933): App\Controllers\Home->fetch_services()
 7 SYSTEMPATH/CodeIgniter.php(507): CodeIgniter\CodeIgniter->runController(Object(App\Controllers\Home))
 8 SYSTEMPATH/CodeIgniter.php(354): CodeIgniter\CodeIgniter->handleRequest(null, Object(Config\Cache), false)
 9 SYSTEMPATH/Boot.php(334): CodeIgniter\CodeIgniter->run()
10 SYSTEMPATH/Boot.php(67): CodeIgniter\Boot::runCodeIgniter(Object(CodeIgniter\CodeIgniter))
11 FCPATH/index.php(27): CodeIgniter\Boot::bootWeb(Object(Config\Paths))
WARNING - 2025-09-30 15:13:13 --> [DEPRECATED] addslashes(): Passing null to parameter #1 ($string) of type string is deprecated in APPPATH/Views/service_list.php on line 10.
 1 APPPATH/Views/service_list.php(10): addslashes(null)
 2 SYSTEMPATH/View/View.php(224): include('/home/u810214334/domains/embellish-beauty.co.uk/public_html/app/Views/service_list.php')
 3 SYSTEMPATH/View/View.php(227): CodeIgniter\View\View->CodeIgniter\View\{closure}()
 4 SYSTEMPATH/Common.php(1173): CodeIgniter\View\View->render('service_list', [], true)
 5 APPPATH/Controllers/Home.php(129): view('service_list', [...])
 6 SYSTEMPATH/CodeIgniter.php(933): App\Controllers\Home->fetch_services()
 7 SYSTEMPATH/CodeIgniter.php(507): CodeIgniter\CodeIgniter->runController(Object(App\Controllers\Home))
 8 SYSTEMPATH/CodeIgniter.php(354): CodeIgniter\CodeIgniter->handleRequest(null, Object(Config\Cache), false)
 9 SYSTEMPATH/Boot.php(334): CodeIgniter\CodeIgniter->run()
10 SYSTEMPATH/Boot.php(67): CodeIgniter\Boot::runCodeIgniter(Object(CodeIgniter\CodeIgniter))
11 FCPATH/index.php(27): CodeIgniter\Boot::bootWeb(Object(Config\Paths))
WARNING - 2025-09-30 15:13:13 --> [DEPRECATED] addslashes(): Passing null to parameter #1 ($string) of type string is deprecated in APPPATH/Views/service_list.php on line 10.
 1 APPPATH/Views/service_list.php(10): addslashes(null)
 2 SYSTEMPATH/View/View.php(224): include('/home/u810214334/domains/embellish-beauty.co.uk/public_html/app/Views/service_list.php')
 3 SYSTEMPATH/View/View.php(227): CodeIgniter\View\View->CodeIgniter\View\{closure}()
 4 SYSTEMPATH/Common.php(1173): CodeIgniter\View\View->render('service_list', [], true)
 5 APPPATH/Controllers/Home.php(129): view('service_list', [...])
 6 SYSTEMPATH/CodeIgniter.php(933): App\Controllers\Home->fetch_services()
 7 SYSTEMPATH/CodeIgniter.php(507): CodeIgniter\CodeIgniter->runController(Object(App\Controllers\Home))
 8 SYSTEMPATH/CodeIgniter.php(354): CodeIgniter\CodeIgniter->handleRequest(null, Object(Config\Cache), false)
 9 SYSTEMPATH/Boot.php(334): CodeIgniter\CodeIgniter->run()
10 SYSTEMPATH/Boot.php(67): CodeIgniter\Boot::runCodeIgniter(Object(CodeIgniter\CodeIgniter))
11 FCPATH/index.php(27): CodeIgniter\Boot::bootWeb(Object(Config\Paths))
WARNING - 2025-09-30 15:13:13 --> [DEPRECATED] addslashes(): Passing null to parameter #1 ($string) of type string is deprecated in APPPATH/Views/service_list.php on line 10.
 1 APPPATH/Views/service_list.php(10): addslashes(null)
 2 SYSTEMPATH/View/View.php(224): include('/home/u810214334/domains/embellish-beauty.co.uk/public_html/app/Views/service_list.php')
 3 SYSTEMPATH/View/View.php(227): CodeIgniter\View\View->CodeIgniter\View\{closure}()
 4 SYSTEMPATH/Common.php(1173): CodeIgniter\View\View->render('service_list', [], true)
 5 APPPATH/Controllers/Home.php(129): view('service_list', [...])
 6 SYSTEMPATH/CodeIgniter.php(933): App\Controllers\Home->fetch_services()
 7 SYSTEMPATH/CodeIgniter.php(507): CodeIgniter\CodeIgniter->runController(Object(App\Controllers\Home))
 8 SYSTEMPATH/CodeIgniter.php(354): CodeIgniter\CodeIgniter->handleRequest(null, Object(Config\Cache), false)
 9 SYSTEMPATH/Boot.php(334): CodeIgniter\CodeIgniter->run()
10 SYSTEMPATH/Boot.php(67): CodeIgniter\Boot::runCodeIgniter(Object(CodeIgniter\CodeIgniter))
11 FCPATH/index.php(27): CodeIgniter\Boot::bootWeb(Object(Config\Paths))
WARNING - 2025-09-30 15:13:13 --> [DEPRECATED] addslashes(): Passing null to parameter #1 ($string) of type string is deprecated in APPPATH/Views/service_list.php on line 10.
 1 APPPATH/Views/service_list.php(10): addslashes(null)
 2 SYSTEMPATH/View/View.php(224): include('/home/u810214334/domains/embellish-beauty.co.uk/public_html/app/Views/service_list.php')
 3 SYSTEMPATH/View/View.php(227): CodeIgniter\View\View->CodeIgniter\View\{closure}()
 4 SYSTEMPATH/Common.php(1173): CodeIgniter\View\View->render('service_list', [], true)
 5 APPPATH/Controllers/Home.php(129): view('service_list', [...])
 6 SYSTEMPATH/CodeIgniter.php(933): App\Controllers\Home->fetch_services()
 7 SYSTEMPATH/CodeIgniter.php(507): CodeIgniter\CodeIgniter->runController(Object(App\Controllers\Home))
 8 SYSTEMPATH/CodeIgniter.php(354): CodeIgniter\CodeIgniter->handleRequest(null, Object(Config\Cache), false)
 9 SYSTEMPATH/Boot.php(334): CodeIgniter\CodeIgniter->run()
10 SYSTEMPATH/Boot.php(67): CodeIgniter\Boot::runCodeIgniter(Object(CodeIgniter\CodeIgniter))
11 FCPATH/index.php(27): CodeIgniter\Boot::bootWeb(Object(Config\Paths))
WARNING - 2025-09-30 15:13:13 --> [DEPRECATED] addslashes(): Passing null to parameter #1 ($string) of type string is deprecated in APPPATH/Views/service_list.php on line 10.
 1 APPPATH/Views/service_list.php(10): addslashes(null)
 2 SYSTEMPATH/View/View.php(224): include('/home/u810214334/domains/embellish-beauty.co.uk/public_html/app/Views/service_list.php')
 3 SYSTEMPATH/View/View.php(227): CodeIgniter\View\View->CodeIgniter\View\{closure}()
 4 SYSTEMPATH/Common.php(1173): CodeIgniter\View\View->render('service_list', [], true)
 5 APPPATH/Controllers/Home.php(129): view('service_list', [...])
 6 SYSTEMPATH/CodeIgniter.php(933): App\Controllers\Home->fetch_services()
 7 SYSTEMPATH/CodeIgniter.php(507): CodeIgniter\CodeIgniter->runController(Object(App\Controllers\Home))
 8 SYSTEMPATH/CodeIgniter.php(354): CodeIgniter\CodeIgniter->handleRequest(null, Object(Config\Cache), false)
 9 SYSTEMPATH/Boot.php(334): CodeIgniter\CodeIgniter->run()
10 SYSTEMPATH/Boot.php(67): CodeIgniter\Boot::runCodeIgniter(Object(CodeIgniter\CodeIgniter))
11 FCPATH/index.php(27): CodeIgniter\Boot::bootWeb(Object(Config\Paths))
WARNING - 2025-09-30 15:13:13 --> [DEPRECATED] addslashes(): Passing null to parameter #1 ($string) of type string is deprecated in APPPATH/Views/service_list.php on line 10.
 1 APPPATH/Views/service_list.php(10): addslashes(null)
 2 SYSTEMPATH/View/View.php(224): include('/home/u810214334/domains/embellish-beauty.co.uk/public_html/app/Views/service_list.php')
 3 SYSTEMPATH/View/View.php(227): CodeIgniter\View\View->CodeIgniter\View\{closure}()
 4 SYSTEMPATH/Common.php(1173): CodeIgniter\View\View->render('service_list', [], true)
 5 APPPATH/Controllers/Home.php(129): view('service_list', [...])
 6 SYSTEMPATH/CodeIgniter.php(933): App\Controllers\Home->fetch_services()
 7 SYSTEMPATH/CodeIgniter.php(507): CodeIgniter\CodeIgniter->runController(Object(App\Controllers\Home))
 8 SYSTEMPATH/CodeIgniter.php(354): CodeIgniter\CodeIgniter->handleRequest(null, Object(Config\Cache), false)
 9 SYSTEMPATH/Boot.php(334): CodeIgniter\CodeIgniter->run()
10 SYSTEMPATH/Boot.php(67): CodeIgniter\Boot::runCodeIgniter(Object(CodeIgniter\CodeIgniter))
11 FCPATH/index.php(27): CodeIgniter\Boot::bootWeb(Object(Config\Paths))
WARNING - 2025-09-30 15:13:13 --> [DEPRECATED] addslashes(): Passing null to parameter #1 ($string) of type string is deprecated in APPPATH/Views/service_list.php on line 10.
 1 APPPATH/Views/service_list.php(10): addslashes(null)
 2 SYSTEMPATH/View/View.php(224): include('/home/u810214334/domains/embellish-beauty.co.uk/public_html/app/Views/service_list.php')
 3 SYSTEMPATH/View/View.php(227): CodeIgniter\View\View->CodeIgniter\View\{closure}()
 4 SYSTEMPATH/Common.php(1173): CodeIgniter\View\View->render('service_list', [], true)
 5 APPPATH/Controllers/Home.php(129): view('service_list', [...])
 6 SYSTEMPATH/CodeIgniter.php(933): App\Controllers\Home->fetch_services()
 7 SYSTEMPATH/CodeIgniter.php(507): CodeIgniter\CodeIgniter->runController(Object(App\Controllers\Home))
 8 SYSTEMPATH/CodeIgniter.php(354): CodeIgniter\CodeIgniter->handleRequest(null, Object(Config\Cache), false)
 9 SYSTEMPATH/Boot.php(334): CodeIgniter\CodeIgniter->run()
10 SYSTEMPATH/Boot.php(67): CodeIgniter\Boot::runCodeIgniter(Object(CodeIgniter\CodeIgniter))
11 FCPATH/index.php(27): CodeIgniter\Boot::bootWeb(Object(Config\Paths))
WARNING - 2025-09-30 15:13:13 --> [DEPRECATED] addslashes(): Passing null to parameter #1 ($string) of type string is deprecated in APPPATH/Views/service_list.php on line 10.
 1 APPPATH/Views/service_list.php(10): addslashes(null)
 2 SYSTEMPATH/View/View.php(224): include('/home/u810214334/domains/embellish-beauty.co.uk/public_html/app/Views/service_list.php')
 3 SYSTEMPATH/View/View.php(227): CodeIgniter\View\View->CodeIgniter\View\{closure}()
 4 SYSTEMPATH/Common.php(1173): CodeIgniter\View\View->render('service_list', [], true)
 5 APPPATH/Controllers/Home.php(129): view('service_list', [...])
 6 SYSTEMPATH/CodeIgniter.php(933): App\Controllers\Home->fetch_services()
 7 SYSTEMPATH/CodeIgniter.php(507): CodeIgniter\CodeIgniter->runController(Object(App\Controllers\Home))
 8 SYSTEMPATH/CodeIgniter.php(354): CodeIgniter\CodeIgniter->handleRequest(null, Object(Config\Cache), false)
 9 SYSTEMPATH/Boot.php(334): CodeIgniter\CodeIgniter->run()
10 SYSTEMPATH/Boot.php(67): CodeIgniter\Boot::runCodeIgniter(Object(CodeIgniter\CodeIgniter))
11 FCPATH/index.php(27): CodeIgniter\Boot::bootWeb(Object(Config\Paths))
WARNING - 2025-09-30 15:13:13 --> [DEPRECATED] addslashes(): Passing null to parameter #1 ($string) of type string is deprecated in APPPATH/Views/service_list.php on line 10.
 1 APPPATH/Views/service_list.php(10): addslashes(null)
 2 SYSTEMPATH/View/View.php(224): include('/home/u810214334/domains/embellish-beauty.co.uk/public_html/app/Views/service_list.php')
 3 SYSTEMPATH/View/View.php(227): CodeIgniter\View\View->CodeIgniter\View\{closure}()
 4 SYSTEMPATH/Common.php(1173): CodeIgniter\View\View->render('service_list', [], true)
 5 APPPATH/Controllers/Home.php(129): view('service_list', [...])
 6 SYSTEMPATH/CodeIgniter.php(933): App\Controllers\Home->fetch_services()
 7 SYSTEMPATH/CodeIgniter.php(507): CodeIgniter\CodeIgniter->runController(Object(App\Controllers\Home))
 8 SYSTEMPATH/CodeIgniter.php(354): CodeIgniter\CodeIgniter->handleRequest(null, Object(Config\Cache), false)
 9 SYSTEMPATH/Boot.php(334): CodeIgniter\CodeIgniter->run()
10 SYSTEMPATH/Boot.php(67): CodeIgniter\Boot::runCodeIgniter(Object(CodeIgniter\CodeIgniter))
11 FCPATH/index.php(27): CodeIgniter\Boot::bootWeb(Object(Config\Paths))
WARNING - 2025-09-30 15:13:13 --> [DEPRECATED] addslashes(): Passing null to parameter #1 ($string) of type string is deprecated in APPPATH/Views/service_list.php on line 10.
 1 APPPATH/Views/service_list.php(10): addslashes(null)
 2 SYSTEMPATH/View/View.php(224): include('/home/u810214334/domains/embellish-beauty.co.uk/public_html/app/Views/service_list.php')
 3 SYSTEMPATH/View/View.php(227): CodeIgniter\View\View->CodeIgniter\View\{closure}()
 4 SYSTEMPATH/Common.php(1173): CodeIgniter\View\View->render('service_list', [], true)
 5 APPPATH/Controllers/Home.php(129): view('service_list', [...])
 6 SYSTEMPATH/CodeIgniter.php(933): App\Controllers\Home->fetch_services()
 7 SYSTEMPATH/CodeIgniter.php(507): CodeIgniter\CodeIgniter->runController(Object(App\Controllers\Home))
 8 SYSTEMPATH/CodeIgniter.php(354): CodeIgniter\CodeIgniter->handleRequest(null, Object(Config\Cache), false)
 9 SYSTEMPATH/Boot.php(334): CodeIgniter\CodeIgniter->run()
10 SYSTEMPATH/Boot.php(67): CodeIgniter\Boot::runCodeIgniter(Object(CodeIgniter\CodeIgniter))
11 FCPATH/index.php(27): CodeIgniter\Boot::bootWeb(Object(Config\Paths))
WARNING - 2025-09-30 15:13:13 --> [DEPRECATED] addslashes(): Passing null to parameter #1 ($string) of type string is deprecated in APPPATH/Views/service_list.php on line 10.
 1 APPPATH/Views/service_list.php(10): addslashes(null)
 2 SYSTEMPATH/View/View.php(224): include('/home/u810214334/domains/embellish-beauty.co.uk/public_html/app/Views/service_list.php')
 3 SYSTEMPATH/View/View.php(227): CodeIgniter\View\View->CodeIgniter\View\{closure}()
 4 SYSTEMPATH/Common.php(1173): CodeIgniter\View\View->render('service_list', [], true)
 5 APPPATH/Controllers/Home.php(129): view('service_list', [...])
 6 SYSTEMPATH/CodeIgniter.php(933): App\Controllers\Home->fetch_services()
 7 SYSTEMPATH/CodeIgniter.php(507): CodeIgniter\CodeIgniter->runController(Object(App\Controllers\Home))
 8 SYSTEMPATH/CodeIgniter.php(354): CodeIgniter\CodeIgniter->handleRequest(null, Object(Config\Cache), false)
 9 SYSTEMPATH/Boot.php(334): CodeIgniter\CodeIgniter->run()
10 SYSTEMPATH/Boot.php(67): CodeIgniter\Boot::runCodeIgniter(Object(CodeIgniter\CodeIgniter))
11 FCPATH/index.php(27): CodeIgniter\Boot::bootWeb(Object(Config\Paths))
WARNING - 2025-09-30 15:13:13 --> [DEPRECATED] addslashes(): Passing null to parameter #1 ($string) of type string is deprecated in APPPATH/Views/service_list.php on line 10.
 1 APPPATH/Views/service_list.php(10): addslashes(null)
 2 SYSTEMPATH/View/View.php(224): include('/home/u810214334/domains/embellish-beauty.co.uk/public_html/app/Views/service_list.php')
 3 SYSTEMPATH/View/View.php(227): CodeIgniter\View\View->CodeIgniter\View\{closure}()
 4 SYSTEMPATH/Common.php(1173): CodeIgniter\View\View->render('service_list', [], true)
 5 APPPATH/Controllers/Home.php(129): view('service_list', [...])
 6 SYSTEMPATH/CodeIgniter.php(933): App\Controllers\Home->fetch_services()
 7 SYSTEMPATH/CodeIgniter.php(507): CodeIgniter\CodeIgniter->runController(Object(App\Controllers\Home))
 8 SYSTEMPATH/CodeIgniter.php(354): CodeIgniter\CodeIgniter->handleRequest(null, Object(Config\Cache), false)
 9 SYSTEMPATH/Boot.php(334): CodeIgniter\CodeIgniter->run()
10 SYSTEMPATH/Boot.php(67): CodeIgniter\Boot::runCodeIgniter(Object(CodeIgniter\CodeIgniter))
11 FCPATH/index.php(27): CodeIgniter\Boot::bootWeb(Object(Config\Paths))
WARNING - 2025-09-30 15:13:13 --> [DEPRECATED] addslashes(): Passing null to parameter #1 ($string) of type string is deprecated in APPPATH/Views/service_list.php on line 10.
 1 APPPATH/Views/service_list.php(10): addslashes(null)
 2 SYSTEMPATH/View/View.php(224): include('/home/u810214334/domains/embellish-beauty.co.uk/public_html/app/Views/service_list.php')
 3 SYSTEMPATH/View/View.php(227): CodeIgniter\View\View->CodeIgniter\View\{closure}()
 4 SYSTEMPATH/Common.php(1173): CodeIgniter\View\View->render('service_list', [], true)
 5 APPPATH/Controllers/Home.php(129): view('service_list', [...])
 6 SYSTEMPATH/CodeIgniter.php(933): App\Controllers\Home->fetch_services()
 7 SYSTEMPATH/CodeIgniter.php(507): CodeIgniter\CodeIgniter->runController(Object(App\Controllers\Home))
 8 SYSTEMPATH/CodeIgniter.php(354): CodeIgniter\CodeIgniter->handleRequest(null, Object(Config\Cache), false)
 9 SYSTEMPATH/Boot.php(334): CodeIgniter\CodeIgniter->run()
10 SYSTEMPATH/Boot.php(67): CodeIgniter\Boot::runCodeIgniter(Object(CodeIgniter\CodeIgniter))
11 FCPATH/index.php(27): CodeIgniter\Boot::bootWeb(Object(Config\Paths))
WARNING - 2025-09-30 15:13:13 --> [DEPRECATED] addslashes(): Passing null to parameter #1 ($string) of type string is deprecated in APPPATH/Views/service_list.php on line 10.
 1 APPPATH/Views/service_list.php(10): addslashes(null)
 2 SYSTEMPATH/View/View.php(224): include('/home/u810214334/domains/embellish-beauty.co.uk/public_html/app/Views/service_list.php')
 3 SYSTEMPATH/View/View.php(227): CodeIgniter\View\View->CodeIgniter\View\{closure}()
 4 SYSTEMPATH/Common.php(1173): CodeIgniter\View\View->render('service_list', [], true)
 5 APPPATH/Controllers/Home.php(129): view('service_list', [...])
 6 SYSTEMPATH/CodeIgniter.php(933): App\Controllers\Home->fetch_services()
 7 SYSTEMPATH/CodeIgniter.php(507): CodeIgniter\CodeIgniter->runController(Object(App\Controllers\Home))
 8 SYSTEMPATH/CodeIgniter.php(354): CodeIgniter\CodeIgniter->handleRequest(null, Object(Config\Cache), false)
 9 SYSTEMPATH/Boot.php(334): CodeIgniter\CodeIgniter->run()
10 SYSTEMPATH/Boot.php(67): CodeIgniter\Boot::runCodeIgniter(Object(CodeIgniter\CodeIgniter))
11 FCPATH/index.php(27): CodeIgniter\Boot::bootWeb(Object(Config\Paths))
WARNING - 2025-09-30 15:13:13 --> [DEPRECATED] addslashes(): Passing null to parameter #1 ($string) of type string is deprecated in APPPATH/Views/service_list.php on line 10.
 1 APPPATH/Views/service_list.php(10): addslashes(null)
 2 SYSTEMPATH/View/View.php(224): include('/home/u810214334/domains/embellish-beauty.co.uk/public_html/app/Views/service_list.php')
 3 SYSTEMPATH/View/View.php(227): CodeIgniter\View\View->CodeIgniter\View\{closure}()
 4 SYSTEMPATH/Common.php(1173): CodeIgniter\View\View->render('service_list', [], true)
 5 APPPATH/Controllers/Home.php(129): view('service_list', [...])
 6 SYSTEMPATH/CodeIgniter.php(933): App\Controllers\Home->fetch_services()
 7 SYSTEMPATH/CodeIgniter.php(507): CodeIgniter\CodeIgniter->runController(Object(App\Controllers\Home))
 8 SYSTEMPATH/CodeIgniter.php(354): CodeIgniter\CodeIgniter->handleRequest(null, Object(Config\Cache), false)
 9 SYSTEMPATH/Boot.php(334): CodeIgniter\CodeIgniter->run()
10 SYSTEMPATH/Boot.php(67): CodeIgniter\Boot::runCodeIgniter(Object(CodeIgniter\CodeIgniter))
11 FCPATH/index.php(27): CodeIgniter\Boot::bootWeb(Object(Config\Paths))
WARNING - 2025-09-30 15:13:13 --> [DEPRECATED] addslashes(): Passing null to parameter #1 ($string) of type string is deprecated in APPPATH/Views/service_list.php on line 10.
 1 APPPATH/Views/service_list.php(10): addslashes(null)
 2 SYSTEMPATH/View/View.php(224): include('/home/u810214334/domains/embellish-beauty.co.uk/public_html/app/Views/service_list.php')
 3 SYSTEMPATH/View/View.php(227): CodeIgniter\View\View->CodeIgniter\View\{closure}()
 4 SYSTEMPATH/Common.php(1173): CodeIgniter\View\View->render('service_list', [], true)
 5 APPPATH/Controllers/Home.php(129): view('service_list', [...])
 6 SYSTEMPATH/CodeIgniter.php(933): App\Controllers\Home->fetch_services()
 7 SYSTEMPATH/CodeIgniter.php(507): CodeIgniter\CodeIgniter->runController(Object(App\Controllers\Home))
 8 SYSTEMPATH/CodeIgniter.php(354): CodeIgniter\CodeIgniter->handleRequest(null, Object(Config\Cache), false)
 9 SYSTEMPATH/Boot.php(334): CodeIgniter\CodeIgniter->run()
10 SYSTEMPATH/Boot.php(67): CodeIgniter\Boot::runCodeIgniter(Object(CodeIgniter\CodeIgniter))
11 FCPATH/index.php(27): CodeIgniter\Boot::bootWeb(Object(Config\Paths))
DEBUG - 2025-09-30 15:13:21 --> Session: Class initialized using 'CodeIgniter\Session\Handlers\FileHandler' driver.
WARNING - 2025-09-30 15:13:21 --> [DEPRECATED] addslashes(): Passing null to parameter #1 ($string) of type string is deprecated in APPPATH/Views/service_list.php on line 10.
 1 APPPATH/Views/service_list.php(10): addslashes(null)
 2 SYSTEMPATH/View/View.php(224): include('/home/u810214334/domains/embellish-beauty.co.uk/public_html/app/Views/service_list.php')
 3 SYSTEMPATH/View/View.php(227): CodeIgniter\View\View->CodeIgniter\View\{closure}()
 4 SYSTEMPATH/Common.php(1173): CodeIgniter\View\View->render('service_list', [], true)
 5 APPPATH/Controllers/Home.php(129): view('service_list', [...])
 6 SYSTEMPATH/CodeIgniter.php(933): App\Controllers\Home->fetch_services()
 7 SYSTEMPATH/CodeIgniter.php(507): CodeIgniter\CodeIgniter->runController(Object(App\Controllers\Home))
 8 SYSTEMPATH/CodeIgniter.php(354): CodeIgniter\CodeIgniter->handleRequest(null, Object(Config\Cache), false)
 9 SYSTEMPATH/Boot.php(334): CodeIgniter\CodeIgniter->run()
10 SYSTEMPATH/Boot.php(67): CodeIgniter\Boot::runCodeIgniter(Object(CodeIgniter\CodeIgniter))
11 FCPATH/index.php(27): CodeIgniter\Boot::bootWeb(Object(Config\Paths))
WARNING - 2025-09-30 15:13:21 --> [DEPRECATED] addslashes(): Passing null to parameter #1 ($string) of type string is deprecated in APPPATH/Views/service_list.php on line 10.
 1 APPPATH/Views/service_list.php(10): addslashes(null)
 2 SYSTEMPATH/View/View.php(224): include('/home/u810214334/domains/embellish-beauty.co.uk/public_html/app/Views/service_list.php')
 3 SYSTEMPATH/View/View.php(227): CodeIgniter\View\View->CodeIgniter\View\{closure}()
 4 SYSTEMPATH/Common.php(1173): CodeIgniter\View\View->render('service_list', [], true)
 5 APPPATH/Controllers/Home.php(129): view('service_list', [...])
 6 SYSTEMPATH/CodeIgniter.php(933): App\Controllers\Home->fetch_services()
 7 SYSTEMPATH/CodeIgniter.php(507): CodeIgniter\CodeIgniter->runController(Object(App\Controllers\Home))
 8 SYSTEMPATH/CodeIgniter.php(354): CodeIgniter\CodeIgniter->handleRequest(null, Object(Config\Cache), false)
 9 SYSTEMPATH/Boot.php(334): CodeIgniter\CodeIgniter->run()
10 SYSTEMPATH/Boot.php(67): CodeIgniter\Boot::runCodeIgniter(Object(CodeIgniter\CodeIgniter))
11 FCPATH/index.php(27): CodeIgniter\Boot::bootWeb(Object(Config\Paths))
WARNING - 2025-09-30 15:13:21 --> [DEPRECATED] addslashes(): Passing null to parameter #1 ($string) of type string is deprecated in APPPATH/Views/service_list.php on line 10.
 1 APPPATH/Views/service_list.php(10): addslashes(null)
 2 SYSTEMPATH/View/View.php(224): include('/home/u810214334/domains/embellish-beauty.co.uk/public_html/app/Views/service_list.php')
 3 SYSTEMPATH/View/View.php(227): CodeIgniter\View\View->CodeIgniter\View\{closure}()
 4 SYSTEMPATH/Common.php(1173): CodeIgniter\View\View->render('service_list', [], true)
 5 APPPATH/Controllers/Home.php(129): view('service_list', [...])
 6 SYSTEMPATH/CodeIgniter.php(933): App\Controllers\Home->fetch_services()
 7 SYSTEMPATH/CodeIgniter.php(507): CodeIgniter\CodeIgniter->runController(Object(App\Controllers\Home))
 8 SYSTEMPATH/CodeIgniter.php(354): CodeIgniter\CodeIgniter->handleRequest(null, Object(Config\Cache), false)
 9 SYSTEMPATH/Boot.php(334): CodeIgniter\CodeIgniter->run()
10 SYSTEMPATH/Boot.php(67): CodeIgniter\Boot::runCodeIgniter(Object(CodeIgniter\CodeIgniter))
11 FCPATH/index.php(27): CodeIgniter\Boot::bootWeb(Object(Config\Paths))
WARNING - 2025-09-30 15:13:21 --> [DEPRECATED] addslashes(): Passing null to parameter #1 ($string) of type string is deprecated in APPPATH/Views/service_list.php on line 10.
 1 APPPATH/Views/service_list.php(10): addslashes(null)
 2 SYSTEMPATH/View/View.php(224): include('/home/u810214334/domains/embellish-beauty.co.uk/public_html/app/Views/service_list.php')
 3 SYSTEMPATH/View/View.php(227): CodeIgniter\View\View->CodeIgniter\View\{closure}()
 4 SYSTEMPATH/Common.php(1173): CodeIgniter\View\View->render('service_list', [], true)
 5 APPPATH/Controllers/Home.php(129): view('service_list', [...])
 6 SYSTEMPATH/CodeIgniter.php(933): App\Controllers\Home->fetch_services()
 7 SYSTEMPATH/CodeIgniter.php(507): CodeIgniter\CodeIgniter->runController(Object(App\Controllers\Home))
 8 SYSTEMPATH/CodeIgniter.php(354): CodeIgniter\CodeIgniter->handleRequest(null, Object(Config\Cache), false)
 9 SYSTEMPATH/Boot.php(334): CodeIgniter\CodeIgniter->run()
10 SYSTEMPATH/Boot.php(67): CodeIgniter\Boot::runCodeIgniter(Object(CodeIgniter\CodeIgniter))
11 FCPATH/index.php(27): CodeIgniter\Boot::bootWeb(Object(Config\Paths))
WARNING - 2025-09-30 15:13:21 --> [DEPRECATED] addslashes(): Passing null to parameter #1 ($string) of type string is deprecated in APPPATH/Views/service_list.php on line 10.
 1 APPPATH/Views/service_list.php(10): addslashes(null)
 2 SYSTEMPATH/View/View.php(224): include('/home/u810214334/domains/embellish-beauty.co.uk/public_html/app/Views/service_list.php')
 3 SYSTEMPATH/View/View.php(227): CodeIgniter\View\View->CodeIgniter\View\{closure}()
 4 SYSTEMPATH/Common.php(1173): CodeIgniter\View\View->render('service_list', [], true)
 5 APPPATH/Controllers/Home.php(129): view('service_list', [...])
 6 SYSTEMPATH/CodeIgniter.php(933): App\Controllers\Home->fetch_services()
 7 SYSTEMPATH/CodeIgniter.php(507): CodeIgniter\CodeIgniter->runController(Object(App\Controllers\Home))
 8 SYSTEMPATH/CodeIgniter.php(354): CodeIgniter\CodeIgniter->handleRequest(null, Object(Config\Cache), false)
 9 SYSTEMPATH/Boot.php(334): CodeIgniter\CodeIgniter->run()
10 SYSTEMPATH/Boot.php(67): CodeIgniter\Boot::runCodeIgniter(Object(CodeIgniter\CodeIgniter))
11 FCPATH/index.php(27): CodeIgniter\Boot::bootWeb(Object(Config\Paths))
WARNING - 2025-09-30 15:13:21 --> [DEPRECATED] addslashes(): Passing null to parameter #1 ($string) of type string is deprecated in APPPATH/Views/service_list.php on line 10.
 1 APPPATH/Views/service_list.php(10): addslashes(null)
 2 SYSTEMPATH/View/View.php(224): include('/home/u810214334/domains/embellish-beauty.co.uk/public_html/app/Views/service_list.php')
 3 SYSTEMPATH/View/View.php(227): CodeIgniter\View\View->CodeIgniter\View\{closure}()
 4 SYSTEMPATH/Common.php(1173): CodeIgniter\View\View->render('service_list', [], true)
 5 APPPATH/Controllers/Home.php(129): view('service_list', [...])
 6 SYSTEMPATH/CodeIgniter.php(933): App\Controllers\Home->fetch_services()
 7 SYSTEMPATH/CodeIgniter.php(507): CodeIgniter\CodeIgniter->runController(Object(App\Controllers\Home))
 8 SYSTEMPATH/CodeIgniter.php(354): CodeIgniter\CodeIgniter->handleRequest(null, Object(Config\Cache), false)
 9 SYSTEMPATH/Boot.php(334): CodeIgniter\CodeIgniter->run()
10 SYSTEMPATH/Boot.php(67): CodeIgniter\Boot::runCodeIgniter(Object(CodeIgniter\CodeIgniter))
11 FCPATH/index.php(27): CodeIgniter\Boot::bootWeb(Object(Config\Paths))
WARNING - 2025-09-30 15:13:21 --> [DEPRECATED] addslashes(): Passing null to parameter #1 ($string) of type string is deprecated in APPPATH/Views/service_list.php on line 10.
 1 APPPATH/Views/service_list.php(10): addslashes(null)
 2 SYSTEMPATH/View/View.php(224): include('/home/u810214334/domains/embellish-beauty.co.uk/public_html/app/Views/service_list.php')
 3 SYSTEMPATH/View/View.php(227): CodeIgniter\View\View->CodeIgniter\View\{closure}()
 4 SYSTEMPATH/Common.php(1173): CodeIgniter\View\View->render('service_list', [], true)
 5 APPPATH/Controllers/Home.php(129): view('service_list', [...])
 6 SYSTEMPATH/CodeIgniter.php(933): App\Controllers\Home->fetch_services()
 7 SYSTEMPATH/CodeIgniter.php(507): CodeIgniter\CodeIgniter->runController(Object(App\Controllers\Home))
 8 SYSTEMPATH/CodeIgniter.php(354): CodeIgniter\CodeIgniter->handleRequest(null, Object(Config\Cache), false)
 9 SYSTEMPATH/Boot.php(334): CodeIgniter\CodeIgniter->run()
10 SYSTEMPATH/Boot.php(67): CodeIgniter\Boot::runCodeIgniter(Object(CodeIgniter\CodeIgniter))
11 FCPATH/index.php(27): CodeIgniter\Boot::bootWeb(Object(Config\Paths))
WARNING - 2025-09-30 15:13:21 --> [DEPRECATED] addslashes(): Passing null to parameter #1 ($string) of type string is deprecated in APPPATH/Views/service_list.php on line 10.
 1 APPPATH/Views/service_list.php(10): addslashes(null)
 2 SYSTEMPATH/View/View.php(224): include('/home/u810214334/domains/embellish-beauty.co.uk/public_html/app/Views/service_list.php')
 3 SYSTEMPATH/View/View.php(227): CodeIgniter\View\View->CodeIgniter\View\{closure}()
 4 SYSTEMPATH/Common.php(1173): CodeIgniter\View\View->render('service_list', [], true)
 5 APPPATH/Controllers/Home.php(129): view('service_list', [...])
 6 SYSTEMPATH/CodeIgniter.php(933): App\Controllers\Home->fetch_services()
 7 SYSTEMPATH/CodeIgniter.php(507): CodeIgniter\CodeIgniter->runController(Object(App\Controllers\Home))
 8 SYSTEMPATH/CodeIgniter.php(354): CodeIgniter\CodeIgniter->handleRequest(null, Object(Config\Cache), false)
 9 SYSTEMPATH/Boot.php(334): CodeIgniter\CodeIgniter->run()
10 SYSTEMPATH/Boot.php(67): CodeIgniter\Boot::runCodeIgniter(Object(CodeIgniter\CodeIgniter))
11 FCPATH/index.php(27): CodeIgniter\Boot::bootWeb(Object(Config\Paths))
WARNING - 2025-09-30 15:13:21 --> [DEPRECATED] addslashes(): Passing null to parameter #1 ($string) of type string is deprecated in APPPATH/Views/service_list.php on line 10.
 1 APPPATH/Views/service_list.php(10): addslashes(null)
 2 SYSTEMPATH/View/View.php(224): include('/home/u810214334/domains/embellish-beauty.co.uk/public_html/app/Views/service_list.php')
 3 SYSTEMPATH/View/View.php(227): CodeIgniter\View\View->CodeIgniter\View\{closure}()
 4 SYSTEMPATH/Common.php(1173): CodeIgniter\View\View->render('service_list', [], true)
 5 APPPATH/Controllers/Home.php(129): view('service_list', [...])
 6 SYSTEMPATH/CodeIgniter.php(933): App\Controllers\Home->fetch_services()
 7 SYSTEMPATH/CodeIgniter.php(507): CodeIgniter\CodeIgniter->runController(Object(App\Controllers\Home))
 8 SYSTEMPATH/CodeIgniter.php(354): CodeIgniter\CodeIgniter->handleRequest(null, Object(Config\Cache), false)
 9 SYSTEMPATH/Boot.php(334): CodeIgniter\CodeIgniter->run()
10 SYSTEMPATH/Boot.php(67): CodeIgniter\Boot::runCodeIgniter(Object(CodeIgniter\CodeIgniter))
11 FCPATH/index.php(27): CodeIgniter\Boot::bootWeb(Object(Config\Paths))
WARNING - 2025-09-30 15:13:21 --> [DEPRECATED] addslashes(): Passing null to parameter #1 ($string) of type string is deprecated in APPPATH/Views/service_list.php on line 10.
 1 APPPATH/Views/service_list.php(10): addslashes(null)
 2 SYSTEMPATH/View/View.php(224): include('/home/u810214334/domains/embellish-beauty.co.uk/public_html/app/Views/service_list.php')
 3 SYSTEMPATH/View/View.php(227): CodeIgniter\View\View->CodeIgniter\View\{closure}()
 4 SYSTEMPATH/Common.php(1173): CodeIgniter\View\View->render('service_list', [], true)
 5 APPPATH/Controllers/Home.php(129): view('service_list', [...])
 6 SYSTEMPATH/CodeIgniter.php(933): App\Controllers\Home->fetch_services()
 7 SYSTEMPATH/CodeIgniter.php(507): CodeIgniter\CodeIgniter->runController(Object(App\Controllers\Home))
 8 SYSTEMPATH/CodeIgniter.php(354): CodeIgniter\CodeIgniter->handleRequest(null, Object(Config\Cache), false)
 9 SYSTEMPATH/Boot.php(334): CodeIgniter\CodeIgniter->run()
10 SYSTEMPATH/Boot.php(67): CodeIgniter\Boot::runCodeIgniter(Object(CodeIgniter\CodeIgniter))
11 FCPATH/index.php(27): CodeIgniter\Boot::bootWeb(Object(Config\Paths))
WARNING - 2025-09-30 15:13:21 --> [DEPRECATED] addslashes(): Passing null to parameter #1 ($string) of type string is deprecated in APPPATH/Views/service_list.php on line 10.
 1 APPPATH/Views/service_list.php(10): addslashes(null)
 2 SYSTEMPATH/View/View.php(224): include('/home/u810214334/domains/embellish-beauty.co.uk/public_html/app/Views/service_list.php')
 3 SYSTEMPATH/View/View.php(227): CodeIgniter\View\View->CodeIgniter\View\{closure}()
 4 SYSTEMPATH/Common.php(1173): CodeIgniter\View\View->render('service_list', [], true)
 5 APPPATH/Controllers/Home.php(129): view('service_list', [...])
 6 SYSTEMPATH/CodeIgniter.php(933): App\Controllers\Home->fetch_services()
 7 SYSTEMPATH/CodeIgniter.php(507): CodeIgniter\CodeIgniter->runController(Object(App\Controllers\Home))
 8 SYSTEMPATH/CodeIgniter.php(354): CodeIgniter\CodeIgniter->handleRequest(null, Object(Config\Cache), false)
 9 SYSTEMPATH/Boot.php(334): CodeIgniter\CodeIgniter->run()
10 SYSTEMPATH/Boot.php(67): CodeIgniter\Boot::runCodeIgniter(Object(CodeIgniter\CodeIgniter))
11 FCPATH/index.php(27): CodeIgniter\Boot::bootWeb(Object(Config\Paths))
WARNING - 2025-09-30 15:13:21 --> [DEPRECATED] addslashes(): Passing null to parameter #1 ($string) of type string is deprecated in APPPATH/Views/service_list.php on line 10.
 1 APPPATH/Views/service_list.php(10): addslashes(null)
 2 SYSTEMPATH/View/View.php(224): include('/home/u810214334/domains/embellish-beauty.co.uk/public_html/app/Views/service_list.php')
 3 SYSTEMPATH/View/View.php(227): CodeIgniter\View\View->CodeIgniter\View\{closure}()
 4 SYSTEMPATH/Common.php(1173): CodeIgniter\View\View->render('service_list', [], true)
 5 APPPATH/Controllers/Home.php(129): view('service_list', [...])
 6 SYSTEMPATH/CodeIgniter.php(933): App\Controllers\Home->fetch_services()
 7 SYSTEMPATH/CodeIgniter.php(507): CodeIgniter\CodeIgniter->runController(Object(App\Controllers\Home))
 8 SYSTEMPATH/CodeIgniter.php(354): CodeIgniter\CodeIgniter->handleRequest(null, Object(Config\Cache), false)
 9 SYSTEMPATH/Boot.php(334): CodeIgniter\CodeIgniter->run()
10 SYSTEMPATH/Boot.php(67): CodeIgniter\Boot::runCodeIgniter(Object(CodeIgniter\CodeIgniter))
11 FCPATH/index.php(27): CodeIgniter\Boot::bootWeb(Object(Config\Paths))
WARNING - 2025-09-30 15:13:21 --> [DEPRECATED] addslashes(): Passing null to parameter #1 ($string) of type string is deprecated in APPPATH/Views/service_list.php on line 10.
 1 APPPATH/Views/service_list.php(10): addslashes(null)
 2 SYSTEMPATH/View/View.php(224): include('/home/u810214334/domains/embellish-beauty.co.uk/public_html/app/Views/service_list.php')
 3 SYSTEMPATH/View/View.php(227): CodeIgniter\View\View->CodeIgniter\View\{closure}()
 4 SYSTEMPATH/Common.php(1173): CodeIgniter\View\View->render('service_list', [], true)
 5 APPPATH/Controllers/Home.php(129): view('service_list', [...])
 6 SYSTEMPATH/CodeIgniter.php(933): App\Controllers\Home->fetch_services()
 7 SYSTEMPATH/CodeIgniter.php(507): CodeIgniter\CodeIgniter->runController(Object(App\Controllers\Home))
 8 SYSTEMPATH/CodeIgniter.php(354): CodeIgniter\CodeIgniter->handleRequest(null, Object(Config\Cache), false)
 9 SYSTEMPATH/Boot.php(334): CodeIgniter\CodeIgniter->run()
10 SYSTEMPATH/Boot.php(67): CodeIgniter\Boot::runCodeIgniter(Object(CodeIgniter\CodeIgniter))
11 FCPATH/index.php(27): CodeIgniter\Boot::bootWeb(Object(Config\Paths))
WARNING - 2025-09-30 15:13:21 --> [DEPRECATED] addslashes(): Passing null to parameter #1 ($string) of type string is deprecated in APPPATH/Views/service_list.php on line 10.
 1 APPPATH/Views/service_list.php(10): addslashes(null)
 2 SYSTEMPATH/View/View.php(224): include('/home/u810214334/domains/embellish-beauty.co.uk/public_html/app/Views/service_list.php')
 3 SYSTEMPATH/View/View.php(227): CodeIgniter\View\View->CodeIgniter\View\{closure}()
 4 SYSTEMPATH/Common.php(1173): CodeIgniter\View\View->render('service_list', [], true)
 5 APPPATH/Controllers/Home.php(129): view('service_list', [...])
 6 SYSTEMPATH/CodeIgniter.php(933): App\Controllers\Home->fetch_services()
 7 SYSTEMPATH/CodeIgniter.php(507): CodeIgniter\CodeIgniter->runController(Object(App\Controllers\Home))
 8 SYSTEMPATH/CodeIgniter.php(354): CodeIgniter\CodeIgniter->handleRequest(null, Object(Config\Cache), false)
 9 SYSTEMPATH/Boot.php(334): CodeIgniter\CodeIgniter->run()
10 SYSTEMPATH/Boot.php(67): CodeIgniter\Boot::runCodeIgniter(Object(CodeIgniter\CodeIgniter))
11 FCPATH/index.php(27): CodeIgniter\Boot::bootWeb(Object(Config\Paths))
WARNING - 2025-09-30 15:13:21 --> [DEPRECATED] addslashes(): Passing null to parameter #1 ($string) of type string is deprecated in APPPATH/Views/service_list.php on line 10.
 1 APPPATH/Views/service_list.php(10): addslashes(null)
 2 SYSTEMPATH/View/View.php(224): include('/home/u810214334/domains/embellish-beauty.co.uk/public_html/app/Views/service_list.php')
 3 SYSTEMPATH/View/View.php(227): CodeIgniter\View\View->CodeIgniter\View\{closure}()
 4 SYSTEMPATH/Common.php(1173): CodeIgniter\View\View->render('service_list', [], true)
 5 APPPATH/Controllers/Home.php(129): view('service_list', [...])
 6 SYSTEMPATH/CodeIgniter.php(933): App\Controllers\Home->fetch_services()
 7 SYSTEMPATH/CodeIgniter.php(507): CodeIgniter\CodeIgniter->runController(Object(App\Controllers\Home))
 8 SYSTEMPATH/CodeIgniter.php(354): CodeIgniter\CodeIgniter->handleRequest(null, Object(Config\Cache), false)
 9 SYSTEMPATH/Boot.php(334): CodeIgniter\CodeIgniter->run()
10 SYSTEMPATH/Boot.php(67): CodeIgniter\Boot::runCodeIgniter(Object(CodeIgniter\CodeIgniter))
11 FCPATH/index.php(27): CodeIgniter\Boot::bootWeb(Object(Config\Paths))
WARNING - 2025-09-30 15:13:21 --> [DEPRECATED] addslashes(): Passing null to parameter #1 ($string) of type string is deprecated in APPPATH/Views/service_list.php on line 10.
 1 APPPATH/Views/service_list.php(10): addslashes(null)
 2 SYSTEMPATH/View/View.php(224): include('/home/u810214334/domains/embellish-beauty.co.uk/public_html/app/Views/service_list.php')
 3 SYSTEMPATH/View/View.php(227): CodeIgniter\View\View->CodeIgniter\View\{closure}()
 4 SYSTEMPATH/Common.php(1173): CodeIgniter\View\View->render('service_list', [], true)
 5 APPPATH/Controllers/Home.php(129): view('service_list', [...])
 6 SYSTEMPATH/CodeIgniter.php(933): App\Controllers\Home->fetch_services()
 7 SYSTEMPATH/CodeIgniter.php(507): CodeIgniter\CodeIgniter->runController(Object(App\Controllers\Home))
 8 SYSTEMPATH/CodeIgniter.php(354): CodeIgniter\CodeIgniter->handleRequest(null, Object(Config\Cache), false)
 9 SYSTEMPATH/Boot.php(334): CodeIgniter\CodeIgniter->run()
10 SYSTEMPATH/Boot.php(67): CodeIgniter\Boot::runCodeIgniter(Object(CodeIgniter\CodeIgniter))
11 FCPATH/index.php(27): CodeIgniter\Boot::bootWeb(Object(Config\Paths))
WARNING - 2025-09-30 15:13:21 --> [DEPRECATED] addslashes(): Passing null to parameter #1 ($string) of type string is deprecated in APPPATH/Views/service_list.php on line 10.
 1 APPPATH/Views/service_list.php(10): addslashes(null)
 2 SYSTEMPATH/View/View.php(224): include('/home/u810214334/domains/embellish-beauty.co.uk/public_html/app/Views/service_list.php')
 3 SYSTEMPATH/View/View.php(227): CodeIgniter\View\View->CodeIgniter\View\{closure}()
 4 SYSTEMPATH/Common.php(1173): CodeIgniter\View\View->render('service_list', [], true)
 5 APPPATH/Controllers/Home.php(129): view('service_list', [...])
 6 SYSTEMPATH/CodeIgniter.php(933): App\Controllers\Home->fetch_services()
 7 SYSTEMPATH/CodeIgniter.php(507): CodeIgniter\CodeIgniter->runController(Object(App\Controllers\Home))
 8 SYSTEMPATH/CodeIgniter.php(354): CodeIgniter\CodeIgniter->handleRequest(null, Object(Config\Cache), false)
 9 SYSTEMPATH/Boot.php(334): CodeIgniter\CodeIgniter->run()
10 SYSTEMPATH/Boot.php(67): CodeIgniter\Boot::runCodeIgniter(Object(CodeIgniter\CodeIgniter))
11 FCPATH/index.php(27): CodeIgniter\Boot::bootWeb(Object(Config\Paths))
WARNING - 2025-09-30 15:13:21 --> [DEPRECATED] addslashes(): Passing null to parameter #1 ($string) of type string is deprecated in APPPATH/Views/service_list.php on line 10.
 1 APPPATH/Views/service_list.php(10): addslashes(null)
 2 SYSTEMPATH/View/View.php(224): include('/home/u810214334/domains/embellish-beauty.co.uk/public_html/app/Views/service_list.php')
 3 SYSTEMPATH/View/View.php(227): CodeIgniter\View\View->CodeIgniter\View\{closure}()
 4 SYSTEMPATH/Common.php(1173): CodeIgniter\View\View->render('service_list', [], true)
 5 APPPATH/Controllers/Home.php(129): view('service_list', [...])
 6 SYSTEMPATH/CodeIgniter.php(933): App\Controllers\Home->fetch_services()
 7 SYSTEMPATH/CodeIgniter.php(507): CodeIgniter\CodeIgniter->runController(Object(App\Controllers\Home))
 8 SYSTEMPATH/CodeIgniter.php(354): CodeIgniter\CodeIgniter->handleRequest(null, Object(Config\Cache), false)
 9 SYSTEMPATH/Boot.php(334): CodeIgniter\CodeIgniter->run()
10 SYSTEMPATH/Boot.php(67): CodeIgniter\Boot::runCodeIgniter(Object(CodeIgniter\CodeIgniter))
11 FCPATH/index.php(27): CodeIgniter\Boot::bootWeb(Object(Config\Paths))
WARNING - 2025-09-30 15:13:21 --> [DEPRECATED] addslashes(): Passing null to parameter #1 ($string) of type string is deprecated in APPPATH/Views/service_list.php on line 10.
 1 APPPATH/Views/service_list.php(10): addslashes(null)
 2 SYSTEMPATH/View/View.php(224): include('/home/u810214334/domains/embellish-beauty.co.uk/public_html/app/Views/service_list.php')
 3 SYSTEMPATH/View/View.php(227): CodeIgniter\View\View->CodeIgniter\View\{closure}()
 4 SYSTEMPATH/Common.php(1173): CodeIgniter\View\View->render('service_list', [], true)
 5 APPPATH/Controllers/Home.php(129): view('service_list', [...])
 6 SYSTEMPATH/CodeIgniter.php(933): App\Controllers\Home->fetch_services()
 7 SYSTEMPATH/CodeIgniter.php(507): CodeIgniter\CodeIgniter->runController(Object(App\Controllers\Home))
 8 SYSTEMPATH/CodeIgniter.php(354): CodeIgniter\CodeIgniter->handleRequest(null, Object(Config\Cache), false)
 9 SYSTEMPATH/Boot.php(334): CodeIgniter\CodeIgniter->run()
10 SYSTEMPATH/Boot.php(67): CodeIgniter\Boot::runCodeIgniter(Object(CodeIgniter\CodeIgniter))
11 FCPATH/index.php(27): CodeIgniter\Boot::bootWeb(Object(Config\Paths))
WARNING - 2025-09-30 15:13:21 --> [DEPRECATED] addslashes(): Passing null to parameter #1 ($string) of type string is deprecated in APPPATH/Views/service_list.php on line 10.
 1 APPPATH/Views/service_list.php(10): addslashes(null)
 2 SYSTEMPATH/View/View.php(224): include('/home/u810214334/domains/embellish-beauty.co.uk/public_html/app/Views/service_list.php')
 3 SYSTEMPATH/View/View.php(227): CodeIgniter\View\View->CodeIgniter\View\{closure}()
 4 SYSTEMPATH/Common.php(1173): CodeIgniter\View\View->render('service_list', [], true)
 5 APPPATH/Controllers/Home.php(129): view('service_list', [...])
 6 SYSTEMPATH/CodeIgniter.php(933): App\Controllers\Home->fetch_services()
 7 SYSTEMPATH/CodeIgniter.php(507): CodeIgniter\CodeIgniter->runController(Object(App\Controllers\Home))
 8 SYSTEMPATH/CodeIgniter.php(354): CodeIgniter\CodeIgniter->handleRequest(null, Object(Config\Cache), false)
 9 SYSTEMPATH/Boot.php(334): CodeIgniter\CodeIgniter->run()
10 SYSTEMPATH/Boot.php(67): CodeIgniter\Boot::runCodeIgniter(Object(CodeIgniter\CodeIgniter))
11 FCPATH/index.php(27): CodeIgniter\Boot::bootWeb(Object(Config\Paths))
WARNING - 2025-09-30 15:13:21 --> [DEPRECATED] addslashes(): Passing null to parameter #1 ($string) of type string is deprecated in APPPATH/Views/service_list.php on line 10.
 1 APPPATH/Views/service_list.php(10): addslashes(null)
 2 SYSTEMPATH/View/View.php(224): include('/home/u810214334/domains/embellish-beauty.co.uk/public_html/app/Views/service_list.php')
 3 SYSTEMPATH/View/View.php(227): CodeIgniter\View\View->CodeIgniter\View\{closure}()
 4 SYSTEMPATH/Common.php(1173): CodeIgniter\View\View->render('service_list', [], true)
 5 APPPATH/Controllers/Home.php(129): view('service_list', [...])
 6 SYSTEMPATH/CodeIgniter.php(933): App\Controllers\Home->fetch_services()
 7 SYSTEMPATH/CodeIgniter.php(507): CodeIgniter\CodeIgniter->runController(Object(App\Controllers\Home))
 8 SYSTEMPATH/CodeIgniter.php(354): CodeIgniter\CodeIgniter->handleRequest(null, Object(Config\Cache), false)
 9 SYSTEMPATH/Boot.php(334): CodeIgniter\CodeIgniter->run()
10 SYSTEMPATH/Boot.php(67): CodeIgniter\Boot::runCodeIgniter(Object(CodeIgniter\CodeIgniter))
11 FCPATH/index.php(27): CodeIgniter\Boot::bootWeb(Object(Config\Paths))
WARNING - 2025-09-30 15:13:21 --> [DEPRECATED] addslashes(): Passing null to parameter #1 ($string) of type string is deprecated in APPPATH/Views/service_list.php on line 10.
 1 APPPATH/Views/service_list.php(10): addslashes(null)
 2 SYSTEMPATH/View/View.php(224): include('/home/u810214334/domains/embellish-beauty.co.uk/public_html/app/Views/service_list.php')
 3 SYSTEMPATH/View/View.php(227): CodeIgniter\View\View->CodeIgniter\View\{closure}()
 4 SYSTEMPATH/Common.php(1173): CodeIgniter\View\View->render('service_list', [], true)
 5 APPPATH/Controllers/Home.php(129): view('service_list', [...])
 6 SYSTEMPATH/CodeIgniter.php(933): App\Controllers\Home->fetch_services()
 7 SYSTEMPATH/CodeIgniter.php(507): CodeIgniter\CodeIgniter->runController(Object(App\Controllers\Home))
 8 SYSTEMPATH/CodeIgniter.php(354): CodeIgniter\CodeIgniter->handleRequest(null, Object(Config\Cache), false)
 9 SYSTEMPATH/Boot.php(334): CodeIgniter\CodeIgniter->run()
10 SYSTEMPATH/Boot.php(67): CodeIgniter\Boot::runCodeIgniter(Object(CodeIgniter\CodeIgniter))
11 FCPATH/index.php(27): CodeIgniter\Boot::bootWeb(Object(Config\Paths))
WARNING - 2025-09-30 15:13:21 --> [DEPRECATED] addslashes(): Passing null to parameter #1 ($string) of type string is deprecated in APPPATH/Views/service_list.php on line 10.
 1 APPPATH/Views/service_list.php(10): addslashes(null)
 2 SYSTEMPATH/View/View.php(224): include('/home/u810214334/domains/embellish-beauty.co.uk/public_html/app/Views/service_list.php')
 3 SYSTEMPATH/View/View.php(227): CodeIgniter\View\View->CodeIgniter\View\{closure}()
 4 SYSTEMPATH/Common.php(1173): CodeIgniter\View\View->render('service_list', [], true)
 5 APPPATH/Controllers/Home.php(129): view('service_list', [...])
 6 SYSTEMPATH/CodeIgniter.php(933): App\Controllers\Home->fetch_services()
 7 SYSTEMPATH/CodeIgniter.php(507): CodeIgniter\CodeIgniter->runController(Object(App\Controllers\Home))
 8 SYSTEMPATH/CodeIgniter.php(354): CodeIgniter\CodeIgniter->handleRequest(null, Object(Config\Cache), false)
 9 SYSTEMPATH/Boot.php(334): CodeIgniter\CodeIgniter->run()
10 SYSTEMPATH/Boot.php(67): CodeIgniter\Boot::runCodeIgniter(Object(CodeIgniter\CodeIgniter))
11 FCPATH/index.php(27): CodeIgniter\Boot::bootWeb(Object(Config\Paths))
WARNING - 2025-09-30 15:13:21 --> [DEPRECATED] addslashes(): Passing null to parameter #1 ($string) of type string is deprecated in APPPATH/Views/service_list.php on line 10.
 1 APPPATH/Views/service_list.php(10): addslashes(null)
 2 SYSTEMPATH/View/View.php(224): include('/home/u810214334/domains/embellish-beauty.co.uk/public_html/app/Views/service_list.php')
 3 SYSTEMPATH/View/View.php(227): CodeIgniter\View\View->CodeIgniter\View\{closure}()
 4 SYSTEMPATH/Common.php(1173): CodeIgniter\View\View->render('service_list', [], true)
 5 APPPATH/Controllers/Home.php(129): view('service_list', [...])
 6 SYSTEMPATH/CodeIgniter.php(933): App\Controllers\Home->fetch_services()
 7 SYSTEMPATH/CodeIgniter.php(507): CodeIgniter\CodeIgniter->runController(Object(App\Controllers\Home))
 8 SYSTEMPATH/CodeIgniter.php(354): CodeIgniter\CodeIgniter->handleRequest(null, Object(Config\Cache), false)
 9 SYSTEMPATH/Boot.php(334): CodeIgniter\CodeIgniter->run()
10 SYSTEMPATH/Boot.php(67): CodeIgniter\Boot::runCodeIgniter(Object(CodeIgniter\CodeIgniter))
11 FCPATH/index.php(27): CodeIgniter\Boot::bootWeb(Object(Config\Paths))
WARNING - 2025-09-30 15:13:21 --> [DEPRECATED] addslashes(): Passing null to parameter #1 ($string) of type string is deprecated in APPPATH/Views/service_list.php on line 10.
 1 APPPATH/Views/service_list.php(10): addslashes(null)
 2 SYSTEMPATH/View/View.php(224): include('/home/u810214334/domains/embellish-beauty.co.uk/public_html/app/Views/service_list.php')
 3 SYSTEMPATH/View/View.php(227): CodeIgniter\View\View->CodeIgniter\View\{closure}()
 4 SYSTEMPATH/Common.php(1173): CodeIgniter\View\View->render('service_list', [], true)
 5 APPPATH/Controllers/Home.php(129): view('service_list', [...])
 6 SYSTEMPATH/CodeIgniter.php(933): App\Controllers\Home->fetch_services()
 7 SYSTEMPATH/CodeIgniter.php(507): CodeIgniter\CodeIgniter->runController(Object(App\Controllers\Home))
 8 SYSTEMPATH/CodeIgniter.php(354): CodeIgniter\CodeIgniter->handleRequest(null, Object(Config\Cache), false)
 9 SYSTEMPATH/Boot.php(334): CodeIgniter\CodeIgniter->run()
10 SYSTEMPATH/Boot.php(67): CodeIgniter\Boot::runCodeIgniter(Object(CodeIgniter\CodeIgniter))
11 FCPATH/index.php(27): CodeIgniter\Boot::bootWeb(Object(Config\Paths))
WARNING - 2025-09-30 15:13:21 --> [DEPRECATED] addslashes(): Passing null to parameter #1 ($string) of type string is deprecated in APPPATH/Views/service_list.php on line 10.
 1 APPPATH/Views/service_list.php(10): addslashes(null)
 2 SYSTEMPATH/View/View.php(224): include('/home/u810214334/domains/embellish-beauty.co.uk/public_html/app/Views/service_list.php')
 3 SYSTEMPATH/View/View.php(227): CodeIgniter\View\View->CodeIgniter\View\{closure}()
 4 SYSTEMPATH/Common.php(1173): CodeIgniter\View\View->render('service_list', [], true)
 5 APPPATH/Controllers/Home.php(129): view('service_list', [...])
 6 SYSTEMPATH/CodeIgniter.php(933): App\Controllers\Home->fetch_services()
 7 SYSTEMPATH/CodeIgniter.php(507): CodeIgniter\CodeIgniter->runController(Object(App\Controllers\Home))
 8 SYSTEMPATH/CodeIgniter.php(354): CodeIgniter\CodeIgniter->handleRequest(null, Object(Config\Cache), false)
 9 SYSTEMPATH/Boot.php(334): CodeIgniter\CodeIgniter->run()
10 SYSTEMPATH/Boot.php(67): CodeIgniter\Boot::runCodeIgniter(Object(CodeIgniter\CodeIgniter))
11 FCPATH/index.php(27): CodeIgniter\Boot::bootWeb(Object(Config\Paths))
WARNING - 2025-09-30 15:13:21 --> [DEPRECATED] addslashes(): Passing null to parameter #1 ($string) of type string is deprecated in APPPATH/Views/service_list.php on line 10.
 1 APPPATH/Views/service_list.php(10): addslashes(null)
 2 SYSTEMPATH/View/View.php(224): include('/home/u810214334/domains/embellish-beauty.co.uk/public_html/app/Views/service_list.php')
 3 SYSTEMPATH/View/View.php(227): CodeIgniter\View\View->CodeIgniter\View\{closure}()
 4 SYSTEMPATH/Common.php(1173): CodeIgniter\View\View->render('service_list', [], true)
 5 APPPATH/Controllers/Home.php(129): view('service_list', [...])
 6 SYSTEMPATH/CodeIgniter.php(933): App\Controllers\Home->fetch_services()
 7 SYSTEMPATH/CodeIgniter.php(507): CodeIgniter\CodeIgniter->runController(Object(App\Controllers\Home))
 8 SYSTEMPATH/CodeIgniter.php(354): CodeIgniter\CodeIgniter->handleRequest(null, Object(Config\Cache), false)
 9 SYSTEMPATH/Boot.php(334): CodeIgniter\CodeIgniter->run()
10 SYSTEMPATH/Boot.php(67): CodeIgniter\Boot::runCodeIgniter(Object(CodeIgniter\CodeIgniter))
11 FCPATH/index.php(27): CodeIgniter\Boot::bootWeb(Object(Config\Paths))
WARNING - 2025-09-30 15:13:21 --> [DEPRECATED] addslashes(): Passing null to parameter #1 ($string) of type string is deprecated in APPPATH/Views/service_list.php on line 10.
 1 APPPATH/Views/service_list.php(10): addslashes(null)
 2 SYSTEMPATH/View/View.php(224): include('/home/u810214334/domains/embellish-beauty.co.uk/public_html/app/Views/service_list.php')
 3 SYSTEMPATH/View/View.php(227): CodeIgniter\View\View->CodeIgniter\View\{closure}()
 4 SYSTEMPATH/Common.php(1173): CodeIgniter\View\View->render('service_list', [], true)
 5 APPPATH/Controllers/Home.php(129): view('service_list', [...])
 6 SYSTEMPATH/CodeIgniter.php(933): App\Controllers\Home->fetch_services()
 7 SYSTEMPATH/CodeIgniter.php(507): CodeIgniter\CodeIgniter->runController(Object(App\Controllers\Home))
 8 SYSTEMPATH/CodeIgniter.php(354): CodeIgniter\CodeIgniter->handleRequest(null, Object(Config\Cache), false)
 9 SYSTEMPATH/Boot.php(334): CodeIgniter\CodeIgniter->run()
10 SYSTEMPATH/Boot.php(67): CodeIgniter\Boot::runCodeIgniter(Object(CodeIgniter\CodeIgniter))
11 FCPATH/index.php(27): CodeIgniter\Boot::bootWeb(Object(Config\Paths))
WARNING - 2025-09-30 15:13:21 --> [DEPRECATED] addslashes(): Passing null to parameter #1 ($string) of type string is deprecated in APPPATH/Views/service_list.php on line 10.
 1 APPPATH/Views/service_list.php(10): addslashes(null)
 2 SYSTEMPATH/View/View.php(224): include('/home/u810214334/domains/embellish-beauty.co.uk/public_html/app/Views/service_list.php')
 3 SYSTEMPATH/View/View.php(227): CodeIgniter\View\View->CodeIgniter\View\{closure}()
 4 SYSTEMPATH/Common.php(1173): CodeIgniter\View\View->render('service_list', [], true)
 5 APPPATH/Controllers/Home.php(129): view('service_list', [...])
 6 SYSTEMPATH/CodeIgniter.php(933): App\Controllers\Home->fetch_services()
 7 SYSTEMPATH/CodeIgniter.php(507): CodeIgniter\CodeIgniter->runController(Object(App\Controllers\Home))
 8 SYSTEMPATH/CodeIgniter.php(354): CodeIgniter\CodeIgniter->handleRequest(null, Object(Config\Cache), false)
 9 SYSTEMPATH/Boot.php(334): CodeIgniter\CodeIgniter->run()
10 SYSTEMPATH/Boot.php(67): CodeIgniter\Boot::runCodeIgniter(Object(CodeIgniter\CodeIgniter))
11 FCPATH/index.php(27): CodeIgniter\Boot::bootWeb(Object(Config\Paths))
DEBUG - 2025-09-30 15:13:23 --> Session: Class initialized using 'CodeIgniter\Session\Handlers\FileHandler' driver.
WARNING - 2025-09-30 15:13:23 --> [DEPRECATED] addslashes(): Passing null to parameter #1 ($string) of type string is deprecated in APPPATH/Views/service_list.php on line 10.
 1 APPPATH/Views/service_list.php(10): addslashes(null)
 2 SYSTEMPATH/View/View.php(224): include('/home/u810214334/domains/embellish-beauty.co.uk/public_html/app/Views/service_list.php')
 3 SYSTEMPATH/View/View.php(227): CodeIgniter\View\View->CodeIgniter\View\{closure}()
 4 SYSTEMPATH/Common.php(1173): CodeIgniter\View\View->render('service_list', [], true)
 5 APPPATH/Controllers/Home.php(129): view('service_list', [...])
 6 SYSTEMPATH/CodeIgniter.php(933): App\Controllers\Home->fetch_services()
 7 SYSTEMPATH/CodeIgniter.php(507): CodeIgniter\CodeIgniter->runController(Object(App\Controllers\Home))
 8 SYSTEMPATH/CodeIgniter.php(354): CodeIgniter\CodeIgniter->handleRequest(null, Object(Config\Cache), false)
 9 SYSTEMPATH/Boot.php(334): CodeIgniter\CodeIgniter->run()
10 SYSTEMPATH/Boot.php(67): CodeIgniter\Boot::runCodeIgniter(Object(CodeIgniter\CodeIgniter))
11 FCPATH/index.php(27): CodeIgniter\Boot::bootWeb(Object(Config\Paths))
WARNING - 2025-09-30 15:13:23 --> [DEPRECATED] addslashes(): Passing null to parameter #1 ($string) of type string is deprecated in APPPATH/Views/service_list.php on line 10.
 1 APPPATH/Views/service_list.php(10): addslashes(null)
 2 SYSTEMPATH/View/View.php(224): include('/home/u810214334/domains/embellish-beauty.co.uk/public_html/app/Views/service_list.php')
 3 SYSTEMPATH/View/View.php(227): CodeIgniter\View\View->CodeIgniter\View\{closure}()
 4 SYSTEMPATH/Common.php(1173): CodeIgniter\View\View->render('service_list', [], true)
 5 APPPATH/Controllers/Home.php(129): view('service_list', [...])
 6 SYSTEMPATH/CodeIgniter.php(933): App\Controllers\Home->fetch_services()
 7 SYSTEMPATH/CodeIgniter.php(507): CodeIgniter\CodeIgniter->runController(Object(App\Controllers\Home))
 8 SYSTEMPATH/CodeIgniter.php(354): CodeIgniter\CodeIgniter->handleRequest(null, Object(Config\Cache), false)
 9 SYSTEMPATH/Boot.php(334): CodeIgniter\CodeIgniter->run()
10 SYSTEMPATH/Boot.php(67): CodeIgniter\Boot::runCodeIgniter(Object(CodeIgniter\CodeIgniter))
11 FCPATH/index.php(27): CodeIgniter\Boot::bootWeb(Object(Config\Paths))
WARNING - 2025-09-30 15:13:23 --> [DEPRECATED] addslashes(): Passing null to parameter #1 ($string) of type string is deprecated in APPPATH/Views/service_list.php on line 10.
 1 APPPATH/Views/service_list.php(10): addslashes(null)
 2 SYSTEMPATH/View/View.php(224): include('/home/u810214334/domains/embellish-beauty.co.uk/public_html/app/Views/service_list.php')
 3 SYSTEMPATH/View/View.php(227): CodeIgniter\View\View->CodeIgniter\View\{closure}()
 4 SYSTEMPATH/Common.php(1173): CodeIgniter\View\View->render('service_list', [], true)
 5 APPPATH/Controllers/Home.php(129): view('service_list', [...])
 6 SYSTEMPATH/CodeIgniter.php(933): App\Controllers\Home->fetch_services()
 7 SYSTEMPATH/CodeIgniter.php(507): CodeIgniter\CodeIgniter->runController(Object(App\Controllers\Home))
 8 SYSTEMPATH/CodeIgniter.php(354): CodeIgniter\CodeIgniter->handleRequest(null, Object(Config\Cache), false)
 9 SYSTEMPATH/Boot.php(334): CodeIgniter\CodeIgniter->run()
10 SYSTEMPATH/Boot.php(67): CodeIgniter\Boot::runCodeIgniter(Object(CodeIgniter\CodeIgniter))
11 FCPATH/index.php(27): CodeIgniter\Boot::bootWeb(Object(Config\Paths))
WARNING - 2025-09-30 15:13:23 --> [DEPRECATED] addslashes(): Passing null to parameter #1 ($string) of type string is deprecated in APPPATH/Views/service_list.php on line 10.
 1 APPPATH/Views/service_list.php(10): addslashes(null)
 2 SYSTEMPATH/View/View.php(224): include('/home/u810214334/domains/embellish-beauty.co.uk/public_html/app/Views/service_list.php')
 3 SYSTEMPATH/View/View.php(227): CodeIgniter\View\View->CodeIgniter\View\{closure}()
 4 SYSTEMPATH/Common.php(1173): CodeIgniter\View\View->render('service_list', [], true)
 5 APPPATH/Controllers/Home.php(129): view('service_list', [...])
 6 SYSTEMPATH/CodeIgniter.php(933): App\Controllers\Home->fetch_services()
 7 SYSTEMPATH/CodeIgniter.php(507): CodeIgniter\CodeIgniter->runController(Object(App\Controllers\Home))
 8 SYSTEMPATH/CodeIgniter.php(354): CodeIgniter\CodeIgniter->handleRequest(null, Object(Config\Cache), false)
 9 SYSTEMPATH/Boot.php(334): CodeIgniter\CodeIgniter->run()
10 SYSTEMPATH/Boot.php(67): CodeIgniter\Boot::runCodeIgniter(Object(CodeIgniter\CodeIgniter))
11 FCPATH/index.php(27): CodeIgniter\Boot::bootWeb(Object(Config\Paths))
WARNING - 2025-09-30 15:13:23 --> [DEPRECATED] addslashes(): Passing null to parameter #1 ($string) of type string is deprecated in APPPATH/Views/service_list.php on line 10.
 1 APPPATH/Views/service_list.php(10): addslashes(null)
 2 SYSTEMPATH/View/View.php(224): include('/home/u810214334/domains/embellish-beauty.co.uk/public_html/app/Views/service_list.php')
 3 SYSTEMPATH/View/View.php(227): CodeIgniter\View\View->CodeIgniter\View\{closure}()
 4 SYSTEMPATH/Common.php(1173): CodeIgniter\View\View->render('service_list', [], true)
 5 APPPATH/Controllers/Home.php(129): view('service_list', [...])
 6 SYSTEMPATH/CodeIgniter.php(933): App\Controllers\Home->fetch_services()
 7 SYSTEMPATH/CodeIgniter.php(507): CodeIgniter\CodeIgniter->runController(Object(App\Controllers\Home))
 8 SYSTEMPATH/CodeIgniter.php(354): CodeIgniter\CodeIgniter->handleRequest(null, Object(Config\Cache), false)
 9 SYSTEMPATH/Boot.php(334): CodeIgniter\CodeIgniter->run()
10 SYSTEMPATH/Boot.php(67): CodeIgniter\Boot::runCodeIgniter(Object(CodeIgniter\CodeIgniter))
11 FCPATH/index.php(27): CodeIgniter\Boot::bootWeb(Object(Config\Paths))
WARNING - 2025-09-30 15:13:23 --> [DEPRECATED] addslashes(): Passing null to parameter #1 ($string) of type string is deprecated in APPPATH/Views/service_list.php on line 10.
 1 APPPATH/Views/service_list.php(10): addslashes(null)
 2 SYSTEMPATH/View/View.php(224): include('/home/u810214334/domains/embellish-beauty.co.uk/public_html/app/Views/service_list.php')
 3 SYSTEMPATH/View/View.php(227): CodeIgniter\View\View->CodeIgniter\View\{closure}()
 4 SYSTEMPATH/Common.php(1173): CodeIgniter\View\View->render('service_list', [], true)
 5 APPPATH/Controllers/Home.php(129): view('service_list', [...])
 6 SYSTEMPATH/CodeIgniter.php(933): App\Controllers\Home->fetch_services()
 7 SYSTEMPATH/CodeIgniter.php(507): CodeIgniter\CodeIgniter->runController(Object(App\Controllers\Home))
 8 SYSTEMPATH/CodeIgniter.php(354): CodeIgniter\CodeIgniter->handleRequest(null, Object(Config\Cache), false)
 9 SYSTEMPATH/Boot.php(334): CodeIgniter\CodeIgniter->run()
10 SYSTEMPATH/Boot.php(67): CodeIgniter\Boot::runCodeIgniter(Object(CodeIgniter\CodeIgniter))
11 FCPATH/index.php(27): CodeIgniter\Boot::bootWeb(Object(Config\Paths))
WARNING - 2025-09-30 15:13:23 --> [DEPRECATED] addslashes(): Passing null to parameter #1 ($string) of type string is deprecated in APPPATH/Views/service_list.php on line 10.
 1 APPPATH/Views/service_list.php(10): addslashes(null)
 2 SYSTEMPATH/View/View.php(224): include('/home/u810214334/domains/embellish-beauty.co.uk/public_html/app/Views/service_list.php')
 3 SYSTEMPATH/View/View.php(227): CodeIgniter\View\View->CodeIgniter\View\{closure}()
 4 SYSTEMPATH/Common.php(1173): CodeIgniter\View\View->render('service_list', [], true)
 5 APPPATH/Controllers/Home.php(129): view('service_list', [...])
 6 SYSTEMPATH/CodeIgniter.php(933): App\Controllers\Home->fetch_services()
 7 SYSTEMPATH/CodeIgniter.php(507): CodeIgniter\CodeIgniter->runController(Object(App\Controllers\Home))
 8 SYSTEMPATH/CodeIgniter.php(354): CodeIgniter\CodeIgniter->handleRequest(null, Object(Config\Cache), false)
 9 SYSTEMPATH/Boot.php(334): CodeIgniter\CodeIgniter->run()
10 SYSTEMPATH/Boot.php(67): CodeIgniter\Boot::runCodeIgniter(Object(CodeIgniter\CodeIgniter))
11 FCPATH/index.php(27): CodeIgniter\Boot::bootWeb(Object(Config\Paths))
WARNING - 2025-09-30 15:13:23 --> [DEPRECATED] addslashes(): Passing null to parameter #1 ($string) of type string is deprecated in APPPATH/Views/service_list.php on line 10.
 1 APPPATH/Views/service_list.php(10): addslashes(null)
 2 SYSTEMPATH/View/View.php(224): include('/home/u810214334/domains/embellish-beauty.co.uk/public_html/app/Views/service_list.php')
 3 SYSTEMPATH/View/View.php(227): CodeIgniter\View\View->CodeIgniter\View\{closure}()
 4 SYSTEMPATH/Common.php(1173): CodeIgniter\View\View->render('service_list', [], true)
 5 APPPATH/Controllers/Home.php(129): view('service_list', [...])
 6 SYSTEMPATH/CodeIgniter.php(933): App\Controllers\Home->fetch_services()
 7 SYSTEMPATH/CodeIgniter.php(507): CodeIgniter\CodeIgniter->runController(Object(App\Controllers\Home))
 8 SYSTEMPATH/CodeIgniter.php(354): CodeIgniter\CodeIgniter->handleRequest(null, Object(Config\Cache), false)
 9 SYSTEMPATH/Boot.php(334): CodeIgniter\CodeIgniter->run()
10 SYSTEMPATH/Boot.php(67): CodeIgniter\Boot::runCodeIgniter(Object(CodeIgniter\CodeIgniter))
11 FCPATH/index.php(27): CodeIgniter\Boot::bootWeb(Object(Config\Paths))
WARNING - 2025-09-30 15:13:23 --> [DEPRECATED] addslashes(): Passing null to parameter #1 ($string) of type string is deprecated in APPPATH/Views/service_list.php on line 10.
 1 APPPATH/Views/service_list.php(10): addslashes(null)
 2 SYSTEMPATH/View/View.php(224): include('/home/u810214334/domains/embellish-beauty.co.uk/public_html/app/Views/service_list.php')
 3 SYSTEMPATH/View/View.php(227): CodeIgniter\View\View->CodeIgniter\View\{closure}()
 4 SYSTEMPATH/Common.php(1173): CodeIgniter\View\View->render('service_list', [], true)
 5 APPPATH/Controllers/Home.php(129): view('service_list', [...])
 6 SYSTEMPATH/CodeIgniter.php(933): App\Controllers\Home->fetch_services()
 7 SYSTEMPATH/CodeIgniter.php(507): CodeIgniter\CodeIgniter->runController(Object(App\Controllers\Home))
 8 SYSTEMPATH/CodeIgniter.php(354): CodeIgniter\CodeIgniter->handleRequest(null, Object(Config\Cache), false)
 9 SYSTEMPATH/Boot.php(334): CodeIgniter\CodeIgniter->run()
10 SYSTEMPATH/Boot.php(67): CodeIgniter\Boot::runCodeIgniter(Object(CodeIgniter\CodeIgniter))
11 FCPATH/index.php(27): CodeIgniter\Boot::bootWeb(Object(Config\Paths))
WARNING - 2025-09-30 15:13:23 --> [DEPRECATED] addslashes(): Passing null to parameter #1 ($string) of type string is deprecated in APPPATH/Views/service_list.php on line 10.
 1 APPPATH/Views/service_list.php(10): addslashes(null)
 2 SYSTEMPATH/View/View.php(224): include('/home/u810214334/domains/embellish-beauty.co.uk/public_html/app/Views/service_list.php')
 3 SYSTEMPATH/View/View.php(227): CodeIgniter\View\View->CodeIgniter\View\{closure}()
 4 SYSTEMPATH/Common.php(1173): CodeIgniter\View\View->render('service_list', [], true)
 5 APPPATH/Controllers/Home.php(129): view('service_list', [...])
 6 SYSTEMPATH/CodeIgniter.php(933): App\Controllers\Home->fetch_services()
 7 SYSTEMPATH/CodeIgniter.php(507): CodeIgniter\CodeIgniter->runController(Object(App\Controllers\Home))
 8 SYSTEMPATH/CodeIgniter.php(354): CodeIgniter\CodeIgniter->handleRequest(null, Object(Config\Cache), false)
 9 SYSTEMPATH/Boot.php(334): CodeIgniter\CodeIgniter->run()
10 SYSTEMPATH/Boot.php(67): CodeIgniter\Boot::runCodeIgniter(Object(CodeIgniter\CodeIgniter))
11 FCPATH/index.php(27): CodeIgniter\Boot::bootWeb(Object(Config\Paths))
WARNING - 2025-09-30 15:13:23 --> [DEPRECATED] addslashes(): Passing null to parameter #1 ($string) of type string is deprecated in APPPATH/Views/service_list.php on line 10.
 1 APPPATH/Views/service_list.php(10): addslashes(null)
 2 SYSTEMPATH/View/View.php(224): include('/home/u810214334/domains/embellish-beauty.co.uk/public_html/app/Views/service_list.php')
 3 SYSTEMPATH/View/View.php(227): CodeIgniter\View\View->CodeIgniter\View\{closure}()
 4 SYSTEMPATH/Common.php(1173): CodeIgniter\View\View->render('service_list', [], true)
 5 APPPATH/Controllers/Home.php(129): view('service_list', [...])
 6 SYSTEMPATH/CodeIgniter.php(933): App\Controllers\Home->fetch_services()
 7 SYSTEMPATH/CodeIgniter.php(507): CodeIgniter\CodeIgniter->runController(Object(App\Controllers\Home))
 8 SYSTEMPATH/CodeIgniter.php(354): CodeIgniter\CodeIgniter->handleRequest(null, Object(Config\Cache), false)
 9 SYSTEMPATH/Boot.php(334): CodeIgniter\CodeIgniter->run()
10 SYSTEMPATH/Boot.php(67): CodeIgniter\Boot::runCodeIgniter(Object(CodeIgniter\CodeIgniter))
11 FCPATH/index.php(27): CodeIgniter\Boot::bootWeb(Object(Config\Paths))
WARNING - 2025-09-30 15:13:23 --> [DEPRECATED] addslashes(): Passing null to parameter #1 ($string) of type string is deprecated in APPPATH/Views/service_list.php on line 10.
 1 APPPATH/Views/service_list.php(10): addslashes(null)
 2 SYSTEMPATH/View/View.php(224): include('/home/u810214334/domains/embellish-beauty.co.uk/public_html/app/Views/service_list.php')
 3 SYSTEMPATH/View/View.php(227): CodeIgniter\View\View->CodeIgniter\View\{closure}()
 4 SYSTEMPATH/Common.php(1173): CodeIgniter\View\View->render('service_list', [], true)
 5 APPPATH/Controllers/Home.php(129): view('service_list', [...])
 6 SYSTEMPATH/CodeIgniter.php(933): App\Controllers\Home->fetch_services()
 7 SYSTEMPATH/CodeIgniter.php(507): CodeIgniter\CodeIgniter->runController(Object(App\Controllers\Home))
 8 SYSTEMPATH/CodeIgniter.php(354): CodeIgniter\CodeIgniter->handleRequest(null, Object(Config\Cache), false)
 9 SYSTEMPATH/Boot.php(334): CodeIgniter\CodeIgniter->run()
10 SYSTEMPATH/Boot.php(67): CodeIgniter\Boot::runCodeIgniter(Object(CodeIgniter\CodeIgniter))
11 FCPATH/index.php(27): CodeIgniter\Boot::bootWeb(Object(Config\Paths))
WARNING - 2025-09-30 15:13:23 --> [DEPRECATED] addslashes(): Passing null to parameter #1 ($string) of type string is deprecated in APPPATH/Views/service_list.php on line 10.
 1 APPPATH/Views/service_list.php(10): addslashes(null)
 2 SYSTEMPATH/View/View.php(224): include('/home/u810214334/domains/embellish-beauty.co.uk/public_html/app/Views/service_list.php')
 3 SYSTEMPATH/View/View.php(227): CodeIgniter\View\View->CodeIgniter\View\{closure}()
 4 SYSTEMPATH/Common.php(1173): CodeIgniter\View\View->render('service_list', [], true)
 5 APPPATH/Controllers/Home.php(129): view('service_list', [...])
 6 SYSTEMPATH/CodeIgniter.php(933): App\Controllers\Home->fetch_services()
 7 SYSTEMPATH/CodeIgniter.php(507): CodeIgniter\CodeIgniter->runController(Object(App\Controllers\Home))
 8 SYSTEMPATH/CodeIgniter.php(354): CodeIgniter\CodeIgniter->handleRequest(null, Object(Config\Cache), false)
 9 SYSTEMPATH/Boot.php(334): CodeIgniter\CodeIgniter->run()
10 SYSTEMPATH/Boot.php(67): CodeIgniter\Boot::runCodeIgniter(Object(CodeIgniter\CodeIgniter))
11 FCPATH/index.php(27): CodeIgniter\Boot::bootWeb(Object(Config\Paths))
WARNING - 2025-09-30 15:13:23 --> [DEPRECATED] addslashes(): Passing null to parameter #1 ($string) of type string is deprecated in APPPATH/Views/service_list.php on line 10.
 1 APPPATH/Views/service_list.php(10): addslashes(null)
 2 SYSTEMPATH/View/View.php(224): include('/home/u810214334/domains/embellish-beauty.co.uk/public_html/app/Views/service_list.php')
 3 SYSTEMPATH/View/View.php(227): CodeIgniter\View\View->CodeIgniter\View\{closure}()
 4 SYSTEMPATH/Common.php(1173): CodeIgniter\View\View->render('service_list', [], true)
 5 APPPATH/Controllers/Home.php(129): view('service_list', [...])
 6 SYSTEMPATH/CodeIgniter.php(933): App\Controllers\Home->fetch_services()
 7 SYSTEMPATH/CodeIgniter.php(507): CodeIgniter\CodeIgniter->runController(Object(App\Controllers\Home))
 8 SYSTEMPATH/CodeIgniter.php(354): CodeIgniter\CodeIgniter->handleRequest(null, Object(Config\Cache), false)
 9 SYSTEMPATH/Boot.php(334): CodeIgniter\CodeIgniter->run()
10 SYSTEMPATH/Boot.php(67): CodeIgniter\Boot::runCodeIgniter(Object(CodeIgniter\CodeIgniter))
11 FCPATH/index.php(27): CodeIgniter\Boot::bootWeb(Object(Config\Paths))
WARNING - 2025-09-30 15:13:23 --> [DEPRECATED] addslashes(): Passing null to parameter #1 ($string) of type string is deprecated in APPPATH/Views/service_list.php on line 10.
 1 APPPATH/Views/service_list.php(10): addslashes(null)
 2 SYSTEMPATH/View/View.php(224): include('/home/u810214334/domains/embellish-beauty.co.uk/public_html/app/Views/service_list.php')
 3 SYSTEMPATH/View/View.php(227): CodeIgniter\View\View->CodeIgniter\View\{closure}()
 4 SYSTEMPATH/Common.php(1173): CodeIgniter\View\View->render('service_list', [], true)
 5 APPPATH/Controllers/Home.php(129): view('service_list', [...])
 6 SYSTEMPATH/CodeIgniter.php(933): App\Controllers\Home->fetch_services()
 7 SYSTEMPATH/CodeIgniter.php(507): CodeIgniter\CodeIgniter->runController(Object(App\Controllers\Home))
 8 SYSTEMPATH/CodeIgniter.php(354): CodeIgniter\CodeIgniter->handleRequest(null, Object(Config\Cache), false)
 9 SYSTEMPATH/Boot.php(334): CodeIgniter\CodeIgniter->run()
10 SYSTEMPATH/Boot.php(67): CodeIgniter\Boot::runCodeIgniter(Object(CodeIgniter\CodeIgniter))
11 FCPATH/index.php(27): CodeIgniter\Boot::bootWeb(Object(Config\Paths))
WARNING - 2025-09-30 15:13:23 --> [DEPRECATED] addslashes(): Passing null to parameter #1 ($string) of type string is deprecated in APPPATH/Views/service_list.php on line 10.
 1 APPPATH/Views/service_list.php(10): addslashes(null)
 2 SYSTEMPATH/View/View.php(224): include('/home/u810214334/domains/embellish-beauty.co.uk/public_html/app/Views/service_list.php')
 3 SYSTEMPATH/View/View.php(227): CodeIgniter\View\View->CodeIgniter\View\{closure}()
 4 SYSTEMPATH/Common.php(1173): CodeIgniter\View\View->render('service_list', [], true)
 5 APPPATH/Controllers/Home.php(129): view('service_list', [...])
 6 SYSTEMPATH/CodeIgniter.php(933): App\Controllers\Home->fetch_services()
 7 SYSTEMPATH/CodeIgniter.php(507): CodeIgniter\CodeIgniter->runController(Object(App\Controllers\Home))
 8 SYSTEMPATH/CodeIgniter.php(354): CodeIgniter\CodeIgniter->handleRequest(null, Object(Config\Cache), false)
 9 SYSTEMPATH/Boot.php(334): CodeIgniter\CodeIgniter->run()
10 SYSTEMPATH/Boot.php(67): CodeIgniter\Boot::runCodeIgniter(Object(CodeIgniter\CodeIgniter))
11 FCPATH/index.php(27): CodeIgniter\Boot::bootWeb(Object(Config\Paths))
WARNING - 2025-09-30 15:13:23 --> [DEPRECATED] addslashes(): Passing null to parameter #1 ($string) of type string is deprecated in APPPATH/Views/service_list.php on line 10.
 1 APPPATH/Views/service_list.php(10): addslashes(null)
 2 SYSTEMPATH/View/View.php(224): include('/home/u810214334/domains/embellish-beauty.co.uk/public_html/app/Views/service_list.php')
 3 SYSTEMPATH/View/View.php(227): CodeIgniter\View\View->CodeIgniter\View\{closure}()
 4 SYSTEMPATH/Common.php(1173): CodeIgniter\View\View->render('service_list', [], true)
 5 APPPATH/Controllers/Home.php(129): view('service_list', [...])
 6 SYSTEMPATH/CodeIgniter.php(933): App\Controllers\Home->fetch_services()
 7 SYSTEMPATH/CodeIgniter.php(507): CodeIgniter\CodeIgniter->runController(Object(App\Controllers\Home))
 8 SYSTEMPATH/CodeIgniter.php(354): CodeIgniter\CodeIgniter->handleRequest(null, Object(Config\Cache), false)
 9 SYSTEMPATH/Boot.php(334): CodeIgniter\CodeIgniter->run()
10 SYSTEMPATH/Boot.php(67): CodeIgniter\Boot::runCodeIgniter(Object(CodeIgniter\CodeIgniter))
11 FCPATH/index.php(27): CodeIgniter\Boot::bootWeb(Object(Config\Paths))
WARNING - 2025-09-30 15:13:23 --> [DEPRECATED] addslashes(): Passing null to parameter #1 ($string) of type string is deprecated in APPPATH/Views/service_list.php on line 10.
 1 APPPATH/Views/service_list.php(10): addslashes(null)
 2 SYSTEMPATH/View/View.php(224): include('/home/u810214334/domains/embellish-beauty.co.uk/public_html/app/Views/service_list.php')
 3 SYSTEMPATH/View/View.php(227): CodeIgniter\View\View->CodeIgniter\View\{closure}()
 4 SYSTEMPATH/Common.php(1173): CodeIgniter\View\View->render('service_list', [], true)
 5 APPPATH/Controllers/Home.php(129): view('service_list', [...])
 6 SYSTEMPATH/CodeIgniter.php(933): App\Controllers\Home->fetch_services()
 7 SYSTEMPATH/CodeIgniter.php(507): CodeIgniter\CodeIgniter->runController(Object(App\Controllers\Home))
 8 SYSTEMPATH/CodeIgniter.php(354): CodeIgniter\CodeIgniter->handleRequest(null, Object(Config\Cache), false)
 9 SYSTEMPATH/Boot.php(334): CodeIgniter\CodeIgniter->run()
10 SYSTEMPATH/Boot.php(67): CodeIgniter\Boot::runCodeIgniter(Object(CodeIgniter\CodeIgniter))
11 FCPATH/index.php(27): CodeIgniter\Boot::bootWeb(Object(Config\Paths))
WARNING - 2025-09-30 15:13:23 --> [DEPRECATED] addslashes(): Passing null to parameter #1 ($string) of type string is deprecated in APPPATH/Views/service_list.php on line 10.
 1 APPPATH/Views/service_list.php(10): addslashes(null)
 2 SYSTEMPATH/View/View.php(224): include('/home/u810214334/domains/embellish-beauty.co.uk/public_html/app/Views/service_list.php')
 3 SYSTEMPATH/View/View.php(227): CodeIgniter\View\View->CodeIgniter\View\{closure}()
 4 SYSTEMPATH/Common.php(1173): CodeIgniter\View\View->render('service_list', [], true)
 5 APPPATH/Controllers/Home.php(129): view('service_list', [...])
 6 SYSTEMPATH/CodeIgniter.php(933): App\Controllers\Home->fetch_services()
 7 SYSTEMPATH/CodeIgniter.php(507): CodeIgniter\CodeIgniter->runController(Object(App\Controllers\Home))
 8 SYSTEMPATH/CodeIgniter.php(354): CodeIgniter\CodeIgniter->handleRequest(null, Object(Config\Cache), false)
 9 SYSTEMPATH/Boot.php(334): CodeIgniter\CodeIgniter->run()
10 SYSTEMPATH/Boot.php(67): CodeIgniter\Boot::runCodeIgniter(Object(CodeIgniter\CodeIgniter))
11 FCPATH/index.php(27): CodeIgniter\Boot::bootWeb(Object(Config\Paths))
WARNING - 2025-09-30 15:13:23 --> [DEPRECATED] addslashes(): Passing null to parameter #1 ($string) of type string is deprecated in APPPATH/Views/service_list.php on line 10.
 1 APPPATH/Views/service_list.php(10): addslashes(null)
 2 SYSTEMPATH/View/View.php(224): include('/home/u810214334/domains/embellish-beauty.co.uk/public_html/app/Views/service_list.php')
 3 SYSTEMPATH/View/View.php(227): CodeIgniter\View\View->CodeIgniter\View\{closure}()
 4 SYSTEMPATH/Common.php(1173): CodeIgniter\View\View->render('service_list', [], true)
 5 APPPATH/Controllers/Home.php(129): view('service_list', [...])
 6 SYSTEMPATH/CodeIgniter.php(933): App\Controllers\Home->fetch_services()
 7 SYSTEMPATH/CodeIgniter.php(507): CodeIgniter\CodeIgniter->runController(Object(App\Controllers\Home))
 8 SYSTEMPATH/CodeIgniter.php(354): CodeIgniter\CodeIgniter->handleRequest(null, Object(Config\Cache), false)
 9 SYSTEMPATH/Boot.php(334): CodeIgniter\CodeIgniter->run()
10 SYSTEMPATH/Boot.php(67): CodeIgniter\Boot::runCodeIgniter(Object(CodeIgniter\CodeIgniter))
11 FCPATH/index.php(27): CodeIgniter\Boot::bootWeb(Object(Config\Paths))
WARNING - 2025-09-30 15:13:23 --> [DEPRECATED] addslashes(): Passing null to parameter #1 ($string) of type string is deprecated in APPPATH/Views/service_list.php on line 10.
 1 APPPATH/Views/service_list.php(10): addslashes(null)
 2 SYSTEMPATH/View/View.php(224): include('/home/u810214334/domains/embellish-beauty.co.uk/public_html/app/Views/service_list.php')
 3 SYSTEMPATH/View/View.php(227): CodeIgniter\View\View->CodeIgniter\View\{closure}()
 4 SYSTEMPATH/Common.php(1173): CodeIgniter\View\View->render('service_list', [], true)
 5 APPPATH/Controllers/Home.php(129): view('service_list', [...])
 6 SYSTEMPATH/CodeIgniter.php(933): App\Controllers\Home->fetch_services()
 7 SYSTEMPATH/CodeIgniter.php(507): CodeIgniter\CodeIgniter->runController(Object(App\Controllers\Home))
 8 SYSTEMPATH/CodeIgniter.php(354): CodeIgniter\CodeIgniter->handleRequest(null, Object(Config\Cache), false)
 9 SYSTEMPATH/Boot.php(334): CodeIgniter\CodeIgniter->run()
10 SYSTEMPATH/Boot.php(67): CodeIgniter\Boot::runCodeIgniter(Object(CodeIgniter\CodeIgniter))
11 FCPATH/index.php(27): CodeIgniter\Boot::bootWeb(Object(Config\Paths))
WARNING - 2025-09-30 15:13:23 --> [DEPRECATED] addslashes(): Passing null to parameter #1 ($string) of type string is deprecated in APPPATH/Views/service_list.php on line 10.
 1 APPPATH/Views/service_list.php(10): addslashes(null)
 2 SYSTEMPATH/View/View.php(224): include('/home/u810214334/domains/embellish-beauty.co.uk/public_html/app/Views/service_list.php')
 3 SYSTEMPATH/View/View.php(227): CodeIgniter\View\View->CodeIgniter\View\{closure}()
 4 SYSTEMPATH/Common.php(1173): CodeIgniter\View\View->render('service_list', [], true)
 5 APPPATH/Controllers/Home.php(129): view('service_list', [...])
 6 SYSTEMPATH/CodeIgniter.php(933): App\Controllers\Home->fetch_services()
 7 SYSTEMPATH/CodeIgniter.php(507): CodeIgniter\CodeIgniter->runController(Object(App\Controllers\Home))
 8 SYSTEMPATH/CodeIgniter.php(354): CodeIgniter\CodeIgniter->handleRequest(null, Object(Config\Cache), false)
 9 SYSTEMPATH/Boot.php(334): CodeIgniter\CodeIgniter->run()
10 SYSTEMPATH/Boot.php(67): CodeIgniter\Boot::runCodeIgniter(Object(CodeIgniter\CodeIgniter))
11 FCPATH/index.php(27): CodeIgniter\Boot::bootWeb(Object(Config\Paths))
WARNING - 2025-09-30 15:13:23 --> [DEPRECATED] addslashes(): Passing null to parameter #1 ($string) of type string is deprecated in APPPATH/Views/service_list.php on line 10.
 1 APPPATH/Views/service_list.php(10): addslashes(null)
 2 SYSTEMPATH/View/View.php(224): include('/home/u810214334/domains/embellish-beauty.co.uk/public_html/app/Views/service_list.php')
 3 SYSTEMPATH/View/View.php(227): CodeIgniter\View\View->CodeIgniter\View\{closure}()
 4 SYSTEMPATH/Common.php(1173): CodeIgniter\View\View->render('service_list', [], true)
 5 APPPATH/Controllers/Home.php(129): view('service_list', [...])
 6 SYSTEMPATH/CodeIgniter.php(933): App\Controllers\Home->fetch_services()
 7 SYSTEMPATH/CodeIgniter.php(507): CodeIgniter\CodeIgniter->runController(Object(App\Controllers\Home))
 8 SYSTEMPATH/CodeIgniter.php(354): CodeIgniter\CodeIgniter->handleRequest(null, Object(Config\Cache), false)
 9 SYSTEMPATH/Boot.php(334): CodeIgniter\CodeIgniter->run()
10 SYSTEMPATH/Boot.php(67): CodeIgniter\Boot::runCodeIgniter(Object(CodeIgniter\CodeIgniter))
11 FCPATH/index.php(27): CodeIgniter\Boot::bootWeb(Object(Config\Paths))
WARNING - 2025-09-30 15:13:23 --> [DEPRECATED] addslashes(): Passing null to parameter #1 ($string) of type string is deprecated in APPPATH/Views/service_list.php on line 10.
 1 APPPATH/Views/service_list.php(10): addslashes(null)
 2 SYSTEMPATH/View/View.php(224): include('/home/u810214334/domains/embellish-beauty.co.uk/public_html/app/Views/service_list.php')
 3 SYSTEMPATH/View/View.php(227): CodeIgniter\View\View->CodeIgniter\View\{closure}()
 4 SYSTEMPATH/Common.php(1173): CodeIgniter\View\View->render('service_list', [], true)
 5 APPPATH/Controllers/Home.php(129): view('service_list', [...])
 6 SYSTEMPATH/CodeIgniter.php(933): App\Controllers\Home->fetch_services()
 7 SYSTEMPATH/CodeIgniter.php(507): CodeIgniter\CodeIgniter->runController(Object(App\Controllers\Home))
 8 SYSTEMPATH/CodeIgniter.php(354): CodeIgniter\CodeIgniter->handleRequest(null, Object(Config\Cache), false)
 9 SYSTEMPATH/Boot.php(334): CodeIgniter\CodeIgniter->run()
10 SYSTEMPATH/Boot.php(67): CodeIgniter\Boot::runCodeIgniter(Object(CodeIgniter\CodeIgniter))
11 FCPATH/index.php(27): CodeIgniter\Boot::bootWeb(Object(Config\Paths))
WARNING - 2025-09-30 15:13:23 --> [DEPRECATED] addslashes(): Passing null to parameter #1 ($string) of type string is deprecated in APPPATH/Views/service_list.php on line 10.
 1 APPPATH/Views/service_list.php(10): addslashes(null)
 2 SYSTEMPATH/View/View.php(224): include('/home/u810214334/domains/embellish-beauty.co.uk/public_html/app/Views/service_list.php')
 3 SYSTEMPATH/View/View.php(227): CodeIgniter\View\View->CodeIgniter\View\{closure}()
 4 SYSTEMPATH/Common.php(1173): CodeIgniter\View\View->render('service_list', [], true)
 5 APPPATH/Controllers/Home.php(129): view('service_list', [...])
 6 SYSTEMPATH/CodeIgniter.php(933): App\Controllers\Home->fetch_services()
 7 SYSTEMPATH/CodeIgniter.php(507): CodeIgniter\CodeIgniter->runController(Object(App\Controllers\Home))
 8 SYSTEMPATH/CodeIgniter.php(354): CodeIgniter\CodeIgniter->handleRequest(null, Object(Config\Cache), false)
 9 SYSTEMPATH/Boot.php(334): CodeIgniter\CodeIgniter->run()
10 SYSTEMPATH/Boot.php(67): CodeIgniter\Boot::runCodeIgniter(Object(CodeIgniter\CodeIgniter))
11 FCPATH/index.php(27): CodeIgniter\Boot::bootWeb(Object(Config\Paths))
WARNING - 2025-09-30 15:13:23 --> [DEPRECATED] addslashes(): Passing null to parameter #1 ($string) of type string is deprecated in APPPATH/Views/service_list.php on line 10.
 1 APPPATH/Views/service_list.php(10): addslashes(null)
 2 SYSTEMPATH/View/View.php(224): include('/home/u810214334/domains/embellish-beauty.co.uk/public_html/app/Views/service_list.php')
 3 SYSTEMPATH/View/View.php(227): CodeIgniter\View\View->CodeIgniter\View\{closure}()
 4 SYSTEMPATH/Common.php(1173): CodeIgniter\View\View->render('service_list', [], true)
 5 APPPATH/Controllers/Home.php(129): view('service_list', [...])
 6 SYSTEMPATH/CodeIgniter.php(933): App\Controllers\Home->fetch_services()
 7 SYSTEMPATH/CodeIgniter.php(507): CodeIgniter\CodeIgniter->runController(Object(App\Controllers\Home))
 8 SYSTEMPATH/CodeIgniter.php(354): CodeIgniter\CodeIgniter->handleRequest(null, Object(Config\Cache), false)
 9 SYSTEMPATH/Boot.php(334): CodeIgniter\CodeIgniter->run()
10 SYSTEMPATH/Boot.php(67): CodeIgniter\Boot::runCodeIgniter(Object(CodeIgniter\CodeIgniter))
11 FCPATH/index.php(27): CodeIgniter\Boot::bootWeb(Object(Config\Paths))
WARNING - 2025-09-30 15:13:23 --> [DEPRECATED] addslashes(): Passing null to parameter #1 ($string) of type string is deprecated in APPPATH/Views/service_list.php on line 10.
 1 APPPATH/Views/service_list.php(10): addslashes(null)
 2 SYSTEMPATH/View/View.php(224): include('/home/u810214334/domains/embellish-beauty.co.uk/public_html/app/Views/service_list.php')
 3 SYSTEMPATH/View/View.php(227): CodeIgniter\View\View->CodeIgniter\View\{closure}()
 4 SYSTEMPATH/Common.php(1173): CodeIgniter\View\View->render('service_list', [], true)
 5 APPPATH/Controllers/Home.php(129): view('service_list', [...])
 6 SYSTEMPATH/CodeIgniter.php(933): App\Controllers\Home->fetch_services()
 7 SYSTEMPATH/CodeIgniter.php(507): CodeIgniter\CodeIgniter->runController(Object(App\Controllers\Home))
 8 SYSTEMPATH/CodeIgniter.php(354): CodeIgniter\CodeIgniter->handleRequest(null, Object(Config\Cache), false)
 9 SYSTEMPATH/Boot.php(334): CodeIgniter\CodeIgniter->run()
10 SYSTEMPATH/Boot.php(67): CodeIgniter\Boot::runCodeIgniter(Object(CodeIgniter\CodeIgniter))
11 FCPATH/index.php(27): CodeIgniter\Boot::bootWeb(Object(Config\Paths))
WARNING - 2025-09-30 15:13:23 --> [DEPRECATED] addslashes(): Passing null to parameter #1 ($string) of type string is deprecated in APPPATH/Views/service_list.php on line 10.
 1 APPPATH/Views/service_list.php(10): addslashes(null)
 2 SYSTEMPATH/View/View.php(224): include('/home/u810214334/domains/embellish-beauty.co.uk/public_html/app/Views/service_list.php')
 3 SYSTEMPATH/View/View.php(227): CodeIgniter\View\View->CodeIgniter\View\{closure}()
 4 SYSTEMPATH/Common.php(1173): CodeIgniter\View\View->render('service_list', [], true)
 5 APPPATH/Controllers/Home.php(129): view('service_list', [...])
 6 SYSTEMPATH/CodeIgniter.php(933): App\Controllers\Home->fetch_services()
 7 SYSTEMPATH/CodeIgniter.php(507): CodeIgniter\CodeIgniter->runController(Object(App\Controllers\Home))
 8 SYSTEMPATH/CodeIgniter.php(354): CodeIgniter\CodeIgniter->handleRequest(null, Object(Config\Cache), false)
 9 SYSTEMPATH/Boot.php(334): CodeIgniter\CodeIgniter->run()
10 SYSTEMPATH/Boot.php(67): CodeIgniter\Boot::runCodeIgniter(Object(CodeIgniter\CodeIgniter))
11 FCPATH/index.php(27): CodeIgniter\Boot::bootWeb(Object(Config\Paths))
WARNING - 2025-09-30 15:13:23 --> [DEPRECATED] addslashes(): Passing null to parameter #1 ($string) of type string is deprecated in APPPATH/Views/service_list.php on line 10.
 1 APPPATH/Views/service_list.php(10): addslashes(null)
 2 SYSTEMPATH/View/View.php(224): include('/home/u810214334/domains/embellish-beauty.co.uk/public_html/app/Views/service_list.php')
 3 SYSTEMPATH/View/View.php(227): CodeIgniter\View\View->CodeIgniter\View\{closure}()
 4 SYSTEMPATH/Common.php(1173): CodeIgniter\View\View->render('service_list', [], true)
 5 APPPATH/Controllers/Home.php(129): view('service_list', [...])
 6 SYSTEMPATH/CodeIgniter.php(933): App\Controllers\Home->fetch_services()
 7 SYSTEMPATH/CodeIgniter.php(507): CodeIgniter\CodeIgniter->runController(Object(App\Controllers\Home))
 8 SYSTEMPATH/CodeIgniter.php(354): CodeIgniter\CodeIgniter->handleRequest(null, Object(Config\Cache), false)
 9 SYSTEMPATH/Boot.php(334): CodeIgniter\CodeIgniter->run()
10 SYSTEMPATH/Boot.php(67): CodeIgniter\Boot::runCodeIgniter(Object(CodeIgniter\CodeIgniter))
11 FCPATH/index.php(27): CodeIgniter\Boot::bootWeb(Object(Config\Paths))
DEBUG - 2025-09-30 15:13:50 --> Session: Class initialized using 'CodeIgniter\Session\Handlers\FileHandler' driver.
DEBUG - 2025-09-30 15:34:40 --> Session: Class initialized using 'CodeIgniter\Session\Handlers\FileHandler' driver.
DEBUG - 2025-09-30 15:54:02 --> Session: Class initialized using 'CodeIgniter\Session\Handlers\FileHandler' driver.
DEBUG - 2025-09-30 15:54:05 --> Session: Class initialized using 'CodeIgniter\Session\Handlers\FileHandler' driver.
DEBUG - 2025-09-30 15:54:12 --> Session: Class initialized using 'CodeIgniter\Session\Handlers\FileHandler' driver.
DEBUG - 2025-09-30 15:54:14 --> Session: Class initialized using 'CodeIgniter\Session\Handlers\FileHandler' driver.
DEBUG - 2025-09-30 15:54:14 --> Session: Class initialized using 'CodeIgniter\Session\Handlers\FileHandler' driver.
DEBUG - 2025-09-30 15:54:15 --> Session: Class initialized using 'CodeIgniter\Session\Handlers\FileHandler' driver.
DEBUG - 2025-09-30 15:54:18 --> Session: Class initialized using 'CodeIgniter\Session\Handlers\FileHandler' driver.
DEBUG - 2025-09-30 15:54:18 --> Session: Class initialized using 'CodeIgniter\Session\Handlers\FileHandler' driver.
DEBUG - 2025-09-30 15:54:18 --> Session: Class initialized using 'CodeIgniter\Session\Handlers\FileHandler' driver.
DEBUG - 2025-09-30 15:54:19 --> Session: Class initialized using 'CodeIgniter\Session\Handlers\FileHandler' driver.
DEBUG - 2025-09-30 15:54:19 --> Session: Class initialized using 'CodeIgniter\Session\Handlers\FileHandler' driver.
WARNING - 2025-09-30 15:54:19 --> [DEPRECATED] addslashes(): Passing null to parameter #1 ($string) of type string is deprecated in APPPATH/Views/service_list.php on line 10.
 1 APPPATH/Views/service_list.php(10): addslashes(null)
 2 SYSTEMPATH/View/View.php(224): include('/home/u810214334/domains/embellish-beauty.co.uk/public_html/app/Views/service_list.php')
 3 SYSTEMPATH/View/View.php(227): CodeIgniter\View\View->CodeIgniter\View\{closure}()
 4 SYSTEMPATH/Common.php(1173): CodeIgniter\View\View->render('service_list', [], true)
 5 APPPATH/Controllers/Home.php(129): view('service_list', [...])
 6 SYSTEMPATH/CodeIgniter.php(933): App\Controllers\Home->fetch_services()
 7 SYSTEMPATH/CodeIgniter.php(507): CodeIgniter\CodeIgniter->runController(Object(App\Controllers\Home))
 8 SYSTEMPATH/CodeIgniter.php(354): CodeIgniter\CodeIgniter->handleRequest(null, Object(Config\Cache), false)
 9 SYSTEMPATH/Boot.php(334): CodeIgniter\CodeIgniter->run()
10 SYSTEMPATH/Boot.php(67): CodeIgniter\Boot::runCodeIgniter(Object(CodeIgniter\CodeIgniter))
11 FCPATH/index.php(27): CodeIgniter\Boot::bootWeb(Object(Config\Paths))
WARNING - 2025-09-30 15:54:19 --> [DEPRECATED] addslashes(): Passing null to parameter #1 ($string) of type string is deprecated in APPPATH/Views/service_list.php on line 10.
 1 APPPATH/Views/service_list.php(10): addslashes(null)
 2 SYSTEMPATH/View/View.php(224): include('/home/u810214334/domains/embellish-beauty.co.uk/public_html/app/Views/service_list.php')
 3 SYSTEMPATH/View/View.php(227): CodeIgniter\View\View->CodeIgniter\View\{closure}()
 4 SYSTEMPATH/Common.php(1173): CodeIgniter\View\View->render('service_list', [], true)
 5 APPPATH/Controllers/Home.php(129): view('service_list', [...])
 6 SYSTEMPATH/CodeIgniter.php(933): App\Controllers\Home->fetch_services()
 7 SYSTEMPATH/CodeIgniter.php(507): CodeIgniter\CodeIgniter->runController(Object(App\Controllers\Home))
 8 SYSTEMPATH/CodeIgniter.php(354): CodeIgniter\CodeIgniter->handleRequest(null, Object(Config\Cache), false)
 9 SYSTEMPATH/Boot.php(334): CodeIgniter\CodeIgniter->run()
10 SYSTEMPATH/Boot.php(67): CodeIgniter\Boot::runCodeIgniter(Object(CodeIgniter\CodeIgniter))
11 FCPATH/index.php(27): CodeIgniter\Boot::bootWeb(Object(Config\Paths))
WARNING - 2025-09-30 15:54:19 --> [DEPRECATED] addslashes(): Passing null to parameter #1 ($string) of type string is deprecated in APPPATH/Views/service_list.php on line 10.
 1 APPPATH/Views/service_list.php(10): addslashes(null)
 2 SYSTEMPATH/View/View.php(224): include('/home/u810214334/domains/embellish-beauty.co.uk/public_html/app/Views/service_list.php')
 3 SYSTEMPATH/View/View.php(227): CodeIgniter\View\View->CodeIgniter\View\{closure}()
 4 SYSTEMPATH/Common.php(1173): CodeIgniter\View\View->render('service_list', [], true)
 5 APPPATH/Controllers/Home.php(129): view('service_list', [...])
 6 SYSTEMPATH/CodeIgniter.php(933): App\Controllers\Home->fetch_services()
 7 SYSTEMPATH/CodeIgniter.php(507): CodeIgniter\CodeIgniter->runController(Object(App\Controllers\Home))
 8 SYSTEMPATH/CodeIgniter.php(354): CodeIgniter\CodeIgniter->handleRequest(null, Object(Config\Cache), false)
 9 SYSTEMPATH/Boot.php(334): CodeIgniter\CodeIgniter->run()
10 SYSTEMPATH/Boot.php(67): CodeIgniter\Boot::runCodeIgniter(Object(CodeIgniter\CodeIgniter))
11 FCPATH/index.php(27): CodeIgniter\Boot::bootWeb(Object(Config\Paths))
WARNING - 2025-09-30 15:54:19 --> [DEPRECATED] addslashes(): Passing null to parameter #1 ($string) of type string is deprecated in APPPATH/Views/service_list.php on line 10.
 1 APPPATH/Views/service_list.php(10): addslashes(null)
 2 SYSTEMPATH/View/View.php(224): include('/home/u810214334/domains/embellish-beauty.co.uk/public_html/app/Views/service_list.php')
 3 SYSTEMPATH/View/View.php(227): CodeIgniter\View\View->CodeIgniter\View\{closure}()
 4 SYSTEMPATH/Common.php(1173): CodeIgniter\View\View->render('service_list', [], true)
 5 APPPATH/Controllers/Home.php(129): view('service_list', [...])
 6 SYSTEMPATH/CodeIgniter.php(933): App\Controllers\Home->fetch_services()
 7 SYSTEMPATH/CodeIgniter.php(507): CodeIgniter\CodeIgniter->runController(Object(App\Controllers\Home))
 8 SYSTEMPATH/CodeIgniter.php(354): CodeIgniter\CodeIgniter->handleRequest(null, Object(Config\Cache), false)
 9 SYSTEMPATH/Boot.php(334): CodeIgniter\CodeIgniter->run()
10 SYSTEMPATH/Boot.php(67): CodeIgniter\Boot::runCodeIgniter(Object(CodeIgniter\CodeIgniter))
11 FCPATH/index.php(27): CodeIgniter\Boot::bootWeb(Object(Config\Paths))
WARNING - 2025-09-30 15:54:19 --> [DEPRECATED] addslashes(): Passing null to parameter #1 ($string) of type string is deprecated in APPPATH/Views/service_list.php on line 10.
 1 APPPATH/Views/service_list.php(10): addslashes(null)
 2 SYSTEMPATH/View/View.php(224): include('/home/u810214334/domains/embellish-beauty.co.uk/public_html/app/Views/service_list.php')
 3 SYSTEMPATH/View/View.php(227): CodeIgniter\View\View->CodeIgniter\View\{closure}()
 4 SYSTEMPATH/Common.php(1173): CodeIgniter\View\View->render('service_list', [], true)
 5 APPPATH/Controllers/Home.php(129): view('service_list', [...])
 6 SYSTEMPATH/CodeIgniter.php(933): App\Controllers\Home->fetch_services()
 7 SYSTEMPATH/CodeIgniter.php(507): CodeIgniter\CodeIgniter->runController(Object(App\Controllers\Home))
 8 SYSTEMPATH/CodeIgniter.php(354): CodeIgniter\CodeIgniter->handleRequest(null, Object(Config\Cache), false)
 9 SYSTEMPATH/Boot.php(334): CodeIgniter\CodeIgniter->run()
10 SYSTEMPATH/Boot.php(67): CodeIgniter\Boot::runCodeIgniter(Object(CodeIgniter\CodeIgniter))
11 FCPATH/index.php(27): CodeIgniter\Boot::bootWeb(Object(Config\Paths))
WARNING - 2025-09-30 15:54:19 --> [DEPRECATED] addslashes(): Passing null to parameter #1 ($string) of type string is deprecated in APPPATH/Views/service_list.php on line 10.
 1 APPPATH/Views/service_list.php(10): addslashes(null)
 2 SYSTEMPATH/View/View.php(224): include('/home/u810214334/domains/embellish-beauty.co.uk/public_html/app/Views/service_list.php')
 3 SYSTEMPATH/View/View.php(227): CodeIgniter\View\View->CodeIgniter\View\{closure}()
 4 SYSTEMPATH/Common.php(1173): CodeIgniter\View\View->render('service_list', [], true)
 5 APPPATH/Controllers/Home.php(129): view('service_list', [...])
 6 SYSTEMPATH/CodeIgniter.php(933): App\Controllers\Home->fetch_services()
 7 SYSTEMPATH/CodeIgniter.php(507): CodeIgniter\CodeIgniter->runController(Object(App\Controllers\Home))
 8 SYSTEMPATH/CodeIgniter.php(354): CodeIgniter\CodeIgniter->handleRequest(null, Object(Config\Cache), false)
 9 SYSTEMPATH/Boot.php(334): CodeIgniter\CodeIgniter->run()
10 SYSTEMPATH/Boot.php(67): CodeIgniter\Boot::runCodeIgniter(Object(CodeIgniter\CodeIgniter))
11 FCPATH/index.php(27): CodeIgniter\Boot::bootWeb(Object(Config\Paths))
WARNING - 2025-09-30 15:54:19 --> [DEPRECATED] addslashes(): Passing null to parameter #1 ($string) of type string is deprecated in APPPATH/Views/service_list.php on line 10.
 1 APPPATH/Views/service_list.php(10): addslashes(null)
 2 SYSTEMPATH/View/View.php(224): include('/home/u810214334/domains/embellish-beauty.co.uk/public_html/app/Views/service_list.php')
 3 SYSTEMPATH/View/View.php(227): CodeIgniter\View\View->CodeIgniter\View\{closure}()
 4 SYSTEMPATH/Common.php(1173): CodeIgniter\View\View->render('service_list', [], true)
 5 APPPATH/Controllers/Home.php(129): view('service_list', [...])
 6 SYSTEMPATH/CodeIgniter.php(933): App\Controllers\Home->fetch_services()
 7 SYSTEMPATH/CodeIgniter.php(507): CodeIgniter\CodeIgniter->runController(Object(App\Controllers\Home))
 8 SYSTEMPATH/CodeIgniter.php(354): CodeIgniter\CodeIgniter->handleRequest(null, Object(Config\Cache), false)
 9 SYSTEMPATH/Boot.php(334): CodeIgniter\CodeIgniter->run()
10 SYSTEMPATH/Boot.php(67): CodeIgniter\Boot::runCodeIgniter(Object(CodeIgniter\CodeIgniter))
11 FCPATH/index.php(27): CodeIgniter\Boot::bootWeb(Object(Config\Paths))
WARNING - 2025-09-30 15:54:19 --> [DEPRECATED] addslashes(): Passing null to parameter #1 ($string) of type string is deprecated in APPPATH/Views/service_list.php on line 10.
 1 APPPATH/Views/service_list.php(10): addslashes(null)
 2 SYSTEMPATH/View/View.php(224): include('/home/u810214334/domains/embellish-beauty.co.uk/public_html/app/Views/service_list.php')
 3 SYSTEMPATH/View/View.php(227): CodeIgniter\View\View->CodeIgniter\View\{closure}()
 4 SYSTEMPATH/Common.php(1173): CodeIgniter\View\View->render('service_list', [], true)
 5 APPPATH/Controllers/Home.php(129): view('service_list', [...])
 6 SYSTEMPATH/CodeIgniter.php(933): App\Controllers\Home->fetch_services()
 7 SYSTEMPATH/CodeIgniter.php(507): CodeIgniter\CodeIgniter->runController(Object(App\Controllers\Home))
 8 SYSTEMPATH/CodeIgniter.php(354): CodeIgniter\CodeIgniter->handleRequest(null, Object(Config\Cache), false)
 9 SYSTEMPATH/Boot.php(334): CodeIgniter\CodeIgniter->run()
10 SYSTEMPATH/Boot.php(67): CodeIgniter\Boot::runCodeIgniter(Object(CodeIgniter\CodeIgniter))
11 FCPATH/index.php(27): CodeIgniter\Boot::bootWeb(Object(Config\Paths))
WARNING - 2025-09-30 15:54:19 --> [DEPRECATED] addslashes(): Passing null to parameter #1 ($string) of type string is deprecated in APPPATH/Views/service_list.php on line 10.
 1 APPPATH/Views/service_list.php(10): addslashes(null)
 2 SYSTEMPATH/View/View.php(224): include('/home/u810214334/domains/embellish-beauty.co.uk/public_html/app/Views/service_list.php')
 3 SYSTEMPATH/View/View.php(227): CodeIgniter\View\View->CodeIgniter\View\{closure}()
 4 SYSTEMPATH/Common.php(1173): CodeIgniter\View\View->render('service_list', [], true)
 5 APPPATH/Controllers/Home.php(129): view('service_list', [...])
 6 SYSTEMPATH/CodeIgniter.php(933): App\Controllers\Home->fetch_services()
 7 SYSTEMPATH/CodeIgniter.php(507): CodeIgniter\CodeIgniter->runController(Object(App\Controllers\Home))
 8 SYSTEMPATH/CodeIgniter.php(354): CodeIgniter\CodeIgniter->handleRequest(null, Object(Config\Cache), false)
 9 SYSTEMPATH/Boot.php(334): CodeIgniter\CodeIgniter->run()
10 SYSTEMPATH/Boot.php(67): CodeIgniter\Boot::runCodeIgniter(Object(CodeIgniter\CodeIgniter))
11 FCPATH/index.php(27): CodeIgniter\Boot::bootWeb(Object(Config\Paths))
WARNING - 2025-09-30 15:54:19 --> [DEPRECATED] addslashes(): Passing null to parameter #1 ($string) of type string is deprecated in APPPATH/Views/service_list.php on line 10.
 1 APPPATH/Views/service_list.php(10): addslashes(null)
 2 SYSTEMPATH/View/View.php(224): include('/home/u810214334/domains/embellish-beauty.co.uk/public_html/app/Views/service_list.php')
 3 SYSTEMPATH/View/View.php(227): CodeIgniter\View\View->CodeIgniter\View\{closure}()
 4 SYSTEMPATH/Common.php(1173): CodeIgniter\View\View->render('service_list', [], true)
 5 APPPATH/Controllers/Home.php(129): view('service_list', [...])
 6 SYSTEMPATH/CodeIgniter.php(933): App\Controllers\Home->fetch_services()
 7 SYSTEMPATH/CodeIgniter.php(507): CodeIgniter\CodeIgniter->runController(Object(App\Controllers\Home))
 8 SYSTEMPATH/CodeIgniter.php(354): CodeIgniter\CodeIgniter->handleRequest(null, Object(Config\Cache), false)
 9 SYSTEMPATH/Boot.php(334): CodeIgniter\CodeIgniter->run()
10 SYSTEMPATH/Boot.php(67): CodeIgniter\Boot::runCodeIgniter(Object(CodeIgniter\CodeIgniter))
11 FCPATH/index.php(27): CodeIgniter\Boot::bootWeb(Object(Config\Paths))
WARNING - 2025-09-30 15:54:19 --> [DEPRECATED] addslashes(): Passing null to parameter #1 ($string) of type string is deprecated in APPPATH/Views/service_list.php on line 10.
 1 APPPATH/Views/service_list.php(10): addslashes(null)
 2 SYSTEMPATH/View/View.php(224): include('/home/u810214334/domains/embellish-beauty.co.uk/public_html/app/Views/service_list.php')
 3 SYSTEMPATH/View/View.php(227): CodeIgniter\View\View->CodeIgniter\View\{closure}()
 4 SYSTEMPATH/Common.php(1173): CodeIgniter\View\View->render('service_list', [], true)
 5 APPPATH/Controllers/Home.php(129): view('service_list', [...])
 6 SYSTEMPATH/CodeIgniter.php(933): App\Controllers\Home->fetch_services()
 7 SYSTEMPATH/CodeIgniter.php(507): CodeIgniter\CodeIgniter->runController(Object(App\Controllers\Home))
 8 SYSTEMPATH/CodeIgniter.php(354): CodeIgniter\CodeIgniter->handleRequest(null, Object(Config\Cache), false)
 9 SYSTEMPATH/Boot.php(334): CodeIgniter\CodeIgniter->run()
10 SYSTEMPATH/Boot.php(67): CodeIgniter\Boot::runCodeIgniter(Object(CodeIgniter\CodeIgniter))
11 FCPATH/index.php(27): CodeIgniter\Boot::bootWeb(Object(Config\Paths))
WARNING - 2025-09-30 15:54:19 --> [DEPRECATED] addslashes(): Passing null to parameter #1 ($string) of type string is deprecated in APPPATH/Views/service_list.php on line 10.
 1 APPPATH/Views/service_list.php(10): addslashes(null)
 2 SYSTEMPATH/View/View.php(224): include('/home/u810214334/domains/embellish-beauty.co.uk/public_html/app/Views/service_list.php')
 3 SYSTEMPATH/View/View.php(227): CodeIgniter\View\View->CodeIgniter\View\{closure}()
 4 SYSTEMPATH/Common.php(1173): CodeIgniter\View\View->render('service_list', [], true)
 5 APPPATH/Controllers/Home.php(129): view('service_list', [...])
 6 SYSTEMPATH/CodeIgniter.php(933): App\Controllers\Home->fetch_services()
 7 SYSTEMPATH/CodeIgniter.php(507): CodeIgniter\CodeIgniter->runController(Object(App\Controllers\Home))
 8 SYSTEMPATH/CodeIgniter.php(354): CodeIgniter\CodeIgniter->handleRequest(null, Object(Config\Cache), false)
 9 SYSTEMPATH/Boot.php(334): CodeIgniter\CodeIgniter->run()
10 SYSTEMPATH/Boot.php(67): CodeIgniter\Boot::runCodeIgniter(Object(CodeIgniter\CodeIgniter))
11 FCPATH/index.php(27): CodeIgniter\Boot::bootWeb(Object(Config\Paths))
WARNING - 2025-09-30 15:54:19 --> [DEPRECATED] addslashes(): Passing null to parameter #1 ($string) of type string is deprecated in APPPATH/Views/service_list.php on line 10.
 1 APPPATH/Views/service_list.php(10): addslashes(null)
 2 SYSTEMPATH/View/View.php(224): include('/home/u810214334/domains/embellish-beauty.co.uk/public_html/app/Views/service_list.php')
 3 SYSTEMPATH/View/View.php(227): CodeIgniter\View\View->CodeIgniter\View\{closure}()
 4 SYSTEMPATH/Common.php(1173): CodeIgniter\View\View->render('service_list', [], true)
 5 APPPATH/Controllers/Home.php(129): view('service_list', [...])
 6 SYSTEMPATH/CodeIgniter.php(933): App\Controllers\Home->fetch_services()
 7 SYSTEMPATH/CodeIgniter.php(507): CodeIgniter\CodeIgniter->runController(Object(App\Controllers\Home))
 8 SYSTEMPATH/CodeIgniter.php(354): CodeIgniter\CodeIgniter->handleRequest(null, Object(Config\Cache), false)
 9 SYSTEMPATH/Boot.php(334): CodeIgniter\CodeIgniter->run()
10 SYSTEMPATH/Boot.php(67): CodeIgniter\Boot::runCodeIgniter(Object(CodeIgniter\CodeIgniter))
11 FCPATH/index.php(27): CodeIgniter\Boot::bootWeb(Object(Config\Paths))
WARNING - 2025-09-30 15:54:19 --> [DEPRECATED] addslashes(): Passing null to parameter #1 ($string) of type string is deprecated in APPPATH/Views/service_list.php on line 10.
 1 APPPATH/Views/service_list.php(10): addslashes(null)
 2 SYSTEMPATH/View/View.php(224): include('/home/u810214334/domains/embellish-beauty.co.uk/public_html/app/Views/service_list.php')
 3 SYSTEMPATH/View/View.php(227): CodeIgniter\View\View->CodeIgniter\View\{closure}()
 4 SYSTEMPATH/Common.php(1173): CodeIgniter\View\View->render('service_list', [], true)
 5 APPPATH/Controllers/Home.php(129): view('service_list', [...])
 6 SYSTEMPATH/CodeIgniter.php(933): App\Controllers\Home->fetch_services()
 7 SYSTEMPATH/CodeIgniter.php(507): CodeIgniter\CodeIgniter->runController(Object(App\Controllers\Home))
 8 SYSTEMPATH/CodeIgniter.php(354): CodeIgniter\CodeIgniter->handleRequest(null, Object(Config\Cache), false)
 9 SYSTEMPATH/Boot.php(334): CodeIgniter\CodeIgniter->run()
10 SYSTEMPATH/Boot.php(67): CodeIgniter\Boot::runCodeIgniter(Object(CodeIgniter\CodeIgniter))
11 FCPATH/index.php(27): CodeIgniter\Boot::bootWeb(Object(Config\Paths))
WARNING - 2025-09-30 15:54:19 --> [DEPRECATED] addslashes(): Passing null to parameter #1 ($string) of type string is deprecated in APPPATH/Views/service_list.php on line 10.
 1 APPPATH/Views/service_list.php(10): addslashes(null)
 2 SYSTEMPATH/View/View.php(224): include('/home/u810214334/domains/embellish-beauty.co.uk/public_html/app/Views/service_list.php')
 3 SYSTEMPATH/View/View.php(227): CodeIgniter\View\View->CodeIgniter\View\{closure}()
 4 SYSTEMPATH/Common.php(1173): CodeIgniter\View\View->render('service_list', [], true)
 5 APPPATH/Controllers/Home.php(129): view('service_list', [...])
 6 SYSTEMPATH/CodeIgniter.php(933): App\Controllers\Home->fetch_services()
 7 SYSTEMPATH/CodeIgniter.php(507): CodeIgniter\CodeIgniter->runController(Object(App\Controllers\Home))
 8 SYSTEMPATH/CodeIgniter.php(354): CodeIgniter\CodeIgniter->handleRequest(null, Object(Config\Cache), false)
 9 SYSTEMPATH/Boot.php(334): CodeIgniter\CodeIgniter->run()
10 SYSTEMPATH/Boot.php(67): CodeIgniter\Boot::runCodeIgniter(Object(CodeIgniter\CodeIgniter))
11 FCPATH/index.php(27): CodeIgniter\Boot::bootWeb(Object(Config\Paths))
WARNING - 2025-09-30 15:54:19 --> [DEPRECATED] addslashes(): Passing null to parameter #1 ($string) of type string is deprecated in APPPATH/Views/service_list.php on line 10.
 1 APPPATH/Views/service_list.php(10): addslashes(null)
 2 SYSTEMPATH/View/View.php(224): include('/home/u810214334/domains/embellish-beauty.co.uk/public_html/app/Views/service_list.php')
 3 SYSTEMPATH/View/View.php(227): CodeIgniter\View\View->CodeIgniter\View\{closure}()
 4 SYSTEMPATH/Common.php(1173): CodeIgniter\View\View->render('service_list', [], true)
 5 APPPATH/Controllers/Home.php(129): view('service_list', [...])
 6 SYSTEMPATH/CodeIgniter.php(933): App\Controllers\Home->fetch_services()
 7 SYSTEMPATH/CodeIgniter.php(507): CodeIgniter\CodeIgniter->runController(Object(App\Controllers\Home))
 8 SYSTEMPATH/CodeIgniter.php(354): CodeIgniter\CodeIgniter->handleRequest(null, Object(Config\Cache), false)
 9 SYSTEMPATH/Boot.php(334): CodeIgniter\CodeIgniter->run()
10 SYSTEMPATH/Boot.php(67): CodeIgniter\Boot::runCodeIgniter(Object(CodeIgniter\CodeIgniter))
11 FCPATH/index.php(27): CodeIgniter\Boot::bootWeb(Object(Config\Paths))
WARNING - 2025-09-30 15:54:19 --> [DEPRECATED] addslashes(): Passing null to parameter #1 ($string) of type string is deprecated in APPPATH/Views/service_list.php on line 10.
 1 APPPATH/Views/service_list.php(10): addslashes(null)
 2 SYSTEMPATH/View/View.php(224): include('/home/u810214334/domains/embellish-beauty.co.uk/public_html/app/Views/service_list.php')
 3 SYSTEMPATH/View/View.php(227): CodeIgniter\View\View->CodeIgniter\View\{closure}()
 4 SYSTEMPATH/Common.php(1173): CodeIgniter\View\View->render('service_list', [], true)
 5 APPPATH/Controllers/Home.php(129): view('service_list', [...])
 6 SYSTEMPATH/CodeIgniter.php(933): App\Controllers\Home->fetch_services()
 7 SYSTEMPATH/CodeIgniter.php(507): CodeIgniter\CodeIgniter->runController(Object(App\Controllers\Home))
 8 SYSTEMPATH/CodeIgniter.php(354): CodeIgniter\CodeIgniter->handleRequest(null, Object(Config\Cache), false)
 9 SYSTEMPATH/Boot.php(334): CodeIgniter\CodeIgniter->run()
10 SYSTEMPATH/Boot.php(67): CodeIgniter\Boot::runCodeIgniter(Object(CodeIgniter\CodeIgniter))
11 FCPATH/index.php(27): CodeIgniter\Boot::bootWeb(Object(Config\Paths))
WARNING - 2025-09-30 15:54:19 --> [DEPRECATED] addslashes(): Passing null to parameter #1 ($string) of type string is deprecated in APPPATH/Views/service_list.php on line 10.
 1 APPPATH/Views/service_list.php(10): addslashes(null)
 2 SYSTEMPATH/View/View.php(224): include('/home/u810214334/domains/embellish-beauty.co.uk/public_html/app/Views/service_list.php')
 3 SYSTEMPATH/View/View.php(227): CodeIgniter\View\View->CodeIgniter\View\{closure}()
 4 SYSTEMPATH/Common.php(1173): CodeIgniter\View\View->render('service_list', [], true)
 5 APPPATH/Controllers/Home.php(129): view('service_list', [...])
 6 SYSTEMPATH/CodeIgniter.php(933): App\Controllers\Home->fetch_services()
 7 SYSTEMPATH/CodeIgniter.php(507): CodeIgniter\CodeIgniter->runController(Object(App\Controllers\Home))
 8 SYSTEMPATH/CodeIgniter.php(354): CodeIgniter\CodeIgniter->handleRequest(null, Object(Config\Cache), false)
 9 SYSTEMPATH/Boot.php(334): CodeIgniter\CodeIgniter->run()
10 SYSTEMPATH/Boot.php(67): CodeIgniter\Boot::runCodeIgniter(Object(CodeIgniter\CodeIgniter))
11 FCPATH/index.php(27): CodeIgniter\Boot::bootWeb(Object(Config\Paths))
WARNING - 2025-09-30 15:54:19 --> [DEPRECATED] addslashes(): Passing null to parameter #1 ($string) of type string is deprecated in APPPATH/Views/service_list.php on line 10.
 1 APPPATH/Views/service_list.php(10): addslashes(null)
 2 SYSTEMPATH/View/View.php(224): include('/home/u810214334/domains/embellish-beauty.co.uk/public_html/app/Views/service_list.php')
 3 SYSTEMPATH/View/View.php(227): CodeIgniter\View\View->CodeIgniter\View\{closure}()
 4 SYSTEMPATH/Common.php(1173): CodeIgniter\View\View->render('service_list', [], true)
 5 APPPATH/Controllers/Home.php(129): view('service_list', [...])
 6 SYSTEMPATH/CodeIgniter.php(933): App\Controllers\Home->fetch_services()
 7 SYSTEMPATH/CodeIgniter.php(507): CodeIgniter\CodeIgniter->runController(Object(App\Controllers\Home))
 8 SYSTEMPATH/CodeIgniter.php(354): CodeIgniter\CodeIgniter->handleRequest(null, Object(Config\Cache), false)
 9 SYSTEMPATH/Boot.php(334): CodeIgniter\CodeIgniter->run()
10 SYSTEMPATH/Boot.php(67): CodeIgniter\Boot::runCodeIgniter(Object(CodeIgniter\CodeIgniter))
11 FCPATH/index.php(27): CodeIgniter\Boot::bootWeb(Object(Config\Paths))
WARNING - 2025-09-30 15:54:19 --> [DEPRECATED] addslashes(): Passing null to parameter #1 ($string) of type string is deprecated in APPPATH/Views/service_list.php on line 10.
 1 APPPATH/Views/service_list.php(10): addslashes(null)
 2 SYSTEMPATH/View/View.php(224): include('/home/u810214334/domains/embellish-beauty.co.uk/public_html/app/Views/service_list.php')
 3 SYSTEMPATH/View/View.php(227): CodeIgniter\View\View->CodeIgniter\View\{closure}()
 4 SYSTEMPATH/Common.php(1173): CodeIgniter\View\View->render('service_list', [], true)
 5 APPPATH/Controllers/Home.php(129): view('service_list', [...])
 6 SYSTEMPATH/CodeIgniter.php(933): App\Controllers\Home->fetch_services()
 7 SYSTEMPATH/CodeIgniter.php(507): CodeIgniter\CodeIgniter->runController(Object(App\Controllers\Home))
 8 SYSTEMPATH/CodeIgniter.php(354): CodeIgniter\CodeIgniter->handleRequest(null, Object(Config\Cache), false)
 9 SYSTEMPATH/Boot.php(334): CodeIgniter\CodeIgniter->run()
10 SYSTEMPATH/Boot.php(67): CodeIgniter\Boot::runCodeIgniter(Object(CodeIgniter\CodeIgniter))
11 FCPATH/index.php(27): CodeIgniter\Boot::bootWeb(Object(Config\Paths))
WARNING - 2025-09-30 15:54:19 --> [DEPRECATED] addslashes(): Passing null to parameter #1 ($string) of type string is deprecated in APPPATH/Views/service_list.php on line 10.
 1 APPPATH/Views/service_list.php(10): addslashes(null)
 2 SYSTEMPATH/View/View.php(224): include('/home/u810214334/domains/embellish-beauty.co.uk/public_html/app/Views/service_list.php')
 3 SYSTEMPATH/View/View.php(227): CodeIgniter\View\View->CodeIgniter\View\{closure}()
 4 SYSTEMPATH/Common.php(1173): CodeIgniter\View\View->render('service_list', [], true)
 5 APPPATH/Controllers/Home.php(129): view('service_list', [...])
 6 SYSTEMPATH/CodeIgniter.php(933): App\Controllers\Home->fetch_services()
 7 SYSTEMPATH/CodeIgniter.php(507): CodeIgniter\CodeIgniter->runController(Object(App\Controllers\Home))
 8 SYSTEMPATH/CodeIgniter.php(354): CodeIgniter\CodeIgniter->handleRequest(null, Object(Config\Cache), false)
 9 SYSTEMPATH/Boot.php(334): CodeIgniter\CodeIgniter->run()
10 SYSTEMPATH/Boot.php(67): CodeIgniter\Boot::runCodeIgniter(Object(CodeIgniter\CodeIgniter))
11 FCPATH/index.php(27): CodeIgniter\Boot::bootWeb(Object(Config\Paths))
WARNING - 2025-09-30 15:54:19 --> [DEPRECATED] addslashes(): Passing null to parameter #1 ($string) of type string is deprecated in APPPATH/Views/service_list.php on line 10.
 1 APPPATH/Views/service_list.php(10): addslashes(null)
 2 SYSTEMPATH/View/View.php(224): include('/home/u810214334/domains/embellish-beauty.co.uk/public_html/app/Views/service_list.php')
 3 SYSTEMPATH/View/View.php(227): CodeIgniter\View\View->CodeIgniter\View\{closure}()
 4 SYSTEMPATH/Common.php(1173): CodeIgniter\View\View->render('service_list', [], true)
 5 APPPATH/Controllers/Home.php(129): view('service_list', [...])
 6 SYSTEMPATH/CodeIgniter.php(933): App\Controllers\Home->fetch_services()
 7 SYSTEMPATH/CodeIgniter.php(507): CodeIgniter\CodeIgniter->runController(Object(App\Controllers\Home))
 8 SYSTEMPATH/CodeIgniter.php(354): CodeIgniter\CodeIgniter->handleRequest(null, Object(Config\Cache), false)
 9 SYSTEMPATH/Boot.php(334): CodeIgniter\CodeIgniter->run()
10 SYSTEMPATH/Boot.php(67): CodeIgniter\Boot::runCodeIgniter(Object(CodeIgniter\CodeIgniter))
11 FCPATH/index.php(27): CodeIgniter\Boot::bootWeb(Object(Config\Paths))
WARNING - 2025-09-30 15:54:19 --> [DEPRECATED] addslashes(): Passing null to parameter #1 ($string) of type string is deprecated in APPPATH/Views/service_list.php on line 10.
 1 APPPATH/Views/service_list.php(10): addslashes(null)
 2 SYSTEMPATH/View/View.php(224): include('/home/u810214334/domains/embellish-beauty.co.uk/public_html/app/Views/service_list.php')
 3 SYSTEMPATH/View/View.php(227): CodeIgniter\View\View->CodeIgniter\View\{closure}()
 4 SYSTEMPATH/Common.php(1173): CodeIgniter\View\View->render('service_list', [], true)
 5 APPPATH/Controllers/Home.php(129): view('service_list', [...])
 6 SYSTEMPATH/CodeIgniter.php(933): App\Controllers\Home->fetch_services()
 7 SYSTEMPATH/CodeIgniter.php(507): CodeIgniter\CodeIgniter->runController(Object(App\Controllers\Home))
 8 SYSTEMPATH/CodeIgniter.php(354): CodeIgniter\CodeIgniter->handleRequest(null, Object(Config\Cache), false)
 9 SYSTEMPATH/Boot.php(334): CodeIgniter\CodeIgniter->run()
10 SYSTEMPATH/Boot.php(67): CodeIgniter\Boot::runCodeIgniter(Object(CodeIgniter\CodeIgniter))
11 FCPATH/index.php(27): CodeIgniter\Boot::bootWeb(Object(Config\Paths))
WARNING - 2025-09-30 15:54:19 --> [DEPRECATED] addslashes(): Passing null to parameter #1 ($string) of type string is deprecated in APPPATH/Views/service_list.php on line 10.
 1 APPPATH/Views/service_list.php(10): addslashes(null)
 2 SYSTEMPATH/View/View.php(224): include('/home/u810214334/domains/embellish-beauty.co.uk/public_html/app/Views/service_list.php')
 3 SYSTEMPATH/View/View.php(227): CodeIgniter\View\View->CodeIgniter\View\{closure}()
 4 SYSTEMPATH/Common.php(1173): CodeIgniter\View\View->render('service_list', [], true)
 5 APPPATH/Controllers/Home.php(129): view('service_list', [...])
 6 SYSTEMPATH/CodeIgniter.php(933): App\Controllers\Home->fetch_services()
 7 SYSTEMPATH/CodeIgniter.php(507): CodeIgniter\CodeIgniter->runController(Object(App\Controllers\Home))
 8 SYSTEMPATH/CodeIgniter.php(354): CodeIgniter\CodeIgniter->handleRequest(null, Object(Config\Cache), false)
 9 SYSTEMPATH/Boot.php(334): CodeIgniter\CodeIgniter->run()
10 SYSTEMPATH/Boot.php(67): CodeIgniter\Boot::runCodeIgniter(Object(CodeIgniter\CodeIgniter))
11 FCPATH/index.php(27): CodeIgniter\Boot::bootWeb(Object(Config\Paths))
WARNING - 2025-09-30 15:54:19 --> [DEPRECATED] addslashes(): Passing null to parameter #1 ($string) of type string is deprecated in APPPATH/Views/service_list.php on line 10.
 1 APPPATH/Views/service_list.php(10): addslashes(null)
 2 SYSTEMPATH/View/View.php(224): include('/home/u810214334/domains/embellish-beauty.co.uk/public_html/app/Views/service_list.php')
 3 SYSTEMPATH/View/View.php(227): CodeIgniter\View\View->CodeIgniter\View\{closure}()
 4 SYSTEMPATH/Common.php(1173): CodeIgniter\View\View->render('service_list', [], true)
 5 APPPATH/Controllers/Home.php(129): view('service_list', [...])
 6 SYSTEMPATH/CodeIgniter.php(933): App\Controllers\Home->fetch_services()
 7 SYSTEMPATH/CodeIgniter.php(507): CodeIgniter\CodeIgniter->runController(Object(App\Controllers\Home))
 8 SYSTEMPATH/CodeIgniter.php(354): CodeIgniter\CodeIgniter->handleRequest(null, Object(Config\Cache), false)
 9 SYSTEMPATH/Boot.php(334): CodeIgniter\CodeIgniter->run()
10 SYSTEMPATH/Boot.php(67): CodeIgniter\Boot::runCodeIgniter(Object(CodeIgniter\CodeIgniter))
11 FCPATH/index.php(27): CodeIgniter\Boot::bootWeb(Object(Config\Paths))
WARNING - 2025-09-30 15:54:19 --> [DEPRECATED] addslashes(): Passing null to parameter #1 ($string) of type string is deprecated in APPPATH/Views/service_list.php on line 10.
 1 APPPATH/Views/service_list.php(10): addslashes(null)
 2 SYSTEMPATH/View/View.php(224): include('/home/u810214334/domains/embellish-beauty.co.uk/public_html/app/Views/service_list.php')
 3 SYSTEMPATH/View/View.php(227): CodeIgniter\View\View->CodeIgniter\View\{closure}()
 4 SYSTEMPATH/Common.php(1173): CodeIgniter\View\View->render('service_list', [], true)
 5 APPPATH/Controllers/Home.php(129): view('service_list', [...])
 6 SYSTEMPATH/CodeIgniter.php(933): App\Controllers\Home->fetch_services()
 7 SYSTEMPATH/CodeIgniter.php(507): CodeIgniter\CodeIgniter->runController(Object(App\Controllers\Home))
 8 SYSTEMPATH/CodeIgniter.php(354): CodeIgniter\CodeIgniter->handleRequest(null, Object(Config\Cache), false)
 9 SYSTEMPATH/Boot.php(334): CodeIgniter\CodeIgniter->run()
10 SYSTEMPATH/Boot.php(67): CodeIgniter\Boot::runCodeIgniter(Object(CodeIgniter\CodeIgniter))
11 FCPATH/index.php(27): CodeIgniter\Boot::bootWeb(Object(Config\Paths))
WARNING - 2025-09-30 15:54:19 --> [DEPRECATED] addslashes(): Passing null to parameter #1 ($string) of type string is deprecated in APPPATH/Views/service_list.php on line 10.
 1 APPPATH/Views/service_list.php(10): addslashes(null)
 2 SYSTEMPATH/View/View.php(224): include('/home/u810214334/domains/embellish-beauty.co.uk/public_html/app/Views/service_list.php')
 3 SYSTEMPATH/View/View.php(227): CodeIgniter\View\View->CodeIgniter\View\{closure}()
 4 SYSTEMPATH/Common.php(1173): CodeIgniter\View\View->render('service_list', [], true)
 5 APPPATH/Controllers/Home.php(129): view('service_list', [...])
 6 SYSTEMPATH/CodeIgniter.php(933): App\Controllers\Home->fetch_services()
 7 SYSTEMPATH/CodeIgniter.php(507): CodeIgniter\CodeIgniter->runController(Object(App\Controllers\Home))
 8 SYSTEMPATH/CodeIgniter.php(354): CodeIgniter\CodeIgniter->handleRequest(null, Object(Config\Cache), false)
 9 SYSTEMPATH/Boot.php(334): CodeIgniter\CodeIgniter->run()
10 SYSTEMPATH/Boot.php(67): CodeIgniter\Boot::runCodeIgniter(Object(CodeIgniter\CodeIgniter))
11 FCPATH/index.php(27): CodeIgniter\Boot::bootWeb(Object(Config\Paths))
WARNING - 2025-09-30 15:54:19 --> [DEPRECATED] addslashes(): Passing null to parameter #1 ($string) of type string is deprecated in APPPATH/Views/service_list.php on line 10.
 1 APPPATH/Views/service_list.php(10): addslashes(null)
 2 SYSTEMPATH/View/View.php(224): include('/home/u810214334/domains/embellish-beauty.co.uk/public_html/app/Views/service_list.php')
 3 SYSTEMPATH/View/View.php(227): CodeIgniter\View\View->CodeIgniter\View\{closure}()
 4 SYSTEMPATH/Common.php(1173): CodeIgniter\View\View->render('service_list', [], true)
 5 APPPATH/Controllers/Home.php(129): view('service_list', [...])
 6 SYSTEMPATH/CodeIgniter.php(933): App\Controllers\Home->fetch_services()
 7 SYSTEMPATH/CodeIgniter.php(507): CodeIgniter\CodeIgniter->runController(Object(App\Controllers\Home))
 8 SYSTEMPATH/CodeIgniter.php(354): CodeIgniter\CodeIgniter->handleRequest(null, Object(Config\Cache), false)
 9 SYSTEMPATH/Boot.php(334): CodeIgniter\CodeIgniter->run()
10 SYSTEMPATH/Boot.php(67): CodeIgniter\Boot::runCodeIgniter(Object(CodeIgniter\CodeIgniter))
11 FCPATH/index.php(27): CodeIgniter\Boot::bootWeb(Object(Config\Paths))
WARNING - 2025-09-30 15:54:19 --> [DEPRECATED] addslashes(): Passing null to parameter #1 ($string) of type string is deprecated in APPPATH/Views/service_list.php on line 10.
 1 APPPATH/Views/service_list.php(10): addslashes(null)
 2 SYSTEMPATH/View/View.php(224): include('/home/u810214334/domains/embellish-beauty.co.uk/public_html/app/Views/service_list.php')
 3 SYSTEMPATH/View/View.php(227): CodeIgniter\View\View->CodeIgniter\View\{closure}()
 4 SYSTEMPATH/Common.php(1173): CodeIgniter\View\View->render('service_list', [], true)
 5 APPPATH/Controllers/Home.php(129): view('service_list', [...])
 6 SYSTEMPATH/CodeIgniter.php(933): App\Controllers\Home->fetch_services()
 7 SYSTEMPATH/CodeIgniter.php(507): CodeIgniter\CodeIgniter->runController(Object(App\Controllers\Home))
 8 SYSTEMPATH/CodeIgniter.php(354): CodeIgniter\CodeIgniter->handleRequest(null, Object(Config\Cache), false)
 9 SYSTEMPATH/Boot.php(334): CodeIgniter\CodeIgniter->run()
10 SYSTEMPATH/Boot.php(67): CodeIgniter\Boot::runCodeIgniter(Object(CodeIgniter\CodeIgniter))
11 FCPATH/index.php(27): CodeIgniter\Boot::bootWeb(Object(Config\Paths))
DEBUG - 2025-09-30 15:55:41 --> Session: Class initialized using 'CodeIgniter\Session\Handlers\FileHandler' driver.
DEBUG - 2025-09-30 16:25:04 --> Session: Class initialized using 'CodeIgniter\Session\Handlers\FileHandler' driver.
DEBUG - 2025-09-30 16:25:31 --> Session: Class initialized using 'CodeIgniter\Session\Handlers\FileHandler' driver.
DEBUG - 2025-09-30 16:36:27 --> Session: Class initialized using 'CodeIgniter\Session\Handlers\FileHandler' driver.
DEBUG - 2025-09-30 17:27:17 --> Session: Class initialized using 'CodeIgniter\Session\Handlers\FileHandler' driver.
DEBUG - 2025-09-30 17:27:20 --> Session: Class initialized using 'CodeIgniter\Session\Handlers\FileHandler' driver.
DEBUG - 2025-09-30 17:27:20 --> Session: Class initialized using 'CodeIgniter\Session\Handlers\FileHandler' driver.
DEBUG - 2025-09-30 17:27:21 --> Session: Class initialized using 'CodeIgniter\Session\Handlers\FileHandler' driver.
DEBUG - 2025-09-30 17:27:24 --> Session: Class initialized using 'CodeIgniter\Session\Handlers\FileHandler' driver.
DEBUG - 2025-09-30 17:27:24 --> Session: Class initialized using 'CodeIgniter\Session\Handlers\FileHandler' driver.
DEBUG - 2025-09-30 17:27:24 --> Session: Class initialized using 'CodeIgniter\Session\Handlers\FileHandler' driver.
DEBUG - 2025-09-30 17:27:24 --> Session: Class initialized using 'CodeIgniter\Session\Handlers\FileHandler' driver.
DEBUG - 2025-09-30 17:27:25 --> Session: Class initialized using 'CodeIgniter\Session\Handlers\FileHandler' driver.
WARNING - 2025-09-30 17:27:25 --> [DEPRECATED] addslashes(): Passing null to parameter #1 ($string) of type string is deprecated in APPPATH/Views/service_list.php on line 10.
 1 APPPATH/Views/service_list.php(10): addslashes(null)
 2 SYSTEMPATH/View/View.php(224): include('/home/u810214334/domains/embellish-beauty.co.uk/public_html/app/Views/service_list.php')
 3 SYSTEMPATH/View/View.php(227): CodeIgniter\View\View->CodeIgniter\View\{closure}()
 4 SYSTEMPATH/Common.php(1173): CodeIgniter\View\View->render('service_list', [], true)
 5 APPPATH/Controllers/Home.php(129): view('service_list', [...])
 6 SYSTEMPATH/CodeIgniter.php(933): App\Controllers\Home->fetch_services()
 7 SYSTEMPATH/CodeIgniter.php(507): CodeIgniter\CodeIgniter->runController(Object(App\Controllers\Home))
 8 SYSTEMPATH/CodeIgniter.php(354): CodeIgniter\CodeIgniter->handleRequest(null, Object(Config\Cache), false)
 9 SYSTEMPATH/Boot.php(334): CodeIgniter\CodeIgniter->run()
10 SYSTEMPATH/Boot.php(67): CodeIgniter\Boot::runCodeIgniter(Object(CodeIgniter\CodeIgniter))
11 FCPATH/index.php(27): CodeIgniter\Boot::bootWeb(Object(Config\Paths))
WARNING - 2025-09-30 17:27:25 --> [DEPRECATED] addslashes(): Passing null to parameter #1 ($string) of type string is deprecated in APPPATH/Views/service_list.php on line 10.
 1 APPPATH/Views/service_list.php(10): addslashes(null)
 2 SYSTEMPATH/View/View.php(224): include('/home/u810214334/domains/embellish-beauty.co.uk/public_html/app/Views/service_list.php')
 3 SYSTEMPATH/View/View.php(227): CodeIgniter\View\View->CodeIgniter\View\{closure}()
 4 SYSTEMPATH/Common.php(1173): CodeIgniter\View\View->render('service_list', [], true)
 5 APPPATH/Controllers/Home.php(129): view('service_list', [...])
 6 SYSTEMPATH/CodeIgniter.php(933): App\Controllers\Home->fetch_services()
 7 SYSTEMPATH/CodeIgniter.php(507): CodeIgniter\CodeIgniter->runController(Object(App\Controllers\Home))
 8 SYSTEMPATH/CodeIgniter.php(354): CodeIgniter\CodeIgniter->handleRequest(null, Object(Config\Cache), false)
 9 SYSTEMPATH/Boot.php(334): CodeIgniter\CodeIgniter->run()
10 SYSTEMPATH/Boot.php(67): CodeIgniter\Boot::runCodeIgniter(Object(CodeIgniter\CodeIgniter))
11 FCPATH/index.php(27): CodeIgniter\Boot::bootWeb(Object(Config\Paths))
WARNING - 2025-09-30 17:27:25 --> [DEPRECATED] addslashes(): Passing null to parameter #1 ($string) of type string is deprecated in APPPATH/Views/service_list.php on line 10.
 1 APPPATH/Views/service_list.php(10): addslashes(null)
 2 SYSTEMPATH/View/View.php(224): include('/home/u810214334/domains/embellish-beauty.co.uk/public_html/app/Views/service_list.php')
 3 SYSTEMPATH/View/View.php(227): CodeIgniter\View\View->CodeIgniter\View\{closure}()
 4 SYSTEMPATH/Common.php(1173): CodeIgniter\View\View->render('service_list', [], true)
 5 APPPATH/Controllers/Home.php(129): view('service_list', [...])
 6 SYSTEMPATH/CodeIgniter.php(933): App\Controllers\Home->fetch_services()
 7 SYSTEMPATH/CodeIgniter.php(507): CodeIgniter\CodeIgniter->runController(Object(App\Controllers\Home))
 8 SYSTEMPATH/CodeIgniter.php(354): CodeIgniter\CodeIgniter->handleRequest(null, Object(Config\Cache), false)
 9 SYSTEMPATH/Boot.php(334): CodeIgniter\CodeIgniter->run()
10 SYSTEMPATH/Boot.php(67): CodeIgniter\Boot::runCodeIgniter(Object(CodeIgniter\CodeIgniter))
11 FCPATH/index.php(27): CodeIgniter\Boot::bootWeb(Object(Config\Paths))
WARNING - 2025-09-30 17:27:25 --> [DEPRECATED] addslashes(): Passing null to parameter #1 ($string) of type string is deprecated in APPPATH/Views/service_list.php on line 10.
 1 APPPATH/Views/service_list.php(10): addslashes(null)
 2 SYSTEMPATH/View/View.php(224): include('/home/u810214334/domains/embellish-beauty.co.uk/public_html/app/Views/service_list.php')
 3 SYSTEMPATH/View/View.php(227): CodeIgniter\View\View->CodeIgniter\View\{closure}()
 4 SYSTEMPATH/Common.php(1173): CodeIgniter\View\View->render('service_list', [], true)
 5 APPPATH/Controllers/Home.php(129): view('service_list', [...])
 6 SYSTEMPATH/CodeIgniter.php(933): App\Controllers\Home->fetch_services()
 7 SYSTEMPATH/CodeIgniter.php(507): CodeIgniter\CodeIgniter->runController(Object(App\Controllers\Home))
 8 SYSTEMPATH/CodeIgniter.php(354): CodeIgniter\CodeIgniter->handleRequest(null, Object(Config\Cache), false)
 9 SYSTEMPATH/Boot.php(334): CodeIgniter\CodeIgniter->run()
10 SYSTEMPATH/Boot.php(67): CodeIgniter\Boot::runCodeIgniter(Object(CodeIgniter\CodeIgniter))
11 FCPATH/index.php(27): CodeIgniter\Boot::bootWeb(Object(Config\Paths))
WARNING - 2025-09-30 17:27:25 --> [DEPRECATED] addslashes(): Passing null to parameter #1 ($string) of type string is deprecated in APPPATH/Views/service_list.php on line 10.
 1 APPPATH/Views/service_list.php(10): addslashes(null)
 2 SYSTEMPATH/View/View.php(224): include('/home/u810214334/domains/embellish-beauty.co.uk/public_html/app/Views/service_list.php')
 3 SYSTEMPATH/View/View.php(227): CodeIgniter\View\View->CodeIgniter\View\{closure}()
 4 SYSTEMPATH/Common.php(1173): CodeIgniter\View\View->render('service_list', [], true)
 5 APPPATH/Controllers/Home.php(129): view('service_list', [...])
 6 SYSTEMPATH/CodeIgniter.php(933): App\Controllers\Home->fetch_services()
 7 SYSTEMPATH/CodeIgniter.php(507): CodeIgniter\CodeIgniter->runController(Object(App\Controllers\Home))
 8 SYSTEMPATH/CodeIgniter.php(354): CodeIgniter\CodeIgniter->handleRequest(null, Object(Config\Cache), false)
 9 SYSTEMPATH/Boot.php(334): CodeIgniter\CodeIgniter->run()
10 SYSTEMPATH/Boot.php(67): CodeIgniter\Boot::runCodeIgniter(Object(CodeIgniter\CodeIgniter))
11 FCPATH/index.php(27): CodeIgniter\Boot::bootWeb(Object(Config\Paths))
WARNING - 2025-09-30 17:27:25 --> [DEPRECATED] addslashes(): Passing null to parameter #1 ($string) of type string is deprecated in APPPATH/Views/service_list.php on line 10.
 1 APPPATH/Views/service_list.php(10): addslashes(null)
 2 SYSTEMPATH/View/View.php(224): include('/home/u810214334/domains/embellish-beauty.co.uk/public_html/app/Views/service_list.php')
 3 SYSTEMPATH/View/View.php(227): CodeIgniter\View\View->CodeIgniter\View\{closure}()
 4 SYSTEMPATH/Common.php(1173): CodeIgniter\View\View->render('service_list', [], true)
 5 APPPATH/Controllers/Home.php(129): view('service_list', [...])
 6 SYSTEMPATH/CodeIgniter.php(933): App\Controllers\Home->fetch_services()
 7 SYSTEMPATH/CodeIgniter.php(507): CodeIgniter\CodeIgniter->runController(Object(App\Controllers\Home))
 8 SYSTEMPATH/CodeIgniter.php(354): CodeIgniter\CodeIgniter->handleRequest(null, Object(Config\Cache), false)
 9 SYSTEMPATH/Boot.php(334): CodeIgniter\CodeIgniter->run()
10 SYSTEMPATH/Boot.php(67): CodeIgniter\Boot::runCodeIgniter(Object(CodeIgniter\CodeIgniter))
11 FCPATH/index.php(27): CodeIgniter\Boot::bootWeb(Object(Config\Paths))
WARNING - 2025-09-30 17:27:25 --> [DEPRECATED] addslashes(): Passing null to parameter #1 ($string) of type string is deprecated in APPPATH/Views/service_list.php on line 10.
 1 APPPATH/Views/service_list.php(10): addslashes(null)
 2 SYSTEMPATH/View/View.php(224): include('/home/u810214334/domains/embellish-beauty.co.uk/public_html/app/Views/service_list.php')
 3 SYSTEMPATH/View/View.php(227): CodeIgniter\View\View->CodeIgniter\View\{closure}()
 4 SYSTEMPATH/Common.php(1173): CodeIgniter\View\View->render('service_list', [], true)
 5 APPPATH/Controllers/Home.php(129): view('service_list', [...])
 6 SYSTEMPATH/CodeIgniter.php(933): App\Controllers\Home->fetch_services()
 7 SYSTEMPATH/CodeIgniter.php(507): CodeIgniter\CodeIgniter->runController(Object(App\Controllers\Home))
 8 SYSTEMPATH/CodeIgniter.php(354): CodeIgniter\CodeIgniter->handleRequest(null, Object(Config\Cache), false)
 9 SYSTEMPATH/Boot.php(334): CodeIgniter\CodeIgniter->run()
10 SYSTEMPATH/Boot.php(67): CodeIgniter\Boot::runCodeIgniter(Object(CodeIgniter\CodeIgniter))
11 FCPATH/index.php(27): CodeIgniter\Boot::bootWeb(Object(Config\Paths))
WARNING - 2025-09-30 17:27:25 --> [DEPRECATED] addslashes(): Passing null to parameter #1 ($string) of type string is deprecated in APPPATH/Views/service_list.php on line 10.
 1 APPPATH/Views/service_list.php(10): addslashes(null)
 2 SYSTEMPATH/View/View.php(224): include('/home/u810214334/domains/embellish-beauty.co.uk/public_html/app/Views/service_list.php')
 3 SYSTEMPATH/View/View.php(227): CodeIgniter\View\View->CodeIgniter\View\{closure}()
 4 SYSTEMPATH/Common.php(1173): CodeIgniter\View\View->render('service_list', [], true)
 5 APPPATH/Controllers/Home.php(129): view('service_list', [...])
 6 SYSTEMPATH/CodeIgniter.php(933): App\Controllers\Home->fetch_services()
 7 SYSTEMPATH/CodeIgniter.php(507): CodeIgniter\CodeIgniter->runController(Object(App\Controllers\Home))
 8 SYSTEMPATH/CodeIgniter.php(354): CodeIgniter\CodeIgniter->handleRequest(null, Object(Config\Cache), false)
 9 SYSTEMPATH/Boot.php(334): CodeIgniter\CodeIgniter->run()
10 SYSTEMPATH/Boot.php(67): CodeIgniter\Boot::runCodeIgniter(Object(CodeIgniter\CodeIgniter))
11 FCPATH/index.php(27): CodeIgniter\Boot::bootWeb(Object(Config\Paths))
WARNING - 2025-09-30 17:27:25 --> [DEPRECATED] addslashes(): Passing null to parameter #1 ($string) of type string is deprecated in APPPATH/Views/service_list.php on line 10.
 1 APPPATH/Views/service_list.php(10): addslashes(null)
 2 SYSTEMPATH/View/View.php(224): include('/home/u810214334/domains/embellish-beauty.co.uk/public_html/app/Views/service_list.php')
 3 SYSTEMPATH/View/View.php(227): CodeIgniter\View\View->CodeIgniter\View\{closure}()
 4 SYSTEMPATH/Common.php(1173): CodeIgniter\View\View->render('service_list', [], true)
 5 APPPATH/Controllers/Home.php(129): view('service_list', [...])
 6 SYSTEMPATH/CodeIgniter.php(933): App\Controllers\Home->fetch_services()
 7 SYSTEMPATH/CodeIgniter.php(507): CodeIgniter\CodeIgniter->runController(Object(App\Controllers\Home))
 8 SYSTEMPATH/CodeIgniter.php(354): CodeIgniter\CodeIgniter->handleRequest(null, Object(Config\Cache), false)
 9 SYSTEMPATH/Boot.php(334): CodeIgniter\CodeIgniter->run()
10 SYSTEMPATH/Boot.php(67): CodeIgniter\Boot::runCodeIgniter(Object(CodeIgniter\CodeIgniter))
11 FCPATH/index.php(27): CodeIgniter\Boot::bootWeb(Object(Config\Paths))
WARNING - 2025-09-30 17:27:25 --> [DEPRECATED] addslashes(): Passing null to parameter #1 ($string) of type string is deprecated in APPPATH/Views/service_list.php on line 10.
 1 APPPATH/Views/service_list.php(10): addslashes(null)
 2 SYSTEMPATH/View/View.php(224): include('/home/u810214334/domains/embellish-beauty.co.uk/public_html/app/Views/service_list.php')
 3 SYSTEMPATH/View/View.php(227): CodeIgniter\View\View->CodeIgniter\View\{closure}()
 4 SYSTEMPATH/Common.php(1173): CodeIgniter\View\View->render('service_list', [], true)
 5 APPPATH/Controllers/Home.php(129): view('service_list', [...])
 6 SYSTEMPATH/CodeIgniter.php(933): App\Controllers\Home->fetch_services()
 7 SYSTEMPATH/CodeIgniter.php(507): CodeIgniter\CodeIgniter->runController(Object(App\Controllers\Home))
 8 SYSTEMPATH/CodeIgniter.php(354): CodeIgniter\CodeIgniter->handleRequest(null, Object(Config\Cache), false)
 9 SYSTEMPATH/Boot.php(334): CodeIgniter\CodeIgniter->run()
10 SYSTEMPATH/Boot.php(67): CodeIgniter\Boot::runCodeIgniter(Object(CodeIgniter\CodeIgniter))
11 FCPATH/index.php(27): CodeIgniter\Boot::bootWeb(Object(Config\Paths))
WARNING - 2025-09-30 17:27:25 --> [DEPRECATED] addslashes(): Passing null to parameter #1 ($string) of type string is deprecated in APPPATH/Views/service_list.php on line 10.
 1 APPPATH/Views/service_list.php(10): addslashes(null)
 2 SYSTEMPATH/View/View.php(224): include('/home/u810214334/domains/embellish-beauty.co.uk/public_html/app/Views/service_list.php')
 3 SYSTEMPATH/View/View.php(227): CodeIgniter\View\View->CodeIgniter\View\{closure}()
 4 SYSTEMPATH/Common.php(1173): CodeIgniter\View\View->render('service_list', [], true)
 5 APPPATH/Controllers/Home.php(129): view('service_list', [...])
 6 SYSTEMPATH/CodeIgniter.php(933): App\Controllers\Home->fetch_services()
 7 SYSTEMPATH/CodeIgniter.php(507): CodeIgniter\CodeIgniter->runController(Object(App\Controllers\Home))
 8 SYSTEMPATH/CodeIgniter.php(354): CodeIgniter\CodeIgniter->handleRequest(null, Object(Config\Cache), false)
 9 SYSTEMPATH/Boot.php(334): CodeIgniter\CodeIgniter->run()
10 SYSTEMPATH/Boot.php(67): CodeIgniter\Boot::runCodeIgniter(Object(CodeIgniter\CodeIgniter))
11 FCPATH/index.php(27): CodeIgniter\Boot::bootWeb(Object(Config\Paths))
WARNING - 2025-09-30 17:27:25 --> [DEPRECATED] addslashes(): Passing null to parameter #1 ($string) of type string is deprecated in APPPATH/Views/service_list.php on line 10.
 1 APPPATH/Views/service_list.php(10): addslashes(null)
 2 SYSTEMPATH/View/View.php(224): include('/home/u810214334/domains/embellish-beauty.co.uk/public_html/app/Views/service_list.php')
 3 SYSTEMPATH/View/View.php(227): CodeIgniter\View\View->CodeIgniter\View\{closure}()
 4 SYSTEMPATH/Common.php(1173): CodeIgniter\View\View->render('service_list', [], true)
 5 APPPATH/Controllers/Home.php(129): view('service_list', [...])
 6 SYSTEMPATH/CodeIgniter.php(933): App\Controllers\Home->fetch_services()
 7 SYSTEMPATH/CodeIgniter.php(507): CodeIgniter\CodeIgniter->runController(Object(App\Controllers\Home))
 8 SYSTEMPATH/CodeIgniter.php(354): CodeIgniter\CodeIgniter->handleRequest(null, Object(Config\Cache), false)
 9 SYSTEMPATH/Boot.php(334): CodeIgniter\CodeIgniter->run()
10 SYSTEMPATH/Boot.php(67): CodeIgniter\Boot::runCodeIgniter(Object(CodeIgniter\CodeIgniter))
11 FCPATH/index.php(27): CodeIgniter\Boot::bootWeb(Object(Config\Paths))
WARNING - 2025-09-30 17:27:25 --> [DEPRECATED] addslashes(): Passing null to parameter #1 ($string) of type string is deprecated in APPPATH/Views/service_list.php on line 10.
 1 APPPATH/Views/service_list.php(10): addslashes(null)
 2 SYSTEMPATH/View/View.php(224): include('/home/u810214334/domains/embellish-beauty.co.uk/public_html/app/Views/service_list.php')
 3 SYSTEMPATH/View/View.php(227): CodeIgniter\View\View->CodeIgniter\View\{closure}()
 4 SYSTEMPATH/Common.php(1173): CodeIgniter\View\View->render('service_list', [], true)
 5 APPPATH/Controllers/Home.php(129): view('service_list', [...])
 6 SYSTEMPATH/CodeIgniter.php(933): App\Controllers\Home->fetch_services()
 7 SYSTEMPATH/CodeIgniter.php(507): CodeIgniter\CodeIgniter->runController(Object(App\Controllers\Home))
 8 SYSTEMPATH/CodeIgniter.php(354): CodeIgniter\CodeIgniter->handleRequest(null, Object(Config\Cache), false)
 9 SYSTEMPATH/Boot.php(334): CodeIgniter\CodeIgniter->run()
10 SYSTEMPATH/Boot.php(67): CodeIgniter\Boot::runCodeIgniter(Object(CodeIgniter\CodeIgniter))
11 FCPATH/index.php(27): CodeIgniter\Boot::bootWeb(Object(Config\Paths))
WARNING - 2025-09-30 17:27:25 --> [DEPRECATED] addslashes(): Passing null to parameter #1 ($string) of type string is deprecated in APPPATH/Views/service_list.php on line 10.
 1 APPPATH/Views/service_list.php(10): addslashes(null)
 2 SYSTEMPATH/View/View.php(224): include('/home/u810214334/domains/embellish-beauty.co.uk/public_html/app/Views/service_list.php')
 3 SYSTEMPATH/View/View.php(227): CodeIgniter\View\View->CodeIgniter\View\{closure}()
 4 SYSTEMPATH/Common.php(1173): CodeIgniter\View\View->render('service_list', [], true)
 5 APPPATH/Controllers/Home.php(129): view('service_list', [...])
 6 SYSTEMPATH/CodeIgniter.php(933): App\Controllers\Home->fetch_services()
 7 SYSTEMPATH/CodeIgniter.php(507): CodeIgniter\CodeIgniter->runController(Object(App\Controllers\Home))
 8 SYSTEMPATH/CodeIgniter.php(354): CodeIgniter\CodeIgniter->handleRequest(null, Object(Config\Cache), false)
 9 SYSTEMPATH/Boot.php(334): CodeIgniter\CodeIgniter->run()
10 SYSTEMPATH/Boot.php(67): CodeIgniter\Boot::runCodeIgniter(Object(CodeIgniter\CodeIgniter))
11 FCPATH/index.php(27): CodeIgniter\Boot::bootWeb(Object(Config\Paths))
WARNING - 2025-09-30 17:27:25 --> [DEPRECATED] addslashes(): Passing null to parameter #1 ($string) of type string is deprecated in APPPATH/Views/service_list.php on line 10.
 1 APPPATH/Views/service_list.php(10): addslashes(null)
 2 SYSTEMPATH/View/View.php(224): include('/home/u810214334/domains/embellish-beauty.co.uk/public_html/app/Views/service_list.php')
 3 SYSTEMPATH/View/View.php(227): CodeIgniter\View\View->CodeIgniter\View\{closure}()
 4 SYSTEMPATH/Common.php(1173): CodeIgniter\View\View->render('service_list', [], true)
 5 APPPATH/Controllers/Home.php(129): view('service_list', [...])
 6 SYSTEMPATH/CodeIgniter.php(933): App\Controllers\Home->fetch_services()
 7 SYSTEMPATH/CodeIgniter.php(507): CodeIgniter\CodeIgniter->runController(Object(App\Controllers\Home))
 8 SYSTEMPATH/CodeIgniter.php(354): CodeIgniter\CodeIgniter->handleRequest(null, Object(Config\Cache), false)
 9 SYSTEMPATH/Boot.php(334): CodeIgniter\CodeIgniter->run()
10 SYSTEMPATH/Boot.php(67): CodeIgniter\Boot::runCodeIgniter(Object(CodeIgniter\CodeIgniter))
11 FCPATH/index.php(27): CodeIgniter\Boot::bootWeb(Object(Config\Paths))
WARNING - 2025-09-30 17:27:25 --> [DEPRECATED] addslashes(): Passing null to parameter #1 ($string) of type string is deprecated in APPPATH/Views/service_list.php on line 10.
 1 APPPATH/Views/service_list.php(10): addslashes(null)
 2 SYSTEMPATH/View/View.php(224): include('/home/u810214334/domains/embellish-beauty.co.uk/public_html/app/Views/service_list.php')
 3 SYSTEMPATH/View/View.php(227): CodeIgniter\View\View->CodeIgniter\View\{closure}()
 4 SYSTEMPATH/Common.php(1173): CodeIgniter\View\View->render('service_list', [], true)
 5 APPPATH/Controllers/Home.php(129): view('service_list', [...])
 6 SYSTEMPATH/CodeIgniter.php(933): App\Controllers\Home->fetch_services()
 7 SYSTEMPATH/CodeIgniter.php(507): CodeIgniter\CodeIgniter->runController(Object(App\Controllers\Home))
 8 SYSTEMPATH/CodeIgniter.php(354): CodeIgniter\CodeIgniter->handleRequest(null, Object(Config\Cache), false)
 9 SYSTEMPATH/Boot.php(334): CodeIgniter\CodeIgniter->run()
10 SYSTEMPATH/Boot.php(67): CodeIgniter\Boot::runCodeIgniter(Object(CodeIgniter\CodeIgniter))
11 FCPATH/index.php(27): CodeIgniter\Boot::bootWeb(Object(Config\Paths))
WARNING - 2025-09-30 17:27:25 --> [DEPRECATED] addslashes(): Passing null to parameter #1 ($string) of type string is deprecated in APPPATH/Views/service_list.php on line 10.
 1 APPPATH/Views/service_list.php(10): addslashes(null)
 2 SYSTEMPATH/View/View.php(224): include('/home/u810214334/domains/embellish-beauty.co.uk/public_html/app/Views/service_list.php')
 3 SYSTEMPATH/View/View.php(227): CodeIgniter\View\View->CodeIgniter\View\{closure}()
 4 SYSTEMPATH/Common.php(1173): CodeIgniter\View\View->render('service_list', [], true)
 5 APPPATH/Controllers/Home.php(129): view('service_list', [...])
 6 SYSTEMPATH/CodeIgniter.php(933): App\Controllers\Home->fetch_services()
 7 SYSTEMPATH/CodeIgniter.php(507): CodeIgniter\CodeIgniter->runController(Object(App\Controllers\Home))
 8 SYSTEMPATH/CodeIgniter.php(354): CodeIgniter\CodeIgniter->handleRequest(null, Object(Config\Cache), false)
 9 SYSTEMPATH/Boot.php(334): CodeIgniter\CodeIgniter->run()
10 SYSTEMPATH/Boot.php(67): CodeIgniter\Boot::runCodeIgniter(Object(CodeIgniter\CodeIgniter))
11 FCPATH/index.php(27): CodeIgniter\Boot::bootWeb(Object(Config\Paths))
WARNING - 2025-09-30 17:27:25 --> [DEPRECATED] addslashes(): Passing null to parameter #1 ($string) of type string is deprecated in APPPATH/Views/service_list.php on line 10.
 1 APPPATH/Views/service_list.php(10): addslashes(null)
 2 SYSTEMPATH/View/View.php(224): include('/home/u810214334/domains/embellish-beauty.co.uk/public_html/app/Views/service_list.php')
 3 SYSTEMPATH/View/View.php(227): CodeIgniter\View\View->CodeIgniter\View\{closure}()
 4 SYSTEMPATH/Common.php(1173): CodeIgniter\View\View->render('service_list', [], true)
 5 APPPATH/Controllers/Home.php(129): view('service_list', [...])
 6 SYSTEMPATH/CodeIgniter.php(933): App\Controllers\Home->fetch_services()
 7 SYSTEMPATH/CodeIgniter.php(507): CodeIgniter\CodeIgniter->runController(Object(App\Controllers\Home))
 8 SYSTEMPATH/CodeIgniter.php(354): CodeIgniter\CodeIgniter->handleRequest(null, Object(Config\Cache), false)
 9 SYSTEMPATH/Boot.php(334): CodeIgniter\CodeIgniter->run()
10 SYSTEMPATH/Boot.php(67): CodeIgniter\Boot::runCodeIgniter(Object(CodeIgniter\CodeIgniter))
11 FCPATH/index.php(27): CodeIgniter\Boot::bootWeb(Object(Config\Paths))
WARNING - 2025-09-30 17:27:25 --> [DEPRECATED] addslashes(): Passing null to parameter #1 ($string) of type string is deprecated in APPPATH/Views/service_list.php on line 10.
 1 APPPATH/Views/service_list.php(10): addslashes(null)
 2 SYSTEMPATH/View/View.php(224): include('/home/u810214334/domains/embellish-beauty.co.uk/public_html/app/Views/service_list.php')
 3 SYSTEMPATH/View/View.php(227): CodeIgniter\View\View->CodeIgniter\View\{closure}()
 4 SYSTEMPATH/Common.php(1173): CodeIgniter\View\View->render('service_list', [], true)
 5 APPPATH/Controllers/Home.php(129): view('service_list', [...])
 6 SYSTEMPATH/CodeIgniter.php(933): App\Controllers\Home->fetch_services()
 7 SYSTEMPATH/CodeIgniter.php(507): CodeIgniter\CodeIgniter->runController(Object(App\Controllers\Home))
 8 SYSTEMPATH/CodeIgniter.php(354): CodeIgniter\CodeIgniter->handleRequest(null, Object(Config\Cache), false)
 9 SYSTEMPATH/Boot.php(334): CodeIgniter\CodeIgniter->run()
10 SYSTEMPATH/Boot.php(67): CodeIgniter\Boot::runCodeIgniter(Object(CodeIgniter\CodeIgniter))
11 FCPATH/index.php(27): CodeIgniter\Boot::bootWeb(Object(Config\Paths))
WARNING - 2025-09-30 17:27:25 --> [DEPRECATED] addslashes(): Passing null to parameter #1 ($string) of type string is deprecated in APPPATH/Views/service_list.php on line 10.
 1 APPPATH/Views/service_list.php(10): addslashes(null)
 2 SYSTEMPATH/View/View.php(224): include('/home/u810214334/domains/embellish-beauty.co.uk/public_html/app/Views/service_list.php')
 3 SYSTEMPATH/View/View.php(227): CodeIgniter\View\View->CodeIgniter\View\{closure}()
 4 SYSTEMPATH/Common.php(1173): CodeIgniter\View\View->render('service_list', [], true)
 5 APPPATH/Controllers/Home.php(129): view('service_list', [...])
 6 SYSTEMPATH/CodeIgniter.php(933): App\Controllers\Home->fetch_services()
 7 SYSTEMPATH/CodeIgniter.php(507): CodeIgniter\CodeIgniter->runController(Object(App\Controllers\Home))
 8 SYSTEMPATH/CodeIgniter.php(354): CodeIgniter\CodeIgniter->handleRequest(null, Object(Config\Cache), false)
 9 SYSTEMPATH/Boot.php(334): CodeIgniter\CodeIgniter->run()
10 SYSTEMPATH/Boot.php(67): CodeIgniter\Boot::runCodeIgniter(Object(CodeIgniter\CodeIgniter))
11 FCPATH/index.php(27): CodeIgniter\Boot::bootWeb(Object(Config\Paths))
WARNING - 2025-09-30 17:27:25 --> [DEPRECATED] addslashes(): Passing null to parameter #1 ($string) of type string is deprecated in APPPATH/Views/service_list.php on line 10.
 1 APPPATH/Views/service_list.php(10): addslashes(null)
 2 SYSTEMPATH/View/View.php(224): include('/home/u810214334/domains/embellish-beauty.co.uk/public_html/app/Views/service_list.php')
 3 SYSTEMPATH/View/View.php(227): CodeIgniter\View\View->CodeIgniter\View\{closure}()
 4 SYSTEMPATH/Common.php(1173): CodeIgniter\View\View->render('service_list', [], true)
 5 APPPATH/Controllers/Home.php(129): view('service_list', [...])
 6 SYSTEMPATH/CodeIgniter.php(933): App\Controllers\Home->fetch_services()
 7 SYSTEMPATH/CodeIgniter.php(507): CodeIgniter\CodeIgniter->runController(Object(App\Controllers\Home))
 8 SYSTEMPATH/CodeIgniter.php(354): CodeIgniter\CodeIgniter->handleRequest(null, Object(Config\Cache), false)
 9 SYSTEMPATH/Boot.php(334): CodeIgniter\CodeIgniter->run()
10 SYSTEMPATH/Boot.php(67): CodeIgniter\Boot::runCodeIgniter(Object(CodeIgniter\CodeIgniter))
11 FCPATH/index.php(27): CodeIgniter\Boot::bootWeb(Object(Config\Paths))
WARNING - 2025-09-30 17:27:25 --> [DEPRECATED] addslashes(): Passing null to parameter #1 ($string) of type string is deprecated in APPPATH/Views/service_list.php on line 10.
 1 APPPATH/Views/service_list.php(10): addslashes(null)
 2 SYSTEMPATH/View/View.php(224): include('/home/u810214334/domains/embellish-beauty.co.uk/public_html/app/Views/service_list.php')
 3 SYSTEMPATH/View/View.php(227): CodeIgniter\View\View->CodeIgniter\View\{closure}()
 4 SYSTEMPATH/Common.php(1173): CodeIgniter\View\View->render('service_list', [], true)
 5 APPPATH/Controllers/Home.php(129): view('service_list', [...])
 6 SYSTEMPATH/CodeIgniter.php(933): App\Controllers\Home->fetch_services()
 7 SYSTEMPATH/CodeIgniter.php(507): CodeIgniter\CodeIgniter->runController(Object(App\Controllers\Home))
 8 SYSTEMPATH/CodeIgniter.php(354): CodeIgniter\CodeIgniter->handleRequest(null, Object(Config\Cache), false)
 9 SYSTEMPATH/Boot.php(334): CodeIgniter\CodeIgniter->run()
10 SYSTEMPATH/Boot.php(67): CodeIgniter\Boot::runCodeIgniter(Object(CodeIgniter\CodeIgniter))
11 FCPATH/index.php(27): CodeIgniter\Boot::bootWeb(Object(Config\Paths))
WARNING - 2025-09-30 17:27:25 --> [DEPRECATED] addslashes(): Passing null to parameter #1 ($string) of type string is deprecated in APPPATH/Views/service_list.php on line 10.
 1 APPPATH/Views/service_list.php(10): addslashes(null)
 2 SYSTEMPATH/View/View.php(224): include('/home/u810214334/domains/embellish-beauty.co.uk/public_html/app/Views/service_list.php')
 3 SYSTEMPATH/View/View.php(227): CodeIgniter\View\View->CodeIgniter\View\{closure}()
 4 SYSTEMPATH/Common.php(1173): CodeIgniter\View\View->render('service_list', [], true)
 5 APPPATH/Controllers/Home.php(129): view('service_list', [...])
 6 SYSTEMPATH/CodeIgniter.php(933): App\Controllers\Home->fetch_services()
 7 SYSTEMPATH/CodeIgniter.php(507): CodeIgniter\CodeIgniter->runController(Object(App\Controllers\Home))
 8 SYSTEMPATH/CodeIgniter.php(354): CodeIgniter\CodeIgniter->handleRequest(null, Object(Config\Cache), false)
 9 SYSTEMPATH/Boot.php(334): CodeIgniter\CodeIgniter->run()
10 SYSTEMPATH/Boot.php(67): CodeIgniter\Boot::runCodeIgniter(Object(CodeIgniter\CodeIgniter))
11 FCPATH/index.php(27): CodeIgniter\Boot::bootWeb(Object(Config\Paths))
WARNING - 2025-09-30 17:27:25 --> [DEPRECATED] addslashes(): Passing null to parameter #1 ($string) of type string is deprecated in APPPATH/Views/service_list.php on line 10.
 1 APPPATH/Views/service_list.php(10): addslashes(null)
 2 SYSTEMPATH/View/View.php(224): include('/home/u810214334/domains/embellish-beauty.co.uk/public_html/app/Views/service_list.php')
 3 SYSTEMPATH/View/View.php(227): CodeIgniter\View\View->CodeIgniter\View\{closure}()
 4 SYSTEMPATH/Common.php(1173): CodeIgniter\View\View->render('service_list', [], true)
 5 APPPATH/Controllers/Home.php(129): view('service_list', [...])
 6 SYSTEMPATH/CodeIgniter.php(933): App\Controllers\Home->fetch_services()
 7 SYSTEMPATH/CodeIgniter.php(507): CodeIgniter\CodeIgniter->runController(Object(App\Controllers\Home))
 8 SYSTEMPATH/CodeIgniter.php(354): CodeIgniter\CodeIgniter->handleRequest(null, Object(Config\Cache), false)
 9 SYSTEMPATH/Boot.php(334): CodeIgniter\CodeIgniter->run()
10 SYSTEMPATH/Boot.php(67): CodeIgniter\Boot::runCodeIgniter(Object(CodeIgniter\CodeIgniter))
11 FCPATH/index.php(27): CodeIgniter\Boot::bootWeb(Object(Config\Paths))
WARNING - 2025-09-30 17:27:25 --> [DEPRECATED] addslashes(): Passing null to parameter #1 ($string) of type string is deprecated in APPPATH/Views/service_list.php on line 10.
 1 APPPATH/Views/service_list.php(10): addslashes(null)
 2 SYSTEMPATH/View/View.php(224): include('/home/u810214334/domains/embellish-beauty.co.uk/public_html/app/Views/service_list.php')
 3 SYSTEMPATH/View/View.php(227): CodeIgniter\View\View->CodeIgniter\View\{closure}()
 4 SYSTEMPATH/Common.php(1173): CodeIgniter\View\View->render('service_list', [], true)
 5 APPPATH/Controllers/Home.php(129): view('service_list', [...])
 6 SYSTEMPATH/CodeIgniter.php(933): App\Controllers\Home->fetch_services()
 7 SYSTEMPATH/CodeIgniter.php(507): CodeIgniter\CodeIgniter->runController(Object(App\Controllers\Home))
 8 SYSTEMPATH/CodeIgniter.php(354): CodeIgniter\CodeIgniter->handleRequest(null, Object(Config\Cache), false)
 9 SYSTEMPATH/Boot.php(334): CodeIgniter\CodeIgniter->run()
10 SYSTEMPATH/Boot.php(67): CodeIgniter\Boot::runCodeIgniter(Object(CodeIgniter\CodeIgniter))
11 FCPATH/index.php(27): CodeIgniter\Boot::bootWeb(Object(Config\Paths))
WARNING - 2025-09-30 17:27:25 --> [DEPRECATED] addslashes(): Passing null to parameter #1 ($string) of type string is deprecated in APPPATH/Views/service_list.php on line 10.
 1 APPPATH/Views/service_list.php(10): addslashes(null)
 2 SYSTEMPATH/View/View.php(224): include('/home/u810214334/domains/embellish-beauty.co.uk/public_html/app/Views/service_list.php')
 3 SYSTEMPATH/View/View.php(227): CodeIgniter\View\View->CodeIgniter\View\{closure}()
 4 SYSTEMPATH/Common.php(1173): CodeIgniter\View\View->render('service_list', [], true)
 5 APPPATH/Controllers/Home.php(129): view('service_list', [...])
 6 SYSTEMPATH/CodeIgniter.php(933): App\Controllers\Home->fetch_services()
 7 SYSTEMPATH/CodeIgniter.php(507): CodeIgniter\CodeIgniter->runController(Object(App\Controllers\Home))
 8 SYSTEMPATH/CodeIgniter.php(354): CodeIgniter\CodeIgniter->handleRequest(null, Object(Config\Cache), false)
 9 SYSTEMPATH/Boot.php(334): CodeIgniter\CodeIgniter->run()
10 SYSTEMPATH/Boot.php(67): CodeIgniter\Boot::runCodeIgniter(Object(CodeIgniter\CodeIgniter))
11 FCPATH/index.php(27): CodeIgniter\Boot::bootWeb(Object(Config\Paths))
WARNING - 2025-09-30 17:27:25 --> [DEPRECATED] addslashes(): Passing null to parameter #1 ($string) of type string is deprecated in APPPATH/Views/service_list.php on line 10.
 1 APPPATH/Views/service_list.php(10): addslashes(null)
 2 SYSTEMPATH/View/View.php(224): include('/home/u810214334/domains/embellish-beauty.co.uk/public_html/app/Views/service_list.php')
 3 SYSTEMPATH/View/View.php(227): CodeIgniter\View\View->CodeIgniter\View\{closure}()
 4 SYSTEMPATH/Common.php(1173): CodeIgniter\View\View->render('service_list', [], true)
 5 APPPATH/Controllers/Home.php(129): view('service_list', [...])
 6 SYSTEMPATH/CodeIgniter.php(933): App\Controllers\Home->fetch_services()
 7 SYSTEMPATH/CodeIgniter.php(507): CodeIgniter\CodeIgniter->runController(Object(App\Controllers\Home))
 8 SYSTEMPATH/CodeIgniter.php(354): CodeIgniter\CodeIgniter->handleRequest(null, Object(Config\Cache), false)
 9 SYSTEMPATH/Boot.php(334): CodeIgniter\CodeIgniter->run()
10 SYSTEMPATH/Boot.php(67): CodeIgniter\Boot::runCodeIgniter(Object(CodeIgniter\CodeIgniter))
11 FCPATH/index.php(27): CodeIgniter\Boot::bootWeb(Object(Config\Paths))
WARNING - 2025-09-30 17:27:25 --> [DEPRECATED] addslashes(): Passing null to parameter #1 ($string) of type string is deprecated in APPPATH/Views/service_list.php on line 10.
 1 APPPATH/Views/service_list.php(10): addslashes(null)
 2 SYSTEMPATH/View/View.php(224): include('/home/u810214334/domains/embellish-beauty.co.uk/public_html/app/Views/service_list.php')
 3 SYSTEMPATH/View/View.php(227): CodeIgniter\View\View->CodeIgniter\View\{closure}()
 4 SYSTEMPATH/Common.php(1173): CodeIgniter\View\View->render('service_list', [], true)
 5 APPPATH/Controllers/Home.php(129): view('service_list', [...])
 6 SYSTEMPATH/CodeIgniter.php(933): App\Controllers\Home->fetch_services()
 7 SYSTEMPATH/CodeIgniter.php(507): CodeIgniter\CodeIgniter->runController(Object(App\Controllers\Home))
 8 SYSTEMPATH/CodeIgniter.php(354): CodeIgniter\CodeIgniter->handleRequest(null, Object(Config\Cache), false)
 9 SYSTEMPATH/Boot.php(334): CodeIgniter\CodeIgniter->run()
10 SYSTEMPATH/Boot.php(67): CodeIgniter\Boot::runCodeIgniter(Object(CodeIgniter\CodeIgniter))
11 FCPATH/index.php(27): CodeIgniter\Boot::bootWeb(Object(Config\Paths))
WARNING - 2025-09-30 17:27:25 --> [DEPRECATED] addslashes(): Passing null to parameter #1 ($string) of type string is deprecated in APPPATH/Views/service_list.php on line 10.
 1 APPPATH/Views/service_list.php(10): addslashes(null)
 2 SYSTEMPATH/View/View.php(224): include('/home/u810214334/domains/embellish-beauty.co.uk/public_html/app/Views/service_list.php')
 3 SYSTEMPATH/View/View.php(227): CodeIgniter\View\View->CodeIgniter\View\{closure}()
 4 SYSTEMPATH/Common.php(1173): CodeIgniter\View\View->render('service_list', [], true)
 5 APPPATH/Controllers/Home.php(129): view('service_list', [...])
 6 SYSTEMPATH/CodeIgniter.php(933): App\Controllers\Home->fetch_services()
 7 SYSTEMPATH/CodeIgniter.php(507): CodeIgniter\CodeIgniter->runController(Object(App\Controllers\Home))
 8 SYSTEMPATH/CodeIgniter.php(354): CodeIgniter\CodeIgniter->handleRequest(null, Object(Config\Cache), false)
 9 SYSTEMPATH/Boot.php(334): CodeIgniter\CodeIgniter->run()
10 SYSTEMPATH/Boot.php(67): CodeIgniter\Boot::runCodeIgniter(Object(CodeIgniter\CodeIgniter))
11 FCPATH/index.php(27): CodeIgniter\Boot::bootWeb(Object(Config\Paths))
DEBUG - 2025-09-30 17:27:32 --> Session: Class initialized using 'CodeIgniter\Session\Handlers\FileHandler' driver.
DEBUG - 2025-09-30 17:27:53 --> Session: Class initialized using 'CodeIgniter\Session\Handlers\FileHandler' driver.
DEBUG - 2025-09-30 17:28:15 --> Session: Class initialized using 'CodeIgniter\Session\Handlers\FileHandler' driver.
DEBUG - 2025-09-30 17:28:23 --> Session: Class initialized using 'CodeIgniter\Session\Handlers\FileHandler' driver.
DEBUG - 2025-09-30 17:28:27 --> Session: Class initialized using 'CodeIgniter\Session\Handlers\FileHandler' driver.
DEBUG - 2025-09-30 17:28:31 --> Session: Class initialized using 'CodeIgniter\Session\Handlers\FileHandler' driver.
DEBUG - 2025-09-30 17:28:32 --> Session: Class initialized using 'CodeIgniter\Session\Handlers\FileHandler' driver.
DEBUG - 2025-09-30 17:28:32 --> Session: Class initialized using 'CodeIgniter\Session\Handlers\FileHandler' driver.
DEBUG - 2025-09-30 17:28:32 --> Session: Class initialized using 'CodeIgniter\Session\Handlers\FileHandler' driver.
WARNING - 2025-09-30 17:28:32 --> [DEPRECATED] addslashes(): Passing null to parameter #1 ($string) of type string is deprecated in APPPATH/Views/service_list.php on line 10.
 1 APPPATH/Views/service_list.php(10): addslashes(null)
 2 SYSTEMPATH/View/View.php(224): include('/home/u810214334/domains/embellish-beauty.co.uk/public_html/app/Views/service_list.php')
 3 SYSTEMPATH/View/View.php(227): CodeIgniter\View\View->CodeIgniter\View\{closure}()
 4 SYSTEMPATH/Common.php(1173): CodeIgniter\View\View->render('service_list', [], true)
 5 APPPATH/Controllers/Home.php(129): view('service_list', [...])
 6 SYSTEMPATH/CodeIgniter.php(933): App\Controllers\Home->fetch_services()
 7 SYSTEMPATH/CodeIgniter.php(507): CodeIgniter\CodeIgniter->runController(Object(App\Controllers\Home))
 8 SYSTEMPATH/CodeIgniter.php(354): CodeIgniter\CodeIgniter->handleRequest(null, Object(Config\Cache), false)
 9 SYSTEMPATH/Boot.php(334): CodeIgniter\CodeIgniter->run()
10 SYSTEMPATH/Boot.php(67): CodeIgniter\Boot::runCodeIgniter(Object(CodeIgniter\CodeIgniter))
11 FCPATH/index.php(27): CodeIgniter\Boot::bootWeb(Object(Config\Paths))
WARNING - 2025-09-30 17:28:32 --> [DEPRECATED] addslashes(): Passing null to parameter #1 ($string) of type string is deprecated in APPPATH/Views/service_list.php on line 10.
 1 APPPATH/Views/service_list.php(10): addslashes(null)
 2 SYSTEMPATH/View/View.php(224): include('/home/u810214334/domains/embellish-beauty.co.uk/public_html/app/Views/service_list.php')
 3 SYSTEMPATH/View/View.php(227): CodeIgniter\View\View->CodeIgniter\View\{closure}()
 4 SYSTEMPATH/Common.php(1173): CodeIgniter\View\View->render('service_list', [], true)
 5 APPPATH/Controllers/Home.php(129): view('service_list', [...])
 6 SYSTEMPATH/CodeIgniter.php(933): App\Controllers\Home->fetch_services()
 7 SYSTEMPATH/CodeIgniter.php(507): CodeIgniter\CodeIgniter->runController(Object(App\Controllers\Home))
 8 SYSTEMPATH/CodeIgniter.php(354): CodeIgniter\CodeIgniter->handleRequest(null, Object(Config\Cache), false)
 9 SYSTEMPATH/Boot.php(334): CodeIgniter\CodeIgniter->run()
10 SYSTEMPATH/Boot.php(67): CodeIgniter\Boot::runCodeIgniter(Object(CodeIgniter\CodeIgniter))
11 FCPATH/index.php(27): CodeIgniter\Boot::bootWeb(Object(Config\Paths))
WARNING - 2025-09-30 17:28:32 --> [DEPRECATED] addslashes(): Passing null to parameter #1 ($string) of type string is deprecated in APPPATH/Views/service_list.php on line 10.
 1 APPPATH/Views/service_list.php(10): addslashes(null)
 2 SYSTEMPATH/View/View.php(224): include('/home/u810214334/domains/embellish-beauty.co.uk/public_html/app/Views/service_list.php')
 3 SYSTEMPATH/View/View.php(227): CodeIgniter\View\View->CodeIgniter\View\{closure}()
 4 SYSTEMPATH/Common.php(1173): CodeIgniter\View\View->render('service_list', [], true)
 5 APPPATH/Controllers/Home.php(129): view('service_list', [...])
 6 SYSTEMPATH/CodeIgniter.php(933): App\Controllers\Home->fetch_services()
 7 SYSTEMPATH/CodeIgniter.php(507): CodeIgniter\CodeIgniter->runController(Object(App\Controllers\Home))
 8 SYSTEMPATH/CodeIgniter.php(354): CodeIgniter\CodeIgniter->handleRequest(null, Object(Config\Cache), false)
 9 SYSTEMPATH/Boot.php(334): CodeIgniter\CodeIgniter->run()
10 SYSTEMPATH/Boot.php(67): CodeIgniter\Boot::runCodeIgniter(Object(CodeIgniter\CodeIgniter))
11 FCPATH/index.php(27): CodeIgniter\Boot::bootWeb(Object(Config\Paths))
WARNING - 2025-09-30 17:28:32 --> [DEPRECATED] addslashes(): Passing null to parameter #1 ($string) of type string is deprecated in APPPATH/Views/service_list.php on line 10.
 1 APPPATH/Views/service_list.php(10): addslashes(null)
 2 SYSTEMPATH/View/View.php(224): include('/home/u810214334/domains/embellish-beauty.co.uk/public_html/app/Views/service_list.php')
 3 SYSTEMPATH/View/View.php(227): CodeIgniter\View\View->CodeIgniter\View\{closure}()
 4 SYSTEMPATH/Common.php(1173): CodeIgniter\View\View->render('service_list', [], true)
 5 APPPATH/Controllers/Home.php(129): view('service_list', [...])
 6 SYSTEMPATH/CodeIgniter.php(933): App\Controllers\Home->fetch_services()
 7 SYSTEMPATH/CodeIgniter.php(507): CodeIgniter\CodeIgniter->runController(Object(App\Controllers\Home))
 8 SYSTEMPATH/CodeIgniter.php(354): CodeIgniter\CodeIgniter->handleRequest(null, Object(Config\Cache), false)
 9 SYSTEMPATH/Boot.php(334): CodeIgniter\CodeIgniter->run()
10 SYSTEMPATH/Boot.php(67): CodeIgniter\Boot::runCodeIgniter(Object(CodeIgniter\CodeIgniter))
11 FCPATH/index.php(27): CodeIgniter\Boot::bootWeb(Object(Config\Paths))
WARNING - 2025-09-30 17:28:32 --> [DEPRECATED] addslashes(): Passing null to parameter #1 ($string) of type string is deprecated in APPPATH/Views/service_list.php on line 10.
 1 APPPATH/Views/service_list.php(10): addslashes(null)
 2 SYSTEMPATH/View/View.php(224): include('/home/u810214334/domains/embellish-beauty.co.uk/public_html/app/Views/service_list.php')
 3 SYSTEMPATH/View/View.php(227): CodeIgniter\View\View->CodeIgniter\View\{closure}()
 4 SYSTEMPATH/Common.php(1173): CodeIgniter\View\View->render('service_list', [], true)
 5 APPPATH/Controllers/Home.php(129): view('service_list', [...])
 6 SYSTEMPATH/CodeIgniter.php(933): App\Controllers\Home->fetch_services()
 7 SYSTEMPATH/CodeIgniter.php(507): CodeIgniter\CodeIgniter->runController(Object(App\Controllers\Home))
 8 SYSTEMPATH/CodeIgniter.php(354): CodeIgniter\CodeIgniter->handleRequest(null, Object(Config\Cache), false)
 9 SYSTEMPATH/Boot.php(334): CodeIgniter\CodeIgniter->run()
10 SYSTEMPATH/Boot.php(67): CodeIgniter\Boot::runCodeIgniter(Object(CodeIgniter\CodeIgniter))
11 FCPATH/index.php(27): CodeIgniter\Boot::bootWeb(Object(Config\Paths))
WARNING - 2025-09-30 17:28:32 --> [DEPRECATED] addslashes(): Passing null to parameter #1 ($string) of type string is deprecated in APPPATH/Views/service_list.php on line 10.
 1 APPPATH/Views/service_list.php(10): addslashes(null)
 2 SYSTEMPATH/View/View.php(224): include('/home/u810214334/domains/embellish-beauty.co.uk/public_html/app/Views/service_list.php')
 3 SYSTEMPATH/View/View.php(227): CodeIgniter\View\View->CodeIgniter\View\{closure}()
 4 SYSTEMPATH/Common.php(1173): CodeIgniter\View\View->render('service_list', [], true)
 5 APPPATH/Controllers/Home.php(129): view('service_list', [...])
 6 SYSTEMPATH/CodeIgniter.php(933): App\Controllers\Home->fetch_services()
 7 SYSTEMPATH/CodeIgniter.php(507): CodeIgniter\CodeIgniter->runController(Object(App\Controllers\Home))
 8 SYSTEMPATH/CodeIgniter.php(354): CodeIgniter\CodeIgniter->handleRequest(null, Object(Config\Cache), false)
 9 SYSTEMPATH/Boot.php(334): CodeIgniter\CodeIgniter->run()
10 SYSTEMPATH/Boot.php(67): CodeIgniter\Boot::runCodeIgniter(Object(CodeIgniter\CodeIgniter))
11 FCPATH/index.php(27): CodeIgniter\Boot::bootWeb(Object(Config\Paths))
WARNING - 2025-09-30 17:28:32 --> [DEPRECATED] addslashes(): Passing null to parameter #1 ($string) of type string is deprecated in APPPATH/Views/service_list.php on line 10.
 1 APPPATH/Views/service_list.php(10): addslashes(null)
 2 SYSTEMPATH/View/View.php(224): include('/home/u810214334/domains/embellish-beauty.co.uk/public_html/app/Views/service_list.php')
 3 SYSTEMPATH/View/View.php(227): CodeIgniter\View\View->CodeIgniter\View\{closure}()
 4 SYSTEMPATH/Common.php(1173): CodeIgniter\View\View->render('service_list', [], true)
 5 APPPATH/Controllers/Home.php(129): view('service_list', [...])
 6 SYSTEMPATH/CodeIgniter.php(933): App\Controllers\Home->fetch_services()
 7 SYSTEMPATH/CodeIgniter.php(507): CodeIgniter\CodeIgniter->runController(Object(App\Controllers\Home))
 8 SYSTEMPATH/CodeIgniter.php(354): CodeIgniter\CodeIgniter->handleRequest(null, Object(Config\Cache), false)
 9 SYSTEMPATH/Boot.php(334): CodeIgniter\CodeIgniter->run()
10 SYSTEMPATH/Boot.php(67): CodeIgniter\Boot::runCodeIgniter(Object(CodeIgniter\CodeIgniter))
11 FCPATH/index.php(27): CodeIgniter\Boot::bootWeb(Object(Config\Paths))
WARNING - 2025-09-30 17:28:32 --> [DEPRECATED] addslashes(): Passing null to parameter #1 ($string) of type string is deprecated in APPPATH/Views/service_list.php on line 10.
 1 APPPATH/Views/service_list.php(10): addslashes(null)
 2 SYSTEMPATH/View/View.php(224): include('/home/u810214334/domains/embellish-beauty.co.uk/public_html/app/Views/service_list.php')
 3 SYSTEMPATH/View/View.php(227): CodeIgniter\View\View->CodeIgniter\View\{closure}()
 4 SYSTEMPATH/Common.php(1173): CodeIgniter\View\View->render('service_list', [], true)
 5 APPPATH/Controllers/Home.php(129): view('service_list', [...])
 6 SYSTEMPATH/CodeIgniter.php(933): App\Controllers\Home->fetch_services()
 7 SYSTEMPATH/CodeIgniter.php(507): CodeIgniter\CodeIgniter->runController(Object(App\Controllers\Home))
 8 SYSTEMPATH/CodeIgniter.php(354): CodeIgniter\CodeIgniter->handleRequest(null, Object(Config\Cache), false)
 9 SYSTEMPATH/Boot.php(334): CodeIgniter\CodeIgniter->run()
10 SYSTEMPATH/Boot.php(67): CodeIgniter\Boot::runCodeIgniter(Object(CodeIgniter\CodeIgniter))
11 FCPATH/index.php(27): CodeIgniter\Boot::bootWeb(Object(Config\Paths))
WARNING - 2025-09-30 17:28:32 --> [DEPRECATED] addslashes(): Passing null to parameter #1 ($string) of type string is deprecated in APPPATH/Views/service_list.php on line 10.
 1 APPPATH/Views/service_list.php(10): addslashes(null)
 2 SYSTEMPATH/View/View.php(224): include('/home/u810214334/domains/embellish-beauty.co.uk/public_html/app/Views/service_list.php')
 3 SYSTEMPATH/View/View.php(227): CodeIgniter\View\View->CodeIgniter\View\{closure}()
 4 SYSTEMPATH/Common.php(1173): CodeIgniter\View\View->render('service_list', [], true)
 5 APPPATH/Controllers/Home.php(129): view('service_list', [...])
 6 SYSTEMPATH/CodeIgniter.php(933): App\Controllers\Home->fetch_services()
 7 SYSTEMPATH/CodeIgniter.php(507): CodeIgniter\CodeIgniter->runController(Object(App\Controllers\Home))
 8 SYSTEMPATH/CodeIgniter.php(354): CodeIgniter\CodeIgniter->handleRequest(null, Object(Config\Cache), false)
 9 SYSTEMPATH/Boot.php(334): CodeIgniter\CodeIgniter->run()
10 SYSTEMPATH/Boot.php(67): CodeIgniter\Boot::runCodeIgniter(Object(CodeIgniter\CodeIgniter))
11 FCPATH/index.php(27): CodeIgniter\Boot::bootWeb(Object(Config\Paths))
WARNING - 2025-09-30 17:28:32 --> [DEPRECATED] addslashes(): Passing null to parameter #1 ($string) of type string is deprecated in APPPATH/Views/service_list.php on line 10.
 1 APPPATH/Views/service_list.php(10): addslashes(null)
 2 SYSTEMPATH/View/View.php(224): include('/home/u810214334/domains/embellish-beauty.co.uk/public_html/app/Views/service_list.php')
 3 SYSTEMPATH/View/View.php(227): CodeIgniter\View\View->CodeIgniter\View\{closure}()
 4 SYSTEMPATH/Common.php(1173): CodeIgniter\View\View->render('service_list', [], true)
 5 APPPATH/Controllers/Home.php(129): view('service_list', [...])
 6 SYSTEMPATH/CodeIgniter.php(933): App\Controllers\Home->fetch_services()
 7 SYSTEMPATH/CodeIgniter.php(507): CodeIgniter\CodeIgniter->runController(Object(App\Controllers\Home))
 8 SYSTEMPATH/CodeIgniter.php(354): CodeIgniter\CodeIgniter->handleRequest(null, Object(Config\Cache), false)
 9 SYSTEMPATH/Boot.php(334): CodeIgniter\CodeIgniter->run()
10 SYSTEMPATH/Boot.php(67): CodeIgniter\Boot::runCodeIgniter(Object(CodeIgniter\CodeIgniter))
11 FCPATH/index.php(27): CodeIgniter\Boot::bootWeb(Object(Config\Paths))
WARNING - 2025-09-30 17:28:32 --> [DEPRECATED] addslashes(): Passing null to parameter #1 ($string) of type string is deprecated in APPPATH/Views/service_list.php on line 10.
 1 APPPATH/Views/service_list.php(10): addslashes(null)
 2 SYSTEMPATH/View/View.php(224): include('/home/u810214334/domains/embellish-beauty.co.uk/public_html/app/Views/service_list.php')
 3 SYSTEMPATH/View/View.php(227): CodeIgniter\View\View->CodeIgniter\View\{closure}()
 4 SYSTEMPATH/Common.php(1173): CodeIgniter\View\View->render('service_list', [], true)
 5 APPPATH/Controllers/Home.php(129): view('service_list', [...])
 6 SYSTEMPATH/CodeIgniter.php(933): App\Controllers\Home->fetch_services()
 7 SYSTEMPATH/CodeIgniter.php(507): CodeIgniter\CodeIgniter->runController(Object(App\Controllers\Home))
 8 SYSTEMPATH/CodeIgniter.php(354): CodeIgniter\CodeIgniter->handleRequest(null, Object(Config\Cache), false)
 9 SYSTEMPATH/Boot.php(334): CodeIgniter\CodeIgniter->run()
10 SYSTEMPATH/Boot.php(67): CodeIgniter\Boot::runCodeIgniter(Object(CodeIgniter\CodeIgniter))
11 FCPATH/index.php(27): CodeIgniter\Boot::bootWeb(Object(Config\Paths))
WARNING - 2025-09-30 17:28:32 --> [DEPRECATED] addslashes(): Passing null to parameter #1 ($string) of type string is deprecated in APPPATH/Views/service_list.php on line 10.
 1 APPPATH/Views/service_list.php(10): addslashes(null)
 2 SYSTEMPATH/View/View.php(224): include('/home/u810214334/domains/embellish-beauty.co.uk/public_html/app/Views/service_list.php')
 3 SYSTEMPATH/View/View.php(227): CodeIgniter\View\View->CodeIgniter\View\{closure}()
 4 SYSTEMPATH/Common.php(1173): CodeIgniter\View\View->render('service_list', [], true)
 5 APPPATH/Controllers/Home.php(129): view('service_list', [...])
 6 SYSTEMPATH/CodeIgniter.php(933): App\Controllers\Home->fetch_services()
 7 SYSTEMPATH/CodeIgniter.php(507): CodeIgniter\CodeIgniter->runController(Object(App\Controllers\Home))
 8 SYSTEMPATH/CodeIgniter.php(354): CodeIgniter\CodeIgniter->handleRequest(null, Object(Config\Cache), false)
 9 SYSTEMPATH/Boot.php(334): CodeIgniter\CodeIgniter->run()
10 SYSTEMPATH/Boot.php(67): CodeIgniter\Boot::runCodeIgniter(Object(CodeIgniter\CodeIgniter))
11 FCPATH/index.php(27): CodeIgniter\Boot::bootWeb(Object(Config\Paths))
WARNING - 2025-09-30 17:28:32 --> [DEPRECATED] addslashes(): Passing null to parameter #1 ($string) of type string is deprecated in APPPATH/Views/service_list.php on line 10.
 1 APPPATH/Views/service_list.php(10): addslashes(null)
 2 SYSTEMPATH/View/View.php(224): include('/home/u810214334/domains/embellish-beauty.co.uk/public_html/app/Views/service_list.php')
 3 SYSTEMPATH/View/View.php(227): CodeIgniter\View\View->CodeIgniter\View\{closure}()
 4 SYSTEMPATH/Common.php(1173): CodeIgniter\View\View->render('service_list', [], true)
 5 APPPATH/Controllers/Home.php(129): view('service_list', [...])
 6 SYSTEMPATH/CodeIgniter.php(933): App\Controllers\Home->fetch_services()
 7 SYSTEMPATH/CodeIgniter.php(507): CodeIgniter\CodeIgniter->runController(Object(App\Controllers\Home))
 8 SYSTEMPATH/CodeIgniter.php(354): CodeIgniter\CodeIgniter->handleRequest(null, Object(Config\Cache), false)
 9 SYSTEMPATH/Boot.php(334): CodeIgniter\CodeIgniter->run()
10 SYSTEMPATH/Boot.php(67): CodeIgniter\Boot::runCodeIgniter(Object(CodeIgniter\CodeIgniter))
11 FCPATH/index.php(27): CodeIgniter\Boot::bootWeb(Object(Config\Paths))
WARNING - 2025-09-30 17:28:32 --> [DEPRECATED] addslashes(): Passing null to parameter #1 ($string) of type string is deprecated in APPPATH/Views/service_list.php on line 10.
 1 APPPATH/Views/service_list.php(10): addslashes(null)
 2 SYSTEMPATH/View/View.php(224): include('/home/u810214334/domains/embellish-beauty.co.uk/public_html/app/Views/service_list.php')
 3 SYSTEMPATH/View/View.php(227): CodeIgniter\View\View->CodeIgniter\View\{closure}()
 4 SYSTEMPATH/Common.php(1173): CodeIgniter\View\View->render('service_list', [], true)
 5 APPPATH/Controllers/Home.php(129): view('service_list', [...])
 6 SYSTEMPATH/CodeIgniter.php(933): App\Controllers\Home->fetch_services()
 7 SYSTEMPATH/CodeIgniter.php(507): CodeIgniter\CodeIgniter->runController(Object(App\Controllers\Home))
 8 SYSTEMPATH/CodeIgniter.php(354): CodeIgniter\CodeIgniter->handleRequest(null, Object(Config\Cache), false)
 9 SYSTEMPATH/Boot.php(334): CodeIgniter\CodeIgniter->run()
10 SYSTEMPATH/Boot.php(67): CodeIgniter\Boot::runCodeIgniter(Object(CodeIgniter\CodeIgniter))
11 FCPATH/index.php(27): CodeIgniter\Boot::bootWeb(Object(Config\Paths))
WARNING - 2025-09-30 17:28:32 --> [DEPRECATED] addslashes(): Passing null to parameter #1 ($string) of type string is deprecated in APPPATH/Views/service_list.php on line 10.
 1 APPPATH/Views/service_list.php(10): addslashes(null)
 2 SYSTEMPATH/View/View.php(224): include('/home/u810214334/domains/embellish-beauty.co.uk/public_html/app/Views/service_list.php')
 3 SYSTEMPATH/View/View.php(227): CodeIgniter\View\View->CodeIgniter\View\{closure}()
 4 SYSTEMPATH/Common.php(1173): CodeIgniter\View\View->render('service_list', [], true)
 5 APPPATH/Controllers/Home.php(129): view('service_list', [...])
 6 SYSTEMPATH/CodeIgniter.php(933): App\Controllers\Home->fetch_services()
 7 SYSTEMPATH/CodeIgniter.php(507): CodeIgniter\CodeIgniter->runController(Object(App\Controllers\Home))
 8 SYSTEMPATH/CodeIgniter.php(354): CodeIgniter\CodeIgniter->handleRequest(null, Object(Config\Cache), false)
 9 SYSTEMPATH/Boot.php(334): CodeIgniter\CodeIgniter->run()
10 SYSTEMPATH/Boot.php(67): CodeIgniter\Boot::runCodeIgniter(Object(CodeIgniter\CodeIgniter))
11 FCPATH/index.php(27): CodeIgniter\Boot::bootWeb(Object(Config\Paths))
WARNING - 2025-09-30 17:28:32 --> [DEPRECATED] addslashes(): Passing null to parameter #1 ($string) of type string is deprecated in APPPATH/Views/service_list.php on line 10.
 1 APPPATH/Views/service_list.php(10): addslashes(null)
 2 SYSTEMPATH/View/View.php(224): include('/home/u810214334/domains/embellish-beauty.co.uk/public_html/app/Views/service_list.php')
 3 SYSTEMPATH/View/View.php(227): CodeIgniter\View\View->CodeIgniter\View\{closure}()
 4 SYSTEMPATH/Common.php(1173): CodeIgniter\View\View->render('service_list', [], true)
 5 APPPATH/Controllers/Home.php(129): view('service_list', [...])
 6 SYSTEMPATH/CodeIgniter.php(933): App\Controllers\Home->fetch_services()
 7 SYSTEMPATH/CodeIgniter.php(507): CodeIgniter\CodeIgniter->runController(Object(App\Controllers\Home))
 8 SYSTEMPATH/CodeIgniter.php(354): CodeIgniter\CodeIgniter->handleRequest(null, Object(Config\Cache), false)
 9 SYSTEMPATH/Boot.php(334): CodeIgniter\CodeIgniter->run()
10 SYSTEMPATH/Boot.php(67): CodeIgniter\Boot::runCodeIgniter(Object(CodeIgniter\CodeIgniter))
11 FCPATH/index.php(27): CodeIgniter\Boot::bootWeb(Object(Config\Paths))
WARNING - 2025-09-30 17:28:32 --> [DEPRECATED] addslashes(): Passing null to parameter #1 ($string) of type string is deprecated in APPPATH/Views/service_list.php on line 10.
 1 APPPATH/Views/service_list.php(10): addslashes(null)
 2 SYSTEMPATH/View/View.php(224): include('/home/u810214334/domains/embellish-beauty.co.uk/public_html/app/Views/service_list.php')
 3 SYSTEMPATH/View/View.php(227): CodeIgniter\View\View->CodeIgniter\View\{closure}()
 4 SYSTEMPATH/Common.php(1173): CodeIgniter\View\View->render('service_list', [], true)
 5 APPPATH/Controllers/Home.php(129): view('service_list', [...])
 6 SYSTEMPATH/CodeIgniter.php(933): App\Controllers\Home->fetch_services()
 7 SYSTEMPATH/CodeIgniter.php(507): CodeIgniter\CodeIgniter->runController(Object(App\Controllers\Home))
 8 SYSTEMPATH/CodeIgniter.php(354): CodeIgniter\CodeIgniter->handleRequest(null, Object(Config\Cache), false)
 9 SYSTEMPATH/Boot.php(334): CodeIgniter\CodeIgniter->run()
10 SYSTEMPATH/Boot.php(67): CodeIgniter\Boot::runCodeIgniter(Object(CodeIgniter\CodeIgniter))
11 FCPATH/index.php(27): CodeIgniter\Boot::bootWeb(Object(Config\Paths))
WARNING - 2025-09-30 17:28:32 --> [DEPRECATED] addslashes(): Passing null to parameter #1 ($string) of type string is deprecated in APPPATH/Views/service_list.php on line 10.
 1 APPPATH/Views/service_list.php(10): addslashes(null)
 2 SYSTEMPATH/View/View.php(224): include('/home/u810214334/domains/embellish-beauty.co.uk/public_html/app/Views/service_list.php')
 3 SYSTEMPATH/View/View.php(227): CodeIgniter\View\View->CodeIgniter\View\{closure}()
 4 SYSTEMPATH/Common.php(1173): CodeIgniter\View\View->render('service_list', [], true)
 5 APPPATH/Controllers/Home.php(129): view('service_list', [...])
 6 SYSTEMPATH/CodeIgniter.php(933): App\Controllers\Home->fetch_services()
 7 SYSTEMPATH/CodeIgniter.php(507): CodeIgniter\CodeIgniter->runController(Object(App\Controllers\Home))
 8 SYSTEMPATH/CodeIgniter.php(354): CodeIgniter\CodeIgniter->handleRequest(null, Object(Config\Cache), false)
 9 SYSTEMPATH/Boot.php(334): CodeIgniter\CodeIgniter->run()
10 SYSTEMPATH/Boot.php(67): CodeIgniter\Boot::runCodeIgniter(Object(CodeIgniter\CodeIgniter))
11 FCPATH/index.php(27): CodeIgniter\Boot::bootWeb(Object(Config\Paths))
WARNING - 2025-09-30 17:28:32 --> [DEPRECATED] addslashes(): Passing null to parameter #1 ($string) of type string is deprecated in APPPATH/Views/service_list.php on line 10.
 1 APPPATH/Views/service_list.php(10): addslashes(null)
 2 SYSTEMPATH/View/View.php(224): include('/home/u810214334/domains/embellish-beauty.co.uk/public_html/app/Views/service_list.php')
 3 SYSTEMPATH/View/View.php(227): CodeIgniter\View\View->CodeIgniter\View\{closure}()
 4 SYSTEMPATH/Common.php(1173): CodeIgniter\View\View->render('service_list', [], true)
 5 APPPATH/Controllers/Home.php(129): view('service_list', [...])
 6 SYSTEMPATH/CodeIgniter.php(933): App\Controllers\Home->fetch_services()
 7 SYSTEMPATH/CodeIgniter.php(507): CodeIgniter\CodeIgniter->runController(Object(App\Controllers\Home))
 8 SYSTEMPATH/CodeIgniter.php(354): CodeIgniter\CodeIgniter->handleRequest(null, Object(Config\Cache), false)
 9 SYSTEMPATH/Boot.php(334): CodeIgniter\CodeIgniter->run()
10 SYSTEMPATH/Boot.php(67): CodeIgniter\Boot::runCodeIgniter(Object(CodeIgniter\CodeIgniter))
11 FCPATH/index.php(27): CodeIgniter\Boot::bootWeb(Object(Config\Paths))
WARNING - 2025-09-30 17:28:32 --> [DEPRECATED] addslashes(): Passing null to parameter #1 ($string) of type string is deprecated in APPPATH/Views/service_list.php on line 10.
 1 APPPATH/Views/service_list.php(10): addslashes(null)
 2 SYSTEMPATH/View/View.php(224): include('/home/u810214334/domains/embellish-beauty.co.uk/public_html/app/Views/service_list.php')
 3 SYSTEMPATH/View/View.php(227): CodeIgniter\View\View->CodeIgniter\View\{closure}()
 4 SYSTEMPATH/Common.php(1173): CodeIgniter\View\View->render('service_list', [], true)
 5 APPPATH/Controllers/Home.php(129): view('service_list', [...])
 6 SYSTEMPATH/CodeIgniter.php(933): App\Controllers\Home->fetch_services()
 7 SYSTEMPATH/CodeIgniter.php(507): CodeIgniter\CodeIgniter->runController(Object(App\Controllers\Home))
 8 SYSTEMPATH/CodeIgniter.php(354): CodeIgniter\CodeIgniter->handleRequest(null, Object(Config\Cache), false)
 9 SYSTEMPATH/Boot.php(334): CodeIgniter\CodeIgniter->run()
10 SYSTEMPATH/Boot.php(67): CodeIgniter\Boot::runCodeIgniter(Object(CodeIgniter\CodeIgniter))
11 FCPATH/index.php(27): CodeIgniter\Boot::bootWeb(Object(Config\Paths))
WARNING - 2025-09-30 17:28:32 --> [DEPRECATED] addslashes(): Passing null to parameter #1 ($string) of type string is deprecated in APPPATH/Views/service_list.php on line 10.
 1 APPPATH/Views/service_list.php(10): addslashes(null)
 2 SYSTEMPATH/View/View.php(224): include('/home/u810214334/domains/embellish-beauty.co.uk/public_html/app/Views/service_list.php')
 3 SYSTEMPATH/View/View.php(227): CodeIgniter\View\View->CodeIgniter\View\{closure}()
 4 SYSTEMPATH/Common.php(1173): CodeIgniter\View\View->render('service_list', [], true)
 5 APPPATH/Controllers/Home.php(129): view('service_list', [...])
 6 SYSTEMPATH/CodeIgniter.php(933): App\Controllers\Home->fetch_services()
 7 SYSTEMPATH/CodeIgniter.php(507): CodeIgniter\CodeIgniter->runController(Object(App\Controllers\Home))
 8 SYSTEMPATH/CodeIgniter.php(354): CodeIgniter\CodeIgniter->handleRequest(null, Object(Config\Cache), false)
 9 SYSTEMPATH/Boot.php(334): CodeIgniter\CodeIgniter->run()
10 SYSTEMPATH/Boot.php(67): CodeIgniter\Boot::runCodeIgniter(Object(CodeIgniter\CodeIgniter))
11 FCPATH/index.php(27): CodeIgniter\Boot::bootWeb(Object(Config\Paths))
WARNING - 2025-09-30 17:28:32 --> [DEPRECATED] addslashes(): Passing null to parameter #1 ($string) of type string is deprecated in APPPATH/Views/service_list.php on line 10.
 1 APPPATH/Views/service_list.php(10): addslashes(null)
 2 SYSTEMPATH/View/View.php(224): include('/home/u810214334/domains/embellish-beauty.co.uk/public_html/app/Views/service_list.php')
 3 SYSTEMPATH/View/View.php(227): CodeIgniter\View\View->CodeIgniter\View\{closure}()
 4 SYSTEMPATH/Common.php(1173): CodeIgniter\View\View->render('service_list', [], true)
 5 APPPATH/Controllers/Home.php(129): view('service_list', [...])
 6 SYSTEMPATH/CodeIgniter.php(933): App\Controllers\Home->fetch_services()
 7 SYSTEMPATH/CodeIgniter.php(507): CodeIgniter\CodeIgniter->runController(Object(App\Controllers\Home))
 8 SYSTEMPATH/CodeIgniter.php(354): CodeIgniter\CodeIgniter->handleRequest(null, Object(Config\Cache), false)
 9 SYSTEMPATH/Boot.php(334): CodeIgniter\CodeIgniter->run()
10 SYSTEMPATH/Boot.php(67): CodeIgniter\Boot::runCodeIgniter(Object(CodeIgniter\CodeIgniter))
11 FCPATH/index.php(27): CodeIgniter\Boot::bootWeb(Object(Config\Paths))
WARNING - 2025-09-30 17:28:32 --> [DEPRECATED] addslashes(): Passing null to parameter #1 ($string) of type string is deprecated in APPPATH/Views/service_list.php on line 10.
 1 APPPATH/Views/service_list.php(10): addslashes(null)
 2 SYSTEMPATH/View/View.php(224): include('/home/u810214334/domains/embellish-beauty.co.uk/public_html/app/Views/service_list.php')
 3 SYSTEMPATH/View/View.php(227): CodeIgniter\View\View->CodeIgniter\View\{closure}()
 4 SYSTEMPATH/Common.php(1173): CodeIgniter\View\View->render('service_list', [], true)
 5 APPPATH/Controllers/Home.php(129): view('service_list', [...])
 6 SYSTEMPATH/CodeIgniter.php(933): App\Controllers\Home->fetch_services()
 7 SYSTEMPATH/CodeIgniter.php(507): CodeIgniter\CodeIgniter->runController(Object(App\Controllers\Home))
 8 SYSTEMPATH/CodeIgniter.php(354): CodeIgniter\CodeIgniter->handleRequest(null, Object(Config\Cache), false)
 9 SYSTEMPATH/Boot.php(334): CodeIgniter\CodeIgniter->run()
10 SYSTEMPATH/Boot.php(67): CodeIgniter\Boot::runCodeIgniter(Object(CodeIgniter\CodeIgniter))
11 FCPATH/index.php(27): CodeIgniter\Boot::bootWeb(Object(Config\Paths))
WARNING - 2025-09-30 17:28:32 --> [DEPRECATED] addslashes(): Passing null to parameter #1 ($string) of type string is deprecated in APPPATH/Views/service_list.php on line 10.
 1 APPPATH/Views/service_list.php(10): addslashes(null)
 2 SYSTEMPATH/View/View.php(224): include('/home/u810214334/domains/embellish-beauty.co.uk/public_html/app/Views/service_list.php')
 3 SYSTEMPATH/View/View.php(227): CodeIgniter\View\View->CodeIgniter\View\{closure}()
 4 SYSTEMPATH/Common.php(1173): CodeIgniter\View\View->render('service_list', [], true)
 5 APPPATH/Controllers/Home.php(129): view('service_list', [...])
 6 SYSTEMPATH/CodeIgniter.php(933): App\Controllers\Home->fetch_services()
 7 SYSTEMPATH/CodeIgniter.php(507): CodeIgniter\CodeIgniter->runController(Object(App\Controllers\Home))
 8 SYSTEMPATH/CodeIgniter.php(354): CodeIgniter\CodeIgniter->handleRequest(null, Object(Config\Cache), false)
 9 SYSTEMPATH/Boot.php(334): CodeIgniter\CodeIgniter->run()
10 SYSTEMPATH/Boot.php(67): CodeIgniter\Boot::runCodeIgniter(Object(CodeIgniter\CodeIgniter))
11 FCPATH/index.php(27): CodeIgniter\Boot::bootWeb(Object(Config\Paths))
WARNING - 2025-09-30 17:28:32 --> [DEPRECATED] addslashes(): Passing null to parameter #1 ($string) of type string is deprecated in APPPATH/Views/service_list.php on line 10.
 1 APPPATH/Views/service_list.php(10): addslashes(null)
 2 SYSTEMPATH/View/View.php(224): include('/home/u810214334/domains/embellish-beauty.co.uk/public_html/app/Views/service_list.php')
 3 SYSTEMPATH/View/View.php(227): CodeIgniter\View\View->CodeIgniter\View\{closure}()
 4 SYSTEMPATH/Common.php(1173): CodeIgniter\View\View->render('service_list', [], true)
 5 APPPATH/Controllers/Home.php(129): view('service_list', [...])
 6 SYSTEMPATH/CodeIgniter.php(933): App\Controllers\Home->fetch_services()
 7 SYSTEMPATH/CodeIgniter.php(507): CodeIgniter\CodeIgniter->runController(Object(App\Controllers\Home))
 8 SYSTEMPATH/CodeIgniter.php(354): CodeIgniter\CodeIgniter->handleRequest(null, Object(Config\Cache), false)
 9 SYSTEMPATH/Boot.php(334): CodeIgniter\CodeIgniter->run()
10 SYSTEMPATH/Boot.php(67): CodeIgniter\Boot::runCodeIgniter(Object(CodeIgniter\CodeIgniter))
11 FCPATH/index.php(27): CodeIgniter\Boot::bootWeb(Object(Config\Paths))
WARNING - 2025-09-30 17:28:32 --> [DEPRECATED] addslashes(): Passing null to parameter #1 ($string) of type string is deprecated in APPPATH/Views/service_list.php on line 10.
 1 APPPATH/Views/service_list.php(10): addslashes(null)
 2 SYSTEMPATH/View/View.php(224): include('/home/u810214334/domains/embellish-beauty.co.uk/public_html/app/Views/service_list.php')
 3 SYSTEMPATH/View/View.php(227): CodeIgniter\View\View->CodeIgniter\View\{closure}()
 4 SYSTEMPATH/Common.php(1173): CodeIgniter\View\View->render('service_list', [], true)
 5 APPPATH/Controllers/Home.php(129): view('service_list', [...])
 6 SYSTEMPATH/CodeIgniter.php(933): App\Controllers\Home->fetch_services()
 7 SYSTEMPATH/CodeIgniter.php(507): CodeIgniter\CodeIgniter->runController(Object(App\Controllers\Home))
 8 SYSTEMPATH/CodeIgniter.php(354): CodeIgniter\CodeIgniter->handleRequest(null, Object(Config\Cache), false)
 9 SYSTEMPATH/Boot.php(334): CodeIgniter\CodeIgniter->run()
10 SYSTEMPATH/Boot.php(67): CodeIgniter\Boot::runCodeIgniter(Object(CodeIgniter\CodeIgniter))
11 FCPATH/index.php(27): CodeIgniter\Boot::bootWeb(Object(Config\Paths))
WARNING - 2025-09-30 17:28:32 --> [DEPRECATED] addslashes(): Passing null to parameter #1 ($string) of type string is deprecated in APPPATH/Views/service_list.php on line 10.
 1 APPPATH/Views/service_list.php(10): addslashes(null)
 2 SYSTEMPATH/View/View.php(224): include('/home/u810214334/domains/embellish-beauty.co.uk/public_html/app/Views/service_list.php')
 3 SYSTEMPATH/View/View.php(227): CodeIgniter\View\View->CodeIgniter\View\{closure}()
 4 SYSTEMPATH/Common.php(1173): CodeIgniter\View\View->render('service_list', [], true)
 5 APPPATH/Controllers/Home.php(129): view('service_list', [...])
 6 SYSTEMPATH/CodeIgniter.php(933): App\Controllers\Home->fetch_services()
 7 SYSTEMPATH/CodeIgniter.php(507): CodeIgniter\CodeIgniter->runController(Object(App\Controllers\Home))
 8 SYSTEMPATH/CodeIgniter.php(354): CodeIgniter\CodeIgniter->handleRequest(null, Object(Config\Cache), false)
 9 SYSTEMPATH/Boot.php(334): CodeIgniter\CodeIgniter->run()
10 SYSTEMPATH/Boot.php(67): CodeIgniter\Boot::runCodeIgniter(Object(CodeIgniter\CodeIgniter))
11 FCPATH/index.php(27): CodeIgniter\Boot::bootWeb(Object(Config\Paths))
WARNING - 2025-09-30 17:28:32 --> [DEPRECATED] addslashes(): Passing null to parameter #1 ($string) of type string is deprecated in APPPATH/Views/service_list.php on line 10.
 1 APPPATH/Views/service_list.php(10): addslashes(null)
 2 SYSTEMPATH/View/View.php(224): include('/home/u810214334/domains/embellish-beauty.co.uk/public_html/app/Views/service_list.php')
 3 SYSTEMPATH/View/View.php(227): CodeIgniter\View\View->CodeIgniter\View\{closure}()
 4 SYSTEMPATH/Common.php(1173): CodeIgniter\View\View->render('service_list', [], true)
 5 APPPATH/Controllers/Home.php(129): view('service_list', [...])
 6 SYSTEMPATH/CodeIgniter.php(933): App\Controllers\Home->fetch_services()
 7 SYSTEMPATH/CodeIgniter.php(507): CodeIgniter\CodeIgniter->runController(Object(App\Controllers\Home))
 8 SYSTEMPATH/CodeIgniter.php(354): CodeIgniter\CodeIgniter->handleRequest(null, Object(Config\Cache), false)
 9 SYSTEMPATH/Boot.php(334): CodeIgniter\CodeIgniter->run()
10 SYSTEMPATH/Boot.php(67): CodeIgniter\Boot::runCodeIgniter(Object(CodeIgniter\CodeIgniter))
11 FCPATH/index.php(27): CodeIgniter\Boot::bootWeb(Object(Config\Paths))
WARNING - 2025-09-30 17:28:32 --> [DEPRECATED] addslashes(): Passing null to parameter #1 ($string) of type string is deprecated in APPPATH/Views/service_list.php on line 10.
 1 APPPATH/Views/service_list.php(10): addslashes(null)
 2 SYSTEMPATH/View/View.php(224): include('/home/u810214334/domains/embellish-beauty.co.uk/public_html/app/Views/service_list.php')
 3 SYSTEMPATH/View/View.php(227): CodeIgniter\View\View->CodeIgniter\View\{closure}()
 4 SYSTEMPATH/Common.php(1173): CodeIgniter\View\View->render('service_list', [], true)
 5 APPPATH/Controllers/Home.php(129): view('service_list', [...])
 6 SYSTEMPATH/CodeIgniter.php(933): App\Controllers\Home->fetch_services()
 7 SYSTEMPATH/CodeIgniter.php(507): CodeIgniter\CodeIgniter->runController(Object(App\Controllers\Home))
 8 SYSTEMPATH/CodeIgniter.php(354): CodeIgniter\CodeIgniter->handleRequest(null, Object(Config\Cache), false)
 9 SYSTEMPATH/Boot.php(334): CodeIgniter\CodeIgniter->run()
10 SYSTEMPATH/Boot.php(67): CodeIgniter\Boot::runCodeIgniter(Object(CodeIgniter\CodeIgniter))
11 FCPATH/index.php(27): CodeIgniter\Boot::bootWeb(Object(Config\Paths))
DEBUG - 2025-09-30 17:28:37 --> Session: Class initialized using 'CodeIgniter\Session\Handlers\FileHandler' driver.
DEBUG - 2025-09-30 17:28:59 --> Session: Class initialized using 'CodeIgniter\Session\Handlers\FileHandler' driver.
DEBUG - 2025-09-30 17:29:00 --> Session: Class initialized using 'CodeIgniter\Session\Handlers\FileHandler' driver.
DEBUG - 2025-09-30 17:29:01 --> Session: Class initialized using 'CodeIgniter\Session\Handlers\FileHandler' driver.
DEBUG - 2025-09-30 17:29:01 --> Session: Class initialized using 'CodeIgniter\Session\Handlers\FileHandler' driver.
DEBUG - 2025-09-30 17:29:18 --> Session: Class initialized using 'CodeIgniter\Session\Handlers\FileHandler' driver.
DEBUG - 2025-09-30 17:29:18 --> Session: Class initialized using 'CodeIgniter\Session\Handlers\FileHandler' driver.
DEBUG - 2025-09-30 17:29:18 --> Session: Class initialized using 'CodeIgniter\Session\Handlers\FileHandler' driver.
DEBUG - 2025-09-30 17:29:19 --> Session: Class initialized using 'CodeIgniter\Session\Handlers\FileHandler' driver.
DEBUG - 2025-09-30 17:29:38 --> Session: Class initialized using 'CodeIgniter\Session\Handlers\FileHandler' driver.
DEBUG - 2025-09-30 17:30:02 --> Session: Class initialized using 'CodeIgniter\Session\Handlers\FileHandler' driver.
DEBUG - 2025-09-30 17:30:07 --> Session: Class initialized using 'CodeIgniter\Session\Handlers\FileHandler' driver.
DEBUG - 2025-09-30 17:30:15 --> Session: Class initialized using 'CodeIgniter\Session\Handlers\FileHandler' driver.
DEBUG - 2025-09-30 17:30:21 --> Session: Class initialized using 'CodeIgniter\Session\Handlers\FileHandler' driver.
DEBUG - 2025-09-30 17:30:28 --> Session: Class initialized using 'CodeIgniter\Session\Handlers\FileHandler' driver.
DEBUG - 2025-09-30 17:30:41 --> Session: Class initialized using 'CodeIgniter\Session\Handlers\FileHandler' driver.
DEBUG - 2025-09-30 17:30:41 --> Session: Class initialized using 'CodeIgniter\Session\Handlers\FileHandler' driver.
DEBUG - 2025-09-30 17:30:47 --> Session: Class initialized using 'CodeIgniter\Session\Handlers\FileHandler' driver.
DEBUG - 2025-09-30 17:31:27 --> Session: Class initialized using 'CodeIgniter\Session\Handlers\FileHandler' driver.
DEBUG - 2025-09-30 17:31:35 --> Session: Class initialized using 'CodeIgniter\Session\Handlers\FileHandler' driver.
DEBUG - 2025-09-30 17:31:36 --> Session: Class initialized using 'CodeIgniter\Session\Handlers\FileHandler' driver.
DEBUG - 2025-09-30 17:31:36 --> Session: Class initialized using 'CodeIgniter\Session\Handlers\FileHandler' driver.
DEBUG - 2025-09-30 17:31:36 --> Session: Class initialized using 'CodeIgniter\Session\Handlers\FileHandler' driver.
WARNING - 2025-09-30 17:31:37 --> [DEPRECATED] addslashes(): Passing null to parameter #1 ($string) of type string is deprecated in APPPATH/Views/service_list.php on line 10.
 1 APPPATH/Views/service_list.php(10): addslashes(null)
 2 SYSTEMPATH/View/View.php(224): include('/home/u810214334/domains/embellish-beauty.co.uk/public_html/app/Views/service_list.php')
 3 SYSTEMPATH/View/View.php(227): CodeIgniter\View\View->CodeIgniter\View\{closure}()
 4 SYSTEMPATH/Common.php(1173): CodeIgniter\View\View->render('service_list', [], true)
 5 APPPATH/Controllers/Home.php(129): view('service_list', [...])
 6 SYSTEMPATH/CodeIgniter.php(933): App\Controllers\Home->fetch_services()
 7 SYSTEMPATH/CodeIgniter.php(507): CodeIgniter\CodeIgniter->runController(Object(App\Controllers\Home))
 8 SYSTEMPATH/CodeIgniter.php(354): CodeIgniter\CodeIgniter->handleRequest(null, Object(Config\Cache), false)
 9 SYSTEMPATH/Boot.php(334): CodeIgniter\CodeIgniter->run()
10 SYSTEMPATH/Boot.php(67): CodeIgniter\Boot::runCodeIgniter(Object(CodeIgniter\CodeIgniter))
11 FCPATH/index.php(27): CodeIgniter\Boot::bootWeb(Object(Config\Paths))
WARNING - 2025-09-30 17:31:37 --> [DEPRECATED] addslashes(): Passing null to parameter #1 ($string) of type string is deprecated in APPPATH/Views/service_list.php on line 10.
 1 APPPATH/Views/service_list.php(10): addslashes(null)
 2 SYSTEMPATH/View/View.php(224): include('/home/u810214334/domains/embellish-beauty.co.uk/public_html/app/Views/service_list.php')
 3 SYSTEMPATH/View/View.php(227): CodeIgniter\View\View->CodeIgniter\View\{closure}()
 4 SYSTEMPATH/Common.php(1173): CodeIgniter\View\View->render('service_list', [], true)
 5 APPPATH/Controllers/Home.php(129): view('service_list', [...])
 6 SYSTEMPATH/CodeIgniter.php(933): App\Controllers\Home->fetch_services()
 7 SYSTEMPATH/CodeIgniter.php(507): CodeIgniter\CodeIgniter->runController(Object(App\Controllers\Home))
 8 SYSTEMPATH/CodeIgniter.php(354): CodeIgniter\CodeIgniter->handleRequest(null, Object(Config\Cache), false)
 9 SYSTEMPATH/Boot.php(334): CodeIgniter\CodeIgniter->run()
10 SYSTEMPATH/Boot.php(67): CodeIgniter\Boot::runCodeIgniter(Object(CodeIgniter\CodeIgniter))
11 FCPATH/index.php(27): CodeIgniter\Boot::bootWeb(Object(Config\Paths))
WARNING - 2025-09-30 17:31:37 --> [DEPRECATED] addslashes(): Passing null to parameter #1 ($string) of type string is deprecated in APPPATH/Views/service_list.php on line 10.
 1 APPPATH/Views/service_list.php(10): addslashes(null)
 2 SYSTEMPATH/View/View.php(224): include('/home/u810214334/domains/embellish-beauty.co.uk/public_html/app/Views/service_list.php')
 3 SYSTEMPATH/View/View.php(227): CodeIgniter\View\View->CodeIgniter\View\{closure}()
 4 SYSTEMPATH/Common.php(1173): CodeIgniter\View\View->render('service_list', [], true)
 5 APPPATH/Controllers/Home.php(129): view('service_list', [...])
 6 SYSTEMPATH/CodeIgniter.php(933): App\Controllers\Home->fetch_services()
 7 SYSTEMPATH/CodeIgniter.php(507): CodeIgniter\CodeIgniter->runController(Object(App\Controllers\Home))
 8 SYSTEMPATH/CodeIgniter.php(354): CodeIgniter\CodeIgniter->handleRequest(null, Object(Config\Cache), false)
 9 SYSTEMPATH/Boot.php(334): CodeIgniter\CodeIgniter->run()
10 SYSTEMPATH/Boot.php(67): CodeIgniter\Boot::runCodeIgniter(Object(CodeIgniter\CodeIgniter))
11 FCPATH/index.php(27): CodeIgniter\Boot::bootWeb(Object(Config\Paths))
WARNING - 2025-09-30 17:31:37 --> [DEPRECATED] addslashes(): Passing null to parameter #1 ($string) of type string is deprecated in APPPATH/Views/service_list.php on line 10.
 1 APPPATH/Views/service_list.php(10): addslashes(null)
 2 SYSTEMPATH/View/View.php(224): include('/home/u810214334/domains/embellish-beauty.co.uk/public_html/app/Views/service_list.php')
 3 SYSTEMPATH/View/View.php(227): CodeIgniter\View\View->CodeIgniter\View\{closure}()
 4 SYSTEMPATH/Common.php(1173): CodeIgniter\View\View->render('service_list', [], true)
 5 APPPATH/Controllers/Home.php(129): view('service_list', [...])
 6 SYSTEMPATH/CodeIgniter.php(933): App\Controllers\Home->fetch_services()
 7 SYSTEMPATH/CodeIgniter.php(507): CodeIgniter\CodeIgniter->runController(Object(App\Controllers\Home))
 8 SYSTEMPATH/CodeIgniter.php(354): CodeIgniter\CodeIgniter->handleRequest(null, Object(Config\Cache), false)
 9 SYSTEMPATH/Boot.php(334): CodeIgniter\CodeIgniter->run()
10 SYSTEMPATH/Boot.php(67): CodeIgniter\Boot::runCodeIgniter(Object(CodeIgniter\CodeIgniter))
11 FCPATH/index.php(27): CodeIgniter\Boot::bootWeb(Object(Config\Paths))
WARNING - 2025-09-30 17:31:37 --> [DEPRECATED] addslashes(): Passing null to parameter #1 ($string) of type string is deprecated in APPPATH/Views/service_list.php on line 10.
 1 APPPATH/Views/service_list.php(10): addslashes(null)
 2 SYSTEMPATH/View/View.php(224): include('/home/u810214334/domains/embellish-beauty.co.uk/public_html/app/Views/service_list.php')
 3 SYSTEMPATH/View/View.php(227): CodeIgniter\View\View->CodeIgniter\View\{closure}()
 4 SYSTEMPATH/Common.php(1173): CodeIgniter\View\View->render('service_list', [], true)
 5 APPPATH/Controllers/Home.php(129): view('service_list', [...])
 6 SYSTEMPATH/CodeIgniter.php(933): App\Controllers\Home->fetch_services()
 7 SYSTEMPATH/CodeIgniter.php(507): CodeIgniter\CodeIgniter->runController(Object(App\Controllers\Home))
 8 SYSTEMPATH/CodeIgniter.php(354): CodeIgniter\CodeIgniter->handleRequest(null, Object(Config\Cache), false)
 9 SYSTEMPATH/Boot.php(334): CodeIgniter\CodeIgniter->run()
10 SYSTEMPATH/Boot.php(67): CodeIgniter\Boot::runCodeIgniter(Object(CodeIgniter\CodeIgniter))
11 FCPATH/index.php(27): CodeIgniter\Boot::bootWeb(Object(Config\Paths))
WARNING - 2025-09-30 17:31:37 --> [DEPRECATED] addslashes(): Passing null to parameter #1 ($string) of type string is deprecated in APPPATH/Views/service_list.php on line 10.
 1 APPPATH/Views/service_list.php(10): addslashes(null)
 2 SYSTEMPATH/View/View.php(224): include('/home/u810214334/domains/embellish-beauty.co.uk/public_html/app/Views/service_list.php')
 3 SYSTEMPATH/View/View.php(227): CodeIgniter\View\View->CodeIgniter\View\{closure}()
 4 SYSTEMPATH/Common.php(1173): CodeIgniter\View\View->render('service_list', [], true)
 5 APPPATH/Controllers/Home.php(129): view('service_list', [...])
 6 SYSTEMPATH/CodeIgniter.php(933): App\Controllers\Home->fetch_services()
 7 SYSTEMPATH/CodeIgniter.php(507): CodeIgniter\CodeIgniter->runController(Object(App\Controllers\Home))
 8 SYSTEMPATH/CodeIgniter.php(354): CodeIgniter\CodeIgniter->handleRequest(null, Object(Config\Cache), false)
 9 SYSTEMPATH/Boot.php(334): CodeIgniter\CodeIgniter->run()
10 SYSTEMPATH/Boot.php(67): CodeIgniter\Boot::runCodeIgniter(Object(CodeIgniter\CodeIgniter))
11 FCPATH/index.php(27): CodeIgniter\Boot::bootWeb(Object(Config\Paths))
WARNING - 2025-09-30 17:31:37 --> [DEPRECATED] addslashes(): Passing null to parameter #1 ($string) of type string is deprecated in APPPATH/Views/service_list.php on line 10.
 1 APPPATH/Views/service_list.php(10): addslashes(null)
 2 SYSTEMPATH/View/View.php(224): include('/home/u810214334/domains/embellish-beauty.co.uk/public_html/app/Views/service_list.php')
 3 SYSTEMPATH/View/View.php(227): CodeIgniter\View\View->CodeIgniter\View\{closure}()
 4 SYSTEMPATH/Common.php(1173): CodeIgniter\View\View->render('service_list', [], true)
 5 APPPATH/Controllers/Home.php(129): view('service_list', [...])
 6 SYSTEMPATH/CodeIgniter.php(933): App\Controllers\Home->fetch_services()
 7 SYSTEMPATH/CodeIgniter.php(507): CodeIgniter\CodeIgniter->runController(Object(App\Controllers\Home))
 8 SYSTEMPATH/CodeIgniter.php(354): CodeIgniter\CodeIgniter->handleRequest(null, Object(Config\Cache), false)
 9 SYSTEMPATH/Boot.php(334): CodeIgniter\CodeIgniter->run()
10 SYSTEMPATH/Boot.php(67): CodeIgniter\Boot::runCodeIgniter(Object(CodeIgniter\CodeIgniter))
11 FCPATH/index.php(27): CodeIgniter\Boot::bootWeb(Object(Config\Paths))
WARNING - 2025-09-30 17:31:37 --> [DEPRECATED] addslashes(): Passing null to parameter #1 ($string) of type string is deprecated in APPPATH/Views/service_list.php on line 10.
 1 APPPATH/Views/service_list.php(10): addslashes(null)
 2 SYSTEMPATH/View/View.php(224): include('/home/u810214334/domains/embellish-beauty.co.uk/public_html/app/Views/service_list.php')
 3 SYSTEMPATH/View/View.php(227): CodeIgniter\View\View->CodeIgniter\View\{closure}()
 4 SYSTEMPATH/Common.php(1173): CodeIgniter\View\View->render('service_list', [], true)
 5 APPPATH/Controllers/Home.php(129): view('service_list', [...])
 6 SYSTEMPATH/CodeIgniter.php(933): App\Controllers\Home->fetch_services()
 7 SYSTEMPATH/CodeIgniter.php(507): CodeIgniter\CodeIgniter->runController(Object(App\Controllers\Home))
 8 SYSTEMPATH/CodeIgniter.php(354): CodeIgniter\CodeIgniter->handleRequest(null, Object(Config\Cache), false)
 9 SYSTEMPATH/Boot.php(334): CodeIgniter\CodeIgniter->run()
10 SYSTEMPATH/Boot.php(67): CodeIgniter\Boot::runCodeIgniter(Object(CodeIgniter\CodeIgniter))
11 FCPATH/index.php(27): CodeIgniter\Boot::bootWeb(Object(Config\Paths))
WARNING - 2025-09-30 17:31:37 --> [DEPRECATED] addslashes(): Passing null to parameter #1 ($string) of type string is deprecated in APPPATH/Views/service_list.php on line 10.
 1 APPPATH/Views/service_list.php(10): addslashes(null)
 2 SYSTEMPATH/View/View.php(224): include('/home/u810214334/domains/embellish-beauty.co.uk/public_html/app/Views/service_list.php')
 3 SYSTEMPATH/View/View.php(227): CodeIgniter\View\View->CodeIgniter\View\{closure}()
 4 SYSTEMPATH/Common.php(1173): CodeIgniter\View\View->render('service_list', [], true)
 5 APPPATH/Controllers/Home.php(129): view('service_list', [...])
 6 SYSTEMPATH/CodeIgniter.php(933): App\Controllers\Home->fetch_services()
 7 SYSTEMPATH/CodeIgniter.php(507): CodeIgniter\CodeIgniter->runController(Object(App\Controllers\Home))
 8 SYSTEMPATH/CodeIgniter.php(354): CodeIgniter\CodeIgniter->handleRequest(null, Object(Config\Cache), false)
 9 SYSTEMPATH/Boot.php(334): CodeIgniter\CodeIgniter->run()
10 SYSTEMPATH/Boot.php(67): CodeIgniter\Boot::runCodeIgniter(Object(CodeIgniter\CodeIgniter))
11 FCPATH/index.php(27): CodeIgniter\Boot::bootWeb(Object(Config\Paths))
WARNING - 2025-09-30 17:31:37 --> [DEPRECATED] addslashes(): Passing null to parameter #1 ($string) of type string is deprecated in APPPATH/Views/service_list.php on line 10.
 1 APPPATH/Views/service_list.php(10): addslashes(null)
 2 SYSTEMPATH/View/View.php(224): include('/home/u810214334/domains/embellish-beauty.co.uk/public_html/app/Views/service_list.php')
 3 SYSTEMPATH/View/View.php(227): CodeIgniter\View\View->CodeIgniter\View\{closure}()
 4 SYSTEMPATH/Common.php(1173): CodeIgniter\View\View->render('service_list', [], true)
 5 APPPATH/Controllers/Home.php(129): view('service_list', [...])
 6 SYSTEMPATH/CodeIgniter.php(933): App\Controllers\Home->fetch_services()
 7 SYSTEMPATH/CodeIgniter.php(507): CodeIgniter\CodeIgniter->runController(Object(App\Controllers\Home))
 8 SYSTEMPATH/CodeIgniter.php(354): CodeIgniter\CodeIgniter->handleRequest(null, Object(Config\Cache), false)
 9 SYSTEMPATH/Boot.php(334): CodeIgniter\CodeIgniter->run()
10 SYSTEMPATH/Boot.php(67): CodeIgniter\Boot::runCodeIgniter(Object(CodeIgniter\CodeIgniter))
11 FCPATH/index.php(27): CodeIgniter\Boot::bootWeb(Object(Config\Paths))
WARNING - 2025-09-30 17:31:37 --> [DEPRECATED] addslashes(): Passing null to parameter #1 ($string) of type string is deprecated in APPPATH/Views/service_list.php on line 10.
 1 APPPATH/Views/service_list.php(10): addslashes(null)
 2 SYSTEMPATH/View/View.php(224): include('/home/u810214334/domains/embellish-beauty.co.uk/public_html/app/Views/service_list.php')
 3 SYSTEMPATH/View/View.php(227): CodeIgniter\View\View->CodeIgniter\View\{closure}()
 4 SYSTEMPATH/Common.php(1173): CodeIgniter\View\View->render('service_list', [], true)
 5 APPPATH/Controllers/Home.php(129): view('service_list', [...])
 6 SYSTEMPATH/CodeIgniter.php(933): App\Controllers\Home->fetch_services()
 7 SYSTEMPATH/CodeIgniter.php(507): CodeIgniter\CodeIgniter->runController(Object(App\Controllers\Home))
 8 SYSTEMPATH/CodeIgniter.php(354): CodeIgniter\CodeIgniter->handleRequest(null, Object(Config\Cache), false)
 9 SYSTEMPATH/Boot.php(334): CodeIgniter\CodeIgniter->run()
10 SYSTEMPATH/Boot.php(67): CodeIgniter\Boot::runCodeIgniter(Object(CodeIgniter\CodeIgniter))
11 FCPATH/index.php(27): CodeIgniter\Boot::bootWeb(Object(Config\Paths))
WARNING - 2025-09-30 17:31:37 --> [DEPRECATED] addslashes(): Passing null to parameter #1 ($string) of type string is deprecated in APPPATH/Views/service_list.php on line 10.
 1 APPPATH/Views/service_list.php(10): addslashes(null)
 2 SYSTEMPATH/View/View.php(224): include('/home/u810214334/domains/embellish-beauty.co.uk/public_html/app/Views/service_list.php')
 3 SYSTEMPATH/View/View.php(227): CodeIgniter\View\View->CodeIgniter\View\{closure}()
 4 SYSTEMPATH/Common.php(1173): CodeIgniter\View\View->render('service_list', [], true)
 5 APPPATH/Controllers/Home.php(129): view('service_list', [...])
 6 SYSTEMPATH/CodeIgniter.php(933): App\Controllers\Home->fetch_services()
 7 SYSTEMPATH/CodeIgniter.php(507): CodeIgniter\CodeIgniter->runController(Object(App\Controllers\Home))
 8 SYSTEMPATH/CodeIgniter.php(354): CodeIgniter\CodeIgniter->handleRequest(null, Object(Config\Cache), false)
 9 SYSTEMPATH/Boot.php(334): CodeIgniter\CodeIgniter->run()
10 SYSTEMPATH/Boot.php(67): CodeIgniter\Boot::runCodeIgniter(Object(CodeIgniter\CodeIgniter))
11 FCPATH/index.php(27): CodeIgniter\Boot::bootWeb(Object(Config\Paths))
WARNING - 2025-09-30 17:31:37 --> [DEPRECATED] addslashes(): Passing null to parameter #1 ($string) of type string is deprecated in APPPATH/Views/service_list.php on line 10.
 1 APPPATH/Views/service_list.php(10): addslashes(null)
 2 SYSTEMPATH/View/View.php(224): include('/home/u810214334/domains/embellish-beauty.co.uk/public_html/app/Views/service_list.php')
 3 SYSTEMPATH/View/View.php(227): CodeIgniter\View\View->CodeIgniter\View\{closure}()
 4 SYSTEMPATH/Common.php(1173): CodeIgniter\View\View->render('service_list', [], true)
 5 APPPATH/Controllers/Home.php(129): view('service_list', [...])
 6 SYSTEMPATH/CodeIgniter.php(933): App\Controllers\Home->fetch_services()
 7 SYSTEMPATH/CodeIgniter.php(507): CodeIgniter\CodeIgniter->runController(Object(App\Controllers\Home))
 8 SYSTEMPATH/CodeIgniter.php(354): CodeIgniter\CodeIgniter->handleRequest(null, Object(Config\Cache), false)
 9 SYSTEMPATH/Boot.php(334): CodeIgniter\CodeIgniter->run()
10 SYSTEMPATH/Boot.php(67): CodeIgniter\Boot::runCodeIgniter(Object(CodeIgniter\CodeIgniter))
11 FCPATH/index.php(27): CodeIgniter\Boot::bootWeb(Object(Config\Paths))
WARNING - 2025-09-30 17:31:37 --> [DEPRECATED] addslashes(): Passing null to parameter #1 ($string) of type string is deprecated in APPPATH/Views/service_list.php on line 10.
 1 APPPATH/Views/service_list.php(10): addslashes(null)
 2 SYSTEMPATH/View/View.php(224): include('/home/u810214334/domains/embellish-beauty.co.uk/public_html/app/Views/service_list.php')
 3 SYSTEMPATH/View/View.php(227): CodeIgniter\View\View->CodeIgniter\View\{closure}()
 4 SYSTEMPATH/Common.php(1173): CodeIgniter\View\View->render('service_list', [], true)
 5 APPPATH/Controllers/Home.php(129): view('service_list', [...])
 6 SYSTEMPATH/CodeIgniter.php(933): App\Controllers\Home->fetch_services()
 7 SYSTEMPATH/CodeIgniter.php(507): CodeIgniter\CodeIgniter->runController(Object(App\Controllers\Home))
 8 SYSTEMPATH/CodeIgniter.php(354): CodeIgniter\CodeIgniter->handleRequest(null, Object(Config\Cache), false)
 9 SYSTEMPATH/Boot.php(334): CodeIgniter\CodeIgniter->run()
10 SYSTEMPATH/Boot.php(67): CodeIgniter\Boot::runCodeIgniter(Object(CodeIgniter\CodeIgniter))
11 FCPATH/index.php(27): CodeIgniter\Boot::bootWeb(Object(Config\Paths))
WARNING - 2025-09-30 17:31:37 --> [DEPRECATED] addslashes(): Passing null to parameter #1 ($string) of type string is deprecated in APPPATH/Views/service_list.php on line 10.
 1 APPPATH/Views/service_list.php(10): addslashes(null)
 2 SYSTEMPATH/View/View.php(224): include('/home/u810214334/domains/embellish-beauty.co.uk/public_html/app/Views/service_list.php')
 3 SYSTEMPATH/View/View.php(227): CodeIgniter\View\View->CodeIgniter\View\{closure}()
 4 SYSTEMPATH/Common.php(1173): CodeIgniter\View\View->render('service_list', [], true)
 5 APPPATH/Controllers/Home.php(129): view('service_list', [...])
 6 SYSTEMPATH/CodeIgniter.php(933): App\Controllers\Home->fetch_services()
 7 SYSTEMPATH/CodeIgniter.php(507): CodeIgniter\CodeIgniter->runController(Object(App\Controllers\Home))
 8 SYSTEMPATH/CodeIgniter.php(354): CodeIgniter\CodeIgniter->handleRequest(null, Object(Config\Cache), false)
 9 SYSTEMPATH/Boot.php(334): CodeIgniter\CodeIgniter->run()
10 SYSTEMPATH/Boot.php(67): CodeIgniter\Boot::runCodeIgniter(Object(CodeIgniter\CodeIgniter))
11 FCPATH/index.php(27): CodeIgniter\Boot::bootWeb(Object(Config\Paths))
WARNING - 2025-09-30 17:31:37 --> [DEPRECATED] addslashes(): Passing null to parameter #1 ($string) of type string is deprecated in APPPATH/Views/service_list.php on line 10.
 1 APPPATH/Views/service_list.php(10): addslashes(null)
 2 SYSTEMPATH/View/View.php(224): include('/home/u810214334/domains/embellish-beauty.co.uk/public_html/app/Views/service_list.php')
 3 SYSTEMPATH/View/View.php(227): CodeIgniter\View\View->CodeIgniter\View\{closure}()
 4 SYSTEMPATH/Common.php(1173): CodeIgniter\View\View->render('service_list', [], true)
 5 APPPATH/Controllers/Home.php(129): view('service_list', [...])
 6 SYSTEMPATH/CodeIgniter.php(933): App\Controllers\Home->fetch_services()
 7 SYSTEMPATH/CodeIgniter.php(507): CodeIgniter\CodeIgniter->runController(Object(App\Controllers\Home))
 8 SYSTEMPATH/CodeIgniter.php(354): CodeIgniter\CodeIgniter->handleRequest(null, Object(Config\Cache), false)
 9 SYSTEMPATH/Boot.php(334): CodeIgniter\CodeIgniter->run()
10 SYSTEMPATH/Boot.php(67): CodeIgniter\Boot::runCodeIgniter(Object(CodeIgniter\CodeIgniter))
11 FCPATH/index.php(27): CodeIgniter\Boot::bootWeb(Object(Config\Paths))
WARNING - 2025-09-30 17:31:37 --> [DEPRECATED] addslashes(): Passing null to parameter #1 ($string) of type string is deprecated in APPPATH/Views/service_list.php on line 10.
 1 APPPATH/Views/service_list.php(10): addslashes(null)
 2 SYSTEMPATH/View/View.php(224): include('/home/u810214334/domains/embellish-beauty.co.uk/public_html/app/Views/service_list.php')
 3 SYSTEMPATH/View/View.php(227): CodeIgniter\View\View->CodeIgniter\View\{closure}()
 4 SYSTEMPATH/Common.php(1173): CodeIgniter\View\View->render('service_list', [], true)
 5 APPPATH/Controllers/Home.php(129): view('service_list', [...])
 6 SYSTEMPATH/CodeIgniter.php(933): App\Controllers\Home->fetch_services()
 7 SYSTEMPATH/CodeIgniter.php(507): CodeIgniter\CodeIgniter->runController(Object(App\Controllers\Home))
 8 SYSTEMPATH/CodeIgniter.php(354): CodeIgniter\CodeIgniter->handleRequest(null, Object(Config\Cache), false)
 9 SYSTEMPATH/Boot.php(334): CodeIgniter\CodeIgniter->run()
10 SYSTEMPATH/Boot.php(67): CodeIgniter\Boot::runCodeIgniter(Object(CodeIgniter\CodeIgniter))
11 FCPATH/index.php(27): CodeIgniter\Boot::bootWeb(Object(Config\Paths))
WARNING - 2025-09-30 17:31:37 --> [DEPRECATED] addslashes(): Passing null to parameter #1 ($string) of type string is deprecated in APPPATH/Views/service_list.php on line 10.
 1 APPPATH/Views/service_list.php(10): addslashes(null)
 2 SYSTEMPATH/View/View.php(224): include('/home/u810214334/domains/embellish-beauty.co.uk/public_html/app/Views/service_list.php')
 3 SYSTEMPATH/View/View.php(227): CodeIgniter\View\View->CodeIgniter\View\{closure}()
 4 SYSTEMPATH/Common.php(1173): CodeIgniter\View\View->render('service_list', [], true)
 5 APPPATH/Controllers/Home.php(129): view('service_list', [...])
 6 SYSTEMPATH/CodeIgniter.php(933): App\Controllers\Home->fetch_services()
 7 SYSTEMPATH/CodeIgniter.php(507): CodeIgniter\CodeIgniter->runController(Object(App\Controllers\Home))
 8 SYSTEMPATH/CodeIgniter.php(354): CodeIgniter\CodeIgniter->handleRequest(null, Object(Config\Cache), false)
 9 SYSTEMPATH/Boot.php(334): CodeIgniter\CodeIgniter->run()
10 SYSTEMPATH/Boot.php(67): CodeIgniter\Boot::runCodeIgniter(Object(CodeIgniter\CodeIgniter))
11 FCPATH/index.php(27): CodeIgniter\Boot::bootWeb(Object(Config\Paths))
WARNING - 2025-09-30 17:31:37 --> [DEPRECATED] addslashes(): Passing null to parameter #1 ($string) of type string is deprecated in APPPATH/Views/service_list.php on line 10.
 1 APPPATH/Views/service_list.php(10): addslashes(null)
 2 SYSTEMPATH/View/View.php(224): include('/home/u810214334/domains/embellish-beauty.co.uk/public_html/app/Views/service_list.php')
 3 SYSTEMPATH/View/View.php(227): CodeIgniter\View\View->CodeIgniter\View\{closure}()
 4 SYSTEMPATH/Common.php(1173): CodeIgniter\View\View->render('service_list', [], true)
 5 APPPATH/Controllers/Home.php(129): view('service_list', [...])
 6 SYSTEMPATH/CodeIgniter.php(933): App\Controllers\Home->fetch_services()
 7 SYSTEMPATH/CodeIgniter.php(507): CodeIgniter\CodeIgniter->runController(Object(App\Controllers\Home))
 8 SYSTEMPATH/CodeIgniter.php(354): CodeIgniter\CodeIgniter->handleRequest(null, Object(Config\Cache), false)
 9 SYSTEMPATH/Boot.php(334): CodeIgniter\CodeIgniter->run()
10 SYSTEMPATH/Boot.php(67): CodeIgniter\Boot::runCodeIgniter(Object(CodeIgniter\CodeIgniter))
11 FCPATH/index.php(27): CodeIgniter\Boot::bootWeb(Object(Config\Paths))
WARNING - 2025-09-30 17:31:37 --> [DEPRECATED] addslashes(): Passing null to parameter #1 ($string) of type string is deprecated in APPPATH/Views/service_list.php on line 10.
 1 APPPATH/Views/service_list.php(10): addslashes(null)
 2 SYSTEMPATH/View/View.php(224): include('/home/u810214334/domains/embellish-beauty.co.uk/public_html/app/Views/service_list.php')
 3 SYSTEMPATH/View/View.php(227): CodeIgniter\View\View->CodeIgniter\View\{closure}()
 4 SYSTEMPATH/Common.php(1173): CodeIgniter\View\View->render('service_list', [], true)
 5 APPPATH/Controllers/Home.php(129): view('service_list', [...])
 6 SYSTEMPATH/CodeIgniter.php(933): App\Controllers\Home->fetch_services()
 7 SYSTEMPATH/CodeIgniter.php(507): CodeIgniter\CodeIgniter->runController(Object(App\Controllers\Home))
 8 SYSTEMPATH/CodeIgniter.php(354): CodeIgniter\CodeIgniter->handleRequest(null, Object(Config\Cache), false)
 9 SYSTEMPATH/Boot.php(334): CodeIgniter\CodeIgniter->run()
10 SYSTEMPATH/Boot.php(67): CodeIgniter\Boot::runCodeIgniter(Object(CodeIgniter\CodeIgniter))
11 FCPATH/index.php(27): CodeIgniter\Boot::bootWeb(Object(Config\Paths))
WARNING - 2025-09-30 17:31:37 --> [DEPRECATED] addslashes(): Passing null to parameter #1 ($string) of type string is deprecated in APPPATH/Views/service_list.php on line 10.
 1 APPPATH/Views/service_list.php(10): addslashes(null)
 2 SYSTEMPATH/View/View.php(224): include('/home/u810214334/domains/embellish-beauty.co.uk/public_html/app/Views/service_list.php')
 3 SYSTEMPATH/View/View.php(227): CodeIgniter\View\View->CodeIgniter\View\{closure}()
 4 SYSTEMPATH/Common.php(1173): CodeIgniter\View\View->render('service_list', [], true)
 5 APPPATH/Controllers/Home.php(129): view('service_list', [...])
 6 SYSTEMPATH/CodeIgniter.php(933): App\Controllers\Home->fetch_services()
 7 SYSTEMPATH/CodeIgniter.php(507): CodeIgniter\CodeIgniter->runController(Object(App\Controllers\Home))
 8 SYSTEMPATH/CodeIgniter.php(354): CodeIgniter\CodeIgniter->handleRequest(null, Object(Config\Cache), false)
 9 SYSTEMPATH/Boot.php(334): CodeIgniter\CodeIgniter->run()
10 SYSTEMPATH/Boot.php(67): CodeIgniter\Boot::runCodeIgniter(Object(CodeIgniter\CodeIgniter))
11 FCPATH/index.php(27): CodeIgniter\Boot::bootWeb(Object(Config\Paths))
WARNING - 2025-09-30 17:31:37 --> [DEPRECATED] addslashes(): Passing null to parameter #1 ($string) of type string is deprecated in APPPATH/Views/service_list.php on line 10.
 1 APPPATH/Views/service_list.php(10): addslashes(null)
 2 SYSTEMPATH/View/View.php(224): include('/home/u810214334/domains/embellish-beauty.co.uk/public_html/app/Views/service_list.php')
 3 SYSTEMPATH/View/View.php(227): CodeIgniter\View\View->CodeIgniter\View\{closure}()
 4 SYSTEMPATH/Common.php(1173): CodeIgniter\View\View->render('service_list', [], true)
 5 APPPATH/Controllers/Home.php(129): view('service_list', [...])
 6 SYSTEMPATH/CodeIgniter.php(933): App\Controllers\Home->fetch_services()
 7 SYSTEMPATH/CodeIgniter.php(507): CodeIgniter\CodeIgniter->runController(Object(App\Controllers\Home))
 8 SYSTEMPATH/CodeIgniter.php(354): CodeIgniter\CodeIgniter->handleRequest(null, Object(Config\Cache), false)
 9 SYSTEMPATH/Boot.php(334): CodeIgniter\CodeIgniter->run()
10 SYSTEMPATH/Boot.php(67): CodeIgniter\Boot::runCodeIgniter(Object(CodeIgniter\CodeIgniter))
11 FCPATH/index.php(27): CodeIgniter\Boot::bootWeb(Object(Config\Paths))
WARNING - 2025-09-30 17:31:37 --> [DEPRECATED] addslashes(): Passing null to parameter #1 ($string) of type string is deprecated in APPPATH/Views/service_list.php on line 10.
 1 APPPATH/Views/service_list.php(10): addslashes(null)
 2 SYSTEMPATH/View/View.php(224): include('/home/u810214334/domains/embellish-beauty.co.uk/public_html/app/Views/service_list.php')
 3 SYSTEMPATH/View/View.php(227): CodeIgniter\View\View->CodeIgniter\View\{closure}()
 4 SYSTEMPATH/Common.php(1173): CodeIgniter\View\View->render('service_list', [], true)
 5 APPPATH/Controllers/Home.php(129): view('service_list', [...])
 6 SYSTEMPATH/CodeIgniter.php(933): App\Controllers\Home->fetch_services()
 7 SYSTEMPATH/CodeIgniter.php(507): CodeIgniter\CodeIgniter->runController(Object(App\Controllers\Home))
 8 SYSTEMPATH/CodeIgniter.php(354): CodeIgniter\CodeIgniter->handleRequest(null, Object(Config\Cache), false)
 9 SYSTEMPATH/Boot.php(334): CodeIgniter\CodeIgniter->run()
10 SYSTEMPATH/Boot.php(67): CodeIgniter\Boot::runCodeIgniter(Object(CodeIgniter\CodeIgniter))
11 FCPATH/index.php(27): CodeIgniter\Boot::bootWeb(Object(Config\Paths))
WARNING - 2025-09-30 17:31:37 --> [DEPRECATED] addslashes(): Passing null to parameter #1 ($string) of type string is deprecated in APPPATH/Views/service_list.php on line 10.
 1 APPPATH/Views/service_list.php(10): addslashes(null)
 2 SYSTEMPATH/View/View.php(224): include('/home/u810214334/domains/embellish-beauty.co.uk/public_html/app/Views/service_list.php')
 3 SYSTEMPATH/View/View.php(227): CodeIgniter\View\View->CodeIgniter\View\{closure}()
 4 SYSTEMPATH/Common.php(1173): CodeIgniter\View\View->render('service_list', [], true)
 5 APPPATH/Controllers/Home.php(129): view('service_list', [...])
 6 SYSTEMPATH/CodeIgniter.php(933): App\Controllers\Home->fetch_services()
 7 SYSTEMPATH/CodeIgniter.php(507): CodeIgniter\CodeIgniter->runController(Object(App\Controllers\Home))
 8 SYSTEMPATH/CodeIgniter.php(354): CodeIgniter\CodeIgniter->handleRequest(null, Object(Config\Cache), false)
 9 SYSTEMPATH/Boot.php(334): CodeIgniter\CodeIgniter->run()
10 SYSTEMPATH/Boot.php(67): CodeIgniter\Boot::runCodeIgniter(Object(CodeIgniter\CodeIgniter))
11 FCPATH/index.php(27): CodeIgniter\Boot::bootWeb(Object(Config\Paths))
WARNING - 2025-09-30 17:31:37 --> [DEPRECATED] addslashes(): Passing null to parameter #1 ($string) of type string is deprecated in APPPATH/Views/service_list.php on line 10.
 1 APPPATH/Views/service_list.php(10): addslashes(null)
 2 SYSTEMPATH/View/View.php(224): include('/home/u810214334/domains/embellish-beauty.co.uk/public_html/app/Views/service_list.php')
 3 SYSTEMPATH/View/View.php(227): CodeIgniter\View\View->CodeIgniter\View\{closure}()
 4 SYSTEMPATH/Common.php(1173): CodeIgniter\View\View->render('service_list', [], true)
 5 APPPATH/Controllers/Home.php(129): view('service_list', [...])
 6 SYSTEMPATH/CodeIgniter.php(933): App\Controllers\Home->fetch_services()
 7 SYSTEMPATH/CodeIgniter.php(507): CodeIgniter\CodeIgniter->runController(Object(App\Controllers\Home))
 8 SYSTEMPATH/CodeIgniter.php(354): CodeIgniter\CodeIgniter->handleRequest(null, Object(Config\Cache), false)
 9 SYSTEMPATH/Boot.php(334): CodeIgniter\CodeIgniter->run()
10 SYSTEMPATH/Boot.php(67): CodeIgniter\Boot::runCodeIgniter(Object(CodeIgniter\CodeIgniter))
11 FCPATH/index.php(27): CodeIgniter\Boot::bootWeb(Object(Config\Paths))
WARNING - 2025-09-30 17:31:37 --> [DEPRECATED] addslashes(): Passing null to parameter #1 ($string) of type string is deprecated in APPPATH/Views/service_list.php on line 10.
 1 APPPATH/Views/service_list.php(10): addslashes(null)
 2 SYSTEMPATH/View/View.php(224): include('/home/u810214334/domains/embellish-beauty.co.uk/public_html/app/Views/service_list.php')
 3 SYSTEMPATH/View/View.php(227): CodeIgniter\View\View->CodeIgniter\View\{closure}()
 4 SYSTEMPATH/Common.php(1173): CodeIgniter\View\View->render('service_list', [], true)
 5 APPPATH/Controllers/Home.php(129): view('service_list', [...])
 6 SYSTEMPATH/CodeIgniter.php(933): App\Controllers\Home->fetch_services()
 7 SYSTEMPATH/CodeIgniter.php(507): CodeIgniter\CodeIgniter->runController(Object(App\Controllers\Home))
 8 SYSTEMPATH/CodeIgniter.php(354): CodeIgniter\CodeIgniter->handleRequest(null, Object(Config\Cache), false)
 9 SYSTEMPATH/Boot.php(334): CodeIgniter\CodeIgniter->run()
10 SYSTEMPATH/Boot.php(67): CodeIgniter\Boot::runCodeIgniter(Object(CodeIgniter\CodeIgniter))
11 FCPATH/index.php(27): CodeIgniter\Boot::bootWeb(Object(Config\Paths))
WARNING - 2025-09-30 17:31:37 --> [DEPRECATED] addslashes(): Passing null to parameter #1 ($string) of type string is deprecated in APPPATH/Views/service_list.php on line 10.
 1 APPPATH/Views/service_list.php(10): addslashes(null)
 2 SYSTEMPATH/View/View.php(224): include('/home/u810214334/domains/embellish-beauty.co.uk/public_html/app/Views/service_list.php')
 3 SYSTEMPATH/View/View.php(227): CodeIgniter\View\View->CodeIgniter\View\{closure}()
 4 SYSTEMPATH/Common.php(1173): CodeIgniter\View\View->render('service_list', [], true)
 5 APPPATH/Controllers/Home.php(129): view('service_list', [...])
 6 SYSTEMPATH/CodeIgniter.php(933): App\Controllers\Home->fetch_services()
 7 SYSTEMPATH/CodeIgniter.php(507): CodeIgniter\CodeIgniter->runController(Object(App\Controllers\Home))
 8 SYSTEMPATH/CodeIgniter.php(354): CodeIgniter\CodeIgniter->handleRequest(null, Object(Config\Cache), false)
 9 SYSTEMPATH/Boot.php(334): CodeIgniter\CodeIgniter->run()
10 SYSTEMPATH/Boot.php(67): CodeIgniter\Boot::runCodeIgniter(Object(CodeIgniter\CodeIgniter))
11 FCPATH/index.php(27): CodeIgniter\Boot::bootWeb(Object(Config\Paths))
WARNING - 2025-09-30 17:31:37 --> [DEPRECATED] addslashes(): Passing null to parameter #1 ($string) of type string is deprecated in APPPATH/Views/service_list.php on line 10.
 1 APPPATH/Views/service_list.php(10): addslashes(null)
 2 SYSTEMPATH/View/View.php(224): include('/home/u810214334/domains/embellish-beauty.co.uk/public_html/app/Views/service_list.php')
 3 SYSTEMPATH/View/View.php(227): CodeIgniter\View\View->CodeIgniter\View\{closure}()
 4 SYSTEMPATH/Common.php(1173): CodeIgniter\View\View->render('service_list', [], true)
 5 APPPATH/Controllers/Home.php(129): view('service_list', [...])
 6 SYSTEMPATH/CodeIgniter.php(933): App\Controllers\Home->fetch_services()
 7 SYSTEMPATH/CodeIgniter.php(507): CodeIgniter\CodeIgniter->runController(Object(App\Controllers\Home))
 8 SYSTEMPATH/CodeIgniter.php(354): CodeIgniter\CodeIgniter->handleRequest(null, Object(Config\Cache), false)
 9 SYSTEMPATH/Boot.php(334): CodeIgniter\CodeIgniter->run()
10 SYSTEMPATH/Boot.php(67): CodeIgniter\Boot::runCodeIgniter(Object(CodeIgniter\CodeIgniter))
11 FCPATH/index.php(27): CodeIgniter\Boot::bootWeb(Object(Config\Paths))
WARNING - 2025-09-30 17:31:37 --> [DEPRECATED] addslashes(): Passing null to parameter #1 ($string) of type string is deprecated in APPPATH/Views/service_list.php on line 10.
 1 APPPATH/Views/service_list.php(10): addslashes(null)
 2 SYSTEMPATH/View/View.php(224): include('/home/u810214334/domains/embellish-beauty.co.uk/public_html/app/Views/service_list.php')
 3 SYSTEMPATH/View/View.php(227): CodeIgniter\View\View->CodeIgniter\View\{closure}()
 4 SYSTEMPATH/Common.php(1173): CodeIgniter\View\View->render('service_list', [], true)
 5 APPPATH/Controllers/Home.php(129): view('service_list', [...])
 6 SYSTEMPATH/CodeIgniter.php(933): App\Controllers\Home->fetch_services()
 7 SYSTEMPATH/CodeIgniter.php(507): CodeIgniter\CodeIgniter->runController(Object(App\Controllers\Home))
 8 SYSTEMPATH/CodeIgniter.php(354): CodeIgniter\CodeIgniter->handleRequest(null, Object(Config\Cache), false)
 9 SYSTEMPATH/Boot.php(334): CodeIgniter\CodeIgniter->run()
10 SYSTEMPATH/Boot.php(67): CodeIgniter\Boot::runCodeIgniter(Object(CodeIgniter\CodeIgniter))
11 FCPATH/index.php(27): CodeIgniter\Boot::bootWeb(Object(Config\Paths))
DEBUG - 2025-09-30 17:31:39 --> Session: Class initialized using 'CodeIgniter\Session\Handlers\FileHandler' driver.
WARNING - 2025-09-30 17:31:39 --> [DEPRECATED] addslashes(): Passing null to parameter #1 ($string) of type string is deprecated in APPPATH/Views/service_list.php on line 10.
 1 APPPATH/Views/service_list.php(10): addslashes(null)
 2 SYSTEMPATH/View/View.php(224): include('/home/u810214334/domains/embellish-beauty.co.uk/public_html/app/Views/service_list.php')
 3 SYSTEMPATH/View/View.php(227): CodeIgniter\View\View->CodeIgniter\View\{closure}()
 4 SYSTEMPATH/Common.php(1173): CodeIgniter\View\View->render('service_list', [], true)
 5 APPPATH/Controllers/Home.php(129): view('service_list', [...])
 6 SYSTEMPATH/CodeIgniter.php(933): App\Controllers\Home->fetch_services()
 7 SYSTEMPATH/CodeIgniter.php(507): CodeIgniter\CodeIgniter->runController(Object(App\Controllers\Home))
 8 SYSTEMPATH/CodeIgniter.php(354): CodeIgniter\CodeIgniter->handleRequest(null, Object(Config\Cache), false)
 9 SYSTEMPATH/Boot.php(334): CodeIgniter\CodeIgniter->run()
10 SYSTEMPATH/Boot.php(67): CodeIgniter\Boot::runCodeIgniter(Object(CodeIgniter\CodeIgniter))
11 FCPATH/index.php(27): CodeIgniter\Boot::bootWeb(Object(Config\Paths))
WARNING - 2025-09-30 17:31:39 --> [DEPRECATED] addslashes(): Passing null to parameter #1 ($string) of type string is deprecated in APPPATH/Views/service_list.php on line 10.
 1 APPPATH/Views/service_list.php(10): addslashes(null)
 2 SYSTEMPATH/View/View.php(224): include('/home/u810214334/domains/embellish-beauty.co.uk/public_html/app/Views/service_list.php')
 3 SYSTEMPATH/View/View.php(227): CodeIgniter\View\View->CodeIgniter\View\{closure}()
 4 SYSTEMPATH/Common.php(1173): CodeIgniter\View\View->render('service_list', [], true)
 5 APPPATH/Controllers/Home.php(129): view('service_list', [...])
 6 SYSTEMPATH/CodeIgniter.php(933): App\Controllers\Home->fetch_services()
 7 SYSTEMPATH/CodeIgniter.php(507): CodeIgniter\CodeIgniter->runController(Object(App\Controllers\Home))
 8 SYSTEMPATH/CodeIgniter.php(354): CodeIgniter\CodeIgniter->handleRequest(null, Object(Config\Cache), false)
 9 SYSTEMPATH/Boot.php(334): CodeIgniter\CodeIgniter->run()
10 SYSTEMPATH/Boot.php(67): CodeIgniter\Boot::runCodeIgniter(Object(CodeIgniter\CodeIgniter))
11 FCPATH/index.php(27): CodeIgniter\Boot::bootWeb(Object(Config\Paths))
WARNING - 2025-09-30 17:31:39 --> [DEPRECATED] addslashes(): Passing null to parameter #1 ($string) of type string is deprecated in APPPATH/Views/service_list.php on line 10.
 1 APPPATH/Views/service_list.php(10): addslashes(null)
 2 SYSTEMPATH/View/View.php(224): include('/home/u810214334/domains/embellish-beauty.co.uk/public_html/app/Views/service_list.php')
 3 SYSTEMPATH/View/View.php(227): CodeIgniter\View\View->CodeIgniter\View\{closure}()
 4 SYSTEMPATH/Common.php(1173): CodeIgniter\View\View->render('service_list', [], true)
 5 APPPATH/Controllers/Home.php(129): view('service_list', [...])
 6 SYSTEMPATH/CodeIgniter.php(933): App\Controllers\Home->fetch_services()
 7 SYSTEMPATH/CodeIgniter.php(507): CodeIgniter\CodeIgniter->runController(Object(App\Controllers\Home))
 8 SYSTEMPATH/CodeIgniter.php(354): CodeIgniter\CodeIgniter->handleRequest(null, Object(Config\Cache), false)
 9 SYSTEMPATH/Boot.php(334): CodeIgniter\CodeIgniter->run()
10 SYSTEMPATH/Boot.php(67): CodeIgniter\Boot::runCodeIgniter(Object(CodeIgniter\CodeIgniter))
11 FCPATH/index.php(27): CodeIgniter\Boot::bootWeb(Object(Config\Paths))
WARNING - 2025-09-30 17:31:39 --> [DEPRECATED] addslashes(): Passing null to parameter #1 ($string) of type string is deprecated in APPPATH/Views/service_list.php on line 10.
 1 APPPATH/Views/service_list.php(10): addslashes(null)
 2 SYSTEMPATH/View/View.php(224): include('/home/u810214334/domains/embellish-beauty.co.uk/public_html/app/Views/service_list.php')
 3 SYSTEMPATH/View/View.php(227): CodeIgniter\View\View->CodeIgniter\View\{closure}()
 4 SYSTEMPATH/Common.php(1173): CodeIgniter\View\View->render('service_list', [], true)
 5 APPPATH/Controllers/Home.php(129): view('service_list', [...])
 6 SYSTEMPATH/CodeIgniter.php(933): App\Controllers\Home->fetch_services()
 7 SYSTEMPATH/CodeIgniter.php(507): CodeIgniter\CodeIgniter->runController(Object(App\Controllers\Home))
 8 SYSTEMPATH/CodeIgniter.php(354): CodeIgniter\CodeIgniter->handleRequest(null, Object(Config\Cache), false)
 9 SYSTEMPATH/Boot.php(334): CodeIgniter\CodeIgniter->run()
10 SYSTEMPATH/Boot.php(67): CodeIgniter\Boot::runCodeIgniter(Object(CodeIgniter\CodeIgniter))
11 FCPATH/index.php(27): CodeIgniter\Boot::bootWeb(Object(Config\Paths))
WARNING - 2025-09-30 17:31:39 --> [DEPRECATED] addslashes(): Passing null to parameter #1 ($string) of type string is deprecated in APPPATH/Views/service_list.php on line 10.
 1 APPPATH/Views/service_list.php(10): addslashes(null)
 2 SYSTEMPATH/View/View.php(224): include('/home/u810214334/domains/embellish-beauty.co.uk/public_html/app/Views/service_list.php')
 3 SYSTEMPATH/View/View.php(227): CodeIgniter\View\View->CodeIgniter\View\{closure}()
 4 SYSTEMPATH/Common.php(1173): CodeIgniter\View\View->render('service_list', [], true)
 5 APPPATH/Controllers/Home.php(129): view('service_list', [...])
 6 SYSTEMPATH/CodeIgniter.php(933): App\Controllers\Home->fetch_services()
 7 SYSTEMPATH/CodeIgniter.php(507): CodeIgniter\CodeIgniter->runController(Object(App\Controllers\Home))
 8 SYSTEMPATH/CodeIgniter.php(354): CodeIgniter\CodeIgniter->handleRequest(null, Object(Config\Cache), false)
 9 SYSTEMPATH/Boot.php(334): CodeIgniter\CodeIgniter->run()
10 SYSTEMPATH/Boot.php(67): CodeIgniter\Boot::runCodeIgniter(Object(CodeIgniter\CodeIgniter))
11 FCPATH/index.php(27): CodeIgniter\Boot::bootWeb(Object(Config\Paths))
WARNING - 2025-09-30 17:31:39 --> [DEPRECATED] addslashes(): Passing null to parameter #1 ($string) of type string is deprecated in APPPATH/Views/service_list.php on line 10.
 1 APPPATH/Views/service_list.php(10): addslashes(null)
 2 SYSTEMPATH/View/View.php(224): include('/home/u810214334/domains/embellish-beauty.co.uk/public_html/app/Views/service_list.php')
 3 SYSTEMPATH/View/View.php(227): CodeIgniter\View\View->CodeIgniter\View\{closure}()
 4 SYSTEMPATH/Common.php(1173): CodeIgniter\View\View->render('service_list', [], true)
 5 APPPATH/Controllers/Home.php(129): view('service_list', [...])
 6 SYSTEMPATH/CodeIgniter.php(933): App\Controllers\Home->fetch_services()
 7 SYSTEMPATH/CodeIgniter.php(507): CodeIgniter\CodeIgniter->runController(Object(App\Controllers\Home))
 8 SYSTEMPATH/CodeIgniter.php(354): CodeIgniter\CodeIgniter->handleRequest(null, Object(Config\Cache), false)
 9 SYSTEMPATH/Boot.php(334): CodeIgniter\CodeIgniter->run()
10 SYSTEMPATH/Boot.php(67): CodeIgniter\Boot::runCodeIgniter(Object(CodeIgniter\CodeIgniter))
11 FCPATH/index.php(27): CodeIgniter\Boot::bootWeb(Object(Config\Paths))
WARNING - 2025-09-30 17:31:39 --> [DEPRECATED] addslashes(): Passing null to parameter #1 ($string) of type string is deprecated in APPPATH/Views/service_list.php on line 10.
 1 APPPATH/Views/service_list.php(10): addslashes(null)
 2 SYSTEMPATH/View/View.php(224): include('/home/u810214334/domains/embellish-beauty.co.uk/public_html/app/Views/service_list.php')
 3 SYSTEMPATH/View/View.php(227): CodeIgniter\View\View->CodeIgniter\View\{closure}()
 4 SYSTEMPATH/Common.php(1173): CodeIgniter\View\View->render('service_list', [], true)
 5 APPPATH/Controllers/Home.php(129): view('service_list', [...])
 6 SYSTEMPATH/CodeIgniter.php(933): App\Controllers\Home->fetch_services()
 7 SYSTEMPATH/CodeIgniter.php(507): CodeIgniter\CodeIgniter->runController(Object(App\Controllers\Home))
 8 SYSTEMPATH/CodeIgniter.php(354): CodeIgniter\CodeIgniter->handleRequest(null, Object(Config\Cache), false)
 9 SYSTEMPATH/Boot.php(334): CodeIgniter\CodeIgniter->run()
10 SYSTEMPATH/Boot.php(67): CodeIgniter\Boot::runCodeIgniter(Object(CodeIgniter\CodeIgniter))
11 FCPATH/index.php(27): CodeIgniter\Boot::bootWeb(Object(Config\Paths))
WARNING - 2025-09-30 17:31:39 --> [DEPRECATED] addslashes(): Passing null to parameter #1 ($string) of type string is deprecated in APPPATH/Views/service_list.php on line 10.
 1 APPPATH/Views/service_list.php(10): addslashes(null)
 2 SYSTEMPATH/View/View.php(224): include('/home/u810214334/domains/embellish-beauty.co.uk/public_html/app/Views/service_list.php')
 3 SYSTEMPATH/View/View.php(227): CodeIgniter\View\View->CodeIgniter\View\{closure}()
 4 SYSTEMPATH/Common.php(1173): CodeIgniter\View\View->render('service_list', [], true)
 5 APPPATH/Controllers/Home.php(129): view('service_list', [...])
 6 SYSTEMPATH/CodeIgniter.php(933): App\Controllers\Home->fetch_services()
 7 SYSTEMPATH/CodeIgniter.php(507): CodeIgniter\CodeIgniter->runController(Object(App\Controllers\Home))
 8 SYSTEMPATH/CodeIgniter.php(354): CodeIgniter\CodeIgniter->handleRequest(null, Object(Config\Cache), false)
 9 SYSTEMPATH/Boot.php(334): CodeIgniter\CodeIgniter->run()
10 SYSTEMPATH/Boot.php(67): CodeIgniter\Boot::runCodeIgniter(Object(CodeIgniter\CodeIgniter))
11 FCPATH/index.php(27): CodeIgniter\Boot::bootWeb(Object(Config\Paths))
WARNING - 2025-09-30 17:31:39 --> [DEPRECATED] addslashes(): Passing null to parameter #1 ($string) of type string is deprecated in APPPATH/Views/service_list.php on line 10.
 1 APPPATH/Views/service_list.php(10): addslashes(null)
 2 SYSTEMPATH/View/View.php(224): include('/home/u810214334/domains/embellish-beauty.co.uk/public_html/app/Views/service_list.php')
 3 SYSTEMPATH/View/View.php(227): CodeIgniter\View\View->CodeIgniter\View\{closure}()
 4 SYSTEMPATH/Common.php(1173): CodeIgniter\View\View->render('service_list', [], true)
 5 APPPATH/Controllers/Home.php(129): view('service_list', [...])
 6 SYSTEMPATH/CodeIgniter.php(933): App\Controllers\Home->fetch_services()
 7 SYSTEMPATH/CodeIgniter.php(507): CodeIgniter\CodeIgniter->runController(Object(App\Controllers\Home))
 8 SYSTEMPATH/CodeIgniter.php(354): CodeIgniter\CodeIgniter->handleRequest(null, Object(Config\Cache), false)
 9 SYSTEMPATH/Boot.php(334): CodeIgniter\CodeIgniter->run()
10 SYSTEMPATH/Boot.php(67): CodeIgniter\Boot::runCodeIgniter(Object(CodeIgniter\CodeIgniter))
11 FCPATH/index.php(27): CodeIgniter\Boot::bootWeb(Object(Config\Paths))
WARNING - 2025-09-30 17:31:39 --> [DEPRECATED] addslashes(): Passing null to parameter #1 ($string) of type string is deprecated in APPPATH/Views/service_list.php on line 10.
 1 APPPATH/Views/service_list.php(10): addslashes(null)
 2 SYSTEMPATH/View/View.php(224): include('/home/u810214334/domains/embellish-beauty.co.uk/public_html/app/Views/service_list.php')
 3 SYSTEMPATH/View/View.php(227): CodeIgniter\View\View->CodeIgniter\View\{closure}()
 4 SYSTEMPATH/Common.php(1173): CodeIgniter\View\View->render('service_list', [], true)
 5 APPPATH/Controllers/Home.php(129): view('service_list', [...])
 6 SYSTEMPATH/CodeIgniter.php(933): App\Controllers\Home->fetch_services()
 7 SYSTEMPATH/CodeIgniter.php(507): CodeIgniter\CodeIgniter->runController(Object(App\Controllers\Home))
 8 SYSTEMPATH/CodeIgniter.php(354): CodeIgniter\CodeIgniter->handleRequest(null, Object(Config\Cache), false)
 9 SYSTEMPATH/Boot.php(334): CodeIgniter\CodeIgniter->run()
10 SYSTEMPATH/Boot.php(67): CodeIgniter\Boot::runCodeIgniter(Object(CodeIgniter\CodeIgniter))
11 FCPATH/index.php(27): CodeIgniter\Boot::bootWeb(Object(Config\Paths))
WARNING - 2025-09-30 17:31:39 --> [DEPRECATED] addslashes(): Passing null to parameter #1 ($string) of type string is deprecated in APPPATH/Views/service_list.php on line 10.
 1 APPPATH/Views/service_list.php(10): addslashes(null)
 2 SYSTEMPATH/View/View.php(224): include('/home/u810214334/domains/embellish-beauty.co.uk/public_html/app/Views/service_list.php')
 3 SYSTEMPATH/View/View.php(227): CodeIgniter\View\View->CodeIgniter\View\{closure}()
 4 SYSTEMPATH/Common.php(1173): CodeIgniter\View\View->render('service_list', [], true)
 5 APPPATH/Controllers/Home.php(129): view('service_list', [...])
 6 SYSTEMPATH/CodeIgniter.php(933): App\Controllers\Home->fetch_services()
 7 SYSTEMPATH/CodeIgniter.php(507): CodeIgniter\CodeIgniter->runController(Object(App\Controllers\Home))
 8 SYSTEMPATH/CodeIgniter.php(354): CodeIgniter\CodeIgniter->handleRequest(null, Object(Config\Cache), false)
 9 SYSTEMPATH/Boot.php(334): CodeIgniter\CodeIgniter->run()
10 SYSTEMPATH/Boot.php(67): CodeIgniter\Boot::runCodeIgniter(Object(CodeIgniter\CodeIgniter))
11 FCPATH/index.php(27): CodeIgniter\Boot::bootWeb(Object(Config\Paths))
WARNING - 2025-09-30 17:31:39 --> [DEPRECATED] addslashes(): Passing null to parameter #1 ($string) of type string is deprecated in APPPATH/Views/service_list.php on line 10.
 1 APPPATH/Views/service_list.php(10): addslashes(null)
 2 SYSTEMPATH/View/View.php(224): include('/home/u810214334/domains/embellish-beauty.co.uk/public_html/app/Views/service_list.php')
 3 SYSTEMPATH/View/View.php(227): CodeIgniter\View\View->CodeIgniter\View\{closure}()
 4 SYSTEMPATH/Common.php(1173): CodeIgniter\View\View->render('service_list', [], true)
 5 APPPATH/Controllers/Home.php(129): view('service_list', [...])
 6 SYSTEMPATH/CodeIgniter.php(933): App\Controllers\Home->fetch_services()
 7 SYSTEMPATH/CodeIgniter.php(507): CodeIgniter\CodeIgniter->runController(Object(App\Controllers\Home))
 8 SYSTEMPATH/CodeIgniter.php(354): CodeIgniter\CodeIgniter->handleRequest(null, Object(Config\Cache), false)
 9 SYSTEMPATH/Boot.php(334): CodeIgniter\CodeIgniter->run()
10 SYSTEMPATH/Boot.php(67): CodeIgniter\Boot::runCodeIgniter(Object(CodeIgniter\CodeIgniter))
11 FCPATH/index.php(27): CodeIgniter\Boot::bootWeb(Object(Config\Paths))
WARNING - 2025-09-30 17:31:39 --> [DEPRECATED] addslashes(): Passing null to parameter #1 ($string) of type string is deprecated in APPPATH/Views/service_list.php on line 10.
 1 APPPATH/Views/service_list.php(10): addslashes(null)
 2 SYSTEMPATH/View/View.php(224): include('/home/u810214334/domains/embellish-beauty.co.uk/public_html/app/Views/service_list.php')
 3 SYSTEMPATH/View/View.php(227): CodeIgniter\View\View->CodeIgniter\View\{closure}()
 4 SYSTEMPATH/Common.php(1173): CodeIgniter\View\View->render('service_list', [], true)
 5 APPPATH/Controllers/Home.php(129): view('service_list', [...])
 6 SYSTEMPATH/CodeIgniter.php(933): App\Controllers\Home->fetch_services()
 7 SYSTEMPATH/CodeIgniter.php(507): CodeIgniter\CodeIgniter->runController(Object(App\Controllers\Home))
 8 SYSTEMPATH/CodeIgniter.php(354): CodeIgniter\CodeIgniter->handleRequest(null, Object(Config\Cache), false)
 9 SYSTEMPATH/Boot.php(334): CodeIgniter\CodeIgniter->run()
10 SYSTEMPATH/Boot.php(67): CodeIgniter\Boot::runCodeIgniter(Object(CodeIgniter\CodeIgniter))
11 FCPATH/index.php(27): CodeIgniter\Boot::bootWeb(Object(Config\Paths))
WARNING - 2025-09-30 17:31:39 --> [DEPRECATED] addslashes(): Passing null to parameter #1 ($string) of type string is deprecated in APPPATH/Views/service_list.php on line 10.
 1 APPPATH/Views/service_list.php(10): addslashes(null)
 2 SYSTEMPATH/View/View.php(224): include('/home/u810214334/domains/embellish-beauty.co.uk/public_html/app/Views/service_list.php')
 3 SYSTEMPATH/View/View.php(227): CodeIgniter\View\View->CodeIgniter\View\{closure}()
 4 SYSTEMPATH/Common.php(1173): CodeIgniter\View\View->render('service_list', [], true)
 5 APPPATH/Controllers/Home.php(129): view('service_list', [...])
 6 SYSTEMPATH/CodeIgniter.php(933): App\Controllers\Home->fetch_services()
 7 SYSTEMPATH/CodeIgniter.php(507): CodeIgniter\CodeIgniter->runController(Object(App\Controllers\Home))
 8 SYSTEMPATH/CodeIgniter.php(354): CodeIgniter\CodeIgniter->handleRequest(null, Object(Config\Cache), false)
 9 SYSTEMPATH/Boot.php(334): CodeIgniter\CodeIgniter->run()
10 SYSTEMPATH/Boot.php(67): CodeIgniter\Boot::runCodeIgniter(Object(CodeIgniter\CodeIgniter))
11 FCPATH/index.php(27): CodeIgniter\Boot::bootWeb(Object(Config\Paths))
WARNING - 2025-09-30 17:31:39 --> [DEPRECATED] addslashes(): Passing null to parameter #1 ($string) of type string is deprecated in APPPATH/Views/service_list.php on line 10.
 1 APPPATH/Views/service_list.php(10): addslashes(null)
 2 SYSTEMPATH/View/View.php(224): include('/home/u810214334/domains/embellish-beauty.co.uk/public_html/app/Views/service_list.php')
 3 SYSTEMPATH/View/View.php(227): CodeIgniter\View\View->CodeIgniter\View\{closure}()
 4 SYSTEMPATH/Common.php(1173): CodeIgniter\View\View->render('service_list', [], true)
 5 APPPATH/Controllers/Home.php(129): view('service_list', [...])
 6 SYSTEMPATH/CodeIgniter.php(933): App\Controllers\Home->fetch_services()
 7 SYSTEMPATH/CodeIgniter.php(507): CodeIgniter\CodeIgniter->runController(Object(App\Controllers\Home))
 8 SYSTEMPATH/CodeIgniter.php(354): CodeIgniter\CodeIgniter->handleRequest(null, Object(Config\Cache), false)
 9 SYSTEMPATH/Boot.php(334): CodeIgniter\CodeIgniter->run()
10 SYSTEMPATH/Boot.php(67): CodeIgniter\Boot::runCodeIgniter(Object(CodeIgniter\CodeIgniter))
11 FCPATH/index.php(27): CodeIgniter\Boot::bootWeb(Object(Config\Paths))
WARNING - 2025-09-30 17:31:39 --> [DEPRECATED] addslashes(): Passing null to parameter #1 ($string) of type string is deprecated in APPPATH/Views/service_list.php on line 10.
 1 APPPATH/Views/service_list.php(10): addslashes(null)
 2 SYSTEMPATH/View/View.php(224): include('/home/u810214334/domains/embellish-beauty.co.uk/public_html/app/Views/service_list.php')
 3 SYSTEMPATH/View/View.php(227): CodeIgniter\View\View->CodeIgniter\View\{closure}()
 4 SYSTEMPATH/Common.php(1173): CodeIgniter\View\View->render('service_list', [], true)
 5 APPPATH/Controllers/Home.php(129): view('service_list', [...])
 6 SYSTEMPATH/CodeIgniter.php(933): App\Controllers\Home->fetch_services()
 7 SYSTEMPATH/CodeIgniter.php(507): CodeIgniter\CodeIgniter->runController(Object(App\Controllers\Home))
 8 SYSTEMPATH/CodeIgniter.php(354): CodeIgniter\CodeIgniter->handleRequest(null, Object(Config\Cache), false)
 9 SYSTEMPATH/Boot.php(334): CodeIgniter\CodeIgniter->run()
10 SYSTEMPATH/Boot.php(67): CodeIgniter\Boot::runCodeIgniter(Object(CodeIgniter\CodeIgniter))
11 FCPATH/index.php(27): CodeIgniter\Boot::bootWeb(Object(Config\Paths))
WARNING - 2025-09-30 17:31:39 --> [DEPRECATED] addslashes(): Passing null to parameter #1 ($string) of type string is deprecated in APPPATH/Views/service_list.php on line 10.
 1 APPPATH/Views/service_list.php(10): addslashes(null)
 2 SYSTEMPATH/View/View.php(224): include('/home/u810214334/domains/embellish-beauty.co.uk/public_html/app/Views/service_list.php')
 3 SYSTEMPATH/View/View.php(227): CodeIgniter\View\View->CodeIgniter\View\{closure}()
 4 SYSTEMPATH/Common.php(1173): CodeIgniter\View\View->render('service_list', [], true)
 5 APPPATH/Controllers/Home.php(129): view('service_list', [...])
 6 SYSTEMPATH/CodeIgniter.php(933): App\Controllers\Home->fetch_services()
 7 SYSTEMPATH/CodeIgniter.php(507): CodeIgniter\CodeIgniter->runController(Object(App\Controllers\Home))
 8 SYSTEMPATH/CodeIgniter.php(354): CodeIgniter\CodeIgniter->handleRequest(null, Object(Config\Cache), false)
 9 SYSTEMPATH/Boot.php(334): CodeIgniter\CodeIgniter->run()
10 SYSTEMPATH/Boot.php(67): CodeIgniter\Boot::runCodeIgniter(Object(CodeIgniter\CodeIgniter))
11 FCPATH/index.php(27): CodeIgniter\Boot::bootWeb(Object(Config\Paths))
WARNING - 2025-09-30 17:31:39 --> [DEPRECATED] addslashes(): Passing null to parameter #1 ($string) of type string is deprecated in APPPATH/Views/service_list.php on line 10.
 1 APPPATH/Views/service_list.php(10): addslashes(null)
 2 SYSTEMPATH/View/View.php(224): include('/home/u810214334/domains/embellish-beauty.co.uk/public_html/app/Views/service_list.php')
 3 SYSTEMPATH/View/View.php(227): CodeIgniter\View\View->CodeIgniter\View\{closure}()
 4 SYSTEMPATH/Common.php(1173): CodeIgniter\View\View->render('service_list', [], true)
 5 APPPATH/Controllers/Home.php(129): view('service_list', [...])
 6 SYSTEMPATH/CodeIgniter.php(933): App\Controllers\Home->fetch_services()
 7 SYSTEMPATH/CodeIgniter.php(507): CodeIgniter\CodeIgniter->runController(Object(App\Controllers\Home))
 8 SYSTEMPATH/CodeIgniter.php(354): CodeIgniter\CodeIgniter->handleRequest(null, Object(Config\Cache), false)
 9 SYSTEMPATH/Boot.php(334): CodeIgniter\CodeIgniter->run()
10 SYSTEMPATH/Boot.php(67): CodeIgniter\Boot::runCodeIgniter(Object(CodeIgniter\CodeIgniter))
11 FCPATH/index.php(27): CodeIgniter\Boot::bootWeb(Object(Config\Paths))
WARNING - 2025-09-30 17:31:39 --> [DEPRECATED] addslashes(): Passing null to parameter #1 ($string) of type string is deprecated in APPPATH/Views/service_list.php on line 10.
 1 APPPATH/Views/service_list.php(10): addslashes(null)
 2 SYSTEMPATH/View/View.php(224): include('/home/u810214334/domains/embellish-beauty.co.uk/public_html/app/Views/service_list.php')
 3 SYSTEMPATH/View/View.php(227): CodeIgniter\View\View->CodeIgniter\View\{closure}()
 4 SYSTEMPATH/Common.php(1173): CodeIgniter\View\View->render('service_list', [], true)
 5 APPPATH/Controllers/Home.php(129): view('service_list', [...])
 6 SYSTEMPATH/CodeIgniter.php(933): App\Controllers\Home->fetch_services()
 7 SYSTEMPATH/CodeIgniter.php(507): CodeIgniter\CodeIgniter->runController(Object(App\Controllers\Home))
 8 SYSTEMPATH/CodeIgniter.php(354): CodeIgniter\CodeIgniter->handleRequest(null, Object(Config\Cache), false)
 9 SYSTEMPATH/Boot.php(334): CodeIgniter\CodeIgniter->run()
10 SYSTEMPATH/Boot.php(67): CodeIgniter\Boot::runCodeIgniter(Object(CodeIgniter\CodeIgniter))
11 FCPATH/index.php(27): CodeIgniter\Boot::bootWeb(Object(Config\Paths))
WARNING - 2025-09-30 17:31:39 --> [DEPRECATED] addslashes(): Passing null to parameter #1 ($string) of type string is deprecated in APPPATH/Views/service_list.php on line 10.
 1 APPPATH/Views/service_list.php(10): addslashes(null)
 2 SYSTEMPATH/View/View.php(224): include('/home/u810214334/domains/embellish-beauty.co.uk/public_html/app/Views/service_list.php')
 3 SYSTEMPATH/View/View.php(227): CodeIgniter\View\View->CodeIgniter\View\{closure}()
 4 SYSTEMPATH/Common.php(1173): CodeIgniter\View\View->render('service_list', [], true)
 5 APPPATH/Controllers/Home.php(129): view('service_list', [...])
 6 SYSTEMPATH/CodeIgniter.php(933): App\Controllers\Home->fetch_services()
 7 SYSTEMPATH/CodeIgniter.php(507): CodeIgniter\CodeIgniter->runController(Object(App\Controllers\Home))
 8 SYSTEMPATH/CodeIgniter.php(354): CodeIgniter\CodeIgniter->handleRequest(null, Object(Config\Cache), false)
 9 SYSTEMPATH/Boot.php(334): CodeIgniter\CodeIgniter->run()
10 SYSTEMPATH/Boot.php(67): CodeIgniter\Boot::runCodeIgniter(Object(CodeIgniter\CodeIgniter))
11 FCPATH/index.php(27): CodeIgniter\Boot::bootWeb(Object(Config\Paths))
WARNING - 2025-09-30 17:31:39 --> [DEPRECATED] addslashes(): Passing null to parameter #1 ($string) of type string is deprecated in APPPATH/Views/service_list.php on line 10.
 1 APPPATH/Views/service_list.php(10): addslashes(null)
 2 SYSTEMPATH/View/View.php(224): include('/home/u810214334/domains/embellish-beauty.co.uk/public_html/app/Views/service_list.php')
 3 SYSTEMPATH/View/View.php(227): CodeIgniter\View\View->CodeIgniter\View\{closure}()
 4 SYSTEMPATH/Common.php(1173): CodeIgniter\View\View->render('service_list', [], true)
 5 APPPATH/Controllers/Home.php(129): view('service_list', [...])
 6 SYSTEMPATH/CodeIgniter.php(933): App\Controllers\Home->fetch_services()
 7 SYSTEMPATH/CodeIgniter.php(507): CodeIgniter\CodeIgniter->runController(Object(App\Controllers\Home))
 8 SYSTEMPATH/CodeIgniter.php(354): CodeIgniter\CodeIgniter->handleRequest(null, Object(Config\Cache), false)
 9 SYSTEMPATH/Boot.php(334): CodeIgniter\CodeIgniter->run()
10 SYSTEMPATH/Boot.php(67): CodeIgniter\Boot::runCodeIgniter(Object(CodeIgniter\CodeIgniter))
11 FCPATH/index.php(27): CodeIgniter\Boot::bootWeb(Object(Config\Paths))
WARNING - 2025-09-30 17:31:39 --> [DEPRECATED] addslashes(): Passing null to parameter #1 ($string) of type string is deprecated in APPPATH/Views/service_list.php on line 10.
 1 APPPATH/Views/service_list.php(10): addslashes(null)
 2 SYSTEMPATH/View/View.php(224): include('/home/u810214334/domains/embellish-beauty.co.uk/public_html/app/Views/service_list.php')
 3 SYSTEMPATH/View/View.php(227): CodeIgniter\View\View->CodeIgniter\View\{closure}()
 4 SYSTEMPATH/Common.php(1173): CodeIgniter\View\View->render('service_list', [], true)
 5 APPPATH/Controllers/Home.php(129): view('service_list', [...])
 6 SYSTEMPATH/CodeIgniter.php(933): App\Controllers\Home->fetch_services()
 7 SYSTEMPATH/CodeIgniter.php(507): CodeIgniter\CodeIgniter->runController(Object(App\Controllers\Home))
 8 SYSTEMPATH/CodeIgniter.php(354): CodeIgniter\CodeIgniter->handleRequest(null, Object(Config\Cache), false)
 9 SYSTEMPATH/Boot.php(334): CodeIgniter\CodeIgniter->run()
10 SYSTEMPATH/Boot.php(67): CodeIgniter\Boot::runCodeIgniter(Object(CodeIgniter\CodeIgniter))
11 FCPATH/index.php(27): CodeIgniter\Boot::bootWeb(Object(Config\Paths))
WARNING - 2025-09-30 17:31:39 --> [DEPRECATED] addslashes(): Passing null to parameter #1 ($string) of type string is deprecated in APPPATH/Views/service_list.php on line 10.
 1 APPPATH/Views/service_list.php(10): addslashes(null)
 2 SYSTEMPATH/View/View.php(224): include('/home/u810214334/domains/embellish-beauty.co.uk/public_html/app/Views/service_list.php')
 3 SYSTEMPATH/View/View.php(227): CodeIgniter\View\View->CodeIgniter\View\{closure}()
 4 SYSTEMPATH/Common.php(1173): CodeIgniter\View\View->render('service_list', [], true)
 5 APPPATH/Controllers/Home.php(129): view('service_list', [...])
 6 SYSTEMPATH/CodeIgniter.php(933): App\Controllers\Home->fetch_services()
 7 SYSTEMPATH/CodeIgniter.php(507): CodeIgniter\CodeIgniter->runController(Object(App\Controllers\Home))
 8 SYSTEMPATH/CodeIgniter.php(354): CodeIgniter\CodeIgniter->handleRequest(null, Object(Config\Cache), false)
 9 SYSTEMPATH/Boot.php(334): CodeIgniter\CodeIgniter->run()
10 SYSTEMPATH/Boot.php(67): CodeIgniter\Boot::runCodeIgniter(Object(CodeIgniter\CodeIgniter))
11 FCPATH/index.php(27): CodeIgniter\Boot::bootWeb(Object(Config\Paths))
WARNING - 2025-09-30 17:31:39 --> [DEPRECATED] addslashes(): Passing null to parameter #1 ($string) of type string is deprecated in APPPATH/Views/service_list.php on line 10.
 1 APPPATH/Views/service_list.php(10): addslashes(null)
 2 SYSTEMPATH/View/View.php(224): include('/home/u810214334/domains/embellish-beauty.co.uk/public_html/app/Views/service_list.php')
 3 SYSTEMPATH/View/View.php(227): CodeIgniter\View\View->CodeIgniter\View\{closure}()
 4 SYSTEMPATH/Common.php(1173): CodeIgniter\View\View->render('service_list', [], true)
 5 APPPATH/Controllers/Home.php(129): view('service_list', [...])
 6 SYSTEMPATH/CodeIgniter.php(933): App\Controllers\Home->fetch_services()
 7 SYSTEMPATH/CodeIgniter.php(507): CodeIgniter\CodeIgniter->runController(Object(App\Controllers\Home))
 8 SYSTEMPATH/CodeIgniter.php(354): CodeIgniter\CodeIgniter->handleRequest(null, Object(Config\Cache), false)
 9 SYSTEMPATH/Boot.php(334): CodeIgniter\CodeIgniter->run()
10 SYSTEMPATH/Boot.php(67): CodeIgniter\Boot::runCodeIgniter(Object(CodeIgniter\CodeIgniter))
11 FCPATH/index.php(27): CodeIgniter\Boot::bootWeb(Object(Config\Paths))
WARNING - 2025-09-30 17:31:39 --> [DEPRECATED] addslashes(): Passing null to parameter #1 ($string) of type string is deprecated in APPPATH/Views/service_list.php on line 10.
 1 APPPATH/Views/service_list.php(10): addslashes(null)
 2 SYSTEMPATH/View/View.php(224): include('/home/u810214334/domains/embellish-beauty.co.uk/public_html/app/Views/service_list.php')
 3 SYSTEMPATH/View/View.php(227): CodeIgniter\View\View->CodeIgniter\View\{closure}()
 4 SYSTEMPATH/Common.php(1173): CodeIgniter\View\View->render('service_list', [], true)
 5 APPPATH/Controllers/Home.php(129): view('service_list', [...])
 6 SYSTEMPATH/CodeIgniter.php(933): App\Controllers\Home->fetch_services()
 7 SYSTEMPATH/CodeIgniter.php(507): CodeIgniter\CodeIgniter->runController(Object(App\Controllers\Home))
 8 SYSTEMPATH/CodeIgniter.php(354): CodeIgniter\CodeIgniter->handleRequest(null, Object(Config\Cache), false)
 9 SYSTEMPATH/Boot.php(334): CodeIgniter\CodeIgniter->run()
10 SYSTEMPATH/Boot.php(67): CodeIgniter\Boot::runCodeIgniter(Object(CodeIgniter\CodeIgniter))
11 FCPATH/index.php(27): CodeIgniter\Boot::bootWeb(Object(Config\Paths))
WARNING - 2025-09-30 17:31:39 --> [DEPRECATED] addslashes(): Passing null to parameter #1 ($string) of type string is deprecated in APPPATH/Views/service_list.php on line 10.
 1 APPPATH/Views/service_list.php(10): addslashes(null)
 2 SYSTEMPATH/View/View.php(224): include('/home/u810214334/domains/embellish-beauty.co.uk/public_html/app/Views/service_list.php')
 3 SYSTEMPATH/View/View.php(227): CodeIgniter\View\View->CodeIgniter\View\{closure}()
 4 SYSTEMPATH/Common.php(1173): CodeIgniter\View\View->render('service_list', [], true)
 5 APPPATH/Controllers/Home.php(129): view('service_list', [...])
 6 SYSTEMPATH/CodeIgniter.php(933): App\Controllers\Home->fetch_services()
 7 SYSTEMPATH/CodeIgniter.php(507): CodeIgniter\CodeIgniter->runController(Object(App\Controllers\Home))
 8 SYSTEMPATH/CodeIgniter.php(354): CodeIgniter\CodeIgniter->handleRequest(null, Object(Config\Cache), false)
 9 SYSTEMPATH/Boot.php(334): CodeIgniter\CodeIgniter->run()
10 SYSTEMPATH/Boot.php(67): CodeIgniter\Boot::runCodeIgniter(Object(CodeIgniter\CodeIgniter))
11 FCPATH/index.php(27): CodeIgniter\Boot::bootWeb(Object(Config\Paths))
WARNING - 2025-09-30 17:31:39 --> [DEPRECATED] addslashes(): Passing null to parameter #1 ($string) of type string is deprecated in APPPATH/Views/service_list.php on line 10.
 1 APPPATH/Views/service_list.php(10): addslashes(null)
 2 SYSTEMPATH/View/View.php(224): include('/home/u810214334/domains/embellish-beauty.co.uk/public_html/app/Views/service_list.php')
 3 SYSTEMPATH/View/View.php(227): CodeIgniter\View\View->CodeIgniter\View\{closure}()
 4 SYSTEMPATH/Common.php(1173): CodeIgniter\View\View->render('service_list', [], true)
 5 APPPATH/Controllers/Home.php(129): view('service_list', [...])
 6 SYSTEMPATH/CodeIgniter.php(933): App\Controllers\Home->fetch_services()
 7 SYSTEMPATH/CodeIgniter.php(507): CodeIgniter\CodeIgniter->runController(Object(App\Controllers\Home))
 8 SYSTEMPATH/CodeIgniter.php(354): CodeIgniter\CodeIgniter->handleRequest(null, Object(Config\Cache), false)
 9 SYSTEMPATH/Boot.php(334): CodeIgniter\CodeIgniter->run()
10 SYSTEMPATH/Boot.php(67): CodeIgniter\Boot::runCodeIgniter(Object(CodeIgniter\CodeIgniter))
11 FCPATH/index.php(27): CodeIgniter\Boot::bootWeb(Object(Config\Paths))
WARNING - 2025-09-30 17:31:39 --> [DEPRECATED] addslashes(): Passing null to parameter #1 ($string) of type string is deprecated in APPPATH/Views/service_list.php on line 10.
 1 APPPATH/Views/service_list.php(10): addslashes(null)
 2 SYSTEMPATH/View/View.php(224): include('/home/u810214334/domains/embellish-beauty.co.uk/public_html/app/Views/service_list.php')
 3 SYSTEMPATH/View/View.php(227): CodeIgniter\View\View->CodeIgniter\View\{closure}()
 4 SYSTEMPATH/Common.php(1173): CodeIgniter\View\View->render('service_list', [], true)
 5 APPPATH/Controllers/Home.php(129): view('service_list', [...])
 6 SYSTEMPATH/CodeIgniter.php(933): App\Controllers\Home->fetch_services()
 7 SYSTEMPATH/CodeIgniter.php(507): CodeIgniter\CodeIgniter->runController(Object(App\Controllers\Home))
 8 SYSTEMPATH/CodeIgniter.php(354): CodeIgniter\CodeIgniter->handleRequest(null, Object(Config\Cache), false)
 9 SYSTEMPATH/Boot.php(334): CodeIgniter\CodeIgniter->run()
10 SYSTEMPATH/Boot.php(67): CodeIgniter\Boot::runCodeIgniter(Object(CodeIgniter\CodeIgniter))
11 FCPATH/index.php(27): CodeIgniter\Boot::bootWeb(Object(Config\Paths))
WARNING - 2025-09-30 17:31:39 --> [DEPRECATED] addslashes(): Passing null to parameter #1 ($string) of type string is deprecated in APPPATH/Views/service_list.php on line 10.
 1 APPPATH/Views/service_list.php(10): addslashes(null)
 2 SYSTEMPATH/View/View.php(224): include('/home/u810214334/domains/embellish-beauty.co.uk/public_html/app/Views/service_list.php')
 3 SYSTEMPATH/View/View.php(227): CodeIgniter\View\View->CodeIgniter\View\{closure}()
 4 SYSTEMPATH/Common.php(1173): CodeIgniter\View\View->render('service_list', [], true)
 5 APPPATH/Controllers/Home.php(129): view('service_list', [...])
 6 SYSTEMPATH/CodeIgniter.php(933): App\Controllers\Home->fetch_services()
 7 SYSTEMPATH/CodeIgniter.php(507): CodeIgniter\CodeIgniter->runController(Object(App\Controllers\Home))
 8 SYSTEMPATH/CodeIgniter.php(354): CodeIgniter\CodeIgniter->handleRequest(null, Object(Config\Cache), false)
 9 SYSTEMPATH/Boot.php(334): CodeIgniter\CodeIgniter->run()
10 SYSTEMPATH/Boot.php(67): CodeIgniter\Boot::runCodeIgniter(Object(CodeIgniter\CodeIgniter))
11 FCPATH/index.php(27): CodeIgniter\Boot::bootWeb(Object(Config\Paths))
DEBUG - 2025-09-30 17:32:31 --> Session: Class initialized using 'CodeIgniter\Session\Handlers\FileHandler' driver.
DEBUG - 2025-09-30 17:32:40 --> Session: Class initialized using 'CodeIgniter\Session\Handlers\FileHandler' driver.
DEBUG - 2025-09-30 17:32:51 --> Session: Class initialized using 'CodeIgniter\Session\Handlers\FileHandler' driver.
DEBUG - 2025-09-30 17:32:51 --> Session: Class initialized using 'CodeIgniter\Session\Handlers\FileHandler' driver.
DEBUG - 2025-09-30 17:33:17 --> Session: Class initialized using 'CodeIgniter\Session\Handlers\FileHandler' driver.
DEBUG - 2025-09-30 17:33:23 --> Session: Class initialized using 'CodeIgniter\Session\Handlers\FileHandler' driver.
DEBUG - 2025-09-30 17:38:26 --> Session: Class initialized using 'CodeIgniter\Session\Handlers\FileHandler' driver.
DEBUG - 2025-09-30 18:04:12 --> Session: Class initialized using 'CodeIgniter\Session\Handlers\FileHandler' driver.
DEBUG - 2025-09-30 18:04:12 --> Session: Class initialized using 'CodeIgniter\Session\Handlers\FileHandler' driver.
DEBUG - 2025-09-30 18:04:14 --> Session: Class initialized using 'CodeIgniter\Session\Handlers\FileHandler' driver.
DEBUG - 2025-09-30 18:04:18 --> Session: Class initialized using 'CodeIgniter\Session\Handlers\FileHandler' driver.
DEBUG - 2025-09-30 18:04:18 --> Session: Class initialized using 'CodeIgniter\Session\Handlers\FileHandler' driver.
DEBUG - 2025-09-30 18:04:18 --> Session: Class initialized using 'CodeIgniter\Session\Handlers\FileHandler' driver.
DEBUG - 2025-09-30 18:04:19 --> Session: Class initialized using 'CodeIgniter\Session\Handlers\FileHandler' driver.
DEBUG - 2025-09-30 18:28:58 --> Session: Class initialized using 'CodeIgniter\Session\Handlers\FileHandler' driver.
DEBUG - 2025-09-30 18:29:33 --> Session: Class initialized using 'CodeIgniter\Session\Handlers\FileHandler' driver.
DEBUG - 2025-09-30 18:29:44 --> Session: Class initialized using 'CodeIgniter\Session\Handlers\FileHandler' driver.
DEBUG - 2025-09-30 18:30:00 --> Session: Class initialized using 'CodeIgniter\Session\Handlers\FileHandler' driver.
DEBUG - 2025-09-30 19:01:52 --> Session: Class initialized using 'CodeIgniter\Session\Handlers\FileHandler' driver.
DEBUG - 2025-09-30 21:37:01 --> Session: Class initialized using 'CodeIgniter\Session\Handlers\FileHandler' driver.
DEBUG - 2025-09-30 21:37:06 --> Session: Class initialized using 'CodeIgniter\Session\Handlers\FileHandler' driver.
DEBUG - 2025-09-30 21:37:21 --> Session: Class initialized using 'CodeIgniter\Session\Handlers\FileHandler' driver.
DEBUG - 2025-09-30 21:50:01 --> Session: Class initialized using 'CodeIgniter\Session\Handlers\FileHandler' driver.
DEBUG - 2025-09-30 21:52:38 --> Session: Class initialized using 'CodeIgniter\Session\Handlers\FileHandler' driver.
DEBUG - 2025-09-30 22:07:25 --> Session: Class initialized using 'CodeIgniter\Session\Handlers\FileHandler' driver.
DEBUG - 2025-09-30 22:15:59 --> Session: Class initialized using 'CodeIgniter\Session\Handlers\FileHandler' driver.
DEBUG - 2025-09-30 22:27:01 --> Session: Class initialized using 'CodeIgniter\Session\Handlers\FileHandler' driver.
DEBUG - 2025-09-30 22:29:53 --> Session: Class initialized using 'CodeIgniter\Session\Handlers\FileHandler' driver.
DEBUG - 2025-09-30 22:31:48 --> Session: Class initialized using 'CodeIgniter\Session\Handlers\FileHandler' driver.
DEBUG - 2025-09-30 22:31:53 --> Session: Class initialized using 'CodeIgniter\Session\Handlers\FileHandler' driver.
DEBUG - 2025-09-30 22:31:59 --> Session: Class initialized using 'CodeIgniter\Session\Handlers\FileHandler' driver.
DEBUG - 2025-09-30 22:31:59 --> Session: Class initialized using 'CodeIgniter\Session\Handlers\FileHandler' driver.
DEBUG - 2025-09-30 22:31:59 --> Session: Class initialized using 'CodeIgniter\Session\Handlers\FileHandler' driver.
DEBUG - 2025-09-30 22:43:02 --> Session: Class initialized using 'CodeIgniter\Session\Handlers\FileHandler' driver.
CRITICAL - 2025-09-30 23:19:26 --> CodeIgniter\HTTP\Exceptions\BadRequestException: The URI you submitted has disallowed characters: "mother's-day-pamper-package"
[Method: GET, Route: services/mother%27s-day-pamper-package]
in SYSTEMPATH/Router/Router.php on line 739.
 1 SYSTEMPATH/Router/Router.php(207): CodeIgniter\Router\Router->checkDisallowedChars()
 2 SYSTEMPATH/CodeIgniter.php(832): CodeIgniter\Router\Router->handle()
 3 SYSTEMPATH/CodeIgniter.php(455): CodeIgniter\CodeIgniter->tryToRouteIt()
 4 SYSTEMPATH/CodeIgniter.php(354): CodeIgniter\CodeIgniter->handleRequest()
 5 SYSTEMPATH/Boot.php(334): CodeIgniter\CodeIgniter->run()
 6 SYSTEMPATH/Boot.php(67): CodeIgniter\Boot::runCodeIgniter()
 7 FCPATH/index.php(27): CodeIgniter\Boot::bootWeb()
DEBUG - 2025-09-30 23:29:43 --> Session: Class initialized using 'CodeIgniter\Session\Handlers\FileHandler' driver.
